"value","Lat","Lon","Error_km"
"EF036641 Ambystoma texanum",41.602136,-82.697813,2230
"EF036657 Ambystoma texanum",40.437918,-85.005635,17335
"EF036659 Ambystoma texanum",40.845693,-85.794006,14957
"EF036655 Ambystoma texanum",39.89403,-83.400199,15520
"EF036642 Ambystoma texanum",41.602136,-82.697813,2230
"EF036661 Ambystoma texanum",38.99693,-85.628065,16160
"EF036660 Ambystoma texanum",38.99693,-85.628065,16160
"EF036658 Ambystoma texanum",40.437918,-85.005635,17335
"OM236537 Ambystoma texanum",37.20728,-86.681756,18015
"EF036645 Ambystoma texanum",41.766667,-82.65,2756
"EF036644 Ambystoma texanum",41.766667,-82.65,2756
