"value","Lat","Lon","Error_km","Method","MuseumFieldNumber","Notes","Reference"
"EF036666 Ambystoma tigrinum",49.857342,-99.934201,0.94,"GeoLocate","JPB31720","NA","ROBERTSON, A.V., RAMSDEN, C., NIEDZWIECKI, J., FU, J. and BOGART, J.P. (2006), An unexpected recent ancestor of unisexual Ambystoma. Molecular Ecology, 15: 3339-3351. https://doi-org.libproxy.unm.edu/10.1111/j.1365-294X.2006.03005.x"
"OL456143 Ambystoma tigrinum",36.993577,-86.423799,15.817,"GeoLocate","NA","NA","Brammell, B.F., Strasko, E.K., Brewer, S.A. et al. Detecting fossorial salamanders using eDNA: Development and validation of quantitative and end-point PCR assays for the detection of five species of Ambystoma. Conservation Genet Resour 15, 187–198 (2023). https://doi.org/10.1007/s12686-023-01322-6"
"MZ962317 Ambystoma tigrinum",37.264108,-85.553105,13.477,"GeoLocate","NA","NA","NA"
"Z11638 Ambystoma tigrinum",41.604215,-82.707404,1.898,"GeoLocate","NA","11286-Kelly Island-2, Ohio","Hedges, S., Bogart, J. & Maxson, L. Ancestry of unisexual salamanders. Nature 356, 708–710 (1992). https://doi.org/10.1038/356708a0"
"Z11637 Ambystoma tigrinum",41.604215,-82.707404,1.898,"GeoLocate","NA","11276-Kelly Island-1 Ohio","Hedges, S., Bogart, J. & Maxson, L. Ancestry of unisexual salamanders. Nature 356, 708–710 (1992). https://doi.org/10.1038/356708a0"
"EF036665 Ambystoma tigrinum",40.845693,-85.794006,12.754,"GeoLocate","JPB30870","NA","NA"
