"value","Lat","Lon","Method","Error_km","Museum_Field_Number","Notes","Reference"
"GU078501 Ambystoma barbouri",37.87203,-84.580929,"GEOLocate",12.047,"JPB34364",,"Bi, K., Bogart, J.P. Time and time again: unisexual salamanders (genus Ambystoma) are the oldest unisexual vertebrates. BMC Evol Biol 10, 238 (2010). https://doi.org/10.1186/1471-2148-10-238"
"GU078500 Ambystoma barbouri",38.239148,-84.877068,"GEOLocate",10.888,"JPB34360",,"Bi, K., Bogart, J.P. Time and time again: unisexual salamanders (genus Ambystoma) are the oldest unisexual vertebrates. BMC Evol Biol 10, 238 (2010). https://doi.org/10.1186/1471-2148-10-238"
"GU078482 Ambystoma barbouri",38.239148,-84.877068,"GEOLocate",10.888,"JPB34327",,"Bi, K., Bogart, J.P. Time and time again: unisexual salamanders (genus Ambystoma) are the oldest unisexual vertebrates. BMC Evol Biol 10, 238 (2010). https://doi.org/10.1186/1471-2148-10-238"
"GU078483 Ambystoma barbouri",38.239148,-84.877068,"GEOLocate",10.888,"JPB34328",,"Bi, K., Bogart, J.P. Time and time again: unisexual salamanders (genus Ambystoma) are the oldest unisexual vertebrates. BMC Evol Biol 10, 238 (2010). https://doi.org/10.1186/1471-2148-10-238"
"GU078499 Ambystoma barbouri",38.239148,-84.877068,"GEOLocate",10.888,"JPB34359",,"Bi, K., Bogart, J.P. Time and time again: unisexual salamanders (genus Ambystoma) are the oldest unisexual vertebrates. BMC Evol Biol 10, 238 (2010). https://doi.org/10.1186/1471-2148-10-238"
"EF036607 Ambystoma barbouri",38.05,-84.45,"GEOLocate",6.52,"JPB34330",,"Robertson AV, Ramsden C, Niedzwiecki J, Fu J, Bogart JP. An unexpected recent ancestor of unisexual Ambystoma. Mol Ecol. 2006 Oct;15(11):3339-51. doi: 10.1111/j.1365-294X.2006.03005.x. PMID: 16968274."
"GU078485 Ambystoma barbouri",38.05,-84.45,"GEOLocate",6.52,"JPB34332",,"Bi, K., Bogart, J.P. Time and time again: unisexual salamanders (genus Ambystoma) are the oldest unisexual vertebrates. BMC Evol Biol 10, 238 (2010). https://doi.org/10.1186/1471-2148-10-238"
"GU078486 Ambystoma barbouri",38.05,-84.45,"GEOLocate",6.52,"JPB34333",,"Bi, K., Bogart, J.P. Time and time again: unisexual salamanders (genus Ambystoma) are the oldest unisexual vertebrates. BMC Evol Biol 10, 238 (2010). https://doi.org/10.1186/1471-2148-10-238"
"GU078487 Ambystoma barbouri",37.87203,-84.580929,"GEOLocate",12.047,"JPB34334",,"Bi, K., Bogart, J.P. Time and time again: unisexual salamanders (genus Ambystoma) are the oldest unisexual vertebrates. BMC Evol Biol 10, 238 (2010). https://doi.org/10.1186/1471-2148-10-238"
"GU078503 Ambystoma barbouri",37.87203,-84.580929,"GEOLocate",12.047,"JPB34366",,"Bi, K., Bogart, J.P. Time and time again: unisexual salamanders (genus Ambystoma) are the oldest unisexual vertebrates. BMC Evol Biol 10, 238 (2010). https://doi.org/10.1186/1471-2148-10-238"
"GU078484 Ambystoma barbouri",38.05,-84.45,"GEOLocate",6.52,"JPB34331",,"Bi, K., Bogart, J.P. Time and time again: unisexual salamanders (genus Ambystoma) are the oldest unisexual vertebrates. BMC Evol Biol 10, 238 (2010). https://doi.org/10.1186/1471-2148-10-238"
"OL456142 Ambystoma barbouri",37.8502,-84.239827,"GenBank",,,,"Brammell, Ben F., Elizabeth K. Strasko, Sara A. Brewer, Rebecca R. Piche, Cierla M. Sams, Cy L. Mott, Malinda A. Stull. 2023. Detecting fossorial salamanders using eDNA; development and validation of quantitative and end-point PCR assays for the detection of five species of Ambystoma. Accepted with minor revisions, Conservation Genetics Resources."
"EF036596 Ambystoma barbouri",39.754587,-84.290682,"GEOLocate",18.665,"JPB22763",,"Robertson AV, Ramsden C, Niedzwiecki J, Fu J, Bogart JP. An unexpected recent ancestor of unisexual Ambystoma. Mol Ecol. 2006 Oct;15(11):3339-51. doi: 10.1111/j.1365-294X.2006.03005.x. PMID: 16968274."
"EF036598 Ambystoma barbouri",39.754587,-84.290682,"GEOLocate",18.665,"JPB22770",,"Robertson AV, Ramsden C, Niedzwiecki J, Fu J, Bogart JP. An unexpected recent ancestor of unisexual Ambystoma. Mol Ecol. 2006 Oct;15(11):3339-51. doi: 10.1111/j.1365-294X.2006.03005.x. PMID: 16968274."
"GU078474 Ambystoma barbouri",39.754587,-84.290682,"GEOLocate",18.665,"JPB22765 ",,"Bi, K., Bogart, J.P. Time and time again: unisexual salamanders (genus Ambystoma) are the oldest unisexual vertebrates. BMC Evol Biol 10, 238 (2010). https://doi.org/10.1186/1471-2148-10-238"
"GU078511 Ambystoma barbouri",39.438616,-84.575645,"GEOLocate",15.018,"JPB38876",,"Bi, K., Bogart, J.P. Time and time again: unisexual salamanders (genus Ambystoma) are the oldest unisexual vertebrates. BMC Evol Biol 10, 238 (2010). https://doi.org/10.1186/1471-2148-10-238"
"GU078513 Ambystoma barbouri",39.427582,-84.166758,"GEOLocate",19.17,"JPB39349",,"Bi, K., Bogart, J.P. Time and time again: unisexual salamanders (genus Ambystoma) are the oldest unisexual vertebrates. BMC Evol Biol 10, 238 (2010). https://doi.org/10.1186/1471-2148-10-238"
"GU078512 Ambystoma barbouri",39.427582,-84.166758,"GEOLocate",19.17,"JPB39346",,"Bi, K., Bogart, J.P. Time and time again: unisexual salamanders (genus Ambystoma) are the oldest unisexual vertebrates. BMC Evol Biol 10, 238 (2010). https://doi.org/10.1186/1471-2148-10-238"
"EF036613 Ambystoma barbouri",39.427582,-84.166758,"GEOLocate",19.17,"JPB34348",,"Robertson AV, Ramsden C, Niedzwiecki J, Fu J, Bogart JP. An unexpected recent ancestor of unisexual Ambystoma. Mol Ecol. 2006 Oct;15(11):3339-51. doi: 10.1111/j.1365-294X.2006.03005.x. PMID: 16968274."
"GU078505 Ambystoma barbouri",37.297863,-84.214934,"GEOLocate",10.505,"JPB34369",,"Bi, K., Bogart, J.P. Time and time again: unisexual salamanders (genus Ambystoma) are the oldest unisexual vertebrates. BMC Evol Biol 10, 238 (2010). https://doi.org/10.1186/1471-2148-10-238"
"GU078494 Ambystoma barbouri",39.427582,-84.166758,"GEOLocate",19.17,"JPB34350",,"Bi, K., Bogart, J.P. Time and time again: unisexual salamanders (genus Ambystoma) are the oldest unisexual vertebrates. BMC Evol Biol 10, 238 (2010). https://doi.org/10.1186/1471-2148-10-238"
"GU078504 Ambystoma barbouri",37.297863,-84.214934,"GEOLocate",10.505,"JPB34368",,"Bi, K., Bogart, J.P. Time and time again: unisexual salamanders (genus Ambystoma) are the oldest unisexual vertebrates. BMC Evol Biol 10, 238 (2010). https://doi.org/10.1186/1471-2148-10-238"
"EF036611 Ambystoma barbouri",38.399442,-85.448366,"GEOLocate",11.036,"JPB34342",,"Robertson AV, Ramsden C, Niedzwiecki J, Fu J, Bogart JP. An unexpected recent ancestor of unisexual Ambystoma. Mol Ecol. 2006 Oct;15(11):3339-51. doi: 10.1111/j.1365-294X.2006.03005.x. PMID: 16968274."
"GU078478 Ambystoma barbouri",38.003911,-84.991009,"GEOLocate",7.756,"JPB32518",,"Bi, K., Bogart, J.P. Time and time again: unisexual salamanders (genus Ambystoma) are the oldest unisexual vertebrates. BMC Evol Biol 10, 238 (2010). https://doi.org/10.1186/1471-2148-10-238"
"GU078490 Ambystoma barbouri",38.399442,-85.448366,"GEOLocate",11.036,"JPB34341",,"Bi, K., Bogart, J.P. Time and time again: unisexual salamanders (genus Ambystoma) are the oldest unisexual vertebrates. BMC Evol Biol 10, 238 (2010). https://doi.org/10.1186/1471-2148-10-238"
"GU078489 Ambystoma barbouri",37.87203,-84.580929,"GEOLocate",12.047,"JPB34339",,"Bi, K., Bogart, J.P. Time and time again: unisexual salamanders (genus Ambystoma) are the oldest unisexual vertebrates. BMC Evol Biol 10, 238 (2010). https://doi.org/10.1186/1471-2148-10-238"
"GU078491 Ambystoma barbouri",38.399442,-85.448366,"GEOLocate",11.036,"JPB34343",,"Bi, K., Bogart, J.P. Time and time again: unisexual salamanders (genus Ambystoma) are the oldest unisexual vertebrates. BMC Evol Biol 10, 238 (2010). https://doi.org/10.1186/1471-2148-10-238"
"GU078492 Ambystoma barbouri",38.399442,-85.448366,"GEOLocate",11.036,"JPB34344",,"Bi, K., Bogart, J.P. Time and time again: unisexual salamanders (genus Ambystoma) are the oldest unisexual vertebrates. BMC Evol Biol 10, 238 (2010). https://doi.org/10.1186/1471-2148-10-238"
"GU078498 Ambystoma barbouri",37.811033,-84.874435,"GEOLocate",9.992,"JPB34357",,"Bi, K., Bogart, J.P. Time and time again: unisexual salamanders (genus Ambystoma) are the oldest unisexual vertebrates. BMC Evol Biol 10, 238 (2010). https://doi.org/10.1186/1471-2148-10-238"
"GU078481 Ambystoma barbouri",38.399442,-85.448366,"GEOLocate",11.036,"JPB34326",,"Bi, K., Bogart, J.P. Time and time again: unisexual salamanders (genus Ambystoma) are the oldest unisexual vertebrates. BMC Evol Biol 10, 238 (2010). https://doi.org/10.1186/1471-2148-10-238"
"EF036600 Ambystoma barbouri",38.003911,-84.991009,"GEOLocate",7.756,"JPB325172",,"Robertson AV, Ramsden C, Niedzwiecki J, Fu J, Bogart JP. An unexpected recent ancestor of unisexual Ambystoma. Mol Ecol. 2006 Oct;15(11):3339-51. doi: 10.1111/j.1365-294X.2006.03005.x. PMID: 16968274."
"EF036604 Ambystoma barbouri",38.003911,-84.991009,"GEOLocate",7.756,"JPB325201",,"Robertson AV, Ramsden C, Niedzwiecki J, Fu J, Bogart JP. An unexpected recent ancestor of unisexual Ambystoma. Mol Ecol. 2006 Oct;15(11):3339-51. doi: 10.1111/j.1365-294X.2006.03005.x. PMID: 16968274."
"GU078480 Ambystoma barbouri",38.003911,-84.991009,"GEOLocate",7.756,"JPB32521",,"Bi, K., Bogart, J.P. Time and time again: unisexual salamanders (genus Ambystoma) are the oldest unisexual vertebrates. BMC Evol Biol 10, 238 (2010). https://doi.org/10.1186/1471-2148-10-238"
"GU078488 Ambystoma barbouri",37.87203,-84.580929,"GEOLocate",12.047,"JPB34337",,"Bi, K., Bogart, J.P. Time and time again: unisexual salamanders (genus Ambystoma) are the oldest unisexual vertebrates. BMC Evol Biol 10, 238 (2010). https://doi.org/10.1186/1471-2148-10-238"
"GU078496 Ambystoma barbouri",37.811033,-84.874435,"GEOLocate",9.992,"JPB34355",,"Bi, K., Bogart, J.P. Time and time again: unisexual salamanders (genus Ambystoma) are the oldest unisexual vertebrates. BMC Evol Biol 10, 238 (2010). https://doi.org/10.1186/1471-2148-10-238"
"GU078497 Ambystoma barbouri",37.811033,-84.874435,"GEOLocate",9.992,"JPB34356",,"Bi, K., Bogart, J.P. Time and time again: unisexual salamanders (genus Ambystoma) are the oldest unisexual vertebrates. BMC Evol Biol 10, 238 (2010). https://doi.org/10.1186/1471-2148-10-238"
"GU078502 Ambystoma barbouri",37.87203,-84.580929,"GEOLocate",12.047,"JPB34365",,"Bi, K., Bogart, J.P. Time and time again: unisexual salamanders (genus Ambystoma) are the oldest unisexual vertebrates. BMC Evol Biol 10, 238 (2010). https://doi.org/10.1186/1471-2148-10-238"
"GU078479 Ambystoma barbouri",38.003911,-84.991009,"GEOLocate",7.756,"JPB32519",,"Bi, K., Bogart, J.P. Time and time again: unisexual salamanders (genus Ambystoma) are the oldest unisexual vertebrates. BMC Evol Biol 10, 238 (2010). https://doi.org/10.1186/1471-2148-10-238"
