"value","Species","Lat","Lon"
"DQ287353","Ambystoma laterale",42.130214,-72.430434
"DQ287341","Ambystoma laterale",42.657923,-73.990049
"DQ287348","Ambystoma laterale",41.45277,-87.53909
"DQ287355","Ambystoma laterale",42.534473,-92.40973
"DQ287350","Ambystoma laterale",43.468048,-79.981786
"DQ287347","Ambystoma laterale",45.403853,-93.267728
"DQ287343","Ambystoma laterale",42.824442,-78.753149
"DQ287354","Ambystoma laterale",42.118646,-91.754529
"DQ287352","Ambystoma laterale",49.5666,-82.31666
"DQ287346","Ambystoma laterale",41.71018,-87.86058
