"value","Lat","Lon","Method","Error_km"
"JX650199 Ambystoma macrodactylum",44.5183140856075,-114.434351236036,"Google Maps",
"JX650200 Ambystoma macrodactylum",44.3140517669693,-115.244677843478,"Google Maps",
"JX650198 Ambystoma macrodactylum",46.9802368990712,-112.525710716346,"Google Maps",
"JX650210 Ambystoma macrodactylum",50.7324513020583,-115.703425144654,"Google Maps",
"JX650205 Ambystoma macrodactylum",50.7324513020583,-115.703425144654,"Google Maps",
"JX650161 Ambystoma macrodactylum",46.8557481696871,-116.397046926002,"Google Maps",
"JX650160 Ambystoma macrodactylum",46.7783702648724,-116.642346049734,"Google Maps",
"JX650196 Ambystoma macrodactylum",46.4562157068655,-114.287259361075,"Google Maps",
"JX650195 Ambystoma macrodactylum",46.4537889726499,-114.287099622885,"Google Maps",
"JX650194 Ambystoma macrodactylum",46.50952072724,-114.778488962785,"Google Maps",
"JX650173 Ambystoma macrodactylum",49.7153759103402,-114.8869423378,"Google Maps",
"JX650172 Ambystoma macrodactylum",51.1865176730504,-114.40527828598,"Google Maps",
"JX650197 Ambystoma macrodactylum",47.6003718989244,-115.494848110492,"Google Maps",
"JX650204 Ambystoma macrodactylum",49.0457476994117,-114.027284638266,"Google Maps",
"JX650193 Ambystoma macrodactylum",46.8446959463291,-115.623653478152,"Google Maps",
"JX650171 Ambystoma macrodactylum",51.1865176730504,-114.40527828598,"Google Maps",
"JX650221 Ambystoma macrodactylum",36.98783,-122.031483,"GEOLocate",2.205
"JX650163 Ambystoma macrodactylum",44.1150279439843,-118.823237115253,"Google Maps",
"JX650162 Ambystoma macrodactylum",44.7771076026923,-117.900065092286,"Google Maps",
"JX650201 Ambystoma macrodactylum",44.3804637197041,-115.933020627644,"Google Maps",
"JX650164 Ambystoma macrodactylum",44.283689661157,-120.818370770621,"Google Maps",
"JX650185 Ambystoma macrodactylum",49.1277592088397,-116.641187595969,"Google Maps",
"JX650180 Ambystoma macrodactylum",49.0796470585025,-116.091559996815,"Google Maps",
"JX650190 Ambystoma macrodactylum",49.1892883931987,-117.268117734939,"Google Maps",
"JX650182 Ambystoma macrodactylum",49.0796470585025,-116.091559996815,"Google Maps",
"JX650188 Ambystoma macrodactylum",49.1277592088397,-116.641187595969,"Google Maps",
"JX650189 Ambystoma macrodactylum",49.1277592088397,-116.641187595969,"Google Maps",
"JX650181 Ambystoma macrodactylum",49.1277592088397,-116.641187595969,"Google Maps",
"JX650183 Ambystoma macrodactylum",49.1118181150008,-116.493022011499,"Google Maps",
"JX650156 Ambystoma macrodactylum",47.1438459059696,-119.929016265367,"Google Maps",
"JX650155 Ambystoma macrodactylum",46.9860273757106,-120.570900601023,"Google Maps",
"JX650184 Ambystoma macrodactylum",49.1277592088397,-116.641187595969,"Google Maps",
"JX650158 Ambystoma macrodactylum",47.3833,-117.8167,"GEOLocate",0.301
"JX650187 Ambystoma macrodactylum",49.1277592088397,-116.641187595969,"Google Maps",
"JX650186 Ambystoma macrodactylum",49.1277592088397,-116.641187595969,"Google Maps",
"JX650159 Ambystoma macrodactylum",47.3833,-117.8167,"GEOLocate",0.301
"JX650174 Ambystoma macrodactylum",49.5262003797434,-115.721669518455,"Google Maps",
"JX650207 Ambystoma macrodactylum",49.0716079728062,-117.601388491301,"Google Maps",
"JX650176 Ambystoma macrodactylum",49.5262003797434,-115.721669518455,"Google Maps",
"JX650191 Ambystoma macrodactylum",49.1892883931987,-117.268117734939,"Google Maps",
"JX650192 Ambystoma macrodactylum",49.3150679385787,-117.65744147937,"Google Maps",
"JX650177 Ambystoma macrodactylum",49.5262003797434,-115.721669518455,"Google Maps",
"JX650179 Ambystoma macrodactylum",49.0796470585025,-116.091559996815,"Google Maps",
"JX650175 Ambystoma macrodactylum",49.5262003797434,-115.721669518455,"Google Maps",
"JX650157 Ambystoma macrodactylum",47.3833,-117.8167,"GEOLocate",0.301
"JX650178 Ambystoma macrodactylum",49.5262003797434,-115.721669518455,"Google Maps",
"JX650214 Ambystoma macrodactylum",56.092244,-118.364809,"Google Maps",1.076
"JX650213 Ambystoma macrodactylum",55.8441370115717,-124.592624679443,"Google Maps",
"JX650170 Ambystoma macrodactylum",53.3153404359439,-120.167213404111,"Google Maps",
"JX650215 Ambystoma macrodactylum",54.25,-129.833333,"GEOLocate",3.036
"JX650217 Ambystoma macrodactylum",50.266667,-121.4,"GEOLocate",0.301
"JX650206 Ambystoma macrodactylum",52.6176049735296,-117.924867105351,"Google Maps",
"JX650219 Ambystoma macrodactylum",50.6197361119676,-118.597823967656,"Google Maps",
"JX650218 Ambystoma macrodactylum",50.6197361119676,-118.597823967656,"Google Maps",
"JX650216 Ambystoma macrodactylum",50.266667,-121.4,"GEOLocate",0.301
"JX650220 Ambystoma macrodactylum",50.266667,-121.4,"GEOLocate",0.301
"JX650212 Ambystoma macrodactylum",55.8441370115717,-124.592624679443,"Google Maps",
"JX650150 Ambystoma macrodactylum",50.6197361119676,-118.597823967656,"Google Maps",
"JX650151 Ambystoma macrodactylum",44.8952613845026,-123.003730361977,"Google Maps",
"JX650208 Ambystoma macrodactylum",45.7460053636441,-120.208826992932,"Google Maps",
"JX650222 Ambystoma macrodactylum",48.1030188700421,-123.359788397873,"Google Maps",
"JX650152 Ambystoma macrodactylum",47.1066164960899,-122.650589191708,"Google Maps",
"JX650148 Ambystoma macrodactylum",47.0776239676328,-122.973075512383,"Google Maps",
"JX650153 Ambystoma macrodactylum",47.1000830930917,-122.049728054175,"Google Maps",
"JX650154 Ambystoma macrodactylum",46.9860273757106,-120.570900601023,"Google Maps",
"JX650202 Ambystoma macrodactylum",50.0796910919053,-123.053218548973,"Google Maps",
"JX650169 Ambystoma macrodactylum",49.2978468350495,-121.786703306109,"Google Maps",
"JX650166 Ambystoma macrodactylum",44.4553011574813,-121.622192976613,"Google Maps",
"JX650168 Ambystoma macrodactylum",49.1898211587135,-119.858468271917,"Google Maps",
"JX650203 Ambystoma macrodactylum",49.400502110096,-123.183174495967,"Google Maps",
"JX650149 Ambystoma macrodactylum",44.052069,-123.086754,"GEOLocate",3.939
"JX650165 Ambystoma macrodactylum",43.884007,-121.43864,"Google Maps",0.301
