"value","Lat","Lon","Method","Error_km","Museum_Field_Number","Notes","Reference"
"FJ951339 Amphiuma pholeter",30.410482,-83.910997,"GeoLocate using Locality String",5,"ASU 23948","FL: Jefferson, near Capps; Not sure museum - checked with ASUMZ, who suggested App State U, some of holdings transferred to NCSM, but this one not found. Error is a guess because don't know what ""near"" is. https://www.astate.edu/college/sciences-and-mathematics/departments/biology/Arkansas-Center-for-Biodiversity-Collections/","https://journals.plos.org/plosone/article?id=10.1371/journal.pone.0005615#s5"
"FJ951338 Amphiuma pholeter",30.410482,-83.910997,"GeoLocate using Locality String",5,"ASU 23947","FL: Jefferson, near Capps; Not sure museum - maybe ASUMZ? Can't find that number in GBIF; website says in Arctos, but no catalogue records come up. Error is a guess because don't know what ""near"" is. https://www.astate.edu/college/sciences-and-mathematics/departments/biology/Arkansas-Center-for-Biodiversity-Collections/","https://journals.plos.org/plosone/article?id=10.1371/journal.pone.0005615#s5"
"FJ951337 Amphiuma pholeter",28.713042,-82.574266,"GeoLocate using Locality String",8370,"RMB 3010","FL: Hernando, Chassahowitzka WMA; Google Maps points this WMA to Weeki Watchee Springs State Park, GeoLocate places it ~10 miles north","https://journals.plos.org/plosone/article?id=10.1371/journal.pone.0005615#s5"
"FJ951346 Amphiuma pholeter",30.833338,-84.08654,"GeoLocate using Locality String",8371,"RMB 3259","GA: Grady, Ochlockonee River","https://journals.plos.org/plosone/article?id=10.1371/journal.pone.0005615#s5"
"FJ951345 Amphiuma pholeter",30.833338,-84.08654,"GeoLocate using Locality String",8372,"RMB 3258","GA: Grady, Ochlockonee River","https://journals.plos.org/plosone/article?id=10.1371/journal.pone.0005615#s5"
"FJ951344 Amphiuma pholeter",30.833338,-84.08654,"GeoLocate using Locality String",8373,"RMB 3257","GA: Grady, Ochlockonee River","https://journals.plos.org/plosone/article?id=10.1371/journal.pone.0005615#s5"
"FJ951343 Amphiuma pholeter",30.833338,-84.08654,"GeoLocate using Locality String",8374,"RMB 3256","GA: Grady, Ochlockonee River","https://journals.plos.org/plosone/article?id=10.1371/journal.pone.0005615#s5"
"FJ951342 Amphiuma pholeter",30.498252,-86.136052,"GeoLocate using Locality String",8.5,"ASU 23914; now NCSM 81738, but their locality is based on the center of Florida.","FL: Walton, near Freeport","https://journals.plos.org/plosone/article?id=10.1371/journal.pone.0005615#s5"
"FJ951341 Amphiuma pholeter",30.4757,-86.0169,"Found through NCSM database",9.5,"ASU 24330; now NCSM 104032","FL: Walton, near Freeport","https://journals.plos.org/plosone/article?id=10.1371/journal.pone.0005615#s5"
"FJ951336 Amphiuma pholeter",31.10175,-86.538973,"Found through AUM Specify database","AUM 37412","AL: Covington, Pond Creek","https://journals.plos.org/plosone/article?id=10.1371/journal.pone.0005615#s5",
