"value","Lat","Lon","Method","Error_km","Museum_Field_Number","Notes","Reference"
"FJ951325 Amphiuma means",30.606502075931,-90.9906398170393,"Google Maps","NA","LSUMZ H-15033","NA","Bonett RM, Chippindale PT, Moler PE, Van Devender RW, Wake DB (2009) Evolution of Gigantism in Amphiumid Salamanders. PLoS ONE 4(5): e5615. https://doi.org/10.1371/journal.pone.0005615"
"FJ951324 Amphiuma means",30.5833,-89.9333,"GEOLocate",9.036,"LSUMZ H-3333","NA","Bonett RM, Chippindale PT, Moler PE, Van Devender RW, Wake DB (2009) Evolution of Gigantism in Amphiumid Salamanders. PLoS ONE 4(5): e5615. https://doi.org/10.1371/journal.pone.0005615"
"FJ951314 Amphiuma means",30.6949437741441,-86.4714975364787,"Google Maps","NA","ASU 24552","NA","Bonett RM, Chippindale PT, Moler PE, Van Devender RW, Wake DB (2009) Evolution of Gigantism in Amphiumid Salamanders. PLoS ONE 4(5): e5615. https://doi.org/10.1371/journal.pone.0005615"
"FJ951304 Amphiuma means",31.257522393219,-86.4859363791424,"Google Maps","NA","AUM 37420","NA","Bonett RM, Chippindale PT, Moler PE, Van Devender RW, Wake DB (2009) Evolution of Gigantism in Amphiumid Salamanders. PLoS ONE 4(5): e5615. https://doi.org/10.1371/journal.pone.0005615"
"FJ951318 Amphiuma means",30.7809806168151,-87.3089045289929,"Google Maps","NA","ASU 25020","NA","Bonett RM, Chippindale PT, Moler PE, Van Devender RW, Wake DB (2009) Evolution of Gigantism in Amphiumid Salamanders. PLoS ONE 4(5): e5615. https://doi.org/10.1371/journal.pone.0005615"
"FJ951305 Amphiuma means",31.1252894525924,-86.7531640868099,"Google Maps","NA","AUM 37447","NA","Bonett RM, Chippindale PT, Moler PE, Van Devender RW, Wake DB (2009) Evolution of Gigantism in Amphiumid Salamanders. PLoS ONE 4(5): e5615. https://doi.org/10.1371/journal.pone.0005615"
"FJ951308 Amphiuma means",29.43270956637,-82.2093962087401,"Google Maps","NA","MVZ 144889","NA","Bonett RM, Chippindale PT, Moler PE, Van Devender RW, Wake DB (2009) Evolution of Gigantism in Amphiumid Salamanders. PLoS ONE 4(5): e5615. https://doi.org/10.1371/journal.pone.0005615"
"FJ951307 Amphiuma means",29.65139,-82.31058,"GEOLocate",7.234,"RMB 3005","NA","Bonett RM, Chippindale PT, Moler PE, Van Devender RW, Wake DB (2009) Evolution of Gigantism in Amphiumid Salamanders. PLoS ONE 4(5): e5615. https://doi.org/10.1371/journal.pone.0005615"
"FJ951317 Amphiuma means",29.5065192270418,-81.9174393429213,"Google Maps","NA","RMB 3007","NA","Bonett RM, Chippindale PT, Moler PE, Van Devender RW, Wake DB (2009) Evolution of Gigantism in Amphiumid Salamanders. PLoS ONE 4(5): e5615. https://doi.org/10.1371/journal.pone.0005615"
"FJ951316 Amphiuma means",29.5246703257454,-81.590798343905,"Google Maps","NA","UF133757","NA","Bonett RM, Chippindale PT, Moler PE, Van Devender RW, Wake DB (2009) Evolution of Gigantism in Amphiumid Salamanders. PLoS ONE 4(5): e5615. https://doi.org/10.1371/journal.pone.0005615"
"FJ951306 Amphiuma means",29.518137,-82.22103,"GEOLocate",1.268,"ASU 24181","NA","Bonett RM, Chippindale PT, Moler PE, Van Devender RW, Wake DB (2009) Evolution of Gigantism in Amphiumid Salamanders. PLoS ONE 4(5): e5615. https://doi.org/10.1371/journal.pone.0005615"
"FJ951315 Amphiuma means",28.3784994731193,-81.4361116654328,"Google Maps","NA","RMB 3006","NA","Bonett RM, Chippindale PT, Moler PE, Van Devender RW, Wake DB (2009) Evolution of Gigantism in Amphiumid Salamanders. PLoS ONE 4(5): e5615. https://doi.org/10.1371/journal.pone.0005615"
"FJ951310 Amphiuma means",26.864934,-81.458112,"GEOLocate",0.301,"UF 135378","NA","Bonett RM, Chippindale PT, Moler PE, Van Devender RW, Wake DB (2009) Evolution of Gigantism in Amphiumid Salamanders. PLoS ONE 4(5): e5615. https://doi.org/10.1371/journal.pone.0005615"
"FJ951320 Amphiuma means",30.469377,-83.412925,"GEOLocate",2.94,"RMB 3001","NA","Bonett RM, Chippindale PT, Moler PE, Van Devender RW, Wake DB (2009) Evolution of Gigantism in Amphiumid Salamanders. PLoS ONE 4(5): e5615. https://doi.org/10.1371/journal.pone.0005615"
"FJ951311 Amphiuma means",28.5244809558636,-81.4146707454479,"Google Maps","NA","MVZ 241517","NA","Bonett RM, Chippindale PT, Moler PE, Van Devender RW, Wake DB (2009) Evolution of Gigantism in Amphiumid Salamanders. PLoS ONE 4(5): e5615. https://doi.org/10.1371/journal.pone.0005615"
"FJ951313 Amphiuma means",29.976594,-84.4374,"GEOLocate",3.717,"RMB 2983","NA","Bonett RM, Chippindale PT, Moler PE, Van Devender RW, Wake DB (2009) Evolution of Gigantism in Amphiumid Salamanders. PLoS ONE 4(5): e5615. https://doi.org/10.1371/journal.pone.0005615"
"FJ951312 Amphiuma means",30.404039,-84.4048,"GEOLocate",0.209,"MVZ 241518","NA","Bonett RM, Chippindale PT, Moler PE, Van Devender RW, Wake DB (2009) Evolution of Gigantism in Amphiumid Salamanders. PLoS ONE 4(5): e5615. https://doi.org/10.1371/journal.pone.0005615"
"FJ951333 Amphiuma means",33.0680668200397,-79.7708500990492,"Google Maps","NA","ASU 24509","NA","Bonett RM, Chippindale PT, Moler PE, Van Devender RW, Wake DB (2009) Evolution of Gigantism in Amphiumid Salamanders. PLoS ONE 4(5): e5615. https://doi.org/10.1371/journal.pone.0005615"
"FJ951332 Amphiuma means",33.0680668200397,-79.7708500990492,"Google Maps","NA","RMB 3254","NA","Bonett RM, Chippindale PT, Moler PE, Van Devender RW, Wake DB (2009) Evolution of Gigantism in Amphiumid Salamanders. PLoS ONE 4(5): e5615. https://doi.org/10.1371/journal.pone.0005615"
"FJ951335 Amphiuma means",37.343481,-77.073025,"GEOLocate",1.02,"RMB 3250","NA","Bonett RM, Chippindale PT, Moler PE, Van Devender RW, Wake DB (2009) Evolution of Gigantism in Amphiumid Salamanders. PLoS ONE 4(5): e5615. https://doi.org/10.1371/journal.pone.0005615"
"FJ951334 Amphiuma means",37.343481,-77.073025,"GEOLocate",1.02,"RMB 3249","NA","Bonett RM, Chippindale PT, Moler PE, Van Devender RW, Wake DB (2009) Evolution of Gigantism in Amphiumid Salamanders. PLoS ONE 4(5): e5615. https://doi.org/10.1371/journal.pone.0005615"
"FJ951331 Amphiuma means",35.711264,-78.614171,"GEOLocate",7.739,"RMB 3135","NA","Bonett RM, Chippindale PT, Moler PE, Van Devender RW, Wake DB (2009) Evolution of Gigantism in Amphiumid Salamanders. PLoS ONE 4(5): e5615. https://doi.org/10.1371/journal.pone.0005615"
"FJ951330 Amphiuma means",35.711264,-78.614171,"GEOLocate",7.739,"RMB 3134","NA","Bonett RM, Chippindale PT, Moler PE, Van Devender RW, Wake DB (2009) Evolution of Gigantism in Amphiumid Salamanders. PLoS ONE 4(5): e5615. https://doi.org/10.1371/journal.pone.0005615"
"FJ951329 Amphiuma means",35.865711,-78.081101,"GEOLocate",2.336,"RMB 3187","NA","Bonett RM, Chippindale PT, Moler PE, Van Devender RW, Wake DB (2009) Evolution of Gigantism in Amphiumid Salamanders. PLoS ONE 4(5): e5615. https://doi.org/10.1371/journal.pone.0005615"
"FJ951326 Amphiuma means",34.2644311615268,-78.4753153699071,"Google Maps","NA","RMB 3251","NA","Bonett RM, Chippindale PT, Moler PE, Van Devender RW, Wake DB (2009) Evolution of Gigantism in Amphiumid Salamanders. PLoS ONE 4(5): e5615. https://doi.org/10.1371/journal.pone.0005615"
"FJ951323 Amphiuma means",31.846877,-81.595945,"GEOLocate",8.327,"RMB 3133","NA","Bonett RM, Chippindale PT, Moler PE, Van Devender RW, Wake DB (2009) Evolution of Gigantism in Amphiumid Salamanders. PLoS ONE 4(5): e5615. https://doi.org/10.1371/journal.pone.0005615"
"FJ951322 Amphiuma means",31.846877,-81.595945,"GEOLocate",8.327,"RMB 3132","NA","Bonett RM, Chippindale PT, Moler PE, Van Devender RW, Wake DB (2009) Evolution of Gigantism in Amphiumid Salamanders. PLoS ONE 4(5): e5615. https://doi.org/10.1371/journal.pone.0005615"
"FJ951321 Amphiuma means",31.846877,-81.595945,"GEOLocate",8.327,"RMB 3131","NA","Bonett RM, Chippindale PT, Moler PE, Van Devender RW, Wake DB (2009) Evolution of Gigantism in Amphiumid Salamanders. PLoS ONE 4(5): e5615. https://doi.org/10.1371/journal.pone.0005615"
"FJ951309 Amphiuma means",30.226363,-82.461149,"GEOLocate",2144,"MVZ 241516","NA","Bonett RM, Chippindale PT, Moler PE, Van Devender RW, Wake DB (2009) Evolution of Gigantism in Amphiumid Salamanders. PLoS ONE 4(5): e5615. https://doi.org/10.1371/journal.pone.0005615"
"FJ951328 Amphiuma means",35.650711,-78.456391,"GEOLocate",2767,"MVZ 137237","NA","Bonett RM, Chippindale PT, Moler PE, Van Devender RW, Wake DB (2009) Evolution of Gigantism in Amphiumid Salamanders. PLoS ONE 4(5): e5615. https://doi.org/10.1371/journal.pone.0005615"
"FJ951327 Amphiuma means",35.650711,-78.456391,"GEOLocate",2767,"MVZ 137236","NA","Bonett RM, Chippindale PT, Moler PE, Van Devender RW, Wake DB (2009) Evolution of Gigantism in Amphiumid Salamanders. PLoS ONE 4(5): e5615. https://doi.org/10.1371/journal.pone.0005615"
"AY691722 Amphiuma means",29.2541348432812,-82.7245034687066,"Google Maps","NA","APPSU 23768","NA","Bonett RM, Chippindale PT, Moler PE, Van Devender RW, Wake DB (2009) Evolution of Gigantism in Amphiumid Salamanders. PLoS ONE 4(5): e5615. https://doi.org/10.1371/journal.pone.0005615"
"FJ951319 Amphiuma means",30.857686,-86.873016,"GEOLocate",1270,"ASU 24554","NA","Bonett RM, Chippindale PT, Moler PE, Van Devender RW, Wake DB (2009) Evolution of Gigantism in Amphiumid Salamanders. PLoS ONE 4(5): e5615. https://doi.org/10.1371/journal.pone.0005615"
