"value","Lat","Lon","Method","Error_km","Museum_Field_Number","Notes","Reference"
"KU131051.1 Andrias davidianus",29.3941,107.871,"GEOLocate",3036,"CQWL481","Huolu, Wulong, Chongqing","NA"
"MZ291454 Andrias davidianus",30.808306,103.874012,"GEOLocate",9288,"SCDJY4","Pidu, Sichuan province, Lineage C, H04","NA"
"KU131042 Andrias davidianus",34.2,105.9,"Manuscript","NA","GSTS240","Qinzhou District, Tianshui, Gansu, China","Liang et al. 2019 Ecol Evol 10.1002/ece3.5014"
"MT268860 Andrias davidianus",29.252222,118.126111,"GEOLocate",3036,"GTS25","Gutianshan, Kaihua, Zhejiang","NA"
"MK177475.1 Andrias davidianus",35.298065,111.698499,"GEOLocate",3036,"ROM:11053","Yuanqu, Shanxi","NA"
"KU131043.1 Andrias davidianus",28.846216,103.545754,"GEOLocate",3036,"SCMB244","Mabian, Leshan, Sichuan","NA"
"MT268837.1 Andrias davidianus",29.252222,118.126111,"GEOLocate",3036,"GTS02","Gutianshan, Kaihua, Zhejiang","NA"
"KU131053.1 Andrias davidianus",27.608747,104.041857,"GEOLocate",5983,"YNYL551","Niujie, Yiliang, Zhaotong, Yunnan","NA"
"KU131040.1 Andrias davidianus",33.7,107.5,"Manuscript","NA","SXTB202","Taibaihe, Taibai, Baoji, Shaanxi","Liang et al. 2019 Ecol Evol 10.1002/ece3.5014"
"KU131057.1 Andrias davidianus",33.8,109.2,"NA","NA","SXSLZS672","Zhashui, Shangluo, Shaanxi","NA"
"KU131047.1 Andrias davidianus",35.3,112.1,"Manuscript","NA","SXYQLS371","Xihonghong, Lishan, Yuanqu, Shanxi","Liang et al. 2019 Ecol Evol 10.1002/ece3.5014"
"KU131061.1 Andrias davidianus",29.601087,110.006161,"GEOLocate",3036,"HNSZSDJ82","Sangzhi, Zhangjiajie, Hunan","NA"
"KU131048.1 Andrias davidianus",35.2,112.3,"Manuscript","NA","HNJY390","Wangwoshan, Jiyuan, Henan","Liang et al. 2019 Ecol Evol 10.1002/ece3.5014"
"KU131058.1 Andrias davidianus",34.1,107.6,"Manuscript","NA","SXTBYG677","Yinge, Taibai, Baoji, Shaanxi","Liang et al. 2019 Ecol Evol 10.1002/ece3.5014"
