"value","Lat","Lon","Method","Error_km","Museum_Field_Number","Notes","Reference"
"MH051468.1 Andrias cheni",29.7473,117.833,"GEOLocate",15650,11036,"Huangshan, Anhui","Yan et al. 2018. Current Biology https://doi.org/10.1016/j.cub.2018.04.004"
"KX298240.1 Andrias cheni",29.504526,118.158237,"GEOLocate",16922,"HS16092","Xiuning, Huangshan, Anhui","NA"
"KX268733.1 Andrias cheni",29.845691,117.84464,"GEOLocate",18120,"HS16091","Qimen, Anhui","NA"
"KU131060.1 Andrias cheni",29.771813,118.166161,"GEOLocate",3036,"AHHS695","Xiuning, Huangshan, Anhui","NA"
"MH051472.1 Andrias cheni",29.7473,117.833,"GEOLocate",15650,11040,"Huangshan, Anhui","Yan et al. 2018. Current Biology https://doi.org/10.1016/j.cub.2018.04.004"
"MH051471.1 Andrias cheni",29.7473,117.833,"GEOLocate",15650,11039,"Huangshan, Anhui","Yan et al. 2018. Current Biology https://doi.org/10.1016/j.cub.2018.04.004"
"MH051470.1 Andrias cheni",29.7473,117.833,"GEOLocate",15650,11038,"Huangshan, Anhui","Yan et al. 2018. Current Biology https://doi.org/10.1016/j.cub.2018.04.004"
"MH051475.1 Andrias cheni",29.7473,117.833,"GEOLocate",15650,"KIZYPX6153","Huangshan, Anhui","Yan et al. 2018. Current Biology https://doi.org/10.1016/j.cub.2018.04.004"
"MH051474.1 Andrias cheni",29.7473,117.833,"GEOLocate",15650,"KIZYPX6152","Huangshan, Anhui","Yan et al. 2018. Current Biology https://doi.org/10.1016/j.cub.2018.04.004"
"MH051473.1 Andrias cheni",29.7473,117.833,"GEOLocate",15650,"KIZYPX6151","Huangshan, Anhui","Yan et al. 2018. Current Biology https://doi.org/10.1016/j.cub.2018.04.004"
