"value","Lat","Lon","Method","Error_km","Museum_Field_Number","Notes","Reference"
"AB445780 Andrias japonicus",34.614252,136.188906,"GEOLocate, Map in manuscript, and Google Maps",3036,"NA","NA","https://www.sciencedirect.com/science/article/pii/S1055790308003795?via%3Dihub"
"AB445771.2 Andrias japonicus",34.880009,132.499652,"GEOLocate, and Google Maps",3036,"NA","Sequence added","https://www.sciencedirect.com/science/article/pii/S1055790308003795?via%3Dihub"
"AB445781.3 Andrias japonicus",35.237841,137.118194,"GEOLocate, and Google Maps",3036,"NA","Sequence added","https://www.sciencedirect.com/science/article/pii/S1055790308003795?via%3Dihub"
"AB445781.2 Andrias japonicus",35.371527715654,136.838428910507,"Google Maps","NA","NA","Sequence added","https://www.sciencedirect.com/science/article/pii/S1055790308003795?via%3Dihub"
"AB445781.1 Andrias japonicus",35.78091,137.053978,"GEOLocate, Map in manuscript, and Google Maps",5978,"NA","NA","https://www.sciencedirect.com/science/article/pii/S1055790308003795?via%3Dihub"
"AB445773 Andrias japonicus",35.206098,133.908902,"GEOLocate, and Google Maps",3036,"NA","NA","https://www.sciencedirect.com/science/article/pii/S1055790308003795?via%3Dihub"
"AB445769 Andrias japonicus",33.44996,131.336619,"GEOLocate, Map in manuscript, and Google Maps",3036,"KUHE:33230","NA","https://www.sciencedirect.com/science/article/pii/S1055790308003795?via%3Dihub"
"AB445770 Andrias japonicus",34.6434,132.477838,"GEOLocate, Map in manuscript, and Google Maps",5658,"NA","NA","https://www.sciencedirect.com/science/article/pii/S1055790308003795?via%3Dihub"
"AB445771.1 Andrias japonicus",34.792011,132.864349,"GEOLocate, Map in manuscript, and Google Maps",5757,"NA","NA","https://www.sciencedirect.com/science/article/pii/S1055790308003795?via%3Dihub"
"AB445779 Andrias japonicus",34.936819,135.59522,"GEOLocate, Map in manuscript, and Google Maps",3997,"NA","NA","https://www.sciencedirect.com/science/article/pii/S1055790308003795?via%3Dihub"
"AB445777 Andrias japonicus",35.3333,134.75,"GEOLocate, Map in manuscript, and Google Maps",2269,"KUHE:26613","NA","https://www.sciencedirect.com/science/article/pii/S1055790308003795?via%3Dihub"
"AB445776 Andrias japonicus",36.255026,136.379625,"GEOLocate, Map in manuscript, and Google Maps",3036,"NA","NA","https://www.sciencedirect.com/science/article/pii/S1055790308003795?via%3Dihub"
"AB445775 Andrias japonicus",35.26249,134.825271,"GEOLocate, Map in manuscript, and Google Maps",4423,"NA","NA","https://www.sciencedirect.com/science/article/pii/S1055790308003795?via%3Dihub"
"AB445774 Andrias japonicus",35.206098,133.908902,"GEOLocate, Map in manuscript, and Google Maps",3036,"NA","NA","https://www.sciencedirect.com/science/article/pii/S1055790308003795?via%3Dihub"
"AB445778 Andrias japonicus",34.045236,134.360171,"GEOLocate, Map in manuscript, and Google Maps",8881,"NA","NA","https://www.sciencedirect.com/science/article/pii/S1055790308003795?via%3Dihub"
