"value","Lat","Lon","Method","Error_km","Museum_Field_Number","Notes","Reference"
"MK177465 Andrias sligoi",25.0172,110.235,"GEOLocate",3036,"ZMB 24105","mito genome","Turvey, ST, Marr, MM, Barnes, I, et al. Historical museum collections clarify the evolutionary history of cryptic species radiation in the world's largest amphibians. Ecol Evol. 2019; 9: 10070–10084. https://doi.org/10.1002/ece3.5257"
"MH051466.1 Andrias sligoi",25.299482,110.356942,"GEOLocate",8423,"KIZ022435","Maoershan, Guilin, Guangxi Hap17 mtDNA lineage A","Yan et al. 2018. Current Biology https://doi.org/10.1016/j.cub.2018.04.004"
"MH051465.1 Andrias sligoi",25.299482,110.356942,"GEOLocate",8423,"KIZ020273","Maoershan, Guilin, Guangxi Hap16 mtDNA lineage A","Yan et al. 2018. Current Biology https://doi.org/10.1016/j.cub.2018.04.004"
"MH051464.1 Andrias sligoi",25.299482,110.356942,"GEOLocate",8423,"KIZGXDN5","Maoershan, Guilin, Guangxi Hap16 mtDNA lineage A","Yan et al. 2018. Current Biology https://doi.org/10.1016/j.cub.2018.04.004"
"MH051463.1 Andrias sligoi",25.299482,110.356942,"GEOLocate",8423,"KIZGXDN4","Maoershan, Guilin, Guangxi Hap17 mtDNA lineage A","Yan et al. 2018. Current Biology https://doi.org/10.1016/j.cub.2018.04.004"
"MH051462.1 Andrias sligoi",25.299482,110.356942,"GEOLocate",8423,"KIZGXDN3","Maoershan, Guilin, Guangxi Hap17 mtDNA lineage A","Yan et al. 2018. Current Biology https://doi.org/10.1016/j.cub.2018.04.004"
"MH051461.1 Andrias sligoi",25.299482,110.356942,"GEOLocate",8423,"KIZYPX10536","Maoershan, Guilin, Guangxi Hap16 mtDNA lineage A","Yan et al. 2018. Current Biology https://doi.org/10.1016/j.cub.2018.04.004"
"MH051467.1 Andrias sligoi",25.299482,110.356942,"GEOLocate",8423,"KIZ020272","Maoershan, Guilin, Guangxi Hap17 mtDNA lineage A","Yan et al. 2018. Current Biology https://doi.org/10.1016/j.cub.2018.04.004"
"MT268874.1 Andrias sligoi",24.720628,112.294422,"GEOLocate",3036,"GDLN5","Liannan, Guangdong",
"KU131055.1 Andrias sligoi",26.036667,110.640556,"GEOLocate",3036,"GXZY587","Ziyuan, Guilin, Guangxi ",
"KU131054.1 Andrias sligoi",26.566667,107.233333,"GEOLocate",3036,"GZGDYX583","Guiding, Qiannan, Guizhou",
