"value","Lat","Lon","Error_km","Method","Voucher","Notes","Reference"
"KM197733 Aneides flavipunctatus",39.056767,-123.24385,"NA","Arctos","MVZ:Herp:269417","NA","Reilly, S.B. and Wake, D.B. (2015), Cryptic diversity and biogeographical patterns within the black salamander (Aneides flavipunctatus) complex. J. Biogeogr., 42: 280-291. https://doi.org/10.1111/jbi.12413"
"KM197731 Aneides flavipunctatus",39.056767,-123.24385,"NA","Arctos","MVZ:Herp:269415","NA","Reilly, S.B. and Wake, D.B. (2015), Cryptic diversity and biogeographical patterns within the black salamander (Aneides flavipunctatus) complex. J. Biogeogr., 42: 280-291. https://doi.org/10.1111/jbi.12413"
"KM197732 Aneides flavipunctatus",39.056767,-123.24385,"NA","Paper","MVZ:Herp:269416","NA","Reilly, S.B. and Wake, D.B. (2015), Cryptic diversity and biogeographical patterns within the black salamander (Aneides flavipunctatus) complex. J. Biogeogr., 42: 280-291. https://doi.org/10.1111/jbi.12413"
"JX544701 Aneides flavipunctatus",39.555283,-123.42015,"NA","NA","MVZ:Herp:264049","NA","NA"
"JX544707 Aneides flavipunctatus",39.231183,-123.475833,"NA","NA","MVZ:Herp:264045","NA","NA"
"JX544697 Aneides flavipunctatus",39.38395,-123.47405,"NA","NA","MVZ:Herp:264021","NA","NA"
"JX544727 Aneides flavipunctatus",39.4419,-123.7247,"NA","NA","MVZ:Herp:264041","NA","NA"
"JX544720 Aneides flavipunctatus",39.397283,-123.697967,"NA","NA","MVZ:Herp:264024","NA","NA"
"JX544711 Aneides flavipunctatus",39.261211,-123.112694,"NA","NA","MVZ:Herp:264056","NA","NA"
"JX544730 Aneides flavipunctatus",39.249793,-123.11974,"NA","NA","MVZ:Herp:137133","NA","NA"
"JX544733 Aneides flavipunctatus",39.388683,-123.04435,"NA","NA","MVZ:Herp:264016","NA","NA"
"JX544731 Aneides flavipunctatus",39.388683,-123.04435,"NA","NA","MVZ:Herp:264015","NA","NA"
"KM197726 Aneides flavipunctatus",40.334467,-123.679667,"NA","Paper","MVZ:Herp:269409","NA","Reilly, S.B. and Wake, D.B. (2015), Cryptic diversity and biogeographical patterns within the black salamander (Aneides flavipunctatus) complex. J. Biogeogr., 42: 280-291. https://doi.org/10.1111/jbi.12413"
"KF056673 Aneides flavipunctatus",40.997966,-123.62665,"NA","Paper","MVZ:Herp:269355","NA","Reilly, S.B. and Wake, D.B. (2015), Cryptic diversity and biogeographical patterns within the black salamander (Aneides flavipunctatus) complex. J. Biogeogr., 42: 280-291. https://doi.org/10.1111/jbi.12413"
"KF056666 Aneides flavipunctatus",41.750175,-123.992052,"NA","Paper","MVZ:Herp:269343","NA","Reilly, S.B. and Wake, D.B. (2015), Cryptic diversity and biogeographical patterns within the black salamander (Aneides flavipunctatus) complex. J. Biogeogr., 42: 280-291. https://doi.org/10.1111/jbi.12413"
"KF056669 Aneides flavipunctatus",41.750175,-123.992052,"NA","Paper","MVZ:Herp:269346","NA","Reilly, S.B. and Wake, D.B. (2015), Cryptic diversity and biogeographical patterns within the black salamander (Aneides flavipunctatus) complex. J. Biogeogr., 42: 280-291. https://doi.org/10.1111/jbi.12413"
"KF056683 Aneides flavipunctatus",41.74998,-123.990702,"NA","Paper","MVZ:Herp:269350","NA","Reilly, S.B. and Wake, D.B. (2015), Cryptic diversity and biogeographical patterns within the black salamander (Aneides flavipunctatus) complex. J. Biogeogr., 42: 280-291. https://doi.org/10.1111/jbi.12413"
"KF056672 Aneides flavipunctatus",41.750175,-123.992052,"NA","Paper","MVZ269349","NA","Reilly, S.B. and Wake, D.B. (2015), Cryptic diversity and biogeographical patterns within the black salamander (Aneides flavipunctatus) complex. J. Biogeogr., 42: 280-291. https://doi.org/10.1111/jbi.12413"
"KF056700 Aneides flavipunctatus",40.753579,-122.459301,"NA","Paper","MVZ:Herp:145014","NA","Reilly, S.B. and Wake, D.B. (2015), Cryptic diversity and biogeographical patterns within the black salamander (Aneides flavipunctatus) complex. J. Biogeogr., 42: 280-291. https://doi.org/10.1111/jbi.12413"
"KF056684 Aneides flavipunctatus",40.678283,-122.634583,"NA","Paper","MVZ:Herp:269358","NA","Reilly, S.B. and Wake, D.B. (2015), Cryptic diversity and biogeographical patterns within the black salamander (Aneides flavipunctatus) complex. J. Biogeogr., 42: 280-291. https://doi.org/10.1111/jbi.12413"
