"value","Lat","Lon","Error_m","Method","Voucher","Notes","Reference"
"AY274713 Aneides lugubris",35.42075,-120.55001,"NA","MVZ database Arctos","MVZ232813","NA","NA"
"AY274708 Aneides lugubris",37.6368742,-121.5617498,"NA","MVZ database Arctos","MVZ145016","NA","NA"
"AY274692 Aneides lugubris",38.0111745,-122.6156175,"NA","MVZ database Arctos","MVZ177829","NA","NA"
"AY274691 Aneides lugubris",37.6357028,-121.5560321,"NA","MVZ database Arctos","MVZ158400","NA","NA"
"KF781786 Aneides lugubris",37.51627,-119.84603,"NA","MVZ database Arctos","MVZ:Herp:243262","NA","NA"
"KF781788 Aneides lugubris",37.8800745,-122.2670848,"NA","MVZ database Arctos","MVZ:Herp:250249","NA","NA"
"AY274693 Aneides lugubris",38.199597,-120.397613,"NA","MVZ database Arctos","MVZ219982","NA","NA"
"MW285087 Aneides lugubris",38.31666,-122.33853,"NA","MVZ database Arctos","MVZ 238553","NA","NA"
"AY274687 Aneides lugubris",37.698188,-123.002005,"NA","MVZ database Arctos","MVZ158421","NA","NA"
"KF781799 Aneides lugubris",38.442672,-122.989431,"NA","MVZ database Arctos","MVZ:Herp:269483","NA","NA"
"AY274690 Aneides lugubris",38.4362303,-122.69337,"NA","MVZ database Arctos","MVZ222537","NA","NA"
"AY274677 Aneides lugubris",39.4385344,-122.9267855,1188,"MVZ database Arctos","MVZ178602","NA","NA"
"AY274676 Aneides lugubris",38.892999,-123.2074466,1609,"MVZ database Arctos","MVZ178617","NA","NA"
"AY274670 Aneides lugubris",34.23,-117.86,"NA","NA","MVZ222521","NA","NA"
"KF781780 Aneides lugubris",33.05,-116.81,"NA","NA","MVZ:Herp:181422","NA","NA"
"KF781783 Aneides lugubris",32.62,-116.82,"NA","NA","MVZ:Herp:222667","NA","NA"
"KT894000 Aneides lugubris",32.84,-117.2,"NA","NA","MVZ208348","NA","Reilly, S.B., Corl, A. & Wake, D.B. An integrative approach to phylogeography: investigating the effects of ancient seaways, climate, and historical geology on multi-locus phylogeographic boundaries of the Arboreal Salamander (Aneides lugubris). BMC Evol Biol 15, 241 (2015). https://doi.org/10.1186/s12862-015-0524-9"
"AY274702 Aneides lugubris",36.7928673,-121.5840735,"NA","MVZ database Arctos","MVZ217474","NA","NA"
"KT894001 Aneides lugubris",37.1961472222,-121.9972166667,30,"MVZ database Arctos","MVZ264076","NA","NA"
"KF781797 Aneides lugubris",36.998933,-122.0572,"NA","MVZ database Arctos","MVZ:Herp:269480","NA","NA"
