"value","Lat","Lon","Error_km","Method","Museum_Field_Number","Notes","Reference"
"OM678492 Aneides aeneus",35.40259,-81.919812,15108,"GeoLocate","Aa36NC","Correspond to a different species Aneides caryaensis. We remove this sequence from analysis. No Locality, just County obtained in Sup. Mat. Of a different paper: https://www.frontiersin.org/articles/10.3389/fcosc.2022.890859/full","https://bioone.org/journals/copeia/volume-107/issue-4/CH-18-052/A-New-Green-Salamander-in-the-Southern-Appalachians--Evolutionary/10.1643/CH-18-052.full?tab=ArticleLink"
"OM678493 Aneides aeneus",35.40259,-81.919812,15108,"GeoLocate","Aa37NC","Correspond to a different species Aneides caryaensis. We remove this sequence from analysis. No Locality, just County obtained in Sup. Mat. Of a different paper: https://www.frontiersin.org/articles/10.3389/fcosc.2022.890859/full","https://bioone.org/journals/copeia/volume-107/issue-4/CH-18-052/A-New-Green-Salamander-in-the-Southern-Appalachians--Evolutionary/10.1643/CH-18-052.full?tab=ArticleLink"
"OM678472 Aneides aeneus",35.40259,-81.919812,15108,"GeoLocate","Aa11NC","Correspond to a different species Aneides caryaensis. We remove this sequence from analysis. No Locality, just County obtained in Sup. Mat. Of a different paper: https://www.frontiersin.org/articles/10.3389/fcosc.2022.890859/full","https://bioone.org/journals/copeia/volume-107/issue-4/CH-18-052/A-New-Green-Salamander-in-the-Southern-Appalachians--Evolutionary/10.1643/CH-18-052.full?tab=ArticleLink"
"OM678524 Aneides aeneus",35.13047,-85.622034,14541,"GeoLocate","Aa70TN","No Locality, just County obtained in Sup. Mat. Of a different paper: https://www.frontiersin.org/articles/10.3389/fcosc.2022.890859/full","https://bioone.org/journals/copeia/volume-107/issue-4/CH-18-052/A-New-Green-Salamander-in-the-Southern-Appalachians--Evolutionary/10.1643/CH-18-052.full?tab=ArticleLink"
"OM110932 Aneides aeneus",35.2,-85.9167,301,"GeoLocate","GS-0009","NA","Niemiller, M. L., Davis, M. A., Tan, M., Apodaca, J. J., Dooley, K. E., Cucalón, R. V., Benito, J. B., Niemiller, K. D., Hardman, R. H., Istvanko, D., & Thames, D. (2022). Mitochondrial DNA and Population Genomics Reveal Additional Cryptic Diversity in the Green Salamander (Subgenus Castaneides) Species Complex. Frontiers in Conservation Science, 3, 890859. https://doi.org/10.3389/fcosc.2022.890859"
"OM110931 Aneides aeneus",35.2,-85.9167,301,"GeoLocate","GS-0008","NA","Niemiller, M. L., Davis, M. A., Tan, M., Apodaca, J. J., Dooley, K. E., Cucalón, R. V., Benito, J. B., Niemiller, K. D., Hardman, R. H., Istvanko, D., & Thames, D. (2022). Mitochondrial DNA and Population Genomics Reveal Additional Cryptic Diversity in the Green Salamander (Subgenus Castaneides) Species Complex. Frontiers in Conservation Science, 3, 890859. https://doi.org/10.3389/fcosc.2022.890859"
"OM678527 Aneides aeneus",35.388367,-85.722582,11237,"GeoLocate","Aa73TN","No Locality, just County obtained in Sup. Mat. Of a different paper: https://www.frontiersin.org/articles/10.3389/fcosc.2022.890859/full","https://bioone.org/journals/copeia/volume-107/issue-4/CH-18-052/A-New-Green-Salamander-in-the-Southern-Appalachians--Evolutionary/10.1643/CH-18-052.full?tab=ArticleLink"
"OM678498 Aneides aeneus",35.388367,-85.722582,11237,"GeoLocate","Aa42TN","No Locality, just County obtained in Sup. Mat. Of a different paper: https://www.frontiersin.org/articles/10.3389/fcosc.2022.890859/full","https://bioone.org/journals/copeia/volume-107/issue-4/CH-18-052/A-New-Green-Salamander-in-the-Southern-Appalachians--Evolutionary/10.1643/CH-18-052.full?tab=ArticleLink"
"OM111005 Aneides aeneus",35.455626,-85.620807,2289,"GeoLocate","GS-0334","NA","Niemiller, M. L., Davis, M. A., Tan, M., Apodaca, J. J., Dooley, K. E., Cucalón, R. V., Benito, J. B., Niemiller, K. D., Hardman, R. H., Istvanko, D., & Thames, D. (2022). Mitochondrial DNA and Population Genomics Reveal Additional Cryptic Diversity in the Green Salamander (Subgenus Castaneides) Species Complex. Frontiers in Conservation Science, 3, 890859. https://doi.org/10.3389/fcosc.2022.890859"
"OM678533 Aneides aeneus",35.808677,-86.061741,10519,"GeoLocate","Aa79TN","No Locality, just County obtained in Sup. Mat. Of a different paper: https://www.frontiersin.org/articles/10.3389/fcosc.2022.890859/full","https://bioone.org/journals/copeia/volume-107/issue-4/CH-18-052/A-New-Green-Salamander-in-the-Southern-Appalachians--Evolutionary/10.1643/CH-18-052.full?tab=ArticleLink"
"OM111010 Aneides aeneus",35.15,-85.6333,301,"GeoLocate","GS-0341","NA","Niemiller, M. L., Davis, M. A., Tan, M., Apodaca, J. J., Dooley, K. E., Cucalón, R. V., Benito, J. B., Niemiller, K. D., Hardman, R. H., Istvanko, D., & Thames, D. (2022). Mitochondrial DNA and Population Genomics Reveal Additional Cryptic Diversity in the Green Salamander (Subgenus Castaneides) Species Complex. Frontiers in Conservation Science, 3, 890859. https://doi.org/10.3389/fcosc.2022.890859"
"OM110976 Aneides aeneus",34.641553,-86.061515,4189,"GeoLocate","GS-0101","NA","Niemiller, M. L., Davis, M. A., Tan, M., Apodaca, J. J., Dooley, K. E., Cucalón, R. V., Benito, J. B., Niemiller, K. D., Hardman, R. H., Istvanko, D., & Thames, D. (2022). Mitochondrial DNA and Population Genomics Reveal Additional Cryptic Diversity in the Green Salamander (Subgenus Castaneides) Species Complex. Frontiers in Conservation Science, 3, 890859. https://doi.org/10.3389/fcosc.2022.890859"
"OM110963 Aneides aeneus",35.101761,-85.938195,1506,"GeoLocate","GS-0060","NA","Niemiller, M. L., Davis, M. A., Tan, M., Apodaca, J. J., Dooley, K. E., Cucalón, R. V., Benito, J. B., Niemiller, K. D., Hardman, R. H., Istvanko, D., & Thames, D. (2022). Mitochondrial DNA and Population Genomics Reveal Additional Cryptic Diversity in the Green Salamander (Subgenus Castaneides) Species Complex. Frontiers in Conservation Science, 3, 890859. https://doi.org/10.3389/fcosc.2022.890859"
"OM110990 Aneides aeneus",35.6663,-85.68948,"NA","Google Maps","GS-0282","NA","Niemiller, M. L., Davis, M. A., Tan, M., Apodaca, J. J., Dooley, K. E., Cucalón, R. V., Benito, J. B., Niemiller, K. D., Hardman, R. H., Istvanko, D., & Thames, D. (2022). Mitochondrial DNA and Population Genomics Reveal Additional Cryptic Diversity in the Green Salamander (Subgenus Castaneides) Species Complex. Frontiers in Conservation Science, 3, 890859. https://doi.org/10.3389/fcosc.2022.890859"
"OM110989 Aneides aeneus",35.6663,-85.68948,"NA","Google Maps","GS-0280","NA","Niemiller, M. L., Davis, M. A., Tan, M., Apodaca, J. J., Dooley, K. E., Cucalón, R. V., Benito, J. B., Niemiller, K. D., Hardman, R. H., Istvanko, D., & Thames, D. (2022). Mitochondrial DNA and Population Genomics Reveal Additional Cryptic Diversity in the Green Salamander (Subgenus Castaneides) Species Complex. Frontiers in Conservation Science, 3, 890859. https://doi.org/10.3389/fcosc.2022.890859"
"OM678522 Aneides aeneus",35.371148,-85.410587,10101,"GeoLocate","Aa67TN","No Locality, just County obtained in Sup. Mat. Of a different paper: https://www.frontiersin.org/articles/10.3389/fcosc.2022.890859/full","https://bioone.org/journals/copeia/volume-107/issue-4/CH-18-052/A-New-Green-Salamander-in-the-Southern-Appalachians--Evolutionary/10.1643/CH-18-052.full?tab=ArticleLink"
"OM111004 Aneides aeneus",35.455626,-85.620807,2289,"GeoLocate","GS-0332","NA","Niemiller, M. L., Davis, M. A., Tan, M., Apodaca, J. J., Dooley, K. E., Cucalón, R. V., Benito, J. B., Niemiller, K. D., Hardman, R. H., Istvanko, D., & Thames, D. (2022). Mitochondrial DNA and Population Genomics Reveal Additional Cryptic Diversity in the Green Salamander (Subgenus Castaneides) Species Complex. Frontiers in Conservation Science, 3, 890859. https://doi.org/10.3389/fcosc.2022.890859"
"OM110991 Aneides aeneus",35.6663,-85.68948,"NA","Google Maps","GS-0294","NA","Niemiller, M. L., Davis, M. A., Tan, M., Apodaca, J. J., Dooley, K. E., Cucalón, R. V., Benito, J. B., Niemiller, K. D., Hardman, R. H., Istvanko, D., & Thames, D. (2022). Mitochondrial DNA and Population Genomics Reveal Additional Cryptic Diversity in the Green Salamander (Subgenus Castaneides) Species Complex. Frontiers in Conservation Science, 3, 890859. https://doi.org/10.3389/fcosc.2022.890859"
"OM110954 Aneides aeneus",35.455626,-85.620807,2289,"GeoLocate","GS-0037","NA","Niemiller, M. L., Davis, M. A., Tan, M., Apodaca, J. J., Dooley, K. E., Cucalón, R. V., Benito, J. B., Niemiller, K. D., Hardman, R. H., Istvanko, D., & Thames, D. (2022). Mitochondrial DNA and Population Genomics Reveal Additional Cryptic Diversity in the Green Salamander (Subgenus Castaneides) Species Complex. Frontiers in Conservation Science, 3, 890859. https://doi.org/10.3389/fcosc.2022.890859"
"OM110953 Aneides aeneus",35.455626,-85.620807,2289,"GeoLocate","GS-0036","NA","Niemiller, M. L., Davis, M. A., Tan, M., Apodaca, J. J., Dooley, K. E., Cucalón, R. V., Benito, J. B., Niemiller, K. D., Hardman, R. H., Istvanko, D., & Thames, D. (2022). Mitochondrial DNA and Population Genomics Reveal Additional Cryptic Diversity in the Green Salamander (Subgenus Castaneides) Species Complex. Frontiers in Conservation Science, 3, 890859. https://doi.org/10.3389/fcosc.2022.890859"
"OM110952 Aneides aeneus",35.455626,-85.620807,2289,"GeoLocate","GS-0035","NA","Niemiller, M. L., Davis, M. A., Tan, M., Apodaca, J. J., Dooley, K. E., Cucalón, R. V., Benito, J. B., Niemiller, K. D., Hardman, R. H., Istvanko, D., & Thames, D. (2022). Mitochondrial DNA and Population Genomics Reveal Additional Cryptic Diversity in the Green Salamander (Subgenus Castaneides) Species Complex. Frontiers in Conservation Science, 3, 890859. https://doi.org/10.3389/fcosc.2022.890859"
"OM110951 Aneides aeneus",35.455626,-85.620807,2289,"GeoLocate","GS-0034","NA","Niemiller, M. L., Davis, M. A., Tan, M., Apodaca, J. J., Dooley, K. E., Cucalón, R. V., Benito, J. B., Niemiller, K. D., Hardman, R. H., Istvanko, D., & Thames, D. (2022). Mitochondrial DNA and Population Genomics Reveal Additional Cryptic Diversity in the Green Salamander (Subgenus Castaneides) Species Complex. Frontiers in Conservation Science, 3, 890859. https://doi.org/10.3389/fcosc.2022.890859"
"OM678528 Aneides aeneus",35.608711,-84.924396,8406,"GeoLocate","Aa74TN","No Locality, just County obtained in Sup. Mat. Of a different paper: https://www.frontiersin.org/articles/10.3389/fcosc.2022.890859/full","https://bioone.org/journals/copeia/volume-107/issue-4/CH-18-052/A-New-Green-Salamander-in-the-Southern-Appalachians--Evolutionary/10.1643/CH-18-052.full?tab=ArticleLink"
"OM678523 Aneides aeneus",35.59642,-85.205155,9662,"GeoLocate","Aa69TN","No Locality, just County obtained in Sup. Mat. Of a different paper: https://www.frontiersin.org/articles/10.3389/fcosc.2022.890859/full","https://bioone.org/journals/copeia/volume-107/issue-4/CH-18-052/A-New-Green-Salamander-in-the-Southern-Appalachians--Evolutionary/10.1643/CH-18-052.full?tab=ArticleLink"
"OM678521 Aneides aeneus",35.608711,-84.924396,8406,"GeoLocate","Aa66TN","No Locality, just County obtained in Sup. Mat. Of a different paper: https://www.frontiersin.org/articles/10.3389/fcosc.2022.890859/full","https://bioone.org/journals/copeia/volume-107/issue-4/CH-18-052/A-New-Green-Salamander-in-the-Southern-Appalachians--Evolutionary/10.1643/CH-18-052.full?tab=ArticleLink"
"OM678465 Aneides aeneus",34.366962,-86.306637,17419,"GeoLocate","Aa02AL","No Locality, just County obtained in Sup. Mat. Of a different paper: https://www.frontiersin.org/articles/10.3389/fcosc.2022.890859/full","https://bioone.org/journals/copeia/volume-107/issue-4/CH-18-052/A-New-Green-Salamander-in-the-Southern-Appalachians--Evolutionary/10.1643/CH-18-052.full?tab=ArticleLink"
"OM678481 Aneides aeneus",35.371148,-85.410587,10101,"GeoLocate","Aa21TN","No Locality, just County obtained in Sup. Mat. Of a different paper: https://www.frontiersin.org/articles/10.3389/fcosc.2022.890859/full","https://bioone.org/journals/copeia/volume-107/issue-4/CH-18-052/A-New-Green-Salamander-in-the-Southern-Appalachians--Evolutionary/10.1643/CH-18-052.full?tab=ArticleLink"
"OM678516 Aneides aeneus",35.129347,-85.622034,14718,"GeoLocate","Aa61TN","No Locality, just County obtained in Sup. Mat. Of a different paper: https://www.frontiersin.org/articles/10.3389/fcosc.2022.890859/full","https://bioone.org/journals/copeia/volume-107/issue-4/CH-18-052/A-New-Green-Salamander-in-the-Southern-Appalachians--Evolutionary/10.1643/CH-18-052.full?tab=ArticleLink"
"OM110955 Aneides aeneus",35.126925,-85.366594,1345,"GeoLocate","GS-0048","NA","Niemiller, M. L., Davis, M. A., Tan, M., Apodaca, J. J., Dooley, K. E., Cucalón, R. V., Benito, J. B., Niemiller, K. D., Hardman, R. H., Istvanko, D., & Thames, D. (2022). Mitochondrial DNA and Population Genomics Reveal Additional Cryptic Diversity in the Green Salamander (Subgenus Castaneides) Species Complex. Frontiers in Conservation Science, 3, 890859. https://doi.org/10.3389/fcosc.2022.890859"
"OM110985 Aneides aeneus",35.126925,-85.366594,1345,"GeoLocate","GS-0261","NA","Niemiller, M. L., Davis, M. A., Tan, M., Apodaca, J. J., Dooley, K. E., Cucalón, R. V., Benito, J. B., Niemiller, K. D., Hardman, R. H., Istvanko, D., & Thames, D. (2022). Mitochondrial DNA and Population Genomics Reveal Additional Cryptic Diversity in the Green Salamander (Subgenus Castaneides) Species Complex. Frontiers in Conservation Science, 3, 890859. https://doi.org/10.3389/fcosc.2022.890859"
"OM110987 Aneides aeneus",35.126925,-85.366594,1345,"GeoLocate","GS-0265","NA","Niemiller, M. L., Davis, M. A., Tan, M., Apodaca, J. J., Dooley, K. E., Cucalón, R. V., Benito, J. B., Niemiller, K. D., Hardman, R. H., Istvanko, D., & Thames, D. (2022). Mitochondrial DNA and Population Genomics Reveal Additional Cryptic Diversity in the Green Salamander (Subgenus Castaneides) Species Complex. Frontiers in Conservation Science, 3, 890859. https://doi.org/10.3389/fcosc.2022.890859"
"OM110988 Aneides aeneus",35.126925,-85.366594,1345,"GeoLocate","GS-0270","NA","Niemiller, M. L., Davis, M. A., Tan, M., Apodaca, J. J., Dooley, K. E., Cucalón, R. V., Benito, J. B., Niemiller, K. D., Hardman, R. H., Istvanko, D., & Thames, D. (2022). Mitochondrial DNA and Population Genomics Reveal Additional Cryptic Diversity in the Green Salamander (Subgenus Castaneides) Species Complex. Frontiers in Conservation Science, 3, 890859. https://doi.org/10.3389/fcosc.2022.890859"
"OM678529 Aneides aeneus",35.154961,-86.092175,19401,"GeoLocate","Aa75TN","No Locality, just County obtained in Sup. Mat. Of a different paper: https://www.frontiersin.org/articles/10.3389/fcosc.2022.890859/full","https://bioone.org/journals/copeia/volume-107/issue-4/CH-18-052/A-New-Green-Salamander-in-the-Southern-Appalachians--Evolutionary/10.1643/CH-18-052.full?tab=ArticleLink"
"OM678525 Aneides aeneus",34.779415,-85.999301,13781,"GeoLocate","Aa71AL","No Locality, just County obtained in Sup. Mat. Of a different paper: https://www.frontiersin.org/articles/10.3389/fcosc.2022.890859/full","https://bioone.org/journals/copeia/volume-107/issue-4/CH-18-052/A-New-Green-Salamander-in-the-Southern-Appalachians--Evolutionary/10.1643/CH-18-052.full?tab=ArticleLink"
"OM678519 Aneides aeneus",35.154961,-86.092175,19401,"GeoLocate","Aa64TN","No Locality, just County obtained in Sup. Mat. Of a different paper: https://www.frontiersin.org/articles/10.3389/fcosc.2022.890859/full","https://bioone.org/journals/copeia/volume-107/issue-4/CH-18-052/A-New-Green-Salamander-in-the-Southern-Appalachians--Evolutionary/10.1643/CH-18-052.full?tab=ArticleLink"
"OM111009 Aneides aeneus",35.0833,-85.85,1204,"GeoLocate","GS-0339","NA","Niemiller, M. L., Davis, M. A., Tan, M., Apodaca, J. J., Dooley, K. E., Cucalón, R. V., Benito, J. B., Niemiller, K. D., Hardman, R. H., Istvanko, D., & Thames, D. (2022). Mitochondrial DNA and Population Genomics Reveal Additional Cryptic Diversity in the Green Salamander (Subgenus Castaneides) Species Complex. Frontiers in Conservation Science, 3, 890859. https://doi.org/10.3389/fcosc.2022.890859"
"OM111008 Aneides aeneus",35.0833,-85.85,1204,"GeoLocate","GS-0338","NA","Niemiller, M. L., Davis, M. A., Tan, M., Apodaca, J. J., Dooley, K. E., Cucalón, R. V., Benito, J. B., Niemiller, K. D., Hardman, R. H., Istvanko, D., & Thames, D. (2022). Mitochondrial DNA and Population Genomics Reveal Additional Cryptic Diversity in the Green Salamander (Subgenus Castaneides) Species Complex. Frontiers in Conservation Science, 3, 890859. https://doi.org/10.3389/fcosc.2022.890859"
"OM111007 Aneides aeneus",35.0833,-85.85,1204,"GeoLocate","GS-0337","NA","Niemiller, M. L., Davis, M. A., Tan, M., Apodaca, J. J., Dooley, K. E., Cucalón, R. V., Benito, J. B., Niemiller, K. D., Hardman, R. H., Istvanko, D., & Thames, D. (2022). Mitochondrial DNA and Population Genomics Reveal Additional Cryptic Diversity in the Green Salamander (Subgenus Castaneides) Species Complex. Frontiers in Conservation Science, 3, 890859. https://doi.org/10.3389/fcosc.2022.890859"
"OM110986 Aneides aeneus",34.913138,-85.879421,887,"GeoLocate","GS-0263","NA","Niemiller, M. L., Davis, M. A., Tan, M., Apodaca, J. J., Dooley, K. E., Cucalón, R. V., Benito, J. B., Niemiller, K. D., Hardman, R. H., Istvanko, D., & Thames, D. (2022). Mitochondrial DNA and Population Genomics Reveal Additional Cryptic Diversity in the Green Salamander (Subgenus Castaneides) Species Complex. Frontiers in Conservation Science, 3, 890859. https://doi.org/10.3389/fcosc.2022.890859"
"OM110938 Aneides aeneus",34.99291,86.06518,"NA","https://www.tn.gov/twra/wildlife-management-areas/middle-tennessee-r2/bear-hollow-mountain-wma.html","GS-0015","NA","Niemiller, M. L., Davis, M. A., Tan, M., Apodaca, J. J., Dooley, K. E., Cucalón, R. V., Benito, J. B., Niemiller, K. D., Hardman, R. H., Istvanko, D., & Thames, D. (2022). Mitochondrial DNA and Population Genomics Reveal Additional Cryptic Diversity in the Green Salamander (Subgenus Castaneides) Species Complex. Frontiers in Conservation Science, 3, 890859. https://doi.org/10.3389/fcosc.2022.890859"
"OM110937 Aneides aeneus",34.99291,86.06518,"NA","https://www.tn.gov/twra/wildlife-management-areas/middle-tennessee-r2/bear-hollow-mountain-wma.html","GS-0014","NA","Niemiller, M. L., Davis, M. A., Tan, M., Apodaca, J. J., Dooley, K. E., Cucalón, R. V., Benito, J. B., Niemiller, K. D., Hardman, R. H., Istvanko, D., & Thames, D. (2022). Mitochondrial DNA and Population Genomics Reveal Additional Cryptic Diversity in the Green Salamander (Subgenus Castaneides) Species Complex. Frontiers in Conservation Science, 3, 890859. https://doi.org/10.3389/fcosc.2022.890859"
"OM110936 Aneides aeneus",34.99291,86.06518,"NA","https://www.tn.gov/twra/wildlife-management-areas/middle-tennessee-r2/bear-hollow-mountain-wma.html","GS-0013","NA","Niemiller, M. L., Davis, M. A., Tan, M., Apodaca, J. J., Dooley, K. E., Cucalón, R. V., Benito, J. B., Niemiller, K. D., Hardman, R. H., Istvanko, D., & Thames, D. (2022). Mitochondrial DNA and Population Genomics Reveal Additional Cryptic Diversity in the Green Salamander (Subgenus Castaneides) Species Complex. Frontiers in Conservation Science, 3, 890859. https://doi.org/10.3389/fcosc.2022.890859"
"OM110935 Aneides aeneus",34.99291,86.06518,"NA","https://www.tn.gov/twra/wildlife-management-areas/middle-tennessee-r2/bear-hollow-mountain-wma.html","GS-0012","NA","Niemiller, M. L., Davis, M. A., Tan, M., Apodaca, J. J., Dooley, K. E., Cucalón, R. V., Benito, J. B., Niemiller, K. D., Hardman, R. H., Istvanko, D., & Thames, D. (2022). Mitochondrial DNA and Population Genomics Reveal Additional Cryptic Diversity in the Green Salamander (Subgenus Castaneides) Species Complex. Frontiers in Conservation Science, 3, 890859. https://doi.org/10.3389/fcosc.2022.890859"
"OM110934 Aneides aeneus",34.99291,86.06518,"NA","https://www.tn.gov/twra/wildlife-management-areas/middle-tennessee-r2/bear-hollow-mountain-wma.html","GS-0011","NA","Niemiller, M. L., Davis, M. A., Tan, M., Apodaca, J. J., Dooley, K. E., Cucalón, R. V., Benito, J. B., Niemiller, K. D., Hardman, R. H., Istvanko, D., & Thames, D. (2022). Mitochondrial DNA and Population Genomics Reveal Additional Cryptic Diversity in the Green Salamander (Subgenus Castaneides) Species Complex. Frontiers in Conservation Science, 3, 890859. https://doi.org/10.3389/fcosc.2022.890859"
"OM110933 Aneides aeneus",35.2,-85.9167,301,"GeoLocate","GS-0010","NA","Niemiller, M. L., Davis, M. A., Tan, M., Apodaca, J. J., Dooley, K. E., Cucalón, R. V., Benito, J. B., Niemiller, K. D., Hardman, R. H., Istvanko, D., & Thames, D. (2022). Mitochondrial DNA and Population Genomics Reveal Additional Cryptic Diversity in the Green Salamander (Subgenus Castaneides) Species Complex. Frontiers in Conservation Science, 3, 890859. https://doi.org/10.3389/fcosc.2022.890859"
"OM110930 Aneides aeneus",35.455626,-85.620807,2289,"GeoLocate","GS-0007","NA","Niemiller, M. L., Davis, M. A., Tan, M., Apodaca, J. J., Dooley, K. E., Cucalón, R. V., Benito, J. B., Niemiller, K. D., Hardman, R. H., Istvanko, D., & Thames, D. (2022). Mitochondrial DNA and Population Genomics Reveal Additional Cryptic Diversity in the Green Salamander (Subgenus Castaneides) Species Complex. Frontiers in Conservation Science, 3, 890859. https://doi.org/10.3389/fcosc.2022.890859"
"OM110929 Aneides aeneus",35.203137,-85.92109,3782,"GeoLocate","GS-0006","NA","Niemiller, M. L., Davis, M. A., Tan, M., Apodaca, J. J., Dooley, K. E., Cucalón, R. V., Benito, J. B., Niemiller, K. D., Hardman, R. H., Istvanko, D., & Thames, D. (2022). Mitochondrial DNA and Population Genomics Reveal Additional Cryptic Diversity in the Green Salamander (Subgenus Castaneides) Species Complex. Frontiers in Conservation Science, 3, 890859. https://doi.org/10.3389/fcosc.2022.890859"
"OM678534 Aneides aeneus",35.950388,-84.998352,15487,"GeoLocate","Aa80TN","No Locality, just County obtained in Sup. Mat. Of a different paper: https://www.frontiersin.org/articles/10.3389/fcosc.2022.890859/full","https://bioone.org/journals/copeia/volume-107/issue-4/CH-18-052/A-New-Green-Salamander-in-the-Southern-Appalachians--Evolutionary/10.1643/CH-18-052.full?tab=ArticleLink"
"OM678520 Aneides aeneus",35.180855,-85.16479,13353,"GeoLocate","Aa65TN","No Locality, just County obtained in Sup. Mat. Of a different paper: https://www.frontiersin.org/articles/10.3389/fcosc.2022.890859/full","https://bioone.org/journals/copeia/volume-107/issue-4/CH-18-052/A-New-Green-Salamander-in-the-Southern-Appalachians--Evolutionary/10.1643/CH-18-052.full?tab=ArticleLink"
"OM678515 Aneides aeneus",35.180855,-85.16479,13353,"GeoLocate","Aa60TN","No Locality, just County obtained in Sup. Mat. Of a different paper: https://www.frontiersin.org/articles/10.3389/fcosc.2022.890859/full","https://bioone.org/journals/copeia/volume-107/issue-4/CH-18-052/A-New-Green-Salamander-in-the-Southern-Appalachians--Evolutionary/10.1643/CH-18-052.full?tab=ArticleLink"
"OM678496 Aneides aeneus",34.521651,-87.311045,19410,"GeoLocate","Aa40AL","No Locality, just County obtained in Sup. Mat. Of a different paper: https://www.frontiersin.org/articles/10.3389/fcosc.2022.890859/full","https://bioone.org/journals/copeia/volume-107/issue-4/CH-18-052/A-New-Green-Salamander-in-the-Southern-Appalachians--Evolutionary/10.1643/CH-18-052.full?tab=ArticleLink"
"OM678495 Aneides aeneus",34.149225,-87.373683,17523,"GeoLocate","Aa39AL","No Locality, just County obtained in Sup. Mat. Of a different paper: https://www.frontiersin.org/articles/10.3389/fcosc.2022.890859/full","https://bioone.org/journals/copeia/volume-107/issue-4/CH-18-052/A-New-Green-Salamander-in-the-Southern-Appalachians--Evolutionary/10.1643/CH-18-052.full?tab=ArticleLink"
"OM678467 Aneides aeneus",34.740434,-88.239323,9515,"GeoLocate","Aa04MS","No Locality, just County obtained in Sup. Mat. Of a different paper: https://www.frontiersin.org/articles/10.3389/fcosc.2022.890859/full","https://bioone.org/journals/copeia/volume-107/issue-4/CH-18-052/A-New-Green-Salamander-in-the-Southern-Appalachians--Evolutionary/10.1643/CH-18-052.full?tab=ArticleLink"
"OM111020 Aneides aeneus",36.3113,-83.9048,"NA","https://www.dnr.sc.gov/swap/grants/greensalamanderfinal.pdf","MLN18-026","NA","Niemiller, M. L., Davis, M. A., Tan, M., Apodaca, J. J., Dooley, K. E., Cucalón, R. V., Benito, J. B., Niemiller, K. D., Hardman, R. H., Istvanko, D., & Thames, D. (2022). Mitochondrial DNA and Population Genomics Reveal Additional Cryptic Diversity in the Green Salamander (Subgenus Castaneides) Species Complex. Frontiers in Conservation Science, 3, 890859. https://doi.org/10.3389/fcosc.2022.890859"
"OM111003 Aneides aeneus",35.1097,-86.0206,"NA","https://www.dnr.sc.gov/swap/grants/greensalamanderfinal.pdf","GS-0328","NA","Niemiller, M. L., Davis, M. A., Tan, M., Apodaca, J. J., Dooley, K. E., Cucalón, R. V., Benito, J. B., Niemiller, K. D., Hardman, R. H., Istvanko, D., & Thames, D. (2022). Mitochondrial DNA and Population Genomics Reveal Additional Cryptic Diversity in the Green Salamander (Subgenus Castaneides) Species Complex. Frontiers in Conservation Science, 3, 890859. https://doi.org/10.3389/fcosc.2022.890859"
"OM111002 Aneides aeneus",35.1097,-86.0206,"NA","https://www.dnr.sc.gov/swap/grants/greensalamanderfinal.pdf","GS-0325","NA","Niemiller, M. L., Davis, M. A., Tan, M., Apodaca, J. J., Dooley, K. E., Cucalón, R. V., Benito, J. B., Niemiller, K. D., Hardman, R. H., Istvanko, D., & Thames, D. (2022). Mitochondrial DNA and Population Genomics Reveal Additional Cryptic Diversity in the Green Salamander (Subgenus Castaneides) Species Complex. Frontiers in Conservation Science, 3, 890859. https://doi.org/10.3389/fcosc.2022.890859"
"OM111001 Aneides aeneus",35.1097,-86.0206,"NA","https://www.dnr.sc.gov/swap/grants/greensalamanderfinal.pdf","GS-0317","NA","Niemiller, M. L., Davis, M. A., Tan, M., Apodaca, J. J., Dooley, K. E., Cucalón, R. V., Benito, J. B., Niemiller, K. D., Hardman, R. H., Istvanko, D., & Thames, D. (2022). Mitochondrial DNA and Population Genomics Reveal Additional Cryptic Diversity in the Green Salamander (Subgenus Castaneides) Species Complex. Frontiers in Conservation Science, 3, 890859. https://doi.org/10.3389/fcosc.2022.890859"
"OM111000 Aneides aeneus",35.0539,-86.1172,"NA","https://www.dnr.sc.gov/swap/grants/greensalamanderfinal.pdf","GS-0316","NA","Niemiller, M. L., Davis, M. A., Tan, M., Apodaca, J. J., Dooley, K. E., Cucalón, R. V., Benito, J. B., Niemiller, K. D., Hardman, R. H., Istvanko, D., & Thames, D. (2022). Mitochondrial DNA and Population Genomics Reveal Additional Cryptic Diversity in the Green Salamander (Subgenus Castaneides) Species Complex. Frontiers in Conservation Science, 3, 890859. https://doi.org/10.3389/fcosc.2022.890859"
"OM110999 Aneides aeneus",35.1097,-86.0206,"NA","https://www.dnr.sc.gov/swap/grants/greensalamanderfinal.pdf","GS-0315","NA","Niemiller, M. L., Davis, M. A., Tan, M., Apodaca, J. J., Dooley, K. E., Cucalón, R. V., Benito, J. B., Niemiller, K. D., Hardman, R. H., Istvanko, D., & Thames, D. (2022). Mitochondrial DNA and Population Genomics Reveal Additional Cryptic Diversity in the Green Salamander (Subgenus Castaneides) Species Complex. Frontiers in Conservation Science, 3, 890859. https://doi.org/10.3389/fcosc.2022.890859"
"OM110998 Aneides aeneus",35.1097,-86.0206,"NA","https://www.dnr.sc.gov/swap/grants/greensalamanderfinal.pdf","GS-0314","NA","Niemiller, M. L., Davis, M. A., Tan, M., Apodaca, J. J., Dooley, K. E., Cucalón, R. V., Benito, J. B., Niemiller, K. D., Hardman, R. H., Istvanko, D., & Thames, D. (2022). Mitochondrial DNA and Population Genomics Reveal Additional Cryptic Diversity in the Green Salamander (Subgenus Castaneides) Species Complex. Frontiers in Conservation Science, 3, 890859. https://doi.org/10.3389/fcosc.2022.890859"
"OM110997 Aneides aeneus",35.1097,-86.0206,"NA","https://www.dnr.sc.gov/swap/grants/greensalamanderfinal.pdf","GS-0313","NA","Niemiller, M. L., Davis, M. A., Tan, M., Apodaca, J. J., Dooley, K. E., Cucalón, R. V., Benito, J. B., Niemiller, K. D., Hardman, R. H., Istvanko, D., & Thames, D. (2022). Mitochondrial DNA and Population Genomics Reveal Additional Cryptic Diversity in the Green Salamander (Subgenus Castaneides) Species Complex. Frontiers in Conservation Science, 3, 890859. https://doi.org/10.3389/fcosc.2022.890859"
"OM110996 Aneides aeneus",35.1097,-86.0206,"NA","https://www.dnr.sc.gov/swap/grants/greensalamanderfinal.pdf","GS-0311","NA","Niemiller, M. L., Davis, M. A., Tan, M., Apodaca, J. J., Dooley, K. E., Cucalón, R. V., Benito, J. B., Niemiller, K. D., Hardman, R. H., Istvanko, D., & Thames, D. (2022). Mitochondrial DNA and Population Genomics Reveal Additional Cryptic Diversity in the Green Salamander (Subgenus Castaneides) Species Complex. Frontiers in Conservation Science, 3, 890859. https://doi.org/10.3389/fcosc.2022.890859"
"OM110995 Aneides aeneus",35.0539,-86.1172,"NA","https://www.dnr.sc.gov/swap/grants/greensalamanderfinal.pdf","GS-0308","NA","Niemiller, M. L., Davis, M. A., Tan, M., Apodaca, J. J., Dooley, K. E., Cucalón, R. V., Benito, J. B., Niemiller, K. D., Hardman, R. H., Istvanko, D., & Thames, D. (2022). Mitochondrial DNA and Population Genomics Reveal Additional Cryptic Diversity in the Green Salamander (Subgenus Castaneides) Species Complex. Frontiers in Conservation Science, 3, 890859. https://doi.org/10.3389/fcosc.2022.890859"
"OM110994 Aneides aeneus",35.0539,-86.1172,"NA","https://www.dnr.sc.gov/swap/grants/greensalamanderfinal.pdf","GS-0307","NA","Niemiller, M. L., Davis, M. A., Tan, M., Apodaca, J. J., Dooley, K. E., Cucalón, R. V., Benito, J. B., Niemiller, K. D., Hardman, R. H., Istvanko, D., & Thames, D. (2022). Mitochondrial DNA and Population Genomics Reveal Additional Cryptic Diversity in the Green Salamander (Subgenus Castaneides) Species Complex. Frontiers in Conservation Science, 3, 890859. https://doi.org/10.3389/fcosc.2022.890859"
"OM110993 Aneides aeneus",35.0539,-86.1172,"NA","https://www.dnr.sc.gov/swap/grants/greensalamanderfinal.pdf","GS-0305","NA","Niemiller, M. L., Davis, M. A., Tan, M., Apodaca, J. J., Dooley, K. E., Cucalón, R. V., Benito, J. B., Niemiller, K. D., Hardman, R. H., Istvanko, D., & Thames, D. (2022). Mitochondrial DNA and Population Genomics Reveal Additional Cryptic Diversity in the Green Salamander (Subgenus Castaneides) Species Complex. Frontiers in Conservation Science, 3, 890859. https://doi.org/10.3389/fcosc.2022.890859"
"OM110992 Aneides aeneus",35.0539,-86.1172,"NA","https://www.dnr.sc.gov/swap/grants/greensalamanderfinal.pdf","GS-0304","NA","Niemiller, M. L., Davis, M. A., Tan, M., Apodaca, J. J., Dooley, K. E., Cucalón, R. V., Benito, J. B., Niemiller, K. D., Hardman, R. H., Istvanko, D., & Thames, D. (2022). Mitochondrial DNA and Population Genomics Reveal Additional Cryptic Diversity in the Green Salamander (Subgenus Castaneides) Species Complex. Frontiers in Conservation Science, 3, 890859. https://doi.org/10.3389/fcosc.2022.890859"
"OM110978 Aneides aeneus",34.7086,-86.1811,"NA","https://www.dnr.sc.gov/swap/grants/greensalamanderfinal.pdf","GS-0212","NA","Niemiller, M. L., Davis, M. A., Tan, M., Apodaca, J. J., Dooley, K. E., Cucalón, R. V., Benito, J. B., Niemiller, K. D., Hardman, R. H., Istvanko, D., & Thames, D. (2022). Mitochondrial DNA and Population Genomics Reveal Additional Cryptic Diversity in the Green Salamander (Subgenus Castaneides) Species Complex. Frontiers in Conservation Science, 3, 890859. https://doi.org/10.3389/fcosc.2022.890859"
"OM110977 Aneides aeneus",34.641553,-86.061515,4189,"GeoLocate","GS-0102","NA","Niemiller, M. L., Davis, M. A., Tan, M., Apodaca, J. J., Dooley, K. E., Cucalón, R. V., Benito, J. B., Niemiller, K. D., Hardman, R. H., Istvanko, D., & Thames, D. (2022). Mitochondrial DNA and Population Genomics Reveal Additional Cryptic Diversity in the Green Salamander (Subgenus Castaneides) Species Complex. Frontiers in Conservation Science, 3, 890859. https://doi.org/10.3389/fcosc.2022.890859"
"OM110965 Aneides aeneus",35.1109,-86.0335,"NA","https://www.dnr.sc.gov/swap/grants/greensalamanderfinal.pdf","GS-0062","NA","Niemiller, M. L., Davis, M. A., Tan, M., Apodaca, J. J., Dooley, K. E., Cucalón, R. V., Benito, J. B., Niemiller, K. D., Hardman, R. H., Istvanko, D., & Thames, D. (2022). Mitochondrial DNA and Population Genomics Reveal Additional Cryptic Diversity in the Green Salamander (Subgenus Castaneides) Species Complex. Frontiers in Conservation Science, 3, 890859. https://doi.org/10.3389/fcosc.2022.890859"
"OM110964 Aneides aeneus",35.1109,-86.0335,"NA","https://www.dnr.sc.gov/swap/grants/greensalamanderfinal.pdf","GS-0061","NA","Niemiller, M. L., Davis, M. A., Tan, M., Apodaca, J. J., Dooley, K. E., Cucalón, R. V., Benito, J. B., Niemiller, K. D., Hardman, R. H., Istvanko, D., & Thames, D. (2022). Mitochondrial DNA and Population Genomics Reveal Additional Cryptic Diversity in the Green Salamander (Subgenus Castaneides) Species Complex. Frontiers in Conservation Science, 3, 890859. https://doi.org/10.3389/fcosc.2022.890859"
"OM110962 Aneides aeneus",35.1196,-85.9766,"NA","https://www.dnr.sc.gov/swap/grants/greensalamanderfinal.pdf","GS-0059","NA","Niemiller, M. L., Davis, M. A., Tan, M., Apodaca, J. J., Dooley, K. E., Cucalón, R. V., Benito, J. B., Niemiller, K. D., Hardman, R. H., Istvanko, D., & Thames, D. (2022). Mitochondrial DNA and Population Genomics Reveal Additional Cryptic Diversity in the Green Salamander (Subgenus Castaneides) Species Complex. Frontiers in Conservation Science, 3, 890859. https://doi.org/10.3389/fcosc.2022.890859"
"OM110961 Aneides aeneus",35.1196,-85.9766,"NA","https://www.dnr.sc.gov/swap/grants/greensalamanderfinal.pdf","GS-0058","NA","Niemiller, M. L., Davis, M. A., Tan, M., Apodaca, J. J., Dooley, K. E., Cucalón, R. V., Benito, J. B., Niemiller, K. D., Hardman, R. H., Istvanko, D., & Thames, D. (2022). Mitochondrial DNA and Population Genomics Reveal Additional Cryptic Diversity in the Green Salamander (Subgenus Castaneides) Species Complex. Frontiers in Conservation Science, 3, 890859. https://doi.org/10.3389/fcosc.2022.890859"
"OM110960 Aneides aeneus",35.1196,-85.9766,"NA","https://www.dnr.sc.gov/swap/grants/greensalamanderfinal.pdf","GS-0057","NA","Niemiller, M. L., Davis, M. A., Tan, M., Apodaca, J. J., Dooley, K. E., Cucalón, R. V., Benito, J. B., Niemiller, K. D., Hardman, R. H., Istvanko, D., & Thames, D. (2022). Mitochondrial DNA and Population Genomics Reveal Additional Cryptic Diversity in the Green Salamander (Subgenus Castaneides) Species Complex. Frontiers in Conservation Science, 3, 890859. https://doi.org/10.3389/fcosc.2022.890859"
"OM110959 Aneides aeneus",35.1196,-85.9766,"NA","https://www.dnr.sc.gov/swap/grants/greensalamanderfinal.pdf","GS-0056","NA","Niemiller, M. L., Davis, M. A., Tan, M., Apodaca, J. J., Dooley, K. E., Cucalón, R. V., Benito, J. B., Niemiller, K. D., Hardman, R. H., Istvanko, D., & Thames, D. (2022). Mitochondrial DNA and Population Genomics Reveal Additional Cryptic Diversity in the Green Salamander (Subgenus Castaneides) Species Complex. Frontiers in Conservation Science, 3, 890859. https://doi.org/10.3389/fcosc.2022.890859"
"OM110958 Aneides aeneus",35.1196,-85.9766,"NA","https://www.dnr.sc.gov/swap/grants/greensalamanderfinal.pdf","GS-0055","NA","Niemiller, M. L., Davis, M. A., Tan, M., Apodaca, J. J., Dooley, K. E., Cucalón, R. V., Benito, J. B., Niemiller, K. D., Hardman, R. H., Istvanko, D., & Thames, D. (2022). Mitochondrial DNA and Population Genomics Reveal Additional Cryptic Diversity in the Green Salamander (Subgenus Castaneides) Species Complex. Frontiers in Conservation Science, 3, 890859. https://doi.org/10.3389/fcosc.2022.890859"
"OM110957 Aneides aeneus",35.0423,-86.0166,"NA","https://www.dnr.sc.gov/swap/grants/greensalamanderfinal.pdf","GS-0052","NA","Niemiller, M. L., Davis, M. A., Tan, M., Apodaca, J. J., Dooley, K. E., Cucalón, R. V., Benito, J. B., Niemiller, K. D., Hardman, R. H., Istvanko, D., & Thames, D. (2022). Mitochondrial DNA and Population Genomics Reveal Additional Cryptic Diversity in the Green Salamander (Subgenus Castaneides) Species Complex. Frontiers in Conservation Science, 3, 890859. https://doi.org/10.3389/fcosc.2022.890859"
"OM110956 Aneides aeneus",35.0423,-86.0166,"NA","https://www.dnr.sc.gov/swap/grants/greensalamanderfinal.pdf","GS-0051","NA","Niemiller, M. L., Davis, M. A., Tan, M., Apodaca, J. J., Dooley, K. E., Cucalón, R. V., Benito, J. B., Niemiller, K. D., Hardman, R. H., Istvanko, D., & Thames, D. (2022). Mitochondrial DNA and Population Genomics Reveal Additional Cryptic Diversity in the Green Salamander (Subgenus Castaneides) Species Complex. Frontiers in Conservation Science, 3, 890859. https://doi.org/10.3389/fcosc.2022.890859"
"OM678497 Aneides aeneus",36.3167,-83.9667,9345,"GeoLocate","Aa41TN","No Locality, just County obtained in Sup. Mat. Of a different paper: https://www.frontiersin.org/articles/10.3389/fcosc.2022.890859/full","https://bioone.org/journals/copeia/volume-107/issue-4/CH-18-052/A-New-Green-Salamander-in-the-Southern-Appalachians--Evolutionary/10.1643/CH-18-052.full?tab=ArticleLink"
"OM678466 Aneides aeneus",33.715703,-86.314688,14434,"GeoLocate","Aa03AL","No Locality, just County obtained in Sup. Mat. Of a different paper: https://www.frontiersin.org/articles/10.3389/fcosc.2022.890859/full","https://bioone.org/journals/copeia/volume-107/issue-4/CH-18-052/A-New-Green-Salamander-in-the-Southern-Appalachians--Evolutionary/10.1643/CH-18-052.full?tab=ArticleLink"
"OM678494 Aneides aeneus",34.175956,-85.603794,18546,"GeoLocate","Aa38AL","No Locality, just County obtained in Sup. Mat. Of a different paper: https://www.frontiersin.org/articles/10.3389/fcosc.2022.890859/full","https://bioone.org/journals/copeia/volume-107/issue-4/CH-18-052/A-New-Green-Salamander-in-the-Southern-Appalachians--Evolutionary/10.1643/CH-18-052.full?tab=ArticleLink"
"OM678517 Aneides aeneus",35.129347,-85.622034,14718,"GeoLocate","Aa62TN","No Locality, just County obtained in Sup. Mat. Of a different paper: https://www.frontiersin.org/articles/10.3389/fcosc.2022.890859/full","https://bioone.org/journals/copeia/volume-107/issue-4/CH-18-052/A-New-Green-Salamander-in-the-Southern-Appalachians--Evolutionary/10.1643/CH-18-052.full?tab=ArticleLink"
"OM678509 Aneides aeneus",34.735659,-85.300985,9913,"GeoLocate","Aa54GA","No Locality, just County obtained in Sup. Mat. Of a different paper: https://www.frontiersin.org/articles/10.3389/fcosc.2022.890859/full","https://bioone.org/journals/copeia/volume-107/issue-4/CH-18-052/A-New-Green-Salamander-in-the-Southern-Appalachians--Evolutionary/10.1643/CH-18-052.full?tab=ArticleLink"
"OM678514 Aneides aeneus",35.59642,-85.205155,9519,"GeoLocate","Aa59TN","No Locality, just County obtained in Sup. Mat. Of a different paper: https://www.frontiersin.org/articles/10.3389/fcosc.2022.890859/full","https://bioone.org/journals/copeia/volume-107/issue-4/CH-18-052/A-New-Green-Salamander-in-the-Southern-Appalachians--Evolutionary/10.1643/CH-18-052.full?tab=ArticleLink"
"OM678476 Aneides aeneus",35.150474,-83.422185,15635,"GeoLocate","Aa15NC","No Locality, just County obtained in Sup. Mat. Of a different paper: https://www.frontiersin.org/articles/10.3389/fcosc.2022.890859/full","https://bioone.org/journals/copeia/volume-107/issue-4/CH-18-052/A-New-Green-Salamander-in-the-Southern-Appalachians--Evolutionary/10.1643/CH-18-052.full?tab=ArticleLink"
"OM678526 Aneides aeneus",34.887516,-82.725316,18510,"GeoLocate","Aa72SC","No Locality, just County obtained in Sup. Mat. Of a different paper: https://www.frontiersin.org/articles/10.3389/fcosc.2022.890859/full","https://bioone.org/journals/copeia/volume-107/issue-4/CH-18-052/A-New-Green-Salamander-in-the-Southern-Appalachians--Evolutionary/10.1643/CH-18-052.full?tab=ArticleLink"
"OM678500 Aneides aeneus",35.336275,-82.479939,13318,"GeoLocate","Aa44NC","No Locality, just County obtained in Sup. Mat. Of a different paper: https://www.frontiersin.org/articles/10.3389/fcosc.2022.890859/full","https://bioone.org/journals/copeia/volume-107/issue-4/CH-18-052/A-New-Green-Salamander-in-the-Southern-Appalachians--Evolutionary/10.1643/CH-18-052.full?tab=ArticleLink"
"OM678511 Aneides aeneus",34.881724,-83.402071,12784,"GeoLocate","Aa56GA","No Locality, just County obtained in Sup. Mat. Of a different paper: https://www.frontiersin.org/articles/10.3389/fcosc.2022.890859/full","https://bioone.org/journals/copeia/volume-107/issue-4/CH-18-052/A-New-Green-Salamander-in-the-Southern-Appalachians--Evolutionary/10.1643/CH-18-052.full?tab=ArticleLink"
"OM678510 Aneides aeneus",35.336275,-82.479939,13318,"GeoLocate","Aa55NC","No Locality, just County obtained in Sup. Mat. Of a different paper: https://www.frontiersin.org/articles/10.3389/fcosc.2022.890859/full","https://bioone.org/journals/copeia/volume-107/issue-4/CH-18-052/A-New-Green-Salamander-in-the-Southern-Appalachians--Evolutionary/10.1643/CH-18-052.full?tab=ArticleLink"
"OM678501 Aneides aeneus",35.336275,-82.479939,13318,"GeoLocate","Aa46NC","No Locality, just County obtained in Sup. Mat. Of a different paper: https://www.frontiersin.org/articles/10.3389/fcosc.2022.890859/full","https://bioone.org/journals/copeia/volume-107/issue-4/CH-18-052/A-New-Green-Salamander-in-the-Southern-Appalachians--Evolutionary/10.1643/CH-18-052.full?tab=ArticleLink"
"OM678479 Aneides aeneus",34.894307,-82.370718,15093,"GeoLocate","Aa18SC","No Locality, just County obtained in Sup. Mat. Of a different paper: https://www.frontiersin.org/articles/10.3389/fcosc.2022.890859/full","https://bioone.org/journals/copeia/volume-107/issue-4/CH-18-052/A-New-Green-Salamander-in-the-Southern-Appalachians--Evolutionary/10.1643/CH-18-052.full?tab=ArticleLink"
"OM678471 Aneides aeneus",35.202128,-82.798293,17663,"GeoLocate","Aa09NC","No Locality, just County obtained in Sup. Mat. Of a different paper: https://www.frontiersin.org/articles/10.3389/fcosc.2022.890859/full","https://bioone.org/journals/copeia/volume-107/issue-4/CH-18-052/A-New-Green-Salamander-in-the-Southern-Appalachians--Evolutionary/10.1643/CH-18-052.full?tab=ArticleLink"
"OM678470 Aneides aeneus",35.150474,-83.422185,15902,"GeoLocate","Aa08NC","No Locality, just County obtained in Sup. Mat. Of a different paper: https://www.frontiersin.org/articles/10.3389/fcosc.2022.890859/full","https://bioone.org/journals/copeia/volume-107/issue-4/CH-18-052/A-New-Green-Salamander-in-the-Southern-Appalachians--Evolutionary/10.1643/CH-18-052.full?tab=ArticleLink"
"OM678469 Aneides aeneus",35.150474,-83.422185,15902,"GeoLocate","Aa06NC","No Locality, just County obtained in Sup. Mat. Of a different paper: https://www.frontiersin.org/articles/10.3389/fcosc.2022.890859/full","https://bioone.org/journals/copeia/volume-107/issue-4/CH-18-052/A-New-Green-Salamander-in-the-Southern-Appalachians--Evolutionary/10.1643/CH-18-052.full?tab=ArticleLink"
"OM678468 Aneides aeneus",35.150474,-83.422185,15902,"GeoLocate","Aa05NC","No Locality, just County obtained in Sup. Mat. Of a different paper: https://www.frontiersin.org/articles/10.3389/fcosc.2022.890859/full","https://bioone.org/journals/copeia/volume-107/issue-4/CH-18-052/A-New-Green-Salamander-in-the-Southern-Appalachians--Evolutionary/10.1643/CH-18-052.full?tab=ArticleLink"
"OM678473 Aneides aeneus",35.150474,-83.422185,15902,"GeoLocate","Aa12NC","No Locality, just County obtained in Sup. Mat. Of a different paper: https://www.frontiersin.org/articles/10.3389/fcosc.2022.890859/full","https://bioone.org/journals/copeia/volume-107/issue-4/CH-18-052/A-New-Green-Salamander-in-the-Southern-Appalachians--Evolutionary/10.1643/CH-18-052.full?tab=ArticleLink"
"OM678475 Aneides aeneus",35.150474,-83.422185,15902,"GeoLocate","Aa14NC","No Locality, just County obtained in Sup. Mat. Of a different paper: https://www.frontiersin.org/articles/10.3389/fcosc.2022.890859/full","https://bioone.org/journals/copeia/volume-107/issue-4/CH-18-052/A-New-Green-Salamander-in-the-Southern-Appalachians--Evolutionary/10.1643/CH-18-052.full?tab=ArticleLink"
"OM678474 Aneides aeneus",35.287424,-83.140812,15955,"GeoLocate","Aa13NC","No Locality, just County obtained in Sup. Mat. Of a different paper: https://www.frontiersin.org/articles/10.3389/fcosc.2022.890859/full","https://bioone.org/journals/copeia/volume-107/issue-4/CH-18-052/A-New-Green-Salamander-in-the-Southern-Appalachians--Evolutionary/10.1643/CH-18-052.full?tab=ArticleLink"
"OM678513 Aneides aeneus",36.137242,-84.649204,12695,"GeoLocate","Aa58TN","No Locality, just County obtained in Sup. Mat. Of a different paper: https://www.frontiersin.org/articles/10.3389/fcosc.2022.890859/full","https://bioone.org/journals/copeia/volume-107/issue-4/CH-18-052/A-New-Green-Salamander-in-the-Southern-Appalachians--Evolutionary/10.1643/CH-18-052.full?tab=ArticleLink"
"OM678491 Aneides aeneus",36.137242,-84.649204,12695,"GeoLocate","Aa35TN","No Locality, just County obtained in Sup. Mat. Of a different paper: https://www.frontiersin.org/articles/10.3389/fcosc.2022.890859/full","https://bioone.org/journals/copeia/volume-107/issue-4/CH-18-052/A-New-Green-Salamander-in-the-Southern-Appalachians--Evolutionary/10.1643/CH-18-052.full?tab=ArticleLink"
"OM678506 Aneides aeneus",36.737142,-84.484174,13050,"GeoLocate","Aa51KY","No Locality, just County obtained in Sup. Mat. Of a different paper: https://www.frontiersin.org/articles/10.3389/fcosc.2022.890859/full","https://bioone.org/journals/copeia/volume-107/issue-4/CH-18-052/A-New-Green-Salamander-in-the-Southern-Appalachians--Evolutionary/10.1643/CH-18-052.full?tab=ArticleLink"
"OM678480 Aneides aeneus",36.403513,-84.149385,17622,"GeoLocate","Aa19TN","No Locality, just County obtained in Sup. Mat. Of a different paper: https://www.frontiersin.org/articles/10.3389/fcosc.2022.890859/full","https://bioone.org/journals/copeia/volume-107/issue-4/CH-18-052/A-New-Green-Salamander-in-the-Southern-Appalachians--Evolutionary/10.1643/CH-18-052.full?tab=ArticleLink"
"OM110928 Aneides aeneus",36.5529,-84.0686,"NA","https://www.dnr.sc.gov/swap/grants/greensalamanderfinal.pdf","GS-0005","NA","Niemiller, M. L., Davis, M. A., Tan, M., Apodaca, J. J., Dooley, K. E., Cucalón, R. V., Benito, J. B., Niemiller, K. D., Hardman, R. H., Istvanko, D., & Thames, D. (2022). Mitochondrial DNA and Population Genomics Reveal Additional Cryptic Diversity in the Green Salamander (Subgenus Castaneides) Species Complex. Frontiers in Conservation Science, 3, 890859. https://doi.org/10.3389/fcosc.2022.890859"
"OM110927 Aneides aeneus",36.5529,-84.0686,"NA","https://www.dnr.sc.gov/swap/grants/greensalamanderfinal.pdf","GS-0004","NA","Niemiller, M. L., Davis, M. A., Tan, M., Apodaca, J. J., Dooley, K. E., Cucalón, R. V., Benito, J. B., Niemiller, K. D., Hardman, R. H., Istvanko, D., & Thames, D. (2022). Mitochondrial DNA and Population Genomics Reveal Additional Cryptic Diversity in the Green Salamander (Subgenus Castaneides) Species Complex. Frontiers in Conservation Science, 3, 890859. https://doi.org/10.3389/fcosc.2022.890859"
"OM110926 Aneides aeneus",36.5529,-84.0686,"NA","https://www.dnr.sc.gov/swap/grants/greensalamanderfinal.pdf","GS-0003","NA","Niemiller, M. L., Davis, M. A., Tan, M., Apodaca, J. J., Dooley, K. E., Cucalón, R. V., Benito, J. B., Niemiller, K. D., Hardman, R. H., Istvanko, D., & Thames, D. (2022). Mitochondrial DNA and Population Genomics Reveal Additional Cryptic Diversity in the Green Salamander (Subgenus Castaneides) Species Complex. Frontiers in Conservation Science, 3, 890859. https://doi.org/10.3389/fcosc.2022.890859"
"OM110925 Aneides aeneus",36.5529,-84.0686,"NA","https://www.dnr.sc.gov/swap/grants/greensalamanderfinal.pdf","GS-0002","NA","Niemiller, M. L., Davis, M. A., Tan, M., Apodaca, J. J., Dooley, K. E., Cucalón, R. V., Benito, J. B., Niemiller, K. D., Hardman, R. H., Istvanko, D., & Thames, D. (2022). Mitochondrial DNA and Population Genomics Reveal Additional Cryptic Diversity in the Green Salamander (Subgenus Castaneides) Species Complex. Frontiers in Conservation Science, 3, 890859. https://doi.org/10.3389/fcosc.2022.890859"
"OM110924 Aneides aeneus",36.5529,-84.0686,"NA","https://www.dnr.sc.gov/swap/grants/greensalamanderfinal.pdf","GS-0001","NA","Niemiller, M. L., Davis, M. A., Tan, M., Apodaca, J. J., Dooley, K. E., Cucalón, R. V., Benito, J. B., Niemiller, K. D., Hardman, R. H., Istvanko, D., & Thames, D. (2022). Mitochondrial DNA and Population Genomics Reveal Additional Cryptic Diversity in the Green Salamander (Subgenus Castaneides) Species Complex. Frontiers in Conservation Science, 3, 890859. https://doi.org/10.3389/fcosc.2022.890859"
"OM110969 Aneides aeneus",35.7288,-85.3842,"NA","https://www.dnr.sc.gov/swap/grants/greensalamanderfinal.pdf","GS-0078","NA","Niemiller, M. L., Davis, M. A., Tan, M., Apodaca, J. J., Dooley, K. E., Cucalón, R. V., Benito, J. B., Niemiller, K. D., Hardman, R. H., Istvanko, D., & Thames, D. (2022). Mitochondrial DNA and Population Genomics Reveal Additional Cryptic Diversity in the Green Salamander (Subgenus Castaneides) Species Complex. Frontiers in Conservation Science, 3, 890859. https://doi.org/10.3389/fcosc.2022.890859"
"OM678490 Aneides aeneus",37.266634,-82.036033,14390,"GeoLocate","Aa34VA","No Locality, just County obtained in Sup. Mat. Of a different paper: https://www.frontiersin.org/articles/10.3389/fcosc.2022.890859/full","https://bioone.org/journals/copeia/volume-107/issue-4/CH-18-052/A-New-Green-Salamander-in-the-Southern-Appalachians--Evolutionary/10.1643/CH-18-052.full?tab=ArticleLink"
"OM678489 Aneides aeneus",37.726404,-82.134761,11937,"GeoLocate","Aa33WV","No Locality, just County obtained in Sup. Mat. Of a different paper: https://www.frontiersin.org/articles/10.3389/fcosc.2022.890859/full","https://bioone.org/journals/copeia/volume-107/issue-4/CH-18-052/A-New-Green-Salamander-in-the-Southern-Appalachians--Evolutionary/10.1643/CH-18-052.full?tab=ArticleLink"
"OM678488 Aneides aeneus",38.336575,-81.528118,16978,"GeoLocate","Aa32WV","No Locality, just County obtained in Sup. Mat. Of a different paper: https://www.frontiersin.org/articles/10.3389/fcosc.2022.890859/full","https://bioone.org/journals/copeia/volume-107/issue-4/CH-18-052/A-New-Green-Salamander-in-the-Southern-Appalachians--Evolutionary/10.1643/CH-18-052.full?tab=ArticleLink"
"OM678485 Aneides aeneus",39.466133,-80.138673,5011,"GeoLocate","Aa28WV","No Locality, just County obtained in Sup. Mat. Of a different paper: https://www.frontiersin.org/articles/10.3389/fcosc.2022.890859/full","https://bioone.org/journals/copeia/volume-107/issue-4/CH-18-052/A-New-Green-Salamander-in-the-Southern-Appalachians--Evolutionary/10.1643/CH-18-052.full?tab=ArticleLink"
"OM678483 Aneides aeneus",39.132934,-80.003029,18058,"GeoLocate","Aa24WV","No Locality, just County obtained in Sup. Mat. Of a different paper: https://www.frontiersin.org/articles/10.3389/fcosc.2022.890859/full","https://bioone.org/journals/copeia/volume-107/issue-4/CH-18-052/A-New-Green-Salamander-in-the-Southern-Appalachians--Evolutionary/10.1643/CH-18-052.full?tab=ArticleLink"
"OM678502 Aneides aeneus",36.705448,-83.128529,17459,"GeoLocate","Aa47KY","No Locality, just County obtained in Sup. Mat. Of a different paper: https://www.frontiersin.org/articles/10.3389/fcosc.2022.890859/full","https://bioone.org/journals/copeia/volume-107/issue-4/CH-18-052/A-New-Green-Salamander-in-the-Southern-Appalachians--Evolutionary/10.1643/CH-18-052.full?tab=ArticleLink"
"OM678487 Aneides aeneus",38.028778,-81.081192,17897,"GeoLocate","Aa30WV","No Locality, just County obtained in Sup. Mat. Of a different paper: https://www.frontiersin.org/articles/10.3389/fcosc.2022.890859/full","https://bioone.org/journals/copeia/volume-107/issue-4/CH-18-052/A-New-Green-Salamander-in-the-Southern-Appalachians--Evolutionary/10.1643/CH-18-052.full?tab=ArticleLink"
"OM678484 Aneides aeneus",38.291701,-80.799328,17021,"GeoLocate","Aa25WV","No Locality, just County obtained in Sup. Mat. Of a different paper: https://www.frontiersin.org/articles/10.3389/fcosc.2022.890859/full","https://bioone.org/journals/copeia/volume-107/issue-4/CH-18-052/A-New-Green-Salamander-in-the-Southern-Appalachians--Evolutionary/10.1643/CH-18-052.full?tab=ArticleLink"
"OM678507 Aneides aeneus",37.121192,-82.855282,11741,"GeoLocate","Aa52KY","No Locality, just County obtained in Sup. Mat. Of a different paper: https://www.frontiersin.org/articles/10.3389/fcosc.2022.890859/full","https://bioone.org/journals/copeia/volume-107/issue-4/CH-18-052/A-New-Green-Salamander-in-the-Southern-Appalachians--Evolutionary/10.1643/CH-18-052.full?tab=ArticleLink"
"OM678503 Aneides aeneus",36.730648,-83.671348,12857,"GeoLocate","Aa48KY","No Locality, just County obtained in Sup. Mat. Of a different paper: https://www.frontiersin.org/articles/10.3389/fcosc.2022.890859/full","https://bioone.org/journals/copeia/volume-107/issue-4/CH-18-052/A-New-Green-Salamander-in-the-Southern-Appalachians--Evolutionary/10.1643/CH-18-052.full?tab=ArticleLink"
"OM110966 Aneides aeneus",35.1109,-86.0335,"NA","https://www.dnr.sc.gov/swap/grants/greensalamanderfinal.pdf","GS-0063","NA","Niemiller, M. L., Davis, M. A., Tan, M., Apodaca, J. J., Dooley, K. E., Cucalón, R. V., Benito, J. B., Niemiller, K. D., Hardman, R. H., Istvanko, D., & Thames, D. (2022). Mitochondrial DNA and Population Genomics Reveal Additional Cryptic Diversity in the Green Salamander (Subgenus Castaneides) Species Complex. Frontiers in Conservation Science, 3, 890859. https://doi.org/10.3389/fcosc.2022.890859"
"OM111006 Aneides aeneus",36.5078,-82.6107,"NA","https://www.dnr.sc.gov/swap/grants/greensalamanderfinal.pdf","GS-0336","NA","Niemiller, M. L., Davis, M. A., Tan, M., Apodaca, J. J., Dooley, K. E., Cucalón, R. V., Benito, J. B., Niemiller, K. D., Hardman, R. H., Istvanko, D., & Thames, D. (2022). Mitochondrial DNA and Population Genomics Reveal Additional Cryptic Diversity in the Green Salamander (Subgenus Castaneides) Species Complex. Frontiers in Conservation Science, 3, 890859. https://doi.org/10.3389/fcosc.2022.890859"
"OM111021 Aneides aeneus",36.1386,-84.1522,"NA","https://www.dnr.sc.gov/swap/grants/greensalamanderfinal.pdf","MLN16-030-8","NA","Niemiller, M. L., Davis, M. A., Tan, M., Apodaca, J. J., Dooley, K. E., Cucalón, R. V., Benito, J. B., Niemiller, K. D., Hardman, R. H., Istvanko, D., & Thames, D. (2022). Mitochondrial DNA and Population Genomics Reveal Additional Cryptic Diversity in the Green Salamander (Subgenus Castaneides) Species Complex. Frontiers in Conservation Science, 3, 890859. https://doi.org/10.3389/fcosc.2022.890859"
"OM678499 Aneides aeneus",36.485855,-83.660416,11067,"GeoLocate","Aa43TN","No Locality, just County obtained in Sup. Mat. Of a different paper: https://www.frontiersin.org/articles/10.3389/fcosc.2022.890859/full","https://bioone.org/journals/copeia/volume-107/issue-4/CH-18-052/A-New-Green-Salamander-in-the-Southern-Appalachians--Evolutionary/10.1643/CH-18-052.full?tab=ArticleLink"
"OM678478 Aneides aeneus",41.5167,-78.0167,3105,"GeoLocate","Aa17PA","No Locality, just County obtained in Sup. Mat. Of a different paper: https://www.frontiersin.org/articles/10.3389/fcosc.2022.890859/full","https://bioone.org/journals/copeia/volume-107/issue-4/CH-18-052/A-New-Green-Salamander-in-the-Southern-Appalachians--Evolutionary/10.1643/CH-18-052.full?tab=ArticleLink"
"OM678477 Aneides aeneus",38.845515,-83.472152,16072,"NA","Aa16OH","No Locality, just County obtained in Sup. Mat. Of a different paper: https://www.frontiersin.org/articles/10.3389/fcosc.2022.890859/full","https://bioone.org/journals/copeia/volume-107/issue-4/CH-18-052/A-New-Green-Salamander-in-the-Southern-Appalachians--Evolutionary/10.1643/CH-18-052.full?tab=ArticleLink"
"OM678530 Aneides aeneus",35.154961,-86.092175,19401,"GeoLocate","Aa76TN","No Locality, just County obtained in Sup. Mat. Of a different paper: https://www.frontiersin.org/articles/10.3389/fcosc.2022.890859/full","https://bioone.org/journals/copeia/volume-107/issue-4/CH-18-052/A-New-Green-Salamander-in-the-Southern-Appalachians--Evolutionary/10.1643/CH-18-052.full?tab=ArticleLink"
"OM678508 Aneides aeneus",35.926348,-85.455177,11939,"GeoLocate","Aa53TN","No Locality, just County obtained in Sup. Mat. Of a different paper: https://www.frontiersin.org/articles/10.3389/fcosc.2022.890859/full","https://bioone.org/journals/copeia/volume-107/issue-4/CH-18-052/A-New-Green-Salamander-in-the-Southern-Appalachians--Evolutionary/10.1643/CH-18-052.full?tab=ArticleLink"
"OM110974 Aneides aeneus",35.8279,-85.2652,"NA","https://www.dnr.sc.gov/swap/grants/greensalamanderfinal.pdf","GS-0099","NA","Niemiller, M. L., Davis, M. A., Tan, M., Apodaca, J. J., Dooley, K. E., Cucalón, R. V., Benito, J. B., Niemiller, K. D., Hardman, R. H., Istvanko, D., & Thames, D. (2022). Mitochondrial DNA and Population Genomics Reveal Additional Cryptic Diversity in the Green Salamander (Subgenus Castaneides) Species Complex. Frontiers in Conservation Science, 3, 890859. https://doi.org/10.3389/fcosc.2022.890859"
"OM110973 Aneides aeneus",35.8279,-85.2652,"NA","https://www.dnr.sc.gov/swap/grants/greensalamanderfinal.pdf","GS-0091","NA","Niemiller, M. L., Davis, M. A., Tan, M., Apodaca, J. J., Dooley, K. E., Cucalón, R. V., Benito, J. B., Niemiller, K. D., Hardman, R. H., Istvanko, D., & Thames, D. (2022). Mitochondrial DNA and Population Genomics Reveal Additional Cryptic Diversity in the Green Salamander (Subgenus Castaneides) Species Complex. Frontiers in Conservation Science, 3, 890859. https://doi.org/10.3389/fcosc.2022.890859"
"OM110972 Aneides aeneus",35.8279,-85.2652,"NA","https://www.dnr.sc.gov/swap/grants/greensalamanderfinal.pdf","GS-0090","NA","Niemiller, M. L., Davis, M. A., Tan, M., Apodaca, J. J., Dooley, K. E., Cucalón, R. V., Benito, J. B., Niemiller, K. D., Hardman, R. H., Istvanko, D., & Thames, D. (2022). Mitochondrial DNA and Population Genomics Reveal Additional Cryptic Diversity in the Green Salamander (Subgenus Castaneides) Species Complex. Frontiers in Conservation Science, 3, 890859. https://doi.org/10.3389/fcosc.2022.890859"
"OM110971 Aneides aeneus",35.8279,-85.2652,"NA","https://www.dnr.sc.gov/swap/grants/greensalamanderfinal.pdf","GS-0086","NA","Niemiller, M. L., Davis, M. A., Tan, M., Apodaca, J. J., Dooley, K. E., Cucalón, R. V., Benito, J. B., Niemiller, K. D., Hardman, R. H., Istvanko, D., & Thames, D. (2022). Mitochondrial DNA and Population Genomics Reveal Additional Cryptic Diversity in the Green Salamander (Subgenus Castaneides) Species Complex. Frontiers in Conservation Science, 3, 890859. https://doi.org/10.3389/fcosc.2022.890859"
"OM110970 Aneides aeneus",35.8279,-85.2652,"NA","https://www.dnr.sc.gov/swap/grants/greensalamanderfinal.pdf","GS-0080","NA","Niemiller, M. L., Davis, M. A., Tan, M., Apodaca, J. J., Dooley, K. E., Cucalón, R. V., Benito, J. B., Niemiller, K. D., Hardman, R. H., Istvanko, D., & Thames, D. (2022). Mitochondrial DNA and Population Genomics Reveal Additional Cryptic Diversity in the Green Salamander (Subgenus Castaneides) Species Complex. Frontiers in Conservation Science, 3, 890859. https://doi.org/10.3389/fcosc.2022.890859"
"OM110968 Aneides aeneus",35.8279,-85.2652,"NA","https://www.dnr.sc.gov/swap/grants/greensalamanderfinal.pdf","GS-0077","NA","Niemiller, M. L., Davis, M. A., Tan, M., Apodaca, J. J., Dooley, K. E., Cucalón, R. V., Benito, J. B., Niemiller, K. D., Hardman, R. H., Istvanko, D., & Thames, D. (2022). Mitochondrial DNA and Population Genomics Reveal Additional Cryptic Diversity in the Green Salamander (Subgenus Castaneides) Species Complex. Frontiers in Conservation Science, 3, 890859. https://doi.org/10.3389/fcosc.2022.890859"
"OM110975 Aneides aeneus",35.8279,-85.2652,"NA","https://www.dnr.sc.gov/swap/grants/greensalamanderfinal.pdf","GS-0100","NA","Niemiller, M. L., Davis, M. A., Tan, M., Apodaca, J. J., Dooley, K. E., Cucalón, R. V., Benito, J. B., Niemiller, K. D., Hardman, R. H., Istvanko, D., & Thames, D. (2022). Mitochondrial DNA and Population Genomics Reveal Additional Cryptic Diversity in the Green Salamander (Subgenus Castaneides) Species Complex. Frontiers in Conservation Science, 3, 890859. https://doi.org/10.3389/fcosc.2022.890859"
"OM110979 Aneides aeneus",35.8144,-85.6406,"NA","https://www.dnr.sc.gov/swap/grants/greensalamanderfinal.pdf","GS-0220","NA","Niemiller, M. L., Davis, M. A., Tan, M., Apodaca, J. J., Dooley, K. E., Cucalón, R. V., Benito, J. B., Niemiller, K. D., Hardman, R. H., Istvanko, D., & Thames, D. (2022). Mitochondrial DNA and Population Genomics Reveal Additional Cryptic Diversity in the Green Salamander (Subgenus Castaneides) Species Complex. Frontiers in Conservation Science, 3, 890859. https://doi.org/10.3389/fcosc.2022.890859"
"OM678536 Aneides aeneus",35.608711,-84.924396,13290,"GeoLocate","Aa82TN","No Locality, just County obtained in Sup. Mat. Of a different paper: https://www.frontiersin.org/articles/10.3389/fcosc.2022.890859/full","https://bioone.org/journals/copeia/volume-107/issue-4/CH-18-052/A-New-Green-Salamander-in-the-Southern-Appalachians--Evolutionary/10.1643/CH-18-052.full?tab=ArticleLink"
"OM678512 Aneides aeneus",36.135024,-84.649204,13494,"GeoLocate","Aa57TN","No Locality, just County obtained in Sup. Mat. Of a different paper: https://www.frontiersin.org/articles/10.3389/fcosc.2022.890859/full","https://bioone.org/journals/copeia/volume-107/issue-4/CH-18-052/A-New-Green-Salamander-in-the-Southern-Appalachians--Evolutionary/10.1643/CH-18-052.full?tab=ArticleLink"
"OM110950 Aneides aeneus",35.88,-84.8102,"NA","https://www.dnr.sc.gov/swap/grants/greensalamanderfinal.pdf","GS-0029","NA","Niemiller, M. L., Davis, M. A., Tan, M., Apodaca, J. J., Dooley, K. E., Cucalón, R. V., Benito, J. B., Niemiller, K. D., Hardman, R. H., Istvanko, D., & Thames, D. (2022). Mitochondrial DNA and Population Genomics Reveal Additional Cryptic Diversity in the Green Salamander (Subgenus Castaneides) Species Complex. Frontiers in Conservation Science, 3, 890859. https://doi.org/10.3389/fcosc.2022.890859"
"OM110949 Aneides aeneus",35.88,-84.8102,"NA","https://www.dnr.sc.gov/swap/grants/greensalamanderfinal.pdf","GS-0028","NA","Niemiller, M. L., Davis, M. A., Tan, M., Apodaca, J. J., Dooley, K. E., Cucalón, R. V., Benito, J. B., Niemiller, K. D., Hardman, R. H., Istvanko, D., & Thames, D. (2022). Mitochondrial DNA and Population Genomics Reveal Additional Cryptic Diversity in the Green Salamander (Subgenus Castaneides) Species Complex. Frontiers in Conservation Science, 3, 890859. https://doi.org/10.3389/fcosc.2022.890859"
"OM110948 Aneides aeneus",35.88,-84.8102,"NA","https://www.dnr.sc.gov/swap/grants/greensalamanderfinal.pdf","GS-0027","NA","Niemiller, M. L., Davis, M. A., Tan, M., Apodaca, J. J., Dooley, K. E., Cucalón, R. V., Benito, J. B., Niemiller, K. D., Hardman, R. H., Istvanko, D., & Thames, D. (2022). Mitochondrial DNA and Population Genomics Reveal Additional Cryptic Diversity in the Green Salamander (Subgenus Castaneides) Species Complex. Frontiers in Conservation Science, 3, 890859. https://doi.org/10.3389/fcosc.2022.890859"
"OM110947 Aneides aeneus",35.88,-84.8102,"NA","https://www.dnr.sc.gov/swap/grants/greensalamanderfinal.pdf","GS-0025","NA","Niemiller, M. L., Davis, M. A., Tan, M., Apodaca, J. J., Dooley, K. E., Cucalón, R. V., Benito, J. B., Niemiller, K. D., Hardman, R. H., Istvanko, D., & Thames, D. (2022). Mitochondrial DNA and Population Genomics Reveal Additional Cryptic Diversity in the Green Salamander (Subgenus Castaneides) Species Complex. Frontiers in Conservation Science, 3, 890859. https://doi.org/10.3389/fcosc.2022.890859"
"OM110946 Aneides aeneus",35.88,-84.8102,"NA","https://www.dnr.sc.gov/swap/grants/greensalamanderfinal.pdf","GS-0023","NA","Niemiller, M. L., Davis, M. A., Tan, M., Apodaca, J. J., Dooley, K. E., Cucalón, R. V., Benito, J. B., Niemiller, K. D., Hardman, R. H., Istvanko, D., & Thames, D. (2022). Mitochondrial DNA and Population Genomics Reveal Additional Cryptic Diversity in the Green Salamander (Subgenus Castaneides) Species Complex. Frontiers in Conservation Science, 3, 890859. https://doi.org/10.3389/fcosc.2022.890859"
"OM110945 Aneides aeneus",35.88,-84.8102,"NA","https://www.dnr.sc.gov/swap/grants/greensalamanderfinal.pdf","GS-0022","NA","Niemiller, M. L., Davis, M. A., Tan, M., Apodaca, J. J., Dooley, K. E., Cucalón, R. V., Benito, J. B., Niemiller, K. D., Hardman, R. H., Istvanko, D., & Thames, D. (2022). Mitochondrial DNA and Population Genomics Reveal Additional Cryptic Diversity in the Green Salamander (Subgenus Castaneides) Species Complex. Frontiers in Conservation Science, 3, 890859. https://doi.org/10.3389/fcosc.2022.890859"
"OM110944 Aneides aeneus",35.88,-84.8102,"NA","https://www.dnr.sc.gov/swap/grants/greensalamanderfinal.pdf","GS-0021","NA","Niemiller, M. L., Davis, M. A., Tan, M., Apodaca, J. J., Dooley, K. E., Cucalón, R. V., Benito, J. B., Niemiller, K. D., Hardman, R. H., Istvanko, D., & Thames, D. (2022). Mitochondrial DNA and Population Genomics Reveal Additional Cryptic Diversity in the Green Salamander (Subgenus Castaneides) Species Complex. Frontiers in Conservation Science, 3, 890859. https://doi.org/10.3389/fcosc.2022.890859"
"OM110943 Aneides aeneus",35.88,-84.8102,"NA","https://www.dnr.sc.gov/swap/grants/greensalamanderfinal.pdf","GS-0020","NA","Niemiller, M. L., Davis, M. A., Tan, M., Apodaca, J. J., Dooley, K. E., Cucalón, R. V., Benito, J. B., Niemiller, K. D., Hardman, R. H., Istvanko, D., & Thames, D. (2022). Mitochondrial DNA and Population Genomics Reveal Additional Cryptic Diversity in the Green Salamander (Subgenus Castaneides) Species Complex. Frontiers in Conservation Science, 3, 890859. https://doi.org/10.3389/fcosc.2022.890859"
"OM110941 Aneides aeneus",35.88,-84.8102,"NA","https://www.dnr.sc.gov/swap/grants/greensalamanderfinal.pdf","GS-0018","NA","Niemiller, M. L., Davis, M. A., Tan, M., Apodaca, J. J., Dooley, K. E., Cucalón, R. V., Benito, J. B., Niemiller, K. D., Hardman, R. H., Istvanko, D., & Thames, D. (2022). Mitochondrial DNA and Population Genomics Reveal Additional Cryptic Diversity in the Green Salamander (Subgenus Castaneides) Species Complex. Frontiers in Conservation Science, 3, 890859. https://doi.org/10.3389/fcosc.2022.890859"
"OM110940 Aneides aeneus",35.88,-84.8102,"NA","https://www.dnr.sc.gov/swap/grants/greensalamanderfinal.pdf","GS-0017","NA","Niemiller, M. L., Davis, M. A., Tan, M., Apodaca, J. J., Dooley, K. E., Cucalón, R. V., Benito, J. B., Niemiller, K. D., Hardman, R. H., Istvanko, D., & Thames, D. (2022). Mitochondrial DNA and Population Genomics Reveal Additional Cryptic Diversity in the Green Salamander (Subgenus Castaneides) Species Complex. Frontiers in Conservation Science, 3, 890859. https://doi.org/10.3389/fcosc.2022.890859"
"OM110939 Aneides aeneus",35.88,-84.8102,"NA","https://www.dnr.sc.gov/swap/grants/greensalamanderfinal.pdf","GS-0016","NA","Niemiller, M. L., Davis, M. A., Tan, M., Apodaca, J. J., Dooley, K. E., Cucalón, R. V., Benito, J. B., Niemiller, K. D., Hardman, R. H., Istvanko, D., & Thames, D. (2022). Mitochondrial DNA and Population Genomics Reveal Additional Cryptic Diversity in the Green Salamander (Subgenus Castaneides) Species Complex. Frontiers in Conservation Science, 3, 890859. https://doi.org/10.3389/fcosc.2022.890859"
"OM110942 Aneides aeneus",35.88,-84.8102,"NA","https://www.dnr.sc.gov/swap/grants/greensalamanderfinal.pdf","GS-0019","NA","Niemiller, M. L., Davis, M. A., Tan, M., Apodaca, J. J., Dooley, K. E., Cucalón, R. V., Benito, J. B., Niemiller, K. D., Hardman, R. H., Istvanko, D., & Thames, D. (2022). Mitochondrial DNA and Population Genomics Reveal Additional Cryptic Diversity in the Green Salamander (Subgenus Castaneides) Species Complex. Frontiers in Conservation Science, 3, 890859. https://doi.org/10.3389/fcosc.2022.890859"
"OM678482 Aneides aeneus",36.558409,-85.07499,16620,"GeoLocate","Aa23TN","No Locality, just County obtained in Sup. Mat. Of a different paper: https://www.frontiersin.org/articles/10.3389/fcosc.2022.890859/full","https://bioone.org/journals/copeia/volume-107/issue-4/CH-18-052/A-New-Green-Salamander-in-the-Southern-Appalachians--Evolutionary/10.1643/CH-18-052.full?tab=ArticleLink"
"OM678531 Aneides aeneus",35.180855,-85.16479,14448,"GeoLocate","Aa77TN","No Locality, just County obtained in Sup. Mat. Of a different paper: https://www.frontiersin.org/articles/10.3389/fcosc.2022.890859/full","https://bioone.org/journals/copeia/volume-107/issue-4/CH-18-052/A-New-Green-Salamander-in-the-Southern-Appalachians--Evolutionary/10.1643/CH-18-052.full?tab=ArticleLink"
"OM678505 Aneides aeneus",36.135024,-84.649204,12843,"GeoLocate","Aa50TN","No Locality, just County obtained in Sup. Mat. Of a different paper: https://www.frontiersin.org/articles/10.3389/fcosc.2022.890859/full","https://bioone.org/journals/copeia/volume-107/issue-4/CH-18-052/A-New-Green-Salamander-in-the-Southern-Appalachians--Evolutionary/10.1643/CH-18-052.full?tab=ArticleLink"
"OM110980 Aneides aeneus",36.063651,-84.858428,3580,"GeoLocate","GS-0223","NA","Niemiller, M. L., Davis, M. A., Tan, M., Apodaca, J. J., Dooley, K. E., Cucalón, R. V., Benito, J. B., Niemiller, K. D., Hardman, R. H., Istvanko, D., & Thames, D. (2022). Mitochondrial DNA and Population Genomics Reveal Additional Cryptic Diversity in the Green Salamander (Subgenus Castaneides) Species Complex. Frontiers in Conservation Science, 3, 890859. https://doi.org/10.3389/fcosc.2022.890859"
"OM110981 Aneides aeneus",36.063651,-84.858428,3580,"GeoLocate","GS-0243","NA","Niemiller, M. L., Davis, M. A., Tan, M., Apodaca, J. J., Dooley, K. E., Cucalón, R. V., Benito, J. B., Niemiller, K. D., Hardman, R. H., Istvanko, D., & Thames, D. (2022). Mitochondrial DNA and Population Genomics Reveal Additional Cryptic Diversity in the Green Salamander (Subgenus Castaneides) Species Complex. Frontiers in Conservation Science, 3, 890859. https://doi.org/10.3389/fcosc.2022.890859"
"OM110983 Aneides aeneus",36.063651,-84.858428,3580,"GeoLocate","GS-0254","NA","Niemiller, M. L., Davis, M. A., Tan, M., Apodaca, J. J., Dooley, K. E., Cucalón, R. V., Benito, J. B., Niemiller, K. D., Hardman, R. H., Istvanko, D., & Thames, D. (2022). Mitochondrial DNA and Population Genomics Reveal Additional Cryptic Diversity in the Green Salamander (Subgenus Castaneides) Species Complex. Frontiers in Conservation Science, 3, 890859. https://doi.org/10.3389/fcosc.2022.890859"
"OM110984 Aneides aeneus",36.063651,-84.858428,3580,"GeoLocate","GS-0258","NA","Niemiller, M. L., Davis, M. A., Tan, M., Apodaca, J. J., Dooley, K. E., Cucalón, R. V., Benito, J. B., Niemiller, K. D., Hardman, R. H., Istvanko, D., & Thames, D. (2022). Mitochondrial DNA and Population Genomics Reveal Additional Cryptic Diversity in the Green Salamander (Subgenus Castaneides) Species Complex. Frontiers in Conservation Science, 3, 890859. https://doi.org/10.3389/fcosc.2022.890859"
"OM111011 Aneides aeneus",35.8612,-85.9716,"NA","https://www.dnr.sc.gov/swap/grants/greensalamanderfinal.pdf","GS-0354","NA","Niemiller, M. L., Davis, M. A., Tan, M., Apodaca, J. J., Dooley, K. E., Cucalón, R. V., Benito, J. B., Niemiller, K. D., Hardman, R. H., Istvanko, D., & Thames, D. (2022). Mitochondrial DNA and Population Genomics Reveal Additional Cryptic Diversity in the Green Salamander (Subgenus Castaneides) Species Complex. Frontiers in Conservation Science, 3, 890859. https://doi.org/10.3389/fcosc.2022.890859"
"OM111012 Aneides aeneus",35.8612,-85.9716,"NA","https://www.dnr.sc.gov/swap/grants/greensalamanderfinal.pdf","GS-0355","NA","Niemiller, M. L., Davis, M. A., Tan, M., Apodaca, J. J., Dooley, K. E., Cucalón, R. V., Benito, J. B., Niemiller, K. D., Hardman, R. H., Istvanko, D., & Thames, D. (2022). Mitochondrial DNA and Population Genomics Reveal Additional Cryptic Diversity in the Green Salamander (Subgenus Castaneides) Species Complex. Frontiers in Conservation Science, 3, 890859. https://doi.org/10.3389/fcosc.2022.890859"
"OM111013 Aneides aeneus",35.8612,-85.9716,"NA","https://www.dnr.sc.gov/swap/grants/greensalamanderfinal.pdf","GS-0358","NA","Niemiller, M. L., Davis, M. A., Tan, M., Apodaca, J. J., Dooley, K. E., Cucalón, R. V., Benito, J. B., Niemiller, K. D., Hardman, R. H., Istvanko, D., & Thames, D. (2022). Mitochondrial DNA and Population Genomics Reveal Additional Cryptic Diversity in the Green Salamander (Subgenus Castaneides) Species Complex. Frontiers in Conservation Science, 3, 890859. https://doi.org/10.3389/fcosc.2022.890859"
"OM111014 Aneides aeneus",35.8612,-85.9716,"NA","https://www.dnr.sc.gov/swap/grants/greensalamanderfinal.pdf","GS-0362","NA","Niemiller, M. L., Davis, M. A., Tan, M., Apodaca, J. J., Dooley, K. E., Cucalón, R. V., Benito, J. B., Niemiller, K. D., Hardman, R. H., Istvanko, D., & Thames, D. (2022). Mitochondrial DNA and Population Genomics Reveal Additional Cryptic Diversity in the Green Salamander (Subgenus Castaneides) Species Complex. Frontiers in Conservation Science, 3, 890859. https://doi.org/10.3389/fcosc.2022.890859"
"OM111015 Aneides aeneus",35.8612,-85.9716,"NA","https://www.dnr.sc.gov/swap/grants/greensalamanderfinal.pdf","GS-0368","NA","Niemiller, M. L., Davis, M. A., Tan, M., Apodaca, J. J., Dooley, K. E., Cucalón, R. V., Benito, J. B., Niemiller, K. D., Hardman, R. H., Istvanko, D., & Thames, D. (2022). Mitochondrial DNA and Population Genomics Reveal Additional Cryptic Diversity in the Green Salamander (Subgenus Castaneides) Species Complex. Frontiers in Conservation Science, 3, 890859. https://doi.org/10.3389/fcosc.2022.890859"
"OM111016 Aneides aeneus",35.8612,-85.9716,"NA","https://www.dnr.sc.gov/swap/grants/greensalamanderfinal.pdf","GS-0371","NA","Niemiller, M. L., Davis, M. A., Tan, M., Apodaca, J. J., Dooley, K. E., Cucalón, R. V., Benito, J. B., Niemiller, K. D., Hardman, R. H., Istvanko, D., & Thames, D. (2022). Mitochondrial DNA and Population Genomics Reveal Additional Cryptic Diversity in the Green Salamander (Subgenus Castaneides) Species Complex. Frontiers in Conservation Science, 3, 890859. https://doi.org/10.3389/fcosc.2022.890859"
"OM111017 Aneides aeneus",35.8612,-85.9716,"NA","https://www.dnr.sc.gov/swap/grants/greensalamanderfinal.pdf","GS-0377","NA","Niemiller, M. L., Davis, M. A., Tan, M., Apodaca, J. J., Dooley, K. E., Cucalón, R. V., Benito, J. B., Niemiller, K. D., Hardman, R. H., Istvanko, D., & Thames, D. (2022). Mitochondrial DNA and Population Genomics Reveal Additional Cryptic Diversity in the Green Salamander (Subgenus Castaneides) Species Complex. Frontiers in Conservation Science, 3, 890859. https://doi.org/10.3389/fcosc.2022.890859"
"OM111018 Aneides aeneus",35.8612,-85.9716,"NA","https://www.dnr.sc.gov/swap/grants/greensalamanderfinal.pdf","GS-0379","NA","Niemiller, M. L., Davis, M. A., Tan, M., Apodaca, J. J., Dooley, K. E., Cucalón, R. V., Benito, J. B., Niemiller, K. D., Hardman, R. H., Istvanko, D., & Thames, D. (2022). Mitochondrial DNA and Population Genomics Reveal Additional Cryptic Diversity in the Green Salamander (Subgenus Castaneides) Species Complex. Frontiers in Conservation Science, 3, 890859. https://doi.org/10.3389/fcosc.2022.890859"
"OM111019 Aneides aeneus",35.8612,-85.9716,"NA","https://www.dnr.sc.gov/swap/grants/greensalamanderfinal.pdf","GS-0394","NA","Niemiller, M. L., Davis, M. A., Tan, M., Apodaca, J. J., Dooley, K. E., Cucalón, R. V., Benito, J. B., Niemiller, K. D., Hardman, R. H., Istvanko, D., & Thames, D. (2022). Mitochondrial DNA and Population Genomics Reveal Additional Cryptic Diversity in the Green Salamander (Subgenus Castaneides) Species Complex. Frontiers in Conservation Science, 3, 890859. https://doi.org/10.3389/fcosc.2022.890859"
"OM678518 Aneides aeneus",36.135024,-84.649204,14032,"GeoLocate","Aa63TN","No Locality, just County obtained in Sup. Mat. Of a different paper: https://www.frontiersin.org/articles/10.3389/fcosc.2022.890859/full","https://bioone.org/journals/copeia/volume-107/issue-4/CH-18-052/A-New-Green-Salamander-in-the-Southern-Appalachians--Evolutionary/10.1643/CH-18-052.full?tab=ArticleLink"
"OM678504 Aneides aeneus",36.403513,-84.149385,15375,"GeoLocate","Aa49TN","No Locality, just County obtained in Sup. Mat. Of a different paper: https://www.frontiersin.org/articles/10.3389/fcosc.2022.890859/full","https://bioone.org/journals/copeia/volume-107/issue-4/CH-18-052/A-New-Green-Salamander-in-the-Southern-Appalachians--Evolutionary/10.1643/CH-18-052.full?tab=ArticleLink"
"OM110967 Aneides aeneus",36.380493,-84.932459,13062,"GeoLocate","GS-0076","Private property","Niemiller, M. L., Davis, M. A., Tan, M., Apodaca, J. J., Dooley, K. E., Cucalón, R. V., Benito, J. B., Niemiller, K. D., Hardman, R. H., Istvanko, D., & Thames, D. (2022). Mitochondrial DNA and Population Genomics Reveal Additional Cryptic Diversity in the Green Salamander (Subgenus Castaneides) Species Complex. Frontiers in Conservation Science, 3, 890859. https://doi.org/10.3389/fcosc.2022.890859"
"OM110982 Aneides aeneus",36.063651,-84.858428,3580,"GeoLocate","GS-0249","NA","Niemiller, M. L., Davis, M. A., Tan, M., Apodaca, J. J., Dooley, K. E., Cucalón, R. V., Benito, J. B., Niemiller, K. D., Hardman, R. H., Istvanko, D., & Thames, D. (2022). Mitochondrial DNA and Population Genomics Reveal Additional Cryptic Diversity in the Green Salamander (Subgenus Castaneides) Species Complex. Frontiers in Conservation Science, 3, 890859. https://doi.org/10.3389/fcosc.2022.890859"
"OM678532 Aneides aeneus",36.344998,-85.288081,15329,"GeoLocate","Aa78TN","No Locality, just County obtained in Sup. Mat. Of a different paper: https://www.frontiersin.org/articles/10.3389/fcosc.2022.890859/full","https://bioone.org/journals/copeia/volume-107/issue-4/CH-18-052/A-New-Green-Salamander-in-the-Southern-Appalachians--Evolutionary/10.1643/CH-18-052.full?tab=ArticleLink"
"OM678535 Aneides aeneus",35.695981,-85.452614,12200,"GeoLocate","Aa81TN","No Locality, just County obtained in Sup. Mat. Of a different paper: https://www.frontiersin.org/articles/10.3389/fcosc.2022.890859/full","https://bioone.org/journals/copeia/volume-107/issue-4/CH-18-052/A-New-Green-Salamander-in-the-Southern-Appalachians--Evolutionary/10.1643/CH-18-052.full?tab=ArticleLink"
