"value","Lat","Lon","Method","Error_km","Museum_Field_Number","Notes","Reference"
"MH908151.3 Aneides hardii",32.7577,-105.7644,"Article,googleearth,GPScoords",1,"NA","Russia Canyon, hap 13","NA"
"MH908156.2 Aneides hardii",32.675833,-105.7408,"Article,googleearth,GPScoords",1,"NA","Obervatory, hap 18","https://doi.org/10.1007/s10592-019-01155-7"
"MH908145.2 Aneides hardii",33.3969,-105.7889,"Article,googleearth,GPScoords",1,"NA","Ski Apache, hap 6","https://doi.org/10.1007/s10592-019-01155-7"
"MH908142.2 Aneides hardii",32.7577,-105.7644,"Article,googleearth,GPScoords",1,"NA","Russia Canyon, hap 3","https://doi.org/10.1007/s10592-019-01155-7"
"MH908151.2 Aneides hardii",32.6277,-105.6919,"Article,googleearth,GPScoords",1,"NA","Timberon, hap 13",
"MH908157.2 Aneides hardii",32.7577,-105.7644,"Article,googleearth,GPScoords",1,"NA","Russia Canyon, hap 19","NA"
"MH908150 Aneides hardii",33.3969,-105.7886,"Article,googleearth,GPScoords",1,"NA","Ski Apache, hap 11","https://doi.org/10.1007/s10592-019-01155-7"
"MH908155 Aneides hardii",33.3969,-105.7886,"Article,googleearth,GPScoords",1,"NA","Ski Apache, hap 17","https://doi.org/10.1007/s10592-019-01155-7"
"MH908144 Aneides hardii",33.466,-105.7925,"Article,googleearth,GPScoords",1,"NA","Big Bear, hap 5","https://doi.org/10.1007/s10592-019-01155-7"
"MH908145.1 Aneides hardii",33.466,-105.7925,"Article,googleearth,GPScoords",1,"NA","Big Bear, hap 6","https://doi.org/10.1007/s10592-019-01155-7"
"MH908156.1 Aneides hardii",32.6897,-105.73027,"Article,googleearth,GPScoords",1,"NA","Rio Penasco, hap 18 ","https://doi.org/10.1007/s10592-019-01155-7"
"MH908140 Aneides hardii",32.6897,-105.73027,"Article,googleearth,GPScoords",1,"NA","Rio Penasco, hap 1 ","https://doi.org/10.1007/s10592-019-01155-7"
"MH908142.1 Aneides hardii",32.675833,-105.73027,"Article,googleearth,GPScoords",1,"NA","Observatory, hap 3","https://doi.org/10.1007/s10592-019-01155-7"
"MH908151.1 Aneides hardii",32.675833,-105.73027,"Article,googleearth,GPScoords",1,"NA","Observatory, hap 13",
"MH908160 Aneides hardii",32.7577,-105.7644,"Article,googleearth,GPScoords",1,"NA","Russia Canyon, hap 22","NA"
"MH908159 Aneides hardii",32.7577,-105.7644,"Article,googleearth,GPScoords",1,"NA","Russia Canyon, hap 21","NA"
"MH908158 Aneides hardii",32.675833,-105.73027,"Article,googleearth,GPScoords",1,"NA","Observatory, hap 20","NA"
"MH908141 Aneides hardii",32.6897,-105.73027,"Article,googleearth,GPScoords",1,"NA","Rio Penasco, hap 2","NA"
"MH908157.1 Aneides hardii",32.6897,-105.73027,"Article,googleearth,GPScoords",1,"NA","Rio Penasco, hap 19",
"MH908146 Aneides hardii",32.6277,-105.6919,"Article,googleearth,GPScoords",1,"NA","Timberon, hap 7","NA"
"MH908153 Aneides hardii",32.6277,-105.6919,"Article,googleearth,GPScoords",1,"NA","Timberon, hap 15","NA"
"MH908154 Aneides hardii",32.6277,-105.6919,"Article,googleearth,GPScoords",1,"NA","Timberon, hap 16","NA"
"MH908152 Aneides hardii",32.6277,-105.6919,"Article,googleearth,GPScoords",1,"NA","Timberon, hap 14","NA"
"MH908147 Aneides hardii",33.6322,-105.485,"Article,googleearth,GPScoords",0.5,"NA","West Mountain, hap 8","NA"
"MH908149 Aneides hardii",33.5866,-105.28638,"Article,googleearth,GPScoords",0.5,"NA","East Mountain, hap 10","NA"
"MH908148 Aneides hardii",33.5866,-105.28638,"Article,googleearth,GPScoords",0.5,"NA","East Mountain, hap 9","NA"
"MH908164 Aneides hardii",33.5866,-105.28638,"Article,googleearth,GPScoords",0.5,"NA","East Mountain, hap 26","NA"
"MH908163 Aneides hardii",33.5866,-105.28638,"Article,googleearth,GPScoords",0.5,"NA","East Mountain, hap 25","NA"
"MH908162 Aneides hardii",33.5866,-105.28638,"Article,googleearth,GPScoords",0.5,"NA","East Mountain, hap 24","NA"
"MH908143 Aneides hardii",33.5866,-105.28638,"Article,googleearth,GPScoords",0.5,"NA","East Mountain, hap 4","NA"
"MH908161 Aneides hardii",33.5866,-105.28638,"Article,googleearth,GPScoords",0.5,"NA","East Mountain, hap 23","NA"
