value,Lat,Lon,Method,Error_km,Museum_Field_Number,Notes,Reference
MT513957 Batrachuperus daochengensis,27.973,99.632,Supplemental,NA,HNUSTM150749,"Jidi, Xianggelila County, Yunnan Province, China",https://www.zoores.ac.cn/en/article/doi/10.24272/j.issn.2095-8137.2020.129
MT513956 Batrachuperus daochengensis,27.973,99.632,Supplemental,NA,HNUSTM150748 ,"Jidi, Xianggelila County, Yunnan Province, China",https://www.zoores.ac.cn/en/article/doi/10.24272/j.issn.2095-8137.2020.129
MT513961 Batrachuperus daochengensis,27.973,99.632,Supplemental,NA,HNUSTM1507119 ,"Jidi, Xianggelila County, Yunnan Province, China",https://www.zoores.ac.cn/en/article/doi/10.24272/j.issn.2095-8137.2020.129
MT513958 Batrachuperus daochengensis,27.973,99.632,Supplemental,NA,HNUSTM1507109,"Jidi, Xianggelila County, Yunnan Province, China",https://www.zoores.ac.cn/en/article/doi/10.24272/j.issn.2095-8137.2020.129
MT513955 Batrachuperus daochengensis,27.972,99.589,Supplemental,NA,HNUSTM150738,"Tangman, Xianggelila County, Yunnan Province, China",https://www.zoores.ac.cn/en/article/doi/10.24272/j.issn.2095-8137.2020.129
MT513954 Batrachuperus daochengensis,27.972,99.589,Supplemental,NA,HNUSTM150737,"Tangman, Xianggelila County, Yunnan Province, China",https://www.zoores.ac.cn/en/article/doi/10.24272/j.issn.2095-8137.2020.129
MT513953 Batrachuperus daochengensis,27.972,99.589,Supplemental,NA,HNUSTM150736 ,"Tangman, Xianggelila County, Yunnan Province, China",https://www.zoores.ac.cn/en/article/doi/10.24272/j.issn.2095-8137.2020.129
MT513952 Batrachuperus daochengensis,27.972,99.589,Supplemental,NA,HNUSTM150735,"Tangman, Xianggelila County, Yunnan Province, China",https://www.zoores.ac.cn/en/article/doi/10.24272/j.issn.2095-8137.2020.129
MT513951 Batrachuperus daochengensis,27.972,99.589,Supplemental,NA,HNUSTM150734 ,"Tangman, Xianggelila County, Yunnan Province, China",https://www.zoores.ac.cn/en/article/doi/10.24272/j.issn.2095-8137.2020.129
MT513960 Batrachuperus daochengensis,27.973,99.632,Supplemental,NA,HNUSTM1507113 ,"Jidi, Xianggelila County, Yunnan Province, China",https://www.zoores.ac.cn/en/article/doi/10.24272/j.issn.2095-8137.2020.129
MT513959 Batrachuperus daochengensis,27.973,99.632,Supplemental,NA,HNUSTM1507110,"Jidi, Xianggelila County, Yunnan Province, China",https://www.zoores.ac.cn/en/article/doi/10.24272/j.issn.2095-8137.2020.129
