value,Lat,Lon,Error_km,Method,MuseumFieldNumber,Notes,Reference
JQ035753_cob,35.5655536,-118.3978518,NA,MVZ database,MVZ:Herp:158457,NA,"Jockusch,E.L., Martinez-Solano,I., Hansen,R.W. and Wake,D.B. 2012. Morphological and molecular diversification of slender salamanders  (Caudata: Plethodontidae: Batrachoseps) in the southern Sierra Nevada of California with descriptions of two new species. Zootaxa 3190, 1-30"
JQ035754_cob,35.57,-118.4,NA,Manuscript,ELJ1922,NA,"Jockusch,E.L., Martinez-Solano,I., Hansen,R.W. and Wake,D.B. 2012. Morphological and molecular diversification of slender salamanders  (Caudata: Plethodontidae: Batrachoseps) in the southern Sierra Nevada of California with descriptions of two new species. Zootaxa 3190, 1-30"
JQ035755_cob,35.47403,-118.72367,NA,Arctos,MVZ:Herp:167629,NA,"Jockusch,E.L., Martinez-Solano,I., Hansen,R.W. and Wake,D.B. 2012. Morphological and molecular diversification of slender salamanders  (Caudata: Plethodontidae: Batrachoseps) in the southern Sierra Nevada of California with descriptions of two new species. Zootaxa 3190, 1-30"
JQ035756_cob,35.4711734,-118.7103,NA,MVZ database,MVZ:Herp:218033,NA,"Jockusch,E.L., Martinez-Solano,I., Hansen,R.W. and Wake,D.B. 2012. Morphological and molecular diversification of slender salamanders  (Caudata: Plethodontidae: Batrachoseps) in the southern Sierra Nevada of California with descriptions of two new species. Zootaxa 3190, 1-30"
JQ035757_cob,35.57,-118.53,NA,Manuscript,ELJ1672,NA,"Jockusch,E.L., Martinez-Solano,I., Hansen,R.W. and Wake,D.B. 2012. Morphological and molecular diversification of slender salamanders  (Caudata: Plethodontidae: Batrachoseps) in the southern Sierra Nevada of California with descriptions of two new species. Zootaxa 3190, 1-30"
JQ035758_cob,35.5746981,-118.5279839,NA,Arctos,MVZ:Herp:220498,NA,"Jockusch,E.L., Martinez-Solano,I., Hansen,R.W. and Wake,D.B. 2012. Morphological and molecular diversification of slender salamanders  (Caudata: Plethodontidae: Batrachoseps) in the southern Sierra Nevada of California with descriptions of two new species. Zootaxa 3190, 1-30"
JQ035759_cob,35.5733501,-118.5271368,NA,Arctos,MVZ:Herp:168529,NA,"Jockusch,E.L., Martinez-Solano,I., Hansen,R.W. and Wake,D.B. 2012. Morphological and molecular diversification of slender salamanders  (Caudata: Plethodontidae: Batrachoseps) in the southern Sierra Nevada of California with descriptions of two new species. Zootaxa 3190, 1-30"
JQ035760_cob,35.57,-118.53,NA,Manuscript,ELJ1673,NA,"Jockusch,E.L., Martinez-Solano,I., Hansen,R.W. and Wake,D.B. 2012. Morphological and molecular diversification of slender salamanders  (Caudata: Plethodontidae: Batrachoseps) in the southern Sierra Nevada of California with descriptions of two new species. Zootaxa 3190, 1-30"
JQ035761_cob,35.57699,-118.51987,NA,Arctos,MVZ:Herp:267110,NA,"Jockusch,E.L., Martinez-Solano,I., Hansen,R.W. and Wake,D.B. 2012. Morphological and molecular diversification of slender salamanders  (Caudata: Plethodontidae: Batrachoseps) in the southern Sierra Nevada of California with descriptions of two new species. Zootaxa 3190, 1-30"
JQ035762_cob,35.5581666667,-118.4408,NA,Arctos,MVZ:Herp:232843,NA,"Jockusch,E.L., Martinez-Solano,I., Hansen,R.W. and Wake,D.B. 2012. Morphological and molecular diversification of slender salamanders  (Caudata: Plethodontidae: Batrachoseps) in the southern Sierra Nevada of California with descriptions of two new species. Zootaxa 3190, 1-30"
JQ035763_cob,35.5600167,-118.4430833,NA,Arctos,MVZ:Herp:232842,NA,"Jockusch,E.L., Martinez-Solano,I., Hansen,R.W. and Wake,D.B. 2012. Morphological and molecular diversification of slender salamanders  (Caudata: Plethodontidae: Batrachoseps) in the southern Sierra Nevada of California with descriptions of two new species. Zootaxa 3190, 1-30"
