value,Lat,Lon,Error_km,Method,MuseumFieldNumber,Notes,Reference
JQ035742_cob,35.4618205,-118.58655,NA,Arctos,MVZ:Herp:163661,NA,JOCKUSCH et al 2012
JQ035743_cob,35.4618205,-118.58655,NA,Arctos,MVZ:Herp:163663,NA,JOCKUSCH et al 2012
JQ035744_cob,35.466943,-118.566668,NA,Arctos,MVZ:Herp:267162,NA,JOCKUSCH et al 2012
JQ035745_cob,35.475916667,-118.6175,NA,Arctos,MVZ:Herp:233573,NA,JOCKUSCH et al 2012
JQ035746_cob,35.475916667,-118.6175,NA,Arctos,MVZ:Herp:233572,NA,JOCKUSCH et al 2012
JQ035747_cob,35.475916667,-118.6175,NA,Arctos,MVZ:Herp:233574,NA,JOCKUSCH et al 2012
JQ035748_cob,35.48,-118.63,NA,Manuscript,CAS219746,NA,JOCKUSCH et al 2012
JQ035749_cob,35.48,-118.63,NA,Manuscript,CAS219748,NA,JOCKUSCH et al 2012
JQ035750_cob,35.475916667,-118.6175,NA,Manuscript,MVZ:Herp:233571,NA,JOCKUSCH et al 2012
JQ035751_cob,35.475916667,-118.6175,NA,Manuscript,MVZ:Herp:233575,NA,JOCKUSCH et al 2012
JQ035752_cob,35.475916667,-118.6175,NA,NA,MVZ:Herp:233576,NA,JOCKUSCH et al 2012
