"value","Lat","Lon","Error_km","Method","MuseumFieldNumber","Notes","Reference"
"JQ035741_cob",34.0105188,-118.3682917,"NA","Arctos","MVZ:Herp:225708","NA","Jockusch, E.L., Martínez‐Solano, Í., Hansen, R., & Wake, D.B. (2012). Morphological and molecular diversification of slender salamanders (Caudata: Plethodontidae: Batrachoseps ) in the southern Sierra Nevada of California with descriptions of two new species. Zootaxa, 3190, 1-30."
"EU011253_cytochrome-b",34.538344,-120.030786,14344,"GeoLocate","DBW 6459","NA","Martínez-Solano, I., E. L. Jockusch and D. B. Wake. 2007. Extreme population subdivision throughout a continuous range: phylogeography of Batrachoseps attenuatus (Caudata: Plethodontidae) in western North America. Mol. Ecol. 16:4335-4355."
"JQ035740_cob",34.2923461,-117.8390076,"NA","Arctos","MVZ:Herp:222695","NA","Jockusch, E.L., Martínez‐Solano, Í., Hansen, R., & Wake, D.B. (2012). Morphological and molecular diversification of slender salamanders (Caudata: Plethodontidae: Batrachoseps ) in the southern Sierra Nevada of California with descriptions of two new species. Zootaxa, 3190, 1-30."
"KM203067_cob",33.5692,-117.74728,"NA","Manuscript","MVZ:Herp:236159","NA","Jockusch EL, Martínez-Solano I, Timpe EK. The effects of inference method, population sampling, and gene sampling on species tree inferences: an empirical study in slender salamanders (Plethodontidae: Batrachoseps). Syst Biol. 2015 Jan;64(1):66-83. doi: 10.1093/sysbio/syu078. Epub 2014 Sep 22. PMID: 25246662."
"JQ035786_cob",34.98,-119.19,"NA","Manuscript","IMS387","NA","Jockusch, E.L., Martínez‐Solano, Í., Hansen, R., & Wake, D.B. (2012). Morphological and molecular diversification of slender salamanders (Caudata: Plethodontidae: Batrachoseps ) in the southern Sierra Nevada of California with descriptions of two new species. Zootaxa, 3190, 1-30."
"JQ035787_cob",34.469269,-119.223894,"NA","Arctos","MVZ:Herp:266997","NA","Jockusch, E.L., Martínez‐Solano, Í., Hansen, R., & Wake, D.B. (2012). Morphological and molecular diversification of slender salamanders (Caudata: Plethodontidae: Batrachoseps ) in the southern Sierra Nevada of California with descriptions of two new species. Zootaxa, 3190, 1-30."
"JQ035788_cob",35.19455,-120.45376,"NA","Arctos","MVZ:Herp:266895","NA","Jockusch, E.L., Martínez‐Solano, Í., Hansen, R., & Wake, D.B. (2012). Morphological and molecular diversification of slender salamanders (Caudata: Plethodontidae: Batrachoseps ) in the southern Sierra Nevada of California with descriptions of two new species. Zootaxa, 3190, 1-30."
"KT368149_CYTB",34.4833333333333,-118.383333333333,"NA","Manuscript","NA","NA","Yang, J., Bi, G., Zhang, Z., Liu, G., Du, Q., Zhao, E., & Shang, E. (2015). The complete mitochondrial genome of Batrachoseps nigriventris (Caudata: Plethodontidae). Mitochondrial DNA Part A, 28(2), 212–213. doi:10.3109/19401736.2015.1115846 "
"NC_028184_CYTB",34.4833333333333,-118.383333333333,"NA","Manuscript","NA","NA","Yang, J., Bi, G., Zhang, Z., Liu, G., Du, Q., Zhao, E., & Shang, E. (2015). The complete mitochondrial genome of Batrachoseps nigriventris (Caudata: Plethodontidae). Mitochondrial DNA Part A, 28(2), 212–213. doi:10.3109/19401736.2015.1115846 "
"JQ035789_cob",35.83629,-121.39137,"NA","Arctos","MVZ:Herp:266842","NA","Jockusch, E.L., Martínez‐Solano, Í., Hansen, R., & Wake, D.B. (2012). Morphological and molecular diversification of slender salamanders (Caudata: Plethodontidae: Batrachoseps ) in the southern Sierra Nevada of California with descriptions of two new species. Zootaxa, 3190, 1-30."
