value,Lat,Lon,Error_km,Method,Museum_Field_Number,Notes,Reference
JQ250195_cytb,34.22333,-118.43,NA,Manuscript,DBW5974,Using the name of the locality in Geolocate I get: Lat= 34.281946; Lon= -118.438972; Error= 2331. This geographic coordinate is about ~6 miles from the original occurrence. ,https://www.sciencedirect.com/science/article/pii/S1055790312000206
JQ250196_cytb,34.049297,-118.32923,NA,Manuscript,MVZ249023,NA,https://www.sciencedirect.com/science/article/pii/S1055790312000206
JQ250197_cytb,34.025414,-118.362094,NA,Manuscript,MVZ154320,NA,https://www.sciencedirect.com/science/article/pii/S1055790312000206
JQ250198_cytb,33.9885,-118.3886,NA,Manuscript,MVZ244159,NA,https://www.sciencedirect.com/science/article/pii/S1055790312000206
JQ250199_cytb,34.18668,-117.17995,NA,Manuscript,MVZ236068,NA,https://www.sciencedirect.com/science/article/pii/S1055790312000206
JQ250200_cytb,34.18668,-117.17995,NA,Manuscript,MVZ236069,NA,https://www.sciencedirect.com/science/article/pii/S1055790312000206
JQ250201_cytb,33.462519,-117.71067,NA,Manuscript,MVZ222784,NA,https://www.sciencedirect.com/science/article/pii/S1055790312000206
JQ250202_cytb,33.89051,-116.682005,NA,Manuscript,MVZ228296,NA,https://www.sciencedirect.com/science/article/pii/S1055790312000206
JQ250203_cytb,33.894069,-116.7932027,NA,Manuscript,MVZ167880,NA,https://www.sciencedirect.com/science/article/pii/S1055790312000206
JQ250204_cytb,33.8,-117.25,NA,Manuscript,Motte*,* Tissue sample housed at MVZ,https://www.sciencedirect.com/science/article/pii/S1055790312000206
JQ250205_cytb,33.623308,-116.403083,NA,Manuscript,MVZ222553,NA,https://www.sciencedirect.com/science/article/pii/S1055790312000206
JQ250206_cytb,33.52565,-117.4034027,NA,Manuscript,MVZ222787,NA,https://www.sciencedirect.com/science/article/pii/S1055790312000206
JQ250207_cytb,33.450555,-117.56444,NA,Manuscript,MVZ222912,NA,https://www.sciencedirect.com/science/article/pii/S1055790312000206
JQ250208_cytb,33.45,-117.4,NA,Manuscript,MVZ222877,NA,https://www.sciencedirect.com/science/article/pii/S1055790312000206
JQ250209_cytb,33.36,117.49,NA,Manuscript,MVZ225605,NA,https://www.sciencedirect.com/science/article/pii/S1055790312000206
JQ250210_cytb,33.34,-117.37,NA,Manuscript,MVZ225644,NA,https://www.sciencedirect.com/science/article/pii/S1055790312000206
JQ250211_cytb,33.31,-117.28,NA,Manuscript,MVZ222914,NA,https://www.sciencedirect.com/science/article/pii/S1055790312000206
JQ250212_cytb,33.30145,-116.883194,NA,Manuscript,MVZ155748,NA,https://www.sciencedirect.com/science/article/pii/S1055790312000206
JQ250213_cytb,33.29,-116.89,NA,Manuscript,MVZ226690,NA,https://www.sciencedirect.com/science/article/pii/S1055790312000206
JQ250214_cytb,33.0847638,-116.9163527,NA,Manuscript,DBW6444,NA,https://www.sciencedirect.com/science/article/pii/S1055790312000206
JQ250215_cytb,33.021683,-117.28045,NA,Manuscript,APG51,NA,https://www.sciencedirect.com/science/article/pii/S1055790312000206
JQ250216_cytb,32.933333,-117.2575,NA,Manuscript,Torrey1*,* Tissue sample housed at MVZ,https://www.sciencedirect.com/science/article/pii/S1055790312000206
JQ250217_cytb,32.933333,-117.2575,NA,Manuscript,Torrey3*,* Tissue sample housed at MVZ,https://www.sciencedirect.com/science/article/pii/S1055790312000206
JQ250218_cytb,32.891666,-117.091666,NA,Manuscript,DBW4920,NA,https://www.sciencedirect.com/science/article/pii/S1055790312000206
JQ250219_cytb,33.029166,-116.803611,NA,Manuscript,MVZ225987,NA,https://www.sciencedirect.com/science/article/pii/S1055790312000206
JQ250220_cytb,33.029166,-116.803611,NA,Manuscript,MVZ225988,NA,https://www.sciencedirect.com/science/article/pii/S1055790312000206
JQ250221_cytb,33.03,-116.76,NA,Manuscript,MVZ225992,NA,https://www.sciencedirect.com/science/article/pii/S1055790312000206
JQ250222_cytb,33.02,-116.8,NA,Manuscript,MVZ225685,NA,https://www.sciencedirect.com/science/article/pii/S1055790312000206
JQ250223_cytb,33.02,-116.8,NA,Manuscript,MVZ225689,NA,https://www.sciencedirect.com/science/article/pii/S1055790312000206
JQ250224_cytb,33,-116.768055,NA,Manuscript,MVZ225991,NA,https://www.sciencedirect.com/science/article/pii/S1055790312000206
JQ250225_cytb,32.99,-116.75,NA,Manuscript,MVZ225989,NA,https://www.sciencedirect.com/science/article/pii/S1055790312000206
JQ250226_cytb,32.99,-116.795833,NA,Manuscript,MVZ225684,NA,https://www.sciencedirect.com/science/article/pii/S1055790312000206
JQ250227_cytb,32.95,-116.845833,NA,Manuscript,MVZ225683,NA,https://www.sciencedirect.com/science/article/pii/S1055790312000206
JQ250228_cytb,32.82395,-116.832733,NA,Manuscript,MVZ251728,NA,https://www.sciencedirect.com/science/article/pii/S1055790312000206
JQ250229_cytb,32.79835,-116.763211,NA,Manuscript,MVZ244082,NA,https://www.sciencedirect.com/science/article/pii/S1055790312000206
JQ250230_cytb,32.788469,-116.887361,NA,Manuscript,MVZ155773,NA,https://www.sciencedirect.com/science/article/pii/S1055790312000206
JQ250231_cytb,32.7395,-116.9416694,NA,Manuscript,MVZ155736,NA,https://www.sciencedirect.com/science/article/pii/S1055790312000206
JQ250232_cytb,32.729969,-117.167288,NA,Manuscript,MVZ236070,NA,https://www.sciencedirect.com/science/article/pii/S1055790312000206
JQ250233_cytb,32.729969,-117.167288,NA,Manuscript,MVZ236071,NA,https://www.sciencedirect.com/science/article/pii/S1055790312000206
JQ250234_cytb,32.716666,-117.13333,NA,Manuscript,Y3823,NA,https://www.sciencedirect.com/science/article/pii/S1055790312000206
JQ250235_cytb,32.6925027,-116.905536,NA,Manuscript,DBW4765,NA,https://www.sciencedirect.com/science/article/pii/S1055790312000206
JQ250236_cytb,32.6354138,-117.071283,NA,Manuscript,MVZ225984,NA,https://www.sciencedirect.com/science/article/pii/S1055790312000206
JQ250237_cytb,32.627222222222,-116.776944,NA,Manuscript,Marron*,NA,https://www.sciencedirect.com/science/article/pii/S1055790312000206
JQ250238_cytb,32.58,-116.91,NA,Manuscript,MVZ222936,NA,https://www.sciencedirect.com/science/article/pii/S1055790312000206
JQ250239_cytb,33.35,-118.416666,NA,Manuscript,MVZ154341,NA,https://www.sciencedirect.com/science/article/pii/S1055790312000206
JQ250240_cytb,32.3322833,-116.633,NA,Manuscript,APG26,NA,https://www.sciencedirect.com/science/article/pii/S1055790312000206
JQ250241_cytb,32.3322833,-116.633,NA,Manuscript,APG44,NA,https://www.sciencedirect.com/science/article/pii/S1055790312000206
JQ250242_cytb,32.3322833,-116.633,NA,Manuscript,APG45,NA,https://www.sciencedirect.com/science/article/pii/S1055790312000206
JQ250243_cytb,32.3322833,-116.633,NA,Manuscript,APG46,NA,https://www.sciencedirect.com/science/article/pii/S1055790312000206
JQ250244_cytb,32.3322833,-116.633,NA,Manuscript,APG47,NA,https://www.sciencedirect.com/science/article/pii/S1055790312000206
JQ250245_cytb,32.2045833333333,-116.504433333333,NA,Manuscript,APG72,NA,https://www.sciencedirect.com/science/article/pii/S1055790312000206
JQ250246_cytb,32.2045833333333,-116.504433333333,NA,Manuscript,APG73,NA,https://www.sciencedirect.com/science/article/pii/S1055790312000206
JQ250247_cytb,32.2045833333333,-116.504433333333,NA,Manuscript,APG74,NA,https://www.sciencedirect.com/science/article/pii/S1055790312000206
JQ250248_cytb,32.093,-116.8571,NA,Manuscript,Mision1*,* Tissue sample housed at IBH,https://www.sciencedirect.com/science/article/pii/S1055790312000206
JQ250249_cytb,32.093,-116.8571,NA,Manuscript,Mision2*,* Tissue sample housed at IBH,https://www.sciencedirect.com/science/article/pii/S1055790312000206
JQ250250_cytb,32.093,-116.8571,NA,Manuscript,Mision3*,* Tissue sample housed at IBH,https://www.sciencedirect.com/science/article/pii/S1055790312000206
JQ250251_cytb,32.0372166666667,-116.77055,NA,Manuscript,APG09,NA,https://www.sciencedirect.com/science/article/pii/S1055790312000206
JQ250252_cytb,32.0372166666667,-116.77055,NA,Manuscript,APG10,NA,https://www.sciencedirect.com/science/article/pii/S1055790312000206
JQ250253_cytb,32.0372166666667,-116.77055,NA,Manuscript,APG11,NA,https://www.sciencedirect.com/science/article/pii/S1055790312000206
JQ250254_cytb,32.01835,-116.772733333333,NA,Manuscript,APG53,NA,https://www.sciencedirect.com/science/article/pii/S1055790312000206
JQ250255_cytb,32.01835,-116.772733333333,NA,Manuscript,APG54,NA,https://www.sciencedirect.com/science/article/pii/S1055790312000206
JQ250256_cytb,32.0092833333333,-116.773516666667,NA,Manuscript,APG12,NA,https://www.sciencedirect.com/science/article/pii/S1055790312000206
JQ250257_cytb,32.0092833333333,-116.773516666667,NA,Manuscript,APG13,NA,https://www.sciencedirect.com/science/article/pii/S1055790312000206
JQ250258_cytb,32.0092833333333,-116.773516666667,NA,Manuscript,APG14,NA,https://www.sciencedirect.com/science/article/pii/S1055790312000206
JQ250259_cytb,31.98195,-116.767983333333,NA,Manuscript,APG06,NA,https://www.sciencedirect.com/science/article/pii/S1055790312000206
JQ250260_cytb,31.98195,-116.767983333333,NA,Manuscript,APG07,NA,https://www.sciencedirect.com/science/article/pii/S1055790312000206
JQ250261_cytb,31.98195,-116.767983333333,NA,Manuscript,APG08,NA,https://www.sciencedirect.com/science/article/pii/S1055790312000206
JQ250262_cytb,31.9536111111111,-116.735,NA,Manuscript,IBH14151,NA,https://www.sciencedirect.com/science/article/pii/S1055790312000206
JQ250263_cytb,31.9536111111111,-116.735,NA,Manuscript,IBH14152,NA,https://www.sciencedirect.com/science/article/pii/S1055790312000206
JQ250264_cytb,31.99835,-116.63855,NA,Manuscript,APG34,NA,https://www.sciencedirect.com/science/article/pii/S1055790312000206
JQ250265_cytb,31.99835,-116.63855,NA,Manuscript,APG35,NA,https://www.sciencedirect.com/science/article/pii/S1055790312000206
JQ250266_cytb,31.969,-116.648,NA,Manuscript,APG01,NA,https://www.sciencedirect.com/science/article/pii/S1055790312000206
JQ250267_cytb,31.969,-116.648,NA,Manuscript,APG02,NA,https://www.sciencedirect.com/science/article/pii/S1055790312000206
JQ250268_cytb,31.90425,-116.607633333333,NA,Manuscript,APG15,NA,https://www.sciencedirect.com/science/article/pii/S1055790312000206
JQ250269_cytb,31.90425,-116.607633333333,NA,Manuscript,APG28,NA,https://www.sciencedirect.com/science/article/pii/S1055790312000206
JQ250270_cytb,31.90425,-116.607633333333,NA,Manuscript,APG29,NA,https://www.sciencedirect.com/science/article/pii/S1055790312000206
JQ250271_cytb,31.90425,-116.607633333333,NA,Manuscript,APG30,NA,https://www.sciencedirect.com/science/article/pii/S1055790312000206
JQ250272_cytb,31.8697833333333,-116.6371,NA,Manuscript,APG27,NA,https://www.sciencedirect.com/science/article/pii/S1055790312000206
JQ250273_cytb,31.8697833333333,-116.6371,NA,Manuscript,APG_VIGIA,NA,https://www.sciencedirect.com/science/article/pii/S1055790312000206
JQ250274_cytb,31.8971833333333,-116.423116666667,NA,Manuscript,APG38,NA,https://www.sciencedirect.com/science/article/pii/S1055790312000206
JQ250275_cytb,31.8971833333333,-116.423116666667,NA,Manuscript,APG39,NA,https://www.sciencedirect.com/science/article/pii/S1055790312000206
JQ250276_cytb,31.8676333333333,-116.374183333333,NA,Manuscript,APG40,NA,https://www.sciencedirect.com/science/article/pii/S1055790312000206
JQ250277_cytb,31.8676333333333,-116.374183333333,NA,Manuscript,APG41,NA,https://www.sciencedirect.com/science/article/pii/S1055790312000206
JQ250278_cytb,31.8841666666667,-116.3396,NA,Manuscript,APG42,NA,https://www.sciencedirect.com/science/article/pii/S1055790312000206
JQ250279_cytb,31.8841666666667,-116.3396,NA,Manuscript,APG43,NA,https://www.sciencedirect.com/science/article/pii/S1055790312000206
JQ250280_cytb,31.8043833333333,-116.574633333333,NA,Manuscript,APG31,NA,https://www.sciencedirect.com/science/article/pii/S1055790312000206
JQ250281_cytb,31.8043833333333,-116.574633333333,NA,Manuscript,APG32,NA,https://www.sciencedirect.com/science/article/pii/S1055790312000206
JQ250282_cytb,31.8043833333333,-116.574633333333,NA,Manuscript,APG33,NA,https://www.sciencedirect.com/science/article/pii/S1055790312000206
JQ250283_cytb,31.6680555555556,-116.519444444444,NA,Manuscript,DBW6029,NA,https://www.sciencedirect.com/science/article/pii/S1055790312000206
JQ250284_cytb,31.6680555555556,-116.519444444444,NA,Manuscript,DBW6031,NA,https://www.sciencedirect.com/science/article/pii/S1055790312000206
JQ250285_cytb,31.65025,-116.554616666667,NA,Manuscript,APG17,NA,https://www.sciencedirect.com/science/article/pii/S1055790312000206
JQ250286_cytb,31.65025,-116.554616666667,NA,Manuscript,APG18,NA,https://www.sciencedirect.com/science/article/pii/S1055790312000206
JQ250287_cytb,31.65025,-116.554616666667,NA,Manuscript,APG19,NA,https://www.sciencedirect.com/science/article/pii/S1055790312000206
JQ250288_cytb,31.65025,-116.554616666667,NA,Manuscript,APG20,NA,https://www.sciencedirect.com/science/article/pii/S1055790312000206
JQ250289_cytb,31.65025,-116.554616666667,NA,Manuscript,APG21,NA,https://www.sciencedirect.com/science/article/pii/S1055790312000206
JQ250290_cytb,31.6385,-116.519333333333,NA,Manuscript,APG03,NA,https://www.sciencedirect.com/science/article/pii/S1055790312000206
JQ250291_cytb,31.6385,-116.519333333333,NA,Manuscript,APG04,NA,https://www.sciencedirect.com/science/article/pii/S1055790312000206
JQ250292_cytb,31.6385,-116.519333333333,NA,Manuscript,APG05,NA,https://www.sciencedirect.com/science/article/pii/S1055790312000206
JQ250293_cytb,31.6385,-116.519333333333,NA,Manuscript,APG05A,NA,https://www.sciencedirect.com/science/article/pii/S1055790312000206
JQ250294_cytb,31.6385,-116.519333333333,NA,Manuscript,APG05B,NA,https://www.sciencedirect.com/science/article/pii/S1055790312000206
JQ250295_cytb,31.6325,-116.505555555556,NA,Manuscript,IBH14132,NA,https://www.sciencedirect.com/science/article/pii/S1055790312000206
JQ250296_cytb,31.6325,-116.505555555556,NA,Manuscript,IBH14133,NA,https://www.sciencedirect.com/science/article/pii/S1055790312000206
JQ250297_cytb,31.6325,-116.505555555556,NA,Manuscript,IBH14134,NA,https://www.sciencedirect.com/science/article/pii/S1055790312000206
JQ250298_cytb,31.6332,-116.50395,NA,Manuscript,APG22,NA,https://www.sciencedirect.com/science/article/pii/S1055790312000206
JQ250299_cytb,31.6332,-116.50395,NA,Manuscript,APG24,NA,https://www.sciencedirect.com/science/article/pii/S1055790312000206
JQ250300_cytb,31.6332,-116.50395,NA,Manuscript,APG25,NA,https://www.sciencedirect.com/science/article/pii/S1055790312000206
JQ250301_cytb,31.6332,-116.50395,NA,Manuscript,SDF565,NA,https://www.sciencedirect.com/science/article/pii/S1055790312000206
JQ250302_cytb,31.5672,-116.471983333333,NA,Manuscript,APG36,NA,https://www.sciencedirect.com/science/article/pii/S1055790312000206
JQ250303_cytb,31.5672,-116.471983333333,NA,Manuscript,APG37,NA,https://www.sciencedirect.com/science/article/pii/S1055790312000206
JQ250304_cytb,31.2163611111111,-115.6636,NA,Manuscript,MVZ156409,NA,https://www.sciencedirect.com/science/article/pii/S1055790312000206
JQ250305_cytb,30.9966666666667,-115.492333333333,NA,Manuscript,MVZ237244,NA,https://www.sciencedirect.com/science/article/pii/S1055790312000206
JQ250306_cytb,30.958233,-115.502,NA,Manuscript,IBH14126,NA,https://www.sciencedirect.com/science/article/pii/S1055790312000206
JQ250307_cytb,30.958233,-115.502,NA,Manuscript,SSPMsn*,* Tissue sample housed at IBH,https://www.sciencedirect.com/science/article/pii/S1055790312000206
JQ250308_cytb,30.958233,-115.502,NA,Manuscript,DBW6025,NA,https://www.sciencedirect.com/science/article/pii/S1055790312000206
JQ250309_cytb,30.958233,-115.502,NA,Manuscript,DBW6026,NA,https://www.sciencedirect.com/science/article/pii/S1055790312000206
JQ250310_cytb,30.49,-116.0158,NA,Manuscript,APG16,NA,https://www.sciencedirect.com/science/article/pii/S1055790312000206
JQ250311_cytb,30.49,-116.0158,NA,Manuscript,APG48,NA,https://www.sciencedirect.com/science/article/pii/S1055790312000206
JQ250312_cytb,30.49,-116.0158,NA,Manuscript,APG49,NA,https://www.sciencedirect.com/science/article/pii/S1055790312000206
JQ250313_cytb,30.49,-116.0158,NA,Manuscript,APG50,NA,https://www.sciencedirect.com/science/article/pii/S1055790312000206
JQ250314_cytb,32.4138666666667,-117.244216666667,NA,Manuscript,GP411,NA,https://www.sciencedirect.com/science/article/pii/S1055790312000206
JQ250315_cytb,32.4138666666667,-117.244216666667,NA,Manuscript,GP414,NA,https://www.sciencedirect.com/science/article/pii/S1055790312000206
JQ250316_cytb,31.81666,-116.8,NA,Manuscript,MVZ156428,NA,https://www.sciencedirect.com/science/article/pii/S1055790312000206
JQ250317_cytb,31.81666,-116.8,NA,Manuscript,MVZ156429,NA,https://www.sciencedirect.com/science/article/pii/S1055790312000206
JQ250318_cytb,31.81666,-116.8,NA,Manuscript,MVZ156430,NA,https://www.sciencedirect.com/science/article/pii/S1055790312000206
JQ250319_cytb,31.81666,-116.8,NA,Manuscript,MVZ156427,NA,https://www.sciencedirect.com/science/article/pii/S1055790312000206
JQ250320_cytb,31.81666,-116.8,NA,Manuscript,MVZ156447,NA,https://www.sciencedirect.com/science/article/pii/S1055790312000206
