value,Lat,Lon,Method,Error,Reference
JQ035730_cob,35.83418,-118.44112,Retrieved from GenBank Voucher,1600 m,
JQ035731_cob,35.83418,-118.44112,Retrieved from GenBank Voucher,1600 m,
JQ035732_cob,35.85581667,-118.4498,Retrieved from GenBank Voucher,1600 m,
JQ035733_cob,35.83418,-118.44112,Retrieved from GenBank Voucher,1600 m,
JQ035734_cob,35.79375,-118.4308056,Retrieved from GenBank Voucher,1600 m,
JQ035735_cob,35.79375,-118.4308056,Retrieved from GenBank Voucher,1600 m,
JQ035736_cob,35.7763121,-118.4267606,Retrieved from GenBank Voucher,1600 m,
JQ035737_cob,35.7918744,-118.4242987,Retrieved from GenBank Voucher,1600 m,
JQ035738_cob,35.7918744,-118.4242987,Retrieved from GenBank Voucher,1600 m,
JQ035739_cob,35.857493,-118.448732,Retrieved from GenBank Voucher,1600 m,
JQ035764_cob,35.83111,-118.44034,Retrieved from GenBank Voucher,1600 m,
JQ035765_cob,35.924513,-118.49591,Retrieved from GenBank Voucher,1600 m,
JQ035766_cob,35.9266,-118.4928,Retrieved from GenBank Voucher,1600 m,
JQ035767_cob,35.955385,-118.481335,Retrieved from GenBank Voucher,1600 m,
JQ035768_cob,35.952325,-118.471354,Retrieved from GenBank Voucher,1600 m,
JQ035769_cob,35.970453,-118.486827,Retrieved from GenBank Voucher,1600 m,
JQ035770_cob,35.9728,-118.48788,Retrieved from GenBank Voucher,1600 m,
JQ035771_cob,35.970453,-118.486827,Retrieved from GenBank Voucher,1600 m,
JQ035772_cob,35.90209,-118.51623,Retrieved from GenBank Voucher,1600 m,
JQ035773_cob,35.90233,-118.51573,Retrieved from GenBank Voucher,1600 m,
JQ035776_cob,35.79255,-118.45165,Retrieved from GenBank Voucher,1600 m,
JQ035777_cob,35.73573,-118.42804,Retrieved from GenBank Voucher,1600 m,
JQ035778_cob,35.71418333,-118.4756,Retrieved from GenBank Voucher,1600 m,
JQ035779_cob,35.70993333,-118.46125,Retrieved from GenBank Voucher,1600 m,
