"value","accession","source_id","Lat","Lon","basis_of_record","coordinate_uncertainty_in_meters","issue","flag"
"EU296329_2310268095","EU296329",2310268095,33.49,108.54,"MATERIAL_SAMPLE",0,"COUNTRY_DERIVED_FROM_COORDINATES","GEODETIC_DATUM_ASSUMED_WGS84"
"EU296330_2307250039","EU296330",2307250039,33.49,108.54,"MATERIAL_SAMPLE",0,"COUNTRY_DERIVED_FROM_COORDINATES","GEODETIC_DATUM_ASSUMED_WGS84"
"EU296331_2306132697","EU296331",2306132697,33.24,108.05,"MATERIAL_SAMPLE",0,"COUNTRY_DERIVED_FROM_COORDINATES","GEODETIC_DATUM_ASSUMED_WGS84"
"EU296332_2306268880","EU296332",2306268880,33.24,108.05,"MATERIAL_SAMPLE",0,"COUNTRY_DERIVED_FROM_COORDINATES","GEODETIC_DATUM_ASSUMED_WGS84"
"EU296333_2308217502","EU296333",2308217502,32.8,106.92,"MATERIAL_SAMPLE",0,"COUNTRY_DERIVED_FROM_COORDINATES","GEODETIC_DATUM_ASSUMED_WGS84"
"EU296334_2306168472","EU296334",2306168472,32.8,106.92,"MATERIAL_SAMPLE",0,"COUNTRY_DERIVED_FROM_COORDINATES","GEODETIC_DATUM_ASSUMED_WGS84"
"EU296335_2304574287","EU296335",2304574287,33.44,105.76,"MATERIAL_SAMPLE",0,"COUNTRY_DERIVED_FROM_COORDINATES","GEODETIC_DATUM_ASSUMED_WGS84"
"EU296336_2304147686","EU296336",2304147686,33.44,105.76,"MATERIAL_SAMPLE",0,"COUNTRY_DERIVED_FROM_COORDINATES","GEODETIC_DATUM_ASSUMED_WGS84"
"EU296337_2305622934","EU296337",2305622934,33.71,106.9,"MATERIAL_SAMPLE",0,"COUNTRY_DERIVED_FROM_COORDINATES","GEODETIC_DATUM_ASSUMED_WGS84"
"EU296338_2307118427","EU296338",2307118427,33.81,106.8,"MATERIAL_SAMPLE",0,"COUNTRY_DERIVED_FROM_COORDINATES","GEODETIC_DATUM_ASSUMED_WGS84"
"EU296339_2306084829","EU296339",2306084829,33.16,104.75,"MATERIAL_SAMPLE",0,"COUNTRY_DERIVED_FROM_COORDINATES","GEODETIC_DATUM_ASSUMED_WGS84"
"EU296340_2307120768","EU296340",2307120768,33.16,104.75,"MATERIAL_SAMPLE",0,"COUNTRY_DERIVED_FROM_COORDINATES","GEODETIC_DATUM_ASSUMED_WGS84"
"EU296341_2307395629","EU296341",2307395629,33.16,104.75,"MATERIAL_SAMPLE",0,"COUNTRY_DERIVED_FROM_COORDINATES","GEODETIC_DATUM_ASSUMED_WGS84"
"EU296342_2307376814","EU296342",2307376814,33.16,104.75,"MATERIAL_SAMPLE",0,"COUNTRY_DERIVED_FROM_COORDINATES","GEODETIC_DATUM_ASSUMED_WGS84"
