"value","accession","source_id","Lat","Lon","basis_of_record","coordinate_uncertainty_in_meters","issue","flag"
"EU296254_2304509123","EU296254",2304509123,28.52,102.58,"MATERIAL_SAMPLE",0,"COUNTRY_DERIVED_FROM_COORDINATES","GEODETIC_DATUM_ASSUMED_WGS84"
"EU296255_2305511631","EU296255",2305511631,28.52,102.58,"MATERIAL_SAMPLE",0,"COUNTRY_DERIVED_FROM_COORDINATES","GEODETIC_DATUM_ASSUMED_WGS84"
"EU296256_2304142459","EU296256",2304142459,28.52,102.58,"MATERIAL_SAMPLE",0,"COUNTRY_DERIVED_FROM_COORDINATES","GEODETIC_DATUM_ASSUMED_WGS84"
"EU296257_2305286984","EU296257",2305286984,29.6,103.43,"MATERIAL_SAMPLE",0,"COUNTRY_DERIVED_FROM_COORDINATES","GEODETIC_DATUM_ASSUMED_WGS84"
"EU296258_2304172219","EU296258",2304172219,29.6,103.43,"MATERIAL_SAMPLE",0,"COUNTRY_DERIVED_FROM_COORDINATES","GEODETIC_DATUM_ASSUMED_WGS84"
"EU296259_2305410004","EU296259",2305410004,29.6,103.43,"MATERIAL_SAMPLE",0,"COUNTRY_DERIVED_FROM_COORDINATES","GEODETIC_DATUM_ASSUMED_WGS84"
"EU296260_2305560748","EU296260",2305560748,29.58,103.1,"MATERIAL_SAMPLE",0,"COUNTRY_DERIVED_FROM_COORDINATES","GEODETIC_DATUM_ASSUMED_WGS84"
"EU296261_2307088482","EU296261",2307088482,29.58,103.1,"MATERIAL_SAMPLE",0,"COUNTRY_DERIVED_FROM_COORDINATES","GEODETIC_DATUM_ASSUMED_WGS84"
"EU296262_2304465782","EU296262",2304465782,29.58,103.1,"MATERIAL_SAMPLE",0,"COUNTRY_DERIVED_FROM_COORDINATES","GEODETIC_DATUM_ASSUMED_WGS84"
"EU296263_2306430237","EU296263",2306430237,29.58,103.1,"MATERIAL_SAMPLE",0,"COUNTRY_DERIVED_FROM_COORDINATES","GEODETIC_DATUM_ASSUMED_WGS84"
"EU296264_2304893501","EU296264",2304893501,28.93,102.3,"MATERIAL_SAMPLE",0,"COUNTRY_DERIVED_FROM_COORDINATES","GEODETIC_DATUM_ASSUMED_WGS84"
"EU296265_2305802224","EU296265",2305802224,28.45,102.17,"MATERIAL_SAMPLE",0,"COUNTRY_DERIVED_FROM_COORDINATES","GEODETIC_DATUM_ASSUMED_WGS84"
"EU296266_2307047376","EU296266",2307047376,28.57,102.17,"MATERIAL_SAMPLE",0,"COUNTRY_DERIVED_FROM_COORDINATES","GEODETIC_DATUM_ASSUMED_WGS84"
"EU296267_2304171877","EU296267",2304171877,28.66,102.92,"MATERIAL_SAMPLE",0,"COUNTRY_DERIVED_FROM_COORDINATES","GEODETIC_DATUM_ASSUMED_WGS84"
"EU296268_2307005951","EU296268",2307005951,28.4,103.29,"MATERIAL_SAMPLE",0,"COUNTRY_DERIVED_FROM_COORDINATES","GEODETIC_DATUM_ASSUMED_WGS84"
"EU296269_2304484116","EU296269",2304484116,28.66,102.92,"MATERIAL_SAMPLE",0,"COUNTRY_DERIVED_FROM_COORDINATES","GEODETIC_DATUM_ASSUMED_WGS84"
"EU296270_2309963114","EU296270",2309963114,30.34,102.57,"MATERIAL_SAMPLE",0,"COUNTRY_DERIVED_FROM_COORDINATES","GEODETIC_DATUM_ASSUMED_WGS84"
"EU296271_2309824417","EU296271",2309824417,30.34,102.57,"MATERIAL_SAMPLE",0,"COUNTRY_DERIVED_FROM_COORDINATES","GEODETIC_DATUM_ASSUMED_WGS84"
"EU296272_2309519936","EU296272",2309519936,31.18,103.03,"MATERIAL_SAMPLE",0,"COUNTRY_DERIVED_FROM_COORDINATES","GEODETIC_DATUM_ASSUMED_WGS84"
"EU296273_2310753802","EU296273",2310753802,31.18,103.03,"MATERIAL_SAMPLE",0,"COUNTRY_DERIVED_FROM_COORDINATES","GEODETIC_DATUM_ASSUMED_WGS84"
"EU296274_2308103191","EU296274",2308103191,30.98,102.99,"MATERIAL_SAMPLE",0,"COUNTRY_DERIVED_FROM_COORDINATES","GEODETIC_DATUM_ASSUMED_WGS84"
"EU296275_2311100444","EU296275",2311100444,30.98,102.99,"MATERIAL_SAMPLE",0,"COUNTRY_DERIVED_FROM_COORDINATES","GEODETIC_DATUM_ASSUMED_WGS84"
"EU296276_2308056436","EU296276",2308056436,30.54,102.47,"MATERIAL_SAMPLE",0,"COUNTRY_DERIVED_FROM_COORDINATES","GEODETIC_DATUM_ASSUMED_WGS84"
"EU296277_2309166504","EU296277",2309166504,30.54,102.47,"MATERIAL_SAMPLE",0,"COUNTRY_DERIVED_FROM_COORDINATES","GEODETIC_DATUM_ASSUMED_WGS84"
"EU296278_2309552368","EU296278",2309552368,30.66,102.75,"MATERIAL_SAMPLE",0,"COUNTRY_DERIVED_FROM_COORDINATES","GEODETIC_DATUM_ASSUMED_WGS84"
"EU296279_2310185267","EU296279",2310185267,30.66,102.75,"MATERIAL_SAMPLE",0,"COUNTRY_DERIVED_FROM_COORDINATES","GEODETIC_DATUM_ASSUMED_WGS84"
"EU296280_2309488801","EU296280",2309488801,30.76,103.28,"MATERIAL_SAMPLE",0,"COUNTRY_DERIVED_FROM_COORDINATES","GEODETIC_DATUM_ASSUMED_WGS84"
"EU296281_2308757656","EU296281",2308757656,30.76,103.28,"MATERIAL_SAMPLE",0,"COUNTRY_DERIVED_FROM_COORDINATES","GEODETIC_DATUM_ASSUMED_WGS84"
