value,Lat,Lon,Method,Error,Reference
MN432689_Bolitoglossa_porrasorum,15.758754,-86.857851,Geolocate with information from Genbank,1225 m error,
AY526188_Bolitoglossa_porrasorum,15.383333,-88,Geolocate with information from Genbank,3036 m error,
MT309128_Bolitoglossa_porrasorum,15.25,-87.1667,Geolocate with information from Genbank,301 m error ,
MN432667_Bolitoglossa_porrasorum,15.25,-87.1667,Geolocate with information from Genbank,301 m error ,
MT309131_Bolitoglossa_porrasorum,15.25,-87.1667,Geolocate with information from Genbank,301 m error ,
MT309129_Bolitoglossa_porrasorum,15.25,-87.1667,Geolocate with information from Genbank,301 m error ,
MT309130_Bolitoglossa_porrasorum,15.25,-87.1667,Geolocate with information from Genbank,301 m error,
MT309117_Bolitoglossa_porrasorum,15.1,-87.5833,Geolocate with information from Genbank,301 m error ,
MT309119_Bolitoglossa_porrasorum,15.1,-87.5833,Geolocate with information from Genbank,301 m error,
MT309120_Bolitoglossa_porrasorum,15.1,-87.5833,Geolocate with information from Genbank,301 m error,
MT309118_Bolitoglossa_porrasorum,15.1,-87.5833,Geolocate with information from Genbank,301 m error,
MT309115_Bolitoglossa_porrasorum,15.1,-87.5833,Geolocate with information from Genbank,301 m error,
MT309116_Bolitoglossa_porrasorum,15.1,-87.5833,Geolocate with information from Genbank,301 m error ,
