"value","accession","source_id","Lat","Lon"
"Bolitoglossa.rufescens","KC288081","IBH22524",15.95501,-91.24454
"Bolitoglossa.rufescens","KC288078","MVZ264298",15.92698,-90.66422
"Bolitoglossa.rufescens","KC288077","MVZ264296",15.90359,-90.72228
"Bolitoglossa.rufescens","KC288071","MVZ263531",15.48651,-90.25469
"Bolitoglossa.rufescens","KC288098","USAC2483",15.86812,-91.27744
"Bolitoglossa.rufescens","KC288083","IBH22523",15.88393,-91.26033
"Bolitoglossa.rufescens","KC288066","MVZ251476",15.88542,-91.26028
"Bolitoglossa.rufescens","KC288082","MVZ263969",15.88393,-91.26033
"Bolitoglossa.rufescens","KC288085","IBH26424",17.14861,-94.22119
"Bolitoglossa.rufescens","KC288080","IBH22536",17.72399,-96.32081
