"value","Lat","Lon"
"Bolitoglossa_copinhorum.MN432666",14.315,-88.099
"Bolitoglossa_copinhorum.MN432685",14.464,-88.159
"Bolitoglossa_copinhorum.MN432682",14.464,-88.159
"Bolitoglossa_copinhorum.MN432683",14.464,-88.159
"Bolitoglossa_copinhorum.MN432665",14.127,-87.823
"Bolitoglossa_copinhorum.MN432674",14.127,-87.823
"Bolitoglossa_copinhorum.MN432679",13.986,-88.302
"Bolitoglossa_copinhorum.MN432678",13.986,-88.302
"Bolitoglossa_copinhorum.MN432677",13.986,-88.302
"Bolitoglossa_copinhorum.MN432676",14.315,-88.099
"Bolitoglossa_copinhorum.MN432675",14.315,-88.099
