"value","accession","source_id","Lat","Lon"
"Bolitoglossa.gomezi","JQ899185","UCRCRI20413",9.1966,-83.0558
"Bolitoglossa.gomezi","JQ899180","UCRCRI20847",9.1381,-83.07
"Bolitoglossa.gomezi","JQ899184","UCRCRI20399",9.1579,-83.0651
"Bolitoglossa.gomezi","JQ899188","UCRCRI20417",9.1966,-83.0558
"Bolitoglossa.gomezi","JQ899186","UCRCRI20414",9.1966,-83.0558
"Bolitoglossa.gomezi","JQ899187","UCRCRI20415",9.1966,-83.0558
"Bolitoglossa.gomezi","JQ899169","UCRCRI20848",9.1381,-83.07
"Bolitoglossa.gomezi","JQ899170","UCRCRI20843",9.1226,-83.0993
"Bolitoglossa.gomezi","JQ899179","UCRCRI20846",9.1381,-83.07
"Bolitoglossa.gomezi","JQ899178","UCRCRI20845",9.1381,-83.07
"Bolitoglossa.gomezi","JQ899177","UCRCRI20844",9.1381,-83.07
"Bolitoglossa.gomezi","JQ899176","UCRCRI20850",9.1381,-83.07
"Bolitoglossa.gomezi","JQ899171","UCRCRI20849",9.1381,-83.07
