"value","accession","source_id","Lat","Lon"
"Bolitoglossa.pesrubra","AF212074","MVZ190923S-8950",9.715,-83.935
"Bolitoglossa.pesrubra","AF212073","MVZ190923S-8953",9.715,-83.935
"Bolitoglossa.pesrubra","AF212071","MVZS12924",9.659,-83.844
"Bolitoglossa.pesrubra","AF212069","UCR12068",9.659,-83.844
"Bolitoglossa.pesrubra","AF212070",116189,9.659,-83.844
"Bolitoglossa.pesrubra","AF212078",116189,9.715,-83.935
"Bolitoglossa.pesrubra","AF212076","MVZ195598",9.617,-83.801
"Bolitoglossa.pesrubra","AF212075","MVZS12889",9.617,-83.801
"Bolitoglossa.pesrubra","AF212072","MVZ190928",9.715,-83.935
"Bolitoglossa.pesrubra","AF212082","MVZDBW5118",9.536,-83.707
"Bolitoglossa.pesrubra","AF212081","MVZDBW5117",9.536,-83.707
"Bolitoglossa.pesrubra","AF212084",116189,9.536,-83.707
