"value","Lat ","Lon","Error","voucher"
"Bolitoglossa_morioAY526187",14.9,-91.8,"MVZs813",
"Bolitoglossa_morioKJ787754",14.65,-91.001,"USAC1568GRF050",
"Bolitoglossa_morioGU725465",14.396,-90.611,,
"Bolitoglossa_morioKJ787752",14.671,-91.0103,,
"Bolitoglossa_morioHQ009987",14.79,-91.52,,
"Bolitoglossa_morioKJ175106",14.784,-91.013,,
"Bolitoglossa_morioAF212986",14.936,-91.871,3036,
"Bolitoglossa_morioHQ009989",14.91,-91.34,,
"Bolitoglossa_morioHQ009991",14.8,-91.49,"UTAA-58521",
"Bolitoglossa_morioHQ010000",14.79,-91.52,,
