"value","accession","source_id","Lat","Lon"
"Bolitoglossa.yariguiensis","KX458168","UISMHNUIS-A5265",6.889,-73.4136
"Bolitoglossa.yariguiensis","KX458170","H151",6.889,-73.4136
"Bolitoglossa.yariguiensis","KX458175","UISMHNUIS-A5282",6.889,-73.4136
"Bolitoglossa.yariguiensis","KX458174","UISMHNUIS-A5281",6.889,-73.4136
"Bolitoglossa.yariguiensis","KX458173","UISMHNUIS-A5280",6.889,-73.4136
"Bolitoglossa.yariguiensis","KX458172","UISMHNUIS-A5279",6.889,-73.4136
"Bolitoglossa.yariguiensis","KX458171","UISMHNUIS-A5278",6.889,-73.4136
"Bolitoglossa.yariguiensis","KX458169","UISMHNUIS-A5266",6.889,-73.4136
