value,Lat,Lon,Error_km,Method,MuseumFieldNumber,Notes,Reference
MN432669 Bolitoglossa celaque,14.532,-88.699,NA,Amador et al 2024,UF156458,NA,NA
MN432673 Bolitoglossa celaque,14.532,-88.699,NA,Amador et al 2024,UF156469,NA,NA
MN432672 Bolitoglossa celaque,14.532,-88.699,NA,Amador et al 2024,UF156468,NA,NA
MN432671 Bolitoglossa celaque,14.532,-88.699,NA,Amador et al 2024,UF156463,NA,NA
MN432670 Bolitoglossa celaque,14.532,-88.699,NA,Amador et al 2024,UF156461,NA,NA
MT309143 Bolitoglossa celaque,14.507265,-88.593446,3036,GeoLocate,UF156467,NA,NA
AY526177 Bolitoglossa celaque,14.5,-88.583333,3036,GeoLocate,LDW11093,NA,NA
AY526178 Bolitoglossa celaque,14.5,-88.583333,3036,GeoLocate,LDW11094,NA,NA
MT309144 Bolitoglossa celaque,14.452383,-88.873986,3036,GeoLocate,UF156470,NA,NA
MT309142 Bolitoglossa celaque,14.452383,-88.873986,3036,GeoLocate,UF156465,NA,NA
MT309141 Bolitoglossa celaque,14.452383,-88.873986,3036,GeoLocate,UF156464,NA,NA
MT309140 Bolitoglossa celaque,14.452383,-88.873986,3036,GeoLocate,UF156460,NA,NA
MT309139 Bolitoglossa celaque,14.452383,-88.873986,3036,GeoLocate,UF156459,NA,NA
MN432668 Bolitoglossa celaque,14.532,-88.699,NA,Amador et al 2024,UF156457,NA,NA
