value,Lat,Lon,Method,Error,Reference
MG944416_Bolitoglossa_peruviana,-5.884,-76.604,GENbank,not given,
MT301791_Bolitoglossa_peruviana,-5.883944,-76.604361,GENbank,not given ,
MG944415_Bolitoglossa_peruviana,-5.884,-76.604,GENbank ,not given ,
DQ353815_Bolitoglossa_peruviana,0.3333,-77.4167,Geolocate,301 m Error,"CUSI, J. C., GAGLIARDI-URRUTIA, G., BRCKO, I. C., WAKE, D. B., & MAY, R. V. (2020). Taxonomic status of the neotropical salamanders Bolitoglossa Altamazonica and Bolitoglossa peruviana (amphibia: Caudata: Plethodontidae), with the description of a new species from Northern Peru. Zootaxa, 4834(3). https://doi.org/10.11646/zootaxa.4834.3.3"
DQ353812_Bolitoglossa_peruviana,0.3333,-77.4167,Geolocate,301 m Error,"CUSI, J. C., GAGLIARDI-URRUTIA, G., BRCKO, I. C., WAKE, D. B., & MAY, R. V. (2020). Taxonomic status of the neotropical salamanders Bolitoglossa Altamazonica and Bolitoglossa peruviana (amphibia: Caudata: Plethodontidae), with the description of a new species from Northern Peru. Zootaxa, 4834(3). https://doi.org/10.11646/zootaxa.4834.3.3"
AY526170_Bolitoglossa_peruviana,-0.932343,-78.307714,Geolocate,9718m Error,"CUSI, J. C., GAGLIARDI-URRUTIA, G., BRCKO, I. C., WAKE, D. B., & MAY, R. V. (2020). Taxonomic status of the neotropical salamanders Bolitoglossa Altamazonica and Bolitoglossa peruviana (amphibia: Caudata: Plethodontidae), with the description of a new species from Northern Peru. Zootaxa, 4834(3). https://doi.org/10.11646/zootaxa.4834.3.3"
DQ353829_Bolitoglossa_peruviana,-0.993,-77.812,Geolocate,301 m Error,"CUSI, J. C., GAGLIARDI-URRUTIA, G., BRCKO, I. C., WAKE, D. B., & MAY, R. V. (2020). Taxonomic status of the neotropical salamanders Bolitoglossa Altamazonica and Bolitoglossa peruviana (amphibia: Caudata: Plethodontidae), with the description of a new species from Northern Peru. Zootaxa, 4834(3). https://doi.org/10.11646/zootaxa.4834.3.3"
DQ353827_Bolitoglossa_peruviana,-0.993,-77.812,Geolocate,301 m Error ,"CUSI, J. C., GAGLIARDI-URRUTIA, G., BRCKO, I. C., WAKE, D. B., & MAY, R. V. (2020). Taxonomic status of the neotropical salamanders Bolitoglossa Altamazonica and Bolitoglossa peruviana (amphibia: Caudata: Plethodontidae), with the description of a new species from Northern Peru. Zootaxa, 4834(3). https://doi.org/10.11646/zootaxa.4834.3.3"
DQ353824_Bolitoglossa_peruviana,-1.25,-78.25,Geolocate,301 m Error ,"CUSI, J. C., GAGLIARDI-URRUTIA, G., BRCKO, I. C., WAKE, D. B., & MAY, R. V. (2020). Taxonomic status of the neotropical salamanders Bolitoglossa Altamazonica and Bolitoglossa peruviana (amphibia: Caudata: Plethodontidae), with the description of a new species from Northern Peru. Zootaxa, 4834(3). https://doi.org/10.11646/zootaxa.4834.3.3"
DQ353823_Bolitoglossa_peruviana,-1.25,-78.25,Geolocate,301 m Error ,"CUSI, J. C., GAGLIARDI-URRUTIA, G., BRCKO, I. C., WAKE, D. B., & MAY, R. V. (2020). Taxonomic status of the neotropical salamanders Bolitoglossa Altamazonica and Bolitoglossa peruviana (amphibia: Caudata: Plethodontidae), with the description of a new species from Northern Peru. Zootaxa, 4834(3). https://doi.org/10.11646/zootaxa.4834.3.3"
DQ353822_Bolitoglossa_peruviana,-1.25,-78.25,Geolocate,301 m Error ,"CUSI, J. C., GAGLIARDI-URRUTIA, G., BRCKO, I. C., WAKE, D. B., & MAY, R. V. (2020). Taxonomic status of the neotropical salamanders Bolitoglossa Altamazonica and Bolitoglossa peruviana (amphibia: Caudata: Plethodontidae), with the description of a new species from Northern Peru. Zootaxa, 4834(3). https://doi.org/10.11646/zootaxa.4834.3.3"
DQ353821_Bolitoglossa_peruviana,-1.25,-78.25,Geolocate,301 m Error ,"CUSI, J. C., GAGLIARDI-URRUTIA, G., BRCKO, I. C., WAKE, D. B., & MAY, R. V. (2020). Taxonomic status of the neotropical salamanders Bolitoglossa Altamazonica and Bolitoglossa peruviana (amphibia: Caudata: Plethodontidae), with the description of a new species from Northern Peru. Zootaxa, 4834(3). https://doi.org/10.11646/zootaxa.4834.3.3"
DQ353817_Bolitoglossa_peruviana,-0.993,-77.812,Geolocate,301 m Error ,"CUSI, J. C., GAGLIARDI-URRUTIA, G., BRCKO, I. C., WAKE, D. B., & MAY, R. V. (2020). Taxonomic status of the neotropical salamanders Bolitoglossa Altamazonica and Bolitoglossa peruviana (amphibia: Caudata: Plethodontidae), with the description of a new species from Northern Peru. Zootaxa, 4834(3). https://doi.org/10.11646/zootaxa.4834.3.3"
DQ353819_Bolitoglossa_peruviana,-0.75,-76.416,Geolocate,.301 m Error,"CUSI, J. C., GAGLIARDI-URRUTIA, G., BRCKO, I. C., WAKE, D. B., & MAY, R. V. (2020). Taxonomic status of the neotropical salamanders Bolitoglossa Altamazonica and Bolitoglossa peruviana (amphibia: Caudata: Plethodontidae), with the description of a new species from Northern Peru. Zootaxa, 4834(3). https://doi.org/10.11646/zootaxa.4834.3.3"
DQ353818_Bolitoglossa_peruviana,-1.25,-78.25,Geolocate,301 m Error ,"CUSI, J. C., GAGLIARDI-URRUTIA, G., BRCKO, I. C., WAKE, D. B., & MAY, R. V. (2020). Taxonomic status of the neotropical salamanders Bolitoglossa Altamazonica and Bolitoglossa peruviana (amphibia: Caudata: Plethodontidae), with the description of a new species from Northern Peru. Zootaxa, 4834(3). https://doi.org/10.11646/zootaxa.4834.3.3"
DQ353810_Bolitoglossa_peruviana,-2.53761,-76.84339,Geolocate,2.53,"CUSI, J. C., GAGLIARDI-URRUTIA, G., BRCKO, I. C., WAKE, D. B., & MAY, R. V. (2020). Taxonomic status of the neotropical salamanders Bolitoglossa Altamazonica and Bolitoglossa peruviana (amphibia: Caudata: Plethodontidae), with the description of a new species from Northern Peru. Zootaxa, 4834(3). https://doi.org/10.11646/zootaxa.4834.3.3"
DQ353809_Bolitoglossa_peruviana,-2.53761,-76.84339,Geolocate,2.53,"CUSI, J. C., GAGLIARDI-URRUTIA, G., BRCKO, I. C., WAKE, D. B., & MAY, R. V. (2020). Taxonomic status of the neotropical salamanders Bolitoglossa Altamazonica and Bolitoglossa peruviana (amphibia: Caudata: Plethodontidae), with the description of a new species from Northern Peru. Zootaxa, 4834(3). https://doi.org/10.11646/zootaxa.4834.3.3"
DQ353811_Bolitoglossa_peruviana,-2.53761,-76.84339,Geolocate,2.53,"CUSI, J. C., GAGLIARDI-URRUTIA, G., BRCKO, I. C., WAKE, D. B., & MAY, R. V. (2020). Taxonomic status of the neotropical salamanders Bolitoglossa Altamazonica and Bolitoglossa peruviana (amphibia: Caudata: Plethodontidae), with the description of a new species from Northern Peru. Zootaxa, 4834(3). https://doi.org/10.11646/zootaxa.4834.3.3"
DQ353831_Bolitoglossa_peruviana,-0.75,-76.416,Geolocate,301 m Error ,"CUSI, J. C., GAGLIARDI-URRUTIA, G., BRCKO, I. C., WAKE, D. B., & MAY, R. V. (2020). Taxonomic status of the neotropical salamanders Bolitoglossa Altamazonica and Bolitoglossa peruviana (amphibia: Caudata: Plethodontidae), with the description of a new species from Northern Peru. Zootaxa, 4834(3). https://doi.org/10.11646/zootaxa.4834.3.3"
DQ353830_Bolitoglossa_peruviana,-0.75,-76.416,Geolocate,301 m Error ,"CUSI, J. C., GAGLIARDI-URRUTIA, G., BRCKO, I. C., WAKE, D. B., & MAY, R. V. (2020). Taxonomic status of the neotropical salamanders Bolitoglossa Altamazonica and Bolitoglossa peruviana (amphibia: Caudata: Plethodontidae), with the description of a new species from Northern Peru. Zootaxa, 4834(3). https://doi.org/10.11646/zootaxa.4834.3.3"
DQ353838_Bolitoglossa_peruviana,0.566667,-79.85,Geolocate,3036 m Error,"CUSI, J. C., GAGLIARDI-URRUTIA, G., BRCKO, I. C., WAKE, D. B., & MAY, R. V. (2020). Taxonomic status of the neotropical salamanders Bolitoglossa Altamazonica and Bolitoglossa peruviana (amphibia: Caudata: Plethodontidae), with the description of a new species from Northern Peru. Zootaxa, 4834(3). https://doi.org/10.11646/zootaxa.4834.3.3"
DQ353836_Bolitoglossa_peruviana,0.566667,-79.85,Geolocate,3036 m Error,"CUSI, J. C., GAGLIARDI-URRUTIA, G., BRCKO, I. C., WAKE, D. B., & MAY, R. V. (2020). Taxonomic status of the neotropical salamanders Bolitoglossa Altamazonica and Bolitoglossa peruviana (amphibia: Caudata: Plethodontidae), with the description of a new species from Northern Peru. Zootaxa, 4834(3). https://doi.org/10.11646/zootaxa.4834.3.3"
DQ353835_Bolitoglossa_peruviana,0.566667,-79.85,Geolocate,3036 m Error,"CUSI, J. C., GAGLIARDI-URRUTIA, G., BRCKO, I. C., WAKE, D. B., & MAY, R. V. (2020). Taxonomic status of the neotropical salamanders Bolitoglossa Altamazonica and Bolitoglossa peruviana (amphibia: Caudata: Plethodontidae), with the description of a new species from Northern Peru. Zootaxa, 4834(3). https://doi.org/10.11646/zootaxa.4834.3.3"
DQ353833_Bolitoglossa_peruviana,0.566667,-79.85,Geolocate,3036 m Error,"CUSI, J. C., GAGLIARDI-URRUTIA, G., BRCKO, I. C., WAKE, D. B., & MAY, R. V. (2020). Taxonomic status of the neotropical salamanders Bolitoglossa Altamazonica and Bolitoglossa peruviana (amphibia: Caudata: Plethodontidae), with the description of a new species from Northern Peru. Zootaxa, 4834(3). https://doi.org/10.11646/zootaxa.4834.3.3"
DQ353832_Bolitoglossa_peruviana,0.566667,-79.85,Geolocate,3036 m Error,"CUSI, J. C., GAGLIARDI-URRUTIA, G., BRCKO, I. C., WAKE, D. B., & MAY, R. V. (2020). Taxonomic status of the neotropical salamanders Bolitoglossa Altamazonica and Bolitoglossa peruviana (amphibia: Caudata: Plethodontidae), with the description of a new species from Northern Peru. Zootaxa, 4834(3). https://doi.org/10.11646/zootaxa.4834.3.3"
