"value","Lat","Lon"
"Bolitoglossa.nympha.KC288060  ",15.54238,-88.35758
"Bolitoglossa.nympha.KC288075",15.3604,-88.6872
"Bolitoglossa.nympha.KC288074",15.49075,-88.09759
"Bolitoglossa.nympha.KC288073",15.5007,-88.17596
"Bolitoglossa.nympha.KC288062",15.8783,-88.95351
"Bolitoglossa.nympha.KC288070",15.48148,-89.87337
"Bolitoglossa.nympha.KC288061",15.68777,-88.66544
"Bolitoglossa.nympha.KC288068",14.94545,-89.27599
"Bolitoglossa.nympha.KC288069",14.93358,-89.40782
"Bolitoglossa.nympha.KC288072",15.0318,-88.93719
