"value","Lat","Lon","Method","Error_m","Museum_Field_Number","Notes","Reference","locality",
"KC665954.1 Calotriton arnoldi haplotype 1 cytochrome b (cytb) gene, partial cds; mitochondrial",41.782658,2.320231,"GeoLocate",11.154,"haplotype 1","unable to identify exact sample in paper, probably from Montseny, Spain; exact location not given due to conservation concerns","https://doi.org/10.1371/journal.pone.0062542",,
"KY200699.1 Calotriton arnoldi isolate SPM10042124_B4 cytochrome b (Cyt b) gene, partial cds; mitochondrial",41.782658,2.320231,"GeoLocate",11.154,"SPM10042124","NA","http://dx.doi.org/10.1038/hdy.2016.123","El Montseny","Population B4"
"KY200698.1 Calotriton arnoldi isolate SPM10042123_B4 cytochrome b (Cyt b) gene, partial cds; mitochondrial",41.782658,2.320231,"GeoLocate",11.154,"SPM10042123","NA","http://dx.doi.org/10.1038/hdy.2016.123","El Montseny","Population B4"
"KY200697.1 Calotriton arnoldi isolate SPM10042121_B4 cytochrome b (Cyt b) gene, partial cds; mitochondrial",41.782658,2.320231,"GeoLocate",11.154,"SPM10042121","NA","http://dx.doi.org/10.1038/hdy.2016.123","El Montseny","Population B4"
"KY200696.1 Calotriton arnoldi isolate SPM11111003_B3 cytochrome b (Cyt b) gene, partial cds; mitochondrial",41.759613,2.298945,"GeoLocate",11.154,"SPM11111003","NA","http://dx.doi.org/10.1038/hdy.2016.123","El Montseny","Population B3"
"KY200695.1 Calotriton arnoldi isolate SPM11111002_B3 cytochrome b (Cyt b) gene, partial cds; mitochondrial",41.759613,2.298945,"GeoLocate",11.154,"SPM11111002","NA","http://dx.doi.org/10.1038/hdy.2016.123","El Montseny","Population B3"
"KY200694.1 Calotriton arnoldi isolate SPM11111001_B3 cytochrome b (Cyt b) gene, partial cds; mitochondrial",41.759613,2.298945,"GeoLocate",11.154,"SPM11111001","NA","http://dx.doi.org/10.1038/hdy.2016.123","El Montseny","Population B3"
"KY200692.1 Calotriton arnoldi isolate SPM13032407_B2 cytochrome b (Cyt b) gene, partial cds; mitochondrial",41.756028,2.34907,"GeoLocate",11.154,"SPM13032407","NA","http://dx.doi.org/10.1038/hdy.2016.123","El Montseny","Population B2"
"KY200693.1 Calotriton arnoldi isolate SPM13032408_B2 cytochrome b (Cyt b) gene, partial cds; mitochondrial",41.756028,2.34907,"GeoLocate",11.154,"SPM13032408","NA","http://dx.doi.org/10.1038/hdy.2016.123","El Montseny","Population B2"
"KY200691.1 Calotriton arnoldi isolate SPM13032406_B2 cytochrome b (Cyt b) gene, partial cds; mitochondrial",41.756028,2.34907,"GeoLocate",11.154,"SPM13032406","NA","http://dx.doi.org/10.1038/hdy.2016.123","El Montseny","Population B2"
"KY200690.1 Calotriton arnoldi isolate SPM11101104_B1 cytochrome b (Cyt b) gene, partial cds; mitochondrial",41.744758,2.322977,"GeoLocate",11.154,"SPM11101104","NA","http://dx.doi.org/10.1038/hdy.2016.123","El Montseny","Population B1"
"KY200688.1 Calotriton arnoldi isolate SPM11101102_B1 cytochrome b (Cyt b) gene, partial cds; mitochondrial",41.744758,2.322977,"GeoLocate",11.154,"SPM11101102","NA","http://dx.doi.org/10.1038/hdy.2016.123","El Montseny","Population B1"
"KY200689.1 Calotriton arnoldi isolate SPM11101103_B1 cytochrome b (Cyt b) gene, partial cds; mitochondrial",41.744758,2.322977,"GeoLocate",11.154,"SPM11101103","NA","http://dx.doi.org/10.1038/hdy.2016.123","El Montseny","Population B1"
"DQ092240.1 Calotriton arnoldi isolate MontNova cytochrome b (cytb) gene, partial cds; mitochondrial",41.756028,2.34907,"GeoLocate",11.154,"MontNova","NA","https://doi.org/10.1111/j.1096-3642.2005.00197.x","Montseny (Spain), B2",
"DQ092239.1 Calotriton arnoldi isolate E1706.10 cytochrome b (cytb) gene, partial cds; mitochondrial",41.744758,2.322977,"GeoLocate",11.154,"E1706.10","NA","https://doi.org/10.1111/j.1096-3642.2005.00197.x","Montseny (Spain), B1",
"DQ092238.1 Calotriton arnoldi isolate E1706.9 cytochrome b (cytb) gene, partial cds; mitochondrial",41.744758,2.322977,"GeoLocate",11.154,"E1706.9","NA","https://doi.org/10.1111/j.1096-3642.2005.00197.x","Montseny (Spain), B1",
"DQ092235.1 Calotriton arnoldi isolate E1401.8 cytochrome b (cytb) gene, partial cds; mitochondrial",41.77677,2.428377,"GeoLocate",11.255,"E1401.8","NA","https://doi.org/10.1111/j.1096-3642.2005.00197.x","Montseny (Spain), A2",
"KY200685.1 Calotriton arnoldi isolate SPM12052401_A3 cytochrome b (Cyt b) gene, partial cds; mitochondrial",41.762942,2.483996,"GeoLocate",11.255,"SPM12052401","NA","http://dx.doi.org/10.1038/hdy.2016.123","El Montseny","Population A3"
"KY200684.1 Calotriton arnoldi isolate SPM12051612_A2 cytochrome b (Cyt b) gene, partial cds; mitochondrial",41.77677,2.428377,"GeoLocate",11.255,"SPM12051612","NA","http://dx.doi.org/10.1038/hdy.2016.123","El Montseny","Population A2"
"KY200683.1 Calotriton arnoldi isolate SPM12051611_A2 cytochrome b (Cyt b) gene, partial cds; mitochondrial",41.77677,2.428377,"GeoLocate",11.255,"SPM12051611","NA","http://dx.doi.org/10.1038/hdy.2016.123","El Montseny","Population A2"
"KY200682.1 Calotriton arnoldi isolate SPM12051610_A2 cytochrome b (Cyt b) gene, partial cds; mitochondrial",41.77677,2.428377,"GeoLocate",11.255,"SPM12051610","NA","http://dx.doi.org/10.1038/hdy.2016.123","El Montseny","Population A2"
"KY200681.1 Calotriton arnoldi isolate SPM11111206_A1 cytochrome b (Cyt b) gene, partial cds; mitochondrial",41.78189,2.457216,"GeoLocate",11.255,"SPM11111206","NA","http://dx.doi.org/10.1038/hdy.2016.123","El Montseny","Population A1"
"KY200680.1 Calotriton arnoldi isolate SPM11111207_A1 cytochrome b (Cyt b) gene, partial cds; mitochondrial",41.78189,2.457216,"GeoLocate",11.255,"SPM11111207","NA","http://dx.doi.org/10.1038/hdy.2016.123","El Montseny","Population A1"
"KY200686.1 Calotriton arnoldi isolate SPM12052402_A3 cytochrome b (Cyt b) gene, partial cds; mitochondrial",41.762942,2.483996,"GeoLocate",11.255,"SPM12052402","NA","http://dx.doi.org/10.1038/hdy.2016.123","El Montseny","Population A3"
"KY200687.1 Calotriton arnoldi isolate SPM12052403_A3 cytochrome b (Cyt b) gene, partial cds; mitochondrial",41.762942,2.483996,"GeoLocate",11.255,"SPM12052403","NA","http://dx.doi.org/10.1038/hdy.2016.123","El Montseny","Population A3"
"DQ092236.1 Calotriton arnoldi isolate E1706.14 cytochrome b (cytb) gene, partial cds; mitochondrial",41.77677,2.428377,"GeoLocate",11.255,"E1706.14","NA","https://doi.org/10.1111/j.1096-3642.2005.00197.x","Montseny (Spain), A2",
"DQ092237.1 Calotriton arnoldi isolate E1706.17 cytochrome b (cytb) gene, partial cds; mitochondrial",41.77677,2.428377,"GeoLocate",11.255,"E1706.17","NA","https://doi.org/10.1111/j.1096-3642.2005.00197.x","Montseny (Spain), A2",
"DQ092234.1 Calotriton arnoldi isolate E1401.9 cytochrome b (cytb) gene, partial cds; mitochondrial",41.77677,2.428377,"GeoLocate",11.255,"E1401.9","NA","https://doi.org/10.1111/j.1096-3642.2005.00197.x","Montseny (Spain), A2",
