value,Lat,Lon,Error_km,Method,Museum_Field_Number,Notes,Reference
AB754601.1 Cynops pyrrhogaster ,38.233333,139.483333,3036,GEOLocate,KUHE:43139,"haplotype=""H008"" - Murakami",Tominaga et al. 2013 https://www.sciencedirect.com/science/article/abs/pii/S1055790312004216
AB754597.1 Cynops pyrrhogaster ,39.71043,140.232067,3036,GEOLocate,KUHE:43141,"haplotype=""H004"" - Akita",Tominaga et al. 2013 https://www.sciencedirect.com/science/article/abs/pii/S1055790312004216
AB754598.1 Cynops pyrrhogaster ,38.699464,140.013046,3338,GEOLocate,KUHE:13313,"haplotype=""H005"" - Tachikawa",Tominaga et al. 2013 https://www.sciencedirect.com/science/article/abs/pii/S1055790312004216
AB754596.1 Cynops pyrrhogaster,39.424301,140.61325,3036,GEOLocate,KUHE:40049,"haplotype=""H003"" - Misato",Tominaga et al. 2013 https://www.sciencedirect.com/science/article/abs/pii/S1055790312004216
AB754600.1 Cynops pyrrhogaster ,38.140643,139.969486,3036,GEOLocate,KUHE:37639,"haplotype=""H007"" - Nagai",Tominaga et al. 2013 https://www.sciencedirect.com/science/article/abs/pii/S1055790312004216
AB754599.1 Cynops pyrrhogaster ,38.140643,139.969486,3036,GEOLocate,KUHE:43305,"haplotype=""H006"" - Nagai",Tominaga et al. 2013 https://www.sciencedirect.com/science/article/abs/pii/S1055790312004216
AB754594.1 Cynops pyrrhogaster ,40.567357,141.057936,3036,GEOLocate,KUHE:40450,"haplotype=""H001"" (2) - Towada",Tominaga et al. 2013 https://www.sciencedirect.com/science/article/abs/pii/S1055790312004216
AB754595.1 Cynops pyrrhogaster ,39.426043,141.814095,3036,GEOLocate,KUHE:T3177,"haplotype=""H002"" - Otsuchi",Tominaga et al. 2013 https://www.sciencedirect.com/science/article/abs/pii/S1055790312004216
AB530702.1 Cynops pyrrhogaster ,38.870416,141.526122,4353,GEOLocate,f93,Kesennuma-shi,Tominaga et al. 2010 https://www.sciencedirect.com/science/article/abs/pii/S1055790309004485
AB754626.1 Cynops pyrrhogaster ,35.043113,139.91272,4023,GEOLocate,Ry679,"haplotype=""H033"" - Minamibouso",Tominaga et al. 2013 https://www.sciencedirect.com/science/article/abs/pii/S1055790312004216
LC661459.1 Cynops pyrrhogaster ,35.4048,139.201498,3036,GEOLocate,N1,N1 (2) - Hadano,Senzaki et al. 2022 https://bioone-org.libproxy.unm.edu/journals/current-herpetology/volume-41/issue-1/hsj.41.132/Phylogenetic-Origins-of-a-Newly-Found-Japanese-Red-Bellied-Newt/10.5358/hsj.41.132.full
AB754624.1 Cynops pyrrhogaster ,35.249854,139.660326,3036,GEOLocate,URE_652,"haplotype=""H031"" (2) - Yokosuka, Northern Lineage",Tominaga et al. 2013 https://www.sciencedirect.com/science/article/abs/pii/S1055790312004216
LC661460.1 Cynops pyrrhogaster ,35.272656,139.600418,3036,GEOLocate,N2,N2 - Hayama,Senzaki et al. 2022 https://bioone-org.libproxy.unm.edu/journals/current-herpetology/volume-41/issue-1/hsj.41.132/Phylogenetic-Origins-of-a-Newly-Found-Japanese-Red-Bellied-Newt/10.5358/hsj.41.132.full
LC661461.1 Cynops pyrrhogaster ,35.175414,139.841278,3036,GEOLocate,N3,N3 -  Kanaya,Senzaki et al. 2022 https://bioone-org.libproxy.unm.edu/journals/current-herpetology/volume-41/issue-1/hsj.41.132/Phylogenetic-Origins-of-a-Newly-Found-Japanese-Red-Bellied-Newt/10.5358/hsj.41.132.full
EU880313.1 Cynops pyrrhogaster ,35.171836,139.834927,3036,GEOLocate,MVZ 263718,"Hama-Kanaya, Futtsu City",Zhang et al. 2008 https://www.sciencedirect.com/science/article/abs/pii/S1055790308004247?via%3Dihub
AB754625.1 Cynops pyrrhogaster ,35.12982,140.077685,3036,GEOLocate,KUHE:50697,"haplotype=""H032"" (2) - Kamogawa",Tominaga et al. 2013 https://www.sciencedirect.com/science/article/abs/pii/S1055790312004216
AB754627.1 Cynops pyrrhogaster ,35.043113,139.91272,4023,GEOLocate,Ry635,"haplotype=""H034"" - Minamibouso",Tominaga et al. 2013 https://www.sciencedirect.com/science/article/abs/pii/S1055790312004216
AB754628.1 Cynops pyrrhogaster ,35.12982,140.077685,3036,GEOLocate,KUHE:50696,"haplotype=""H035"" - Kamogawa",Tominaga et al. 2013 https://www.sciencedirect.com/science/article/abs/pii/S1055790312004216
AB754629.1 Cynops pyrrhogaster ,35.043113,139.91272,4023,GEOLocate,NA,H036 (2) - Minamibouso,Tominaga et al. 2013 https://www.sciencedirect.com/science/article/abs/pii/S1055790312004216
AB754610.1 Cynops pyrrhogaster ,36.56666,139.7451,NA,tidygeocoder,NA,"H017 - Tochigi, Kanuma",Tominaga et al. 2013 https://www.sciencedirect.com/science/article/abs/pii/S1055790312004216
AB754622.1 Cynops pyrrhogaster ,36.64859,138.1948,NA,tidygeocoder,NA,"H029 (2) - Nagano, Nagano",Tominaga et al. 2013 https://www.sciencedirect.com/science/article/abs/pii/S1055790312004216
AB754623.1 Cynops pyrrhogaster ,36.31351,138.805,NA,tidygeocoder,NA,"H030 - Gunma, Matsuida",Tominaga et al. 2013 https://www.sciencedirect.com/science/article/abs/pii/S1055790312004216
AB754609.1 Cynops pyrrhogaster ,35.49793,140.1156,NA,tidygeocoder,NA,"H016 (2) - Chiba, Ichihara",Tominaga et al. 2013 https://www.sciencedirect.com/science/article/abs/pii/S1055790312004216
AB754621.1 Cynops pyrrhogaster ,37.36494,138.558,NA,tidygeocoder,NA,"H028 - Nigata, Kashiwazaki",Tominaga et al. 2013 https://www.sciencedirect.com/science/article/abs/pii/S1055790312004216
AB754608.1 Cynops pyrrhogaster ,38.72717,139.8267,NA,tidygeocoder,NA,"H015 - Yamagata, Tsuruoka",Tominaga et al. 2013 https://www.sciencedirect.com/science/article/abs/pii/S1055790312004216
AB754607.1 Cynops pyrrhogaster ,38.85692,140.2516,NA,tidygeocoder,NA,"H014 - Yamagata, Mamurogawa",Tominaga et al. 2013 https://www.sciencedirect.com/science/article/abs/pii/S1055790312004216
AB754606.1 Cynops pyrrhogaster ,38.57205,139.8282,NA,tidygeocoder,NA,"H013 - Yamagata, Tozawa",Tominaga et al. 2013 https://www.sciencedirect.com/science/article/abs/pii/S1055790312004216
AB754605.1 Cynops pyrrhogaster ,38.72717,139.8267,NA,tidygeocoder,NA,"H012 (2) - Yamagata, Tsuruoka",Tominaga et al. 2013 https://www.sciencedirect.com/science/article/abs/pii/S1055790312004216
AB754604.1 Cynops pyrrhogaster ,39.424301,140.61325,3036,GEOLocate,NA,"H011 - Akita, Misato",Tominaga et al. 2013 https://www.sciencedirect.com/science/article/abs/pii/S1055790312004216
AB754603.1 Cynops pyrrhogaster ,39.3307,141.5314,NA,tidygeocoder,NA,"H010 - Iwate, Tono",Tominaga et al. 2013 https://www.sciencedirect.com/science/article/abs/pii/S1055790312004216
AB754602.1 Cynops pyrrhogaster ,39.3812,141.8856,NA,tidygeocoder,NA,"H009 - Iwate, Otsuchi",Tominaga et al. 2013 https://www.sciencedirect.com/science/article/abs/pii/S1055790312004216
AB754615.1 Cynops pyrrhogaster ,38.01823,138.3684,NA,tidygeocoder,NA,"H022 (2) - Nigata, Sado",Tominaga et al. 2013 https://www.sciencedirect.com/science/article/abs/pii/S1055790312004216
AB754616.1 Cynops pyrrhogaster ,37.65135,139.8746,NA,tidygeocoder,NA,"H023 - Fukushima, Kitakata",Tominaga et al. 2013 https://www.sciencedirect.com/science/article/abs/pii/S1055790312004216
AB754618.1 Cynops pyrrhogaster ,37.4959,139.9308,NA,tidygeocoder,NA,"H025 - Fukushima, Aizuwakamatsu",Tominaga et al. 2013 https://www.sciencedirect.com/science/article/abs/pii/S1055790312004216
AB754617.1 Cynops pyrrhogaster ,37.6756,139.4588,NA,tidygeocoder,NA,"H024 - Nigata, Aga",Tominaga et al. 2013 https://www.sciencedirect.com/science/article/abs/pii/S1055790312004216
AB754620.1 Cynops pyrrhogaster ,37.397701,139.136567,NA,peakbagger,NA,"H027 - Nigata, Sumon",Tominaga et al. 2013 https://www.sciencedirect.com/science/article/abs/pii/S1055790312004216
AB754619.1 Cynops pyrrhogaster ,37.4959,139.9308,NA,tidygeocoder,NA,"H026 - Fukushima, Aizuwakamatsu",Tominaga et al. 2013 https://www.sciencedirect.com/science/article/abs/pii/S1055790312004216
AB754614.1 Cynops pyrrhogaster ,37.48092,138.9966,NA,tidygeocoder,NA,"H021 - Nigata, Tochio",Tominaga et al. 2013 https://www.sciencedirect.com/science/article/abs/pii/S1055790312004216
AB754611.1 Cynops pyrrhogaster ,36.5432,140.1022,NA,tidygeocoder,NA,"H018 (2) - Tochigi, Ichigai",Tominaga et al. 2013 https://www.sciencedirect.com/science/article/abs/pii/S1055790312004216
AB754613.1 Cynops pyrrhogaster ,36.53078,140.1899,NA,tidygeocoder,NA,"H020 - Tochigi, Motegi",NA
"AB754612.1 Cynops pyrrhogaster mitochondrial genes for NADH dehydrogenase subunit 6, tRNA-glu and cytochrome b, partial and complete cds, complete sequence, haplotype: ",36.55513,139.8825,NA,tidygeocoder,NA,"H019 - Tochigi, Utsunomiya",NA
"AB530703.1 Cynops pyrrhogaster mitochondrial cytb gene for cytochrome b, complete cds, specimen_voucher: ",36.55513381,139.88252095,NA,tidygeocoder,KUHE36324,NA,NA
"LC520033.1 Cynops pyrrhogaster mitochondrial genes for NADH dehydrogenase subunit 6, tRNA-glu, cytochrome b, partial and complete sequence, haplotype: ",34.43880502,136.6224509,NA,tidygeocoder,C30,"haplotype=""C30""","Genetic population structure of the Japanese newt Cynops pyrrhogaster in the Ise Bay region, in central Honshu, Japan Gen Ito, Yasunori Koya, Tokumasa Horiike, and Takahiko Mukai 2020(2):139–150"
"AB754659.1 Cynops pyrrhogaster mitochondrial genes for NADH dehydrogenase subunit 6, tRNA-glu and cytochrome b, partial and complete cds, complete sequence, haplotype: H066",34.68509144,135.8048297,NA,tidygeocoder,TPM_Am362,"haplotype=""H066""",Tominaga et al. 2013 https://www.sciencedirect.com/science/article/abs/pii/S1055790312004216
"AB754661.1 Cynops pyrrhogaster mitochondrial genes for NADH dehydrogenase subunit 6, tRNA-glu and cytochrome b, partial and complete cds, complete sequence, haplotype: H068",35.01169705,135.76816161,NA,tidygeocoder,NA,"haplotype=""H068""",NA
"AB754660.1 Cynops pyrrhogaster mitochondrial genes for NADH dehydrogenase subunit 6, tRNA-glu and cytochrome b, partial and complete cds, complete sequence, haplotype: H067",36.47147089,140.33945891,NA,tidygeocoder,NA,"haplotype=""H067""",NA
"LC520038.1 Cynops pyrrhogaster mitochondrial genes for NADH dehydrogenase subunit 6, tRNA-glu, cytochrome b, partial and complete sequence, haplotype: C35",35.35305126,136.03577353,NA,tidygeocoder,C35,NA,NA
"LC520036.1 Cynops pyrrhogaster mitochondrial genes for NADH dehydrogenase subunit 6, tRNA-glu, cytochrome b, partial and complete sequence, haplotype: C33",35.311233403,136.479020945,NA,tidygeocoder,C33,NA,NA
"LC520017.1 Cynops pyrrhogaster mitochondrial genes for NADH dehydrogenase subunit 6, tRNA-glu, cytochrome b, partial and complete sequence, haplotype: ",35.522493678,136.611469614,NA,tidygeocoder,C14,NA,NA
"AB754658.1 Cynops pyrrhogaster mitochondrial genes for NADH dehydrogenase subunit 6, tRNA-glu and cytochrome b, partial and complete cds, complete sequence, haplotype: H065",35.40188733,136.37980905,NA,tidygeocoder,NA,"haplotype=""H065""",NA
"LC661457.1 Cynops pyrrhogaster C3 mitochondrial cytb gene for cytochrome b, partial cds",35.52807462,139.03348752,NA,tidygeocoder,C3,NA,NA
"LC520030.1 Cynops pyrrhogaster mitochondrial genes for NADH dehydrogenase subunit 6, tRNA-glu, cytochrome b, partial and complete sequence, haplotype: ",34.99158912,137.62396888,NA,tidygeocoder,C27,NA,NA
"AB754657.1 Cynops pyrrhogaster mitochondrial genes for NADH dehydrogenase subunit 6, tRNA-glu and cytochrome b, partial and complete cds, complete sequence, ",34.2307357,135.17079209,NA,tidygeocoder,NA,haplotype: H064,NA
"AB754656.1 Cynops pyrrhogaster mitochondrial genes for NADH dehydrogenase subunit 6, tRNA-glu and cytochrome b, partial and complete cds, complete sequence, ",36.30396312,137.90573836,NA,tidygeocoder,NA,haplotype: H063,NA
"LC520029.1 Cynops pyrrhogaster mitochondrial genes for NADH dehydrogenase subunit 6, tRNA-glu, cytochrome b, partial and complete sequence, haplotype: ",34.48133413,136.84343283,NA,tidygeocoder,C26,NA,NA
"LC520028.1 Cynops pyrrhogaster mitochondrial genes for NADH dehydrogenase subunit 6, tRNA-glu, cytochrome b, partial and complete sequence, haplotype: ",34.32815584,136.82971566,NA,tidygeocoder,C25,NA,NA
"LC520027.1 Cynops pyrrhogaster mitochondrial genes for NADH dehydrogenase subunit 6, tRNA-glu, cytochrome b, partial and complete sequence, haplotype: ",34.32815584,136.82971566,NA,tidygeocoder,C24,NA,NA
"LC520026.1 Cynops pyrrhogaster mitochondrial genes for NADH dehydrogenase subunit 6, tRNA-glu, cytochrome b, partial and complete sequence, haplotype: ",34.32815584,136.82971566,NA,tidygeocoder,C23,NA,NA
"LC520006.1 Cynops pyrrhogaster mitochondrial genes for NADH dehydrogenase subunit 6, tRNA-glu, cytochrome b, partial and complete sequence, haplotype: ",35.33279959,137.13210084,NA,tidygeocoder,C3,NA,NA
"LC520014.1 Cynops pyrrhogaster mitochondrial genes for NADH dehydrogenase subunit 6, tRNA-glu, cytochrome b, partial and complete sequence, haplotype: ",35.44022758,137.01566324,NA,tidygeocoder,C11,NA,NA
"LC520024.1 Cynops pyrrhogaster mitochondrial genes for NADH dehydrogenase subunit 6, tRNA-glu, cytochrome b, partial and complete sequence, haplotype: ",35.42623776,136.7598219,NA,tidygeocoder,C21,NA,NA
"LC520025.1 Cynops pyrrhogaster mitochondrial genes for NADH dehydrogenase subunit 6, tRNA-glu, cytochrome b, partial and complete sequence, haplotype: ",35.42623776,136.7598219,NA,tidygeocoder,C22,NA,NA
"LC520012.1 Cynops pyrrhogaster mitochondrial genes for NADH dehydrogenase subunit 6, tRNA-glu, cytochrome b, partial and complete sequence, haplotype: ",35.49577281,136.91789447,NA,tidygeocoder,C9,NA,NA
"LC520020.1 Cynops pyrrhogaster mitochondrial genes for NADH dehydrogenase subunit 6, tRNA-glu, cytochrome b, partial and complete sequence, haplotype: ",35.522493678,136.611469614,NA,tidygeocoder,C17,NA,NA
"AB754637.1 Cynops pyrrhogaster mitochondrial genes for NADH dehydrogenase subunit 6, tRNA-glu and cytochrome b, partial and complete cds, complete sequence, ",35.83513362,136.19443786,NA,tidygeocoder,NA,haplotype: H044,NA
"AB754636.1 Cynops pyrrhogaster mitochondrial genes for NADH dehydrogenase subunit 6, tRNA-glu and cytochrome b, partial and complete cds, complete sequence, ",35.83513362,136.19443786,NA,tidygeocoder,NA,haplotype: H043,NA
"AB754633.1 Cynops pyrrhogaster mitochondrial genes for NADH dehydrogenase subunit 6, tRNA-glu and cytochrome b, partial and complete cds, complete sequence, ",36.64858594,138.19476132,NA,tidygeocoder,NA,haplotype: H040,NA
"AB754634.1 Cynops pyrrhogaster mitochondrial genes for NADH dehydrogenase subunit 6, tRNA-glu and cytochrome b, partial and complete cds, complete sequence, ",36.46585058,138.18356857,NA,tidygeocoder,NA,haplotype: H041,NA
"AB754632.1 Cynops pyrrhogaster mitochondrial genes for NADH dehydrogenase subunit 6, tRNA-glu and cytochrome b, partial and complete cds, complete sequence, ",34.94521761,137.02152668,NA,tidygeocoder,NA,haplotype: H039,NA
"LC520005.1 Cynops pyrrhogaster mitochondrial genes for NADH dehydrogenase subunit 6, tRNA-glu, cytochrome b, partial and complete sequence, haplotype: ",35.33279959,137.13210084,NA,tidygeocoder,C2,NA,NA
"LC520007.1 Cynops pyrrhogaster mitochondrial genes for NADH dehydrogenase subunit 6, tRNA-glu, cytochrome b, partial and complete sequence, haplotype: ",35.33279959,137.13210084,NA,tidygeocoder,C4,NA,NA
"LC520018.1 Cynops pyrrhogaster mitochondrial genes for NADH dehydrogenase subunit 6, tRNA-glu, cytochrome b, partial and complete sequence, haplotype: ",35.522493678,136.611469614,NA,tidygeocoder,C15,NA,NA
"LC520021.1 Cynops pyrrhogaster mitochondrial genes for NADH dehydrogenase subunit 6, tRNA-glu, cytochrome b, partial and complete sequence, haplotype: ",35.522493678,136.611469614,NA,tidygeocoder,C18,NA,NA
"LC520019.1 Cynops pyrrhogaster mitochondrial genes for NADH dehydrogenase subunit 6, tRNA-glu, cytochrome b, partial and complete sequence, haplotype: ",35.522493678,136.611469614,NA,tidygeocoder,C16,NA,NA
"LC520008.1 Cynops pyrrhogaster mitochondrial genes for NADH dehydrogenase subunit 6, tRNA-glu, cytochrome b, partial and complete sequence, haplotype: ",35.33279959,137.13210084,NA,tidygeocoder,C5,NA,NA
"LC520015.1 Cynops pyrrhogaster mitochondrial genes for NADH dehydrogenase subunit 6, tRNA-glu, cytochrome b, partial and complete sequence, haplotype: ",35.48751706,137.50061944,NA,tidygeocoder,C12,NA,NA
"AB754635.1 Cynops pyrrhogaster mitochondrial genes for NADH dehydrogenase subunit 6, tRNA-glu and cytochrome b, partial and complete cds, complete sequence, ",36.23813452,137.18623685,NA,tidygeocoder,NA,haplotype: H042,NA
"LC520023.1 Cynops pyrrhogaster mitochondrial genes for NADH dehydrogenase subunit 6, tRNA-glu, cytochrome b, partial and complete sequence, haplotype: ",35.48751706,137.50061944,NA,tidygeocoder,C20,NA,NA
"LC520016.1 Cynops pyrrhogaster mitochondrial genes for NADH dehydrogenase subunit 6, tRNA-glu, cytochrome b, partial and complete sequence, haplotype: ",35.47856375,137.1451743,NA,tidygeocoder,C13,NA,NA
"LC520011.1 Cynops pyrrhogaster mitochondrial genes for NADH dehydrogenase subunit 6, tRNA-glu, cytochrome b, partial and complete sequence, haplotype: ",35.49577281,136.91789447,NA,tidygeocoder,C8,NA,NA
"LC520009.1 Cynops pyrrhogaster mitochondrial genes for NADH dehydrogenase subunit 6, tRNA-glu, cytochrome b, partial and complete sequence, haplotype: ",35.49577281,136.91789447,NA,tidygeocoder,C6,NA,NA
"LC520010.1 Cynops pyrrhogaster mitochondrial genes for NADH dehydrogenase subunit 6, tRNA-glu, cytochrome b, partial and complete sequence, haplotype: ",35.49577281,136.91789447,NA,tidygeocoder,C7,NA,NA
"LC520004.1 Cynops pyrrhogaster mitochondrial genes for NADH dehydrogenase subunit 6, tRNA-glu, cytochrome b, partial and complete sequence, haplotype: ",35.44022758,137.01566324,NA,tidygeocoder,C1,NA,NA
"AB754630.1 Cynops pyrrhogaster mitochondrial genes for NADH dehydrogenase subunit 6, tRNA-glu and cytochrome b, partial and complete cds, complete sequence, ",34.49944336,135.59721284,NA,tidygeocoder,NA,haplotype: H037,NA
"AB754631.1 Cynops pyrrhogaster mitochondrial genes for NADH dehydrogenase subunit 6, tRNA-glu and cytochrome b, partial and complete cds, complete sequence, ",36.69588427,137.21372851,NA,tidygeocoder,NA,haplotype: H038,NA
"AB754644.1 Cynops pyrrhogaster mitochondrial genes for NADH dehydrogenase subunit 6, tRNA-glu and cytochrome b, partial and complete cds, complete sequence, ",35.58183067,137.18789184,NA,tidygeocoder,NA,haplotype: H051 (2),NA
"AB754645.1 Cynops pyrrhogaster mitochondrial genes for NADH dehydrogenase subunit 6, tRNA-glu and cytochrome b, partial and complete cds, complete sequence, ",35.42623776,136.7598219,NA,tidygeocoder,NA,haplotype: H052,NA
"LC520013.1 Cynops pyrrhogaster mitochondrial genes for NADH dehydrogenase subunit 6, tRNA-glu, cytochrome b, partial and complete sequence, haplotype: ",35.49577281,136.91789447,NA,tidygeocoder,C10,NA,NA
"AB754655.1 Cynops pyrrhogaster mitochondrial genes for NADH dehydrogenase subunit 6, tRNA-glu and cytochrome b, partial and complete cds, complete sequence, ",35.487326,136.56859202,NA,tidygeocoder,NA,haplotype: H062 (2),NA
"AB754654.1 Cynops pyrrhogaster mitochondrial genes for NADH dehydrogenase subunit 6, tRNA-glu and cytochrome b, partial and complete cds, complete sequence, ",35.910536457,136.175817447,NA,tidygeocoder,NA,haplotype: H061,NA
"LC520041.1 Cynops pyrrhogaster mitochondrial genes for NADH dehydrogenase subunit 6, tRNA-glu, cytochrome b, partial and complete sequence, haplotype: ",35.01800677,136.24603061,NA,tidygeocoder,C38,NA,NA
"LC520037.1 Cynops pyrrhogaster mitochondrial genes for NADH dehydrogenase subunit 6, tRNA-glu, cytochrome b, partial and complete sequence, haplotype: ",35.35305126,136.03577353,NA,tidygeocoder,C34,NA,NA
"AB754653.1 Cynops pyrrhogaster mitochondrial genes for NADH dehydrogenase subunit 6, tRNA-glu and cytochrome b, partial and complete cds, complete sequence, ",34.94524869,135.91711874,NA,tidygeocoder,NA,haplotype: H060,NA
"AB754652.1 Cynops pyrrhogaster mitochondrial genes for NADH dehydrogenase subunit 6, tRNA-glu and cytochrome b, partial and complete cds, complete sequence, ",37.43635215,137.26044623,NA,tidygeocoder,NA,haplotype: H059,NA
"AB754649.1 Cynops pyrrhogaster mitochondrial genes for NADH dehydrogenase subunit 6, tRNA-glu and cytochrome b, partial and complete cds, complete sequence, ",35.97986681,136.48748973,NA,tidygeocoder,NA,haplotype: H056,NA
"AB754648.1 Cynops pyrrhogaster mitochondrial genes for NADH dehydrogenase subunit 6, tRNA-glu and cytochrome b, partial and complete cds, complete sequence, ",36.44698457,136.55409124,NA,tidygeocoder,NA,haplotype: H055 (2),NA
"LC520039.1 Cynops pyrrhogaster mitochondrial genes for NADH dehydrogenase subunit 6, tRNA-glu, cytochrome b, partial and complete sequence, haplotype: ",35.35305126,136.03577353,NA,tidygeocoder,C36,NA,NA
"AB754651.1 Cynops pyrrhogaster mitochondrial genes for NADH dehydrogenase subunit 6, tRNA-glu and cytochrome b, partial and complete cds, complete sequence, ",35.20263097,135.5187602,NA,tidygeocoder,NA,haplotype: H058,NA
"AB754650.1 Cynops pyrrhogaster mitochondrial genes for NADH dehydrogenase subunit 6, tRNA-glu and cytochrome b, partial and complete cds, complete sequence, ",35.07121,135.78637,NA,tidygeocoder,NA,haplotype: H057,NA
"AB754641.1 Cynops pyrrhogaster mitochondrial genes for NADH dehydrogenase subunit 6, tRNA-glu and cytochrome b, partial and complete cds, complete sequence, ",34.97515624,138.3832445,NA,tidygeocoder,NA,haplotype: H048,NA
"AB754643.1 Cynops pyrrhogaster mitochondrial genes for NADH dehydrogenase subunit 6, tRNA-glu and cytochrome b, partial and complete cds, complete sequence, ",35.075734971,137.844028028,NA,tidygeocoder,NA,haplotype: H050,NA
"AB754642.1 Cynops pyrrhogaster mitochondrial genes for NADH dehydrogenase subunit 6, tRNA-glu and cytochrome b, partial and complete cds, complete sequence, ",34.97515624,138.3832445,NA,tidygeocoder,NA,haplotype: H049,NA
"AB754640.1 Cynops pyrrhogaster mitochondrial genes for NADH dehydrogenase subunit 6, tRNA-glu and cytochrome b, partial and complete cds, complete sequence, ",33.77232703,135.32163604,NA,tidygeocoder,NA,haplotype: H047,NA
"AB754639.1 Cynops pyrrhogaster mitochondrial genes for NADH dehydrogenase subunit 6, tRNA-glu and cytochrome b, partial and complete cds, complete sequence, ",35.18142047,136.90668338,NA,tidygeocoder,NA,haplotype: H046,NA
"AB754647.1 Cynops pyrrhogaster mitochondrial genes for NADH dehydrogenase subunit 6, tRNA-glu and cytochrome b, partial and complete cds, complete sequence, ",34.21133861,136.33709532,NA,tidygeocoder,NA,haplotype: H054 (2),NA
"LC520031.1 Cynops pyrrhogaster mitochondrial genes for NADH dehydrogenase subunit 6, tRNA-glu, cytochrome b, partial and complete sequence, haplotype: ",34.99158912,137.62396888,NA,tidygeocoder,C28,NA,NA
"LC661456.1 Cynops pyrrhogaster C2 mitochondrial cytb gene for cytochrome b, partial cds",35.57143471,139.37299739,NA,tidygeocoder,C2,C2 (2),NA
"AB754646.1 Cynops pyrrhogaster mitochondrial genes for NADH dehydrogenase subunit 6, tRNA-glu and cytochrome b, partial and complete cds, complete sequence, ",34.35805686,136.41581129,NA,tidygeocoder,NA,haplotype: H053,NA
"AB754638.1 Cynops pyrrhogaster mitochondrial genes for NADH dehydrogenase subunit 6, tRNA-glu and cytochrome b, partial and complete cds, complete sequence, ",34.76880988,137.99839781,NA,tidygeocoder,NA,haplotype: H045,NA
"LC520035.1 Cynops pyrrhogaster mitochondrial genes for NADH dehydrogenase subunit 6, tRNA-glu, cytochrome b, partial and complete sequence, haplotype: ",34.43880502,136.6224509,NA,tidygeocoder,C32,NA,NA
"LC520034.1 Cynops pyrrhogaster mitochondrial genes for NADH dehydrogenase subunit 6, tRNA-glu, cytochrome b, partial and complete sequence, haplotype: ",34.43880502,136.6224509,NA,tidygeocoder,C31,NA,NA
"LC520032.1 Cynops pyrrhogaster mitochondrial genes for NADH dehydrogenase subunit 6, tRNA-glu, cytochrome b, partial and complete sequence, haplotype: ",34.43880502,136.6224509,NA,tidygeocoder,C29,NA,NA
"LC520022.1 Cynops pyrrhogaster mitochondrial genes for NADH dehydrogenase subunit 6, tRNA-glu, cytochrome b, partial and complete sequence, haplotype: ",35.22374155,137.08402678,NA,tidygeocoder,C19,NA,NA
"LC661455.1 Cynops pyrrhogaster C1 mitochondrial cytb gene for cytochrome b, partial cds",35.66210792,138.56826992,NA,tidygeocoder,C1,NA,NA
"AB754662.1 Cynops pyrrhogaster mitochondrial genes for NADH dehydrogenase subunit 6, tRNA-glu and cytochrome b, partial and complete cds, complete sequence, ",34.77276917,139.04127464,NA,tidygeocoder,TPM_Am4211,"haplotype: H069 Japan,Shizuoka,Higashiizu",NA
"LC661458.1 Cynops pyrrhogaster C4 mitochondrial cytb gene for cytochrome b, partial cds",35.57143471,139.37299739,NA,tidygeocoder,C4,NA,NA
"AB754673.1 Cynops pyrrhogaster mitochondrial genes for NADH dehydrogenase subunit 6, tRNA-glu and cytochrome b, partial and complete cds, complete sequence, ",34.97186688,134.2172241,NA,tidygeocoder,NA,haplotype: H080,NA
"AB754669.1 Cynops pyrrhogaster mitochondrial genes for NADH dehydrogenase subunit 6, tRNA-glu and cytochrome b, partial and complete cds, complete sequence, ",35.40463907,134.76768678,NA,tidygeocoder,NA,haplotype: H076,NA
"AB754667.1 Cynops pyrrhogaster mitochondrial genes for NADH dehydrogenase subunit 6, tRNA-glu and cytochrome b, partial and complete cds, complete sequence, ",35.49441833,134.22217792,NA,tidygeocoder,NA,haplotype: H074,NA
"AB754671.1 Cynops pyrrhogaster mitochondrial genes for NADH dehydrogenase subunit 6, tRNA-glu and cytochrome b, partial and complete cds, complete sequence, ",35.10735092,135.47024197,NA,tidygeocoder,NA,haplotype: H078,NA
"AB754672.1 Cynops pyrrhogaster mitochondrial genes for NADH dehydrogenase subunit 6, tRNA-glu and cytochrome b, partial and complete cds, complete sequence, ",35.07121,135.78637,NA,tidygeocoder,NA,haplotype: H079,NA
"AB530704.1 Cynops pyrrhogaster mitochondrial cytb gene for cytochrome b, complete cds, specimen_voucher: ",35.01169705,135.76816161,NA,tidygeocoder,KUHE33349,NA,NA
"LC520040.1 Cynops pyrrhogaster mitochondrial genes for NADH dehydrogenase subunit 6, tRNA-glu, cytochrome b, partial and complete sequence, haplotype: ",35.35305126,136.03577353,NA,tidygeocoder,C37,NA,NA
"AB754668.1 Cynops pyrrhogaster mitochondrial genes for NADH dehydrogenase subunit 6, tRNA-glu and cytochrome b, partial and complete cds, complete sequence, ",35.43972546,133.41000057,NA,tidygeocoder,NA,haplotype: H075,NA
"AB754663.1 Cynops pyrrhogaster mitochondrial genes for NADH dehydrogenase subunit 6, tRNA-glu and cytochrome b, partial and complete cds, complete sequence, ",35.62420146,135.06098703,NA,tidygeocoder,NA,haplotype: H070,NA
"AB754664.1 Cynops pyrrhogaster mitochondrial genes for NADH dehydrogenase subunit 6, tRNA-glu and cytochrome b, partial and complete cds, complete sequence, ",34.7501419,134.00362888,NA,tidygeocoder,NA,haplotype: H071,NA
"AB754665.1 Cynops pyrrhogaster mitochondrial genes for NADH dehydrogenase subunit 6, tRNA-glu and cytochrome b, partial and complete cds, complete sequence, ",35.00862432,134.1486263,NA,tidygeocoder,NA,haplotype: H072,NA
"AB754670.1 Cynops pyrrhogaster mitochondrial genes for NADH dehydrogenase subunit 6, tRNA-glu and cytochrome b, partial and complete cds, complete sequence, ",35.49441833,134.22217792,NA,tidygeocoder,NA,haplotype: H077,NA
"AB754666.1 Cynops pyrrhogaster mitochondrial genes for NADH dehydrogenase subunit 6, tRNA-glu and cytochrome b, partial and complete cds, complete sequence, ",35.16879884,133.740398499,NA,tidygeocoder,NA,haplotype: H073 (2),NA
"AB754678.1 Cynops pyrrhogaster mitochondrial genes for NADH dehydrogenase subunit 6, tRNA-glu and cytochrome b, partial and complete cds, complete sequence, ",34.85837903,134.66837098,NA,tidygeocoder,NA,haplotype: H085,NA
"AB754677.1 Cynops pyrrhogaster mitochondrial genes for NADH dehydrogenase subunit 6, tRNA-glu and cytochrome b, partial and complete cds, complete sequence, ",34.68942768,135.19575707,NA,tidygeocoder,NA,haplotype: H084,NA
"AB754676.1 Cynops pyrrhogaster mitochondrial genes for NADH dehydrogenase subunit 6, tRNA-glu and cytochrome b, partial and complete cds, complete sequence, ",35.16879884,133.740398499,NA,tidygeocoder,NA,haplotype: H083,NA
"AB754675.1 Cynops pyrrhogaster mitochondrial genes for NADH dehydrogenase subunit 6, tRNA-glu and cytochrome b, partial and complete cds, complete sequence, ",35.42808434,133.33097797,NA,tidygeocoder,NA,haplotype: H082,NA
"AB754674.1 Cynops pyrrhogaster mitochondrial genes for NADH dehydrogenase subunit 6, tRNA-glu and cytochrome b, partial and complete cds, complete sequence, ",35.49957892,133.50281897,NA,tidygeocoder,NA,haplotype: H081,NA
"AB754733.1 Cynops pyrrhogaster mitochondrial genes for NADH dehydrogenase subunit 6, tRNA-glu and cytochrome b, partial and complete cds, complete sequence, ",31.8134047,130.30406515,NA,tidygeocoder,NA,haplotype: H140,NA
"AB754734.1 Cynops pyrrhogaster mitochondrial genes for NADH dehydrogenase subunit 6, tRNA-glu and cytochrome b, partial and complete cds, complete sequence, ",31.736926631,130.653399795,NA,tidygeocoder,NA,haplotype: H141,NA
"AB530706.1 Cynops pyrrhogaster mitochondrial cytb gene for cytochrome b, complete cds, specimen_voucher: ",31.28318928,130.36290797,NA,tidygeocoder,KUHE30058,NA,NA
"AB754732.1 Cynops pyrrhogaster mitochondrial genes for NADH dehydrogenase subunit 6, tRNA-glu and cytochrome b, partial and complete cds, complete sequence, haplotype: H139",31.24361076,130.78747914,NA,tidygeocoder,NA,haplotype: H139,NA
"AB754731.1 Cynops pyrrhogaster mitochondrial genes for NADH dehydrogenase subunit 6, tRNA-glu and cytochrome b, partial and complete cds, complete sequence, ",31.8134047,130.30406515,NA,tidygeocoder,NA,haplotype: H138,NA
"AB754730.1 Cynops pyrrhogaster mitochondrial genes for NADH dehydrogenase subunit 6, tRNA-glu and cytochrome b, partial and complete cds, complete sequence, ",32.69578456,128.8408587,NA,tidygeocoder,NA,haplotype: H137,NA
"AB754727.1 Cynops pyrrhogaster mitochondrial genes for NADH dehydrogenase subunit 6, tRNA-glu and cytochrome b, partial and complete cds, complete sequence, ",33.12805299,130.06006948,NA,tidygeocoder,NA,haplotype: H134,NA
"AB754721.1 Cynops pyrrhogaster mitochondrial genes for NADH dehydrogenase subunit 6, tRNA-glu and cytochrome b, partial and complete cds, complete sequence, ",33.67394,130.30044,NA,tidygeocoder,NA,haplotype: H128 (2),NA
"AB754722.1 Cynops pyrrhogaster mitochondrial genes for NADH dehydrogenase subunit 6, tRNA-glu and cytochrome b, partial and complete cds, complete sequence, ",34.12300962,134.51155143,NA,tidygeocoder,NA,haplotype: H129,NA
"AB754720.1 Cynops pyrrhogaster mitochondrial genes for NADH dehydrogenase subunit 6, tRNA-glu and cytochrome b, partial and complete cds, complete sequence, ",33.31159424,130.37181639,NA,tidygeocoder,NA,haplotype: H127,NA
"AB754723.1 Cynops pyrrhogaster mitochondrial genes for NADH dehydrogenase subunit 6, tRNA-glu and cytochrome b, partial and complete cds, complete sequence, ",32.34093419,130.3410524,NA,tidygeocoder,NA,haplotype: H130,NA
"AB754724.1 Cynops pyrrhogaster mitochondrial genes for NADH dehydrogenase subunit 6, tRNA-glu and cytochrome b, partial and complete cds, complete sequence, ",33.12805299,130.06006948,NA,tidygeocoder,NA,haplotype: H131,NA
"AB754725.1 Cynops pyrrhogaster mitochondrial genes for NADH dehydrogenase subunit 6, tRNA-glu and cytochrome b, partial and complete cds, complete sequence, ",32.84343646,130.05313225,NA,tidygeocoder,NA,haplotype: H132,NA
"AB754726.1 Cynops pyrrhogaster mitochondrial genes for NADH dehydrogenase subunit 6, tRNA-glu and cytochrome b, partial and complete cds, complete sequence, ",33.67394,130.30044,NA,tidygeocoder,NA,haplotype: H133 (2),NA
"AB754729.1 Cynops pyrrhogaster mitochondrial genes for NADH dehydrogenase subunit 6, tRNA-glu and cytochrome b, partial and complete cds, complete sequence, ",32.84343646,130.05313225,NA,tidygeocoder,NA,haplotype: H136,NA
"AB754728.1 Cynops pyrrhogaster mitochondrial genes for NADH dehydrogenase subunit 6, tRNA-glu and cytochrome b, partial and complete cds, complete sequence, ",32.84343646,130.05313225,NA,tidygeocoder,NA,haplotype: H135,NA
"AB754681.1 Cynops pyrrhogaster mitochondrial genes for NADH dehydrogenase subunit 6, tRNA-glu and cytochrome b, partial and complete cds, complete sequence, ",34.65514777,133.91970199,NA,tidygeocoder,NA,haplotype: H088,NA
"AB754680.1 Cynops pyrrhogaster mitochondrial genes for NADH dehydrogenase subunit 6, tRNA-glu and cytochrome b, partial and complete cds, complete sequence, ",34.86348929,133.69334611,NA,tidygeocoder,NA,haplotype: H087 (2),NA
"AB754683.1 Cynops pyrrhogaster mitochondrial genes for NADH dehydrogenase subunit 6, tRNA-glu and cytochrome b, partial and complete cds, complete sequence, ",35.34025843,133.32681427,NA,tidygeocoder,NA,haplotype: H090,NA
"AB754682.1 Cynops pyrrhogaster mitochondrial genes for NADH dehydrogenase subunit 6, tRNA-glu and cytochrome b, partial and complete cds, complete sequence, ",35.38517334,133.40741676,NA,tidygeocoder,NA,haplotype: H089,NA
"AB754679.1 Cynops pyrrhogaster mitochondrial genes for NADH dehydrogenase subunit 6, tRNA-glu and cytochrome b, partial and complete cds, complete sequence, ",34.65499369,131.80605886,NA,tidygeocoder,NA,haplotype: H086 (2),NA
"AB754685.1 Cynops pyrrhogaster mitochondrial genes for NADH dehydrogenase subunit 6, tRNA-glu and cytochrome b, partial and complete cds, complete sequence, ",35.00862432,134.1486263,NA,tidygeocoder,NA,haplotype: H092,NA
"AB754684.1 Cynops pyrrhogaster mitochondrial genes for NADH dehydrogenase subunit 6, tRNA-glu and cytochrome b, partial and complete cds, complete sequence, ",34.34863473,132.33137999,NA,tidygeocoder,NA,haplotype: H091,NA
"AB754686.1 Cynops pyrrhogaster mitochondrial genes for NADH dehydrogenase subunit 6, tRNA-glu and cytochrome b, partial and complete cds, complete sequence, ",35.01160292,132.21778275,NA,tidygeocoder,NA,haplotype: H093,NA
"AB754687.1 Cynops pyrrhogaster mitochondrial genes for NADH dehydrogenase subunit 6, tRNA-glu and cytochrome b, partial and complete cds, complete sequence, ",34.67485789,131.84283515,NA,tidygeocoder,NA,haplotype: H094,NA
"AB754719.1 Cynops pyrrhogaster mitochondrial genes for NADH dehydrogenase subunit 6, tRNA-glu and cytochrome b, partial and complete cds, complete sequence, ",33.88860324,136.10023275,NA,tidygeocoder,NA,haplotype: H126,NA
"AB754718.1 Cynops pyrrhogaster mitochondrial genes for NADH dehydrogenase subunit 6, tRNA-glu and cytochrome b, partial and complete cds, complete sequence, ",33.95802517,135.42494507,NA,tidygeocoder,NA,haplotype: H125,NA
"AB754716.1 Cynops pyrrhogaster mitochondrial genes for NADH dehydrogenase subunit 6, tRNA-glu and cytochrome b, partial and complete cds, complete sequence, ",34.62143115,131.59988776,NA,tidygeocoder,NA,haplotype: H123,NA
"AB754717.1 Cynops pyrrhogaster mitochondrial genes for NADH dehydrogenase subunit 6, tRNA-glu and cytochrome b, partial and complete cds, complete sequence, ",34.40811194,131.39909595,NA,tidygeocoder,NA,haplotype: H124,NA
"AB754709.1 Cynops pyrrhogaster mitochondrial genes for NADH dehydrogenase subunit 6, tRNA-glu and cytochrome b, partial and complete cds, complete sequence, ",33.98849903,135.7924872,NA,tidygeocoder,NA,haplotype: H116,NA
"AB754708.1 Cynops pyrrhogaster mitochondrial genes for NADH dehydrogenase subunit 6, tRNA-glu and cytochrome b, partial and complete cds, complete sequence, ",33.53191077,135.81488261,NA,tidygeocoder,NA,haplotype: H115,NA
"AB754707.1 Cynops pyrrhogaster mitochondrial genes for NADH dehydrogenase subunit 6, tRNA-glu and cytochrome b, partial and complete cds, complete sequence, ",34.2307357,135.17079209,NA,tidygeocoder,NA,haplotype: H114,NA
"LC661462.1 Cynops pyrrhogaster YH mitochondrial cytb gene for cytochrome b, partial cds",35.45039772,139.63424714,NA,tidygeocoder,YH,YH (6),NA
"AB754706.1 Cynops pyrrhogaster mitochondrial genes for NADH dehydrogenase subunit 6, tRNA-glu and cytochrome b, partial and complete cds, complete sequence, ",33.07938587,133.09833367,NA,tidygeocoder,NA,haplotype: H113,NA
"AB754705.1 Cynops pyrrhogaster mitochondrial genes for NADH dehydrogenase subunit 6, tRNA-glu and cytochrome b, partial and complete cds, complete sequence, ",33.92174601,134.65952836,NA,tidygeocoder,NA,haplotype: H112 (2),NA
"AB754695.1 Cynops pyrrhogaster mitochondrial genes for NADH dehydrogenase subunit 6, tRNA-glu and cytochrome b, partial and complete cds, complete sequence, ",31.99068755,131.32355972,NA,tidygeocoder,NA,haplotype: H102,NA
"AB754694.1 Cynops pyrrhogaster mitochondrial genes for NADH dehydrogenase subunit 6, tRNA-glu and cytochrome b, partial and complete cds, complete sequence, ",32.10788869,131.40090851,NA,tidygeocoder,NA,haplotype: H101 (2),NA
"AB754696.1 Cynops pyrrhogaster mitochondrial genes for NADH dehydrogenase subunit 6, tRNA-glu and cytochrome b, partial and complete cds, complete sequence, ",32.482596594,130.342721565,NA,tidygeocoder,NA,haplotype: H103,NA
"AB754698.1 Cynops pyrrhogaster mitochondrial genes for NADH dehydrogenase subunit 6, tRNA-glu and cytochrome b, partial and complete cds, complete sequence, ",32.50744982,130.60182023,NA,tidygeocoder,NA,haplotype: H105,NA
"AB754697.1 Cynops pyrrhogaster mitochondrial genes for NADH dehydrogenase subunit 6, tRNA-glu and cytochrome b, partial and complete cds, complete sequence, ",31.90567566,130.4558389,NA,tidygeocoder,NA,haplotype: H104,NA
"AB530705.1 Cynops pyrrhogaster mitochondrial cytb gene for cytochrome b, complete cds, specimen_voucher: ",32.23537201,130.79777556,NA,tidygeocoder,KUHE34641,NA,NA
"AB754703.1 Cynops pyrrhogaster mitochondrial genes for NADH dehydrogenase subunit 6, tRNA-glu and cytochrome b, partial and complete cds, complete sequence, ",33.37773177,130.50600253,NA,tidygeocoder,NA,haplotype: H110,NA
"AB754702.1 Cynops pyrrhogaster mitochondrial genes for NADH dehydrogenase subunit 6, tRNA-glu and cytochrome b, partial and complete cds, complete sequence, ",33.64655846,130.69117269,NA,tidygeocoder,NA,haplotype: H109,NA
"AB754715.1 Cynops pyrrhogaster mitochondrial genes for NADH dehydrogenase subunit 6, tRNA-glu and cytochrome b, partial and complete cds, complete sequence, ",32.78146827,132.95491002,NA,tidygeocoder,NA,haplotype: H122 (2),NA
"AB754714.1 Cynops pyrrhogaster mitochondrial genes for NADH dehydrogenase subunit 6, tRNA-glu and cytochrome b, partial and complete cds, complete sequence, ",33.92174601,134.65952836,NA,tidygeocoder,NA,haplotype: H121,NA
"AB754711.1 Cynops pyrrhogaster mitochondrial genes for NADH dehydrogenase subunit 6, tRNA-glu and cytochrome b, partial and complete cds, complete sequence, ",33.55873468,133.53106047,NA,tidygeocoder,NA,haplotype: H118,NA
"AB754693.1 Cynops pyrrhogaster mitochondrial genes for NADH dehydrogenase subunit 6, tRNA-glu and cytochrome b, partial and complete cds, complete sequence, ",32.82242997,131.12053087,NA,tidygeocoder,NA,haplotype: H100,NA
"AB754713.1 Cynops pyrrhogaster mitochondrial genes for NADH dehydrogenase subunit 6, tRNA-glu and cytochrome b, partial and complete cds, complete sequence, ",33.0688136,132.82242101,NA,tidygeocoder,NA,haplotype: H120,NA
"AB754712.1 Cynops pyrrhogaster mitochondrial genes for NADH dehydrogenase subunit 6, tRNA-glu and cytochrome b, partial and complete cds, complete sequence, ",33.49604288,133.42515932,NA,tidygeocoder,NA,haplotype: H119,NA
"AB754710.1 Cynops pyrrhogaster mitochondrial genes for NADH dehydrogenase subunit 6, tRNA-glu and cytochrome b, partial and complete cds, complete sequence, ",33.76859827,133.64310962,NA,tidygeocoder,NA,haplotype: H117,NA
"AB754704.1 Cynops pyrrhogaster mitochondrial genes for NADH dehydrogenase subunit 6, tRNA-glu and cytochrome b, partial and complete cds, complete sequence, ",34.40811194,131.39909595,NA,tidygeocoder,NA,haplotype: H111,NA
"AB754701.1 Cynops pyrrhogaster mitochondrial genes for NADH dehydrogenase subunit 6, tRNA-glu and cytochrome b, partial and complete cds, complete sequence, ",33.95821204,130.96898277,NA,tidygeocoder,NA,haplotype: H108,NA
"AB754700.1 Cynops pyrrhogaster mitochondrial genes for NADH dehydrogenase subunit 6, tRNA-glu and cytochrome b, partial and complete cds, complete sequence, ",32.40595357,130.334358869,NA,tidygeocoder,NA,haplotype: H107 (2),NA
"AB754699.1 Cynops pyrrhogaster mitochondrial genes for NADH dehydrogenase subunit 6, tRNA-glu and cytochrome b, partial and complete cds, complete sequence, ",33.56334935,131.73228975,NA,tidygeocoder,NA,haplotype: H106,NA
"AB754692.1 Cynops pyrrhogaster mitochondrial genes for NADH dehydrogenase subunit 6, tRNA-glu and cytochrome b, partial and complete cds, complete sequence, ",33.31040453,130.94203626,NA,tidygeocoder,NA,haplotype: H099,NA
"AB754691.1 Cynops pyrrhogaster mitochondrial genes for NADH dehydrogenase subunit 6, tRNA-glu and cytochrome b, partial and complete cds, complete sequence, ",33.23965491,131.60910524,NA,tidygeocoder,NA,haplotype: H098,NA
"AB754690.1 Cynops pyrrhogaster mitochondrial genes for NADH dehydrogenase subunit 6, tRNA-glu and cytochrome b, partial and complete cds, complete sequence, ",32.71139873,131.3077532,NA,tidygeocoder,NA,haplotype: H097,NA
"AB754689.1 Cynops pyrrhogaster mitochondrial genes for NADH dehydrogenase subunit 6, tRNA-glu and cytochrome b, partial and complete cds, complete sequence, ",32.71139873,131.3077532,NA,tidygeocoder,NA,haplotype: H096,NA
"AB754688.1 Cynops pyrrhogaster mitochondrial genes for NADH dehydrogenase subunit 6, tRNA-glu and cytochrome b, partial and complete cds, complete sequence, ",33.22856399,131.18881957,NA,tidygeocoder,NA,haplotype: H095,NA
"LC663966.1 Cynops pyrrhogaster yokohama-aoba mitochondrial cytb gene for cytochrome b, partial cds",35.527777777778,139.537222222222,NA,"Paper, Google Maps",NA,"isolate=""yokohama-aoba"" in Genbank",Matsumoto et al. 2022
