"value","Lat","Lon","Error_km","Method","Museum_Field_Number","Notes","Reference"
"AB530730.1 Cynops ensicauda",28.43116,129.691471,2530,"GEOLocate","KUHE50098","haplotype=""H007""","https://www.sciencedirect.com/science/article/abs/pii/S1055790309004485?via%3Dihub"
"AB530717.1 Cynops ensicauda",28.133333,129.233333,2978,"GEOLocate","KUHE50235","haplotype=""H031""","https://www.sciencedirect.com/science/article/abs/pii/S1055790309004485?via%3Dihub"
"AB530708.1 Cynops ensicauda",28.295946,129.229335,1434,"GEOLocate","KUHE50108","haplotype=""H021"" (4)","https://www.sciencedirect.com/science/article/abs/pii/S1055790309004485?via%3Dihub"
"AB530728.1 Cynops ensicauda",28.25,129.25,3036,"GEOLocate","KUHE50118","haplotype=""H025""","https://www.sciencedirect.com/science/article/abs/pii/S1055790309004485?via%3Dihub"
"AB530733.1 Cynops ensicauda",28.133333,129.233333,3039,"GEOLocate","KUHE50234","haplotype=""H020""","https://www.sciencedirect.com/science/article/abs/pii/S1055790309004485?via%3Dihub"
"AB530713.1 Cynops ensicauda",28.186878,129.329888,2412,"GEOLocate","Ry216","haplotype=""H026""","https://www.sciencedirect.com/science/article/abs/pii/S1055790309004485?via%3Dihub"
"AB530707.1 Cynops ensicauda",28.43116,129.691471,2530,"GEOLocate","KUHE50100","haplotype=""H003"" (4)","https://www.sciencedirect.com/science/article/abs/pii/S1055790309004485?via%3Dihub"
"AB530732.1 Cynops ensicauda",28.410094,129.580377,3036,"GEOLocate","Ry321","haplotype=""H010""","https://www.sciencedirect.com/science/article/abs/pii/S1055790309004485?via%3Dihub"
"AB530718.1 Cynops ensicauda",28.133333,129.233333,3083,"GEOLocate","KUHE50236","haplotype=""H030""","https://www.sciencedirect.com/science/article/abs/pii/S1055790309004485?via%3Dihub"
"AB530738.1 Cynops ensicauda",28.186878,129.329888,2412,"GEOLocate","KUHE50102","haplotype=""H001""","https://www.sciencedirect.com/science/article/abs/pii/S1055790309004485?via%3Dihub"
"AB530711.1 Cynops ensicauda",28.410094,129.580377,3036,"GEOLocate","KUHE501114","haplotype=""H011""","https://www.sciencedirect.com/science/article/abs/pii/S1055790309004485?via%3Dihub"
"AB530741.1 Cynops ensicauda",28.437651,129.680743,3761,"GEOLocate","KUHE50093","haplotype=""H009","https://www.sciencedirect.com/science/article/abs/pii/S1055790309004485?via%3Dihub"
"AB530712.1 Cynops ensicauda",28.266667,129.35,5421,"GEOLocate","KUHE50228","haplotype=""H013""","https://www.sciencedirect.com/science/article/abs/pii/S1055790309004485?via%3Dihub"
"AB530714.1 Cynops ensicauda",28.266667,129.35,5421,"GEOLocate","KUHE50229","haplotype=""H015""","https://www.sciencedirect.com/science/article/abs/pii/S1055790309004485?via%3Dihub"
"AB530710.1 Cynops ensicauda",28.410094,129.580377,3036,"GEOLocate","KUHE50113","haplotype=""H012""","https://www.sciencedirect.com/science/article/abs/pii/S1055790309004485?via%3Dihub"
"AB530740.1 Cynops ensicauda",28.43116,129.691471,2530,"GEOLocate","KUHE50097","haplotype=""H004"" (3)","https://www.sciencedirect.com/science/article/abs/pii/S1055790309004485?via%3Dihub"
"AB754736.1 Cynops ensicauda",28.366667,129.483333,3036,"GEOLocate","KUHE:50081","haplotype=""H143""","https://www.sciencedirect.com/science/article/abs/pii/S1055790312004216?via%3Dihub"
"AB530729.1 Cynops ensicauda",28.43116,129.691471,2530,"GEOLocate","Ry311","haplotype=""H006"" (2) - Usyuku","https://www.sciencedirect.com/science/article/abs/pii/S1055790309004485?via%3Dihub"
"AB530739.1 Cynops ensicauda",28.516667,129.683333,1417,"GEOLocate","KUHE50077","haplotype=""H002""","https://www.sciencedirect.com/science/article/abs/pii/S1055790309004485?via%3Dihub"
"AB530726.1 Cynops ensicauda",28.366667,129.483333,3036,"GEOLocate","KUHE50126","haplotype=""H014""","https://www.sciencedirect.com/science/article/abs/pii/S1055790309004485?via%3Dihub"
"AB530731.1 Cynops ensicauda",28.412629,129.579069,4902,"GEOLocate","KUHE50104","haplotype=""H005, same specimen voucher of previous sample ","https://www.sciencedirect.com/science/article/abs/pii/S1055790309004485?via%3Dihub"
"AB754737.1 Cynops ensicauda",28.412629,129.579069,4902,"GEOLocate","KUHE:50104","haplotype=""H144""","https://www.sciencedirect.com/science/article/abs/pii/S1055790312004216?via%3Dihub"
"AB530724.1 Cynops ensicauda",28.268645,129.287278,2222,"GEOLocate","KUHE50258","haplotype=""H016""","https://www.sciencedirect.com/science/article/abs/pii/S1055790309004485?via%3Dihub"
"AB530723.1 Cynops ensicauda",28.027647,129.240455,2937,"GEOLocate","Ry281","haplotype=""H035"", probably the same individual of previous sample","https://www.sciencedirect.com/science/article/abs/pii/S1055790309004485?via%3Dihub"
"AB754739.1 Cynops ensicauda",28.027647,129.240455,2937,"GEOLocate","Ry281","haplotype=""H146""","https://www.sciencedirect.com/science/article/abs/pii/S1055790312004216?via%3Dihub"
"AB530721.1 Cynops ensicauda",28.027647,129.240455,2937,"GEOLocate","KUHE50256","haplotype=""H033"" - Ukejima","https://www.sciencedirect.com/science/article/abs/pii/S1055790309004485?via%3Dihub"
"AB530722.1 Cynops ensicauda",28.027647,129.240455,2937,"GEOLocate","Ry280","haplotype=""H034""","https://www.sciencedirect.com/science/article/abs/pii/S1055790309004485?via%3Dihub"
"AB530709.1 Cynops ensicauda",28.302294,129.23603,1552,"GEOLocate","KUHE50111","haplotype=""H018""","https://www.sciencedirect.com/science/article/abs/pii/S1055790309004485?via%3Dihub"
"AB754738.1 Cynops ensicauda",28.302294,129.23603,1552,"GEOLocate","KUHE:50110","haplotype=""H145""","https://www.sciencedirect.com/science/article/abs/pii/S1055790312004216?via%3Dihub"
"AB530735.1 Cynops ensicauda",28.268645,129.287278,2222,"GEOLocate","Ry336","haplotype=""H019""","https://www.sciencedirect.com/science/article/abs/pii/S1055790309004485?via%3Dihub"
"AB530715.1 Cynops ensicauda",28.123947,129.235736,2823,"GEOLocate","KUHE50232","haplotype=""H027"" (2)","https://www.sciencedirect.com/science/article/abs/pii/S1055790309004485?via%3Dihub"
"AB530719.1 Cynops ensicauda",28.123947,129.235736,2823,"GEOLocate","KUHE50240","haplotype=""H028"" - Kakeromajima","https://www.sciencedirect.com/science/article/abs/pii/S1055790309004485?via%3Dihub"
"AB530720.1 Cynops ensicauda",28.027647,129.240455,2937,"GEOLocate","KUHE50253","haplotype=""H032"" (2) - Ukejima","https://www.sciencedirect.com/science/article/abs/pii/S1055790309004485?via%3Dihub"
"AB530716.1 Cynops ensicauda",28.123947,129.235736,2823,"GEOLocate","KUHE50233","haplotype=""H029"" - Kakeromajima","https://www.sciencedirect.com/science/article/abs/pii/S1055790309004485?via%3Dihub"
"AB530727.1 Cynops ensicauda",28.25,129.25,1696,"GEOLocate","Ry299","haplotype=""H024"" (6)","https://www.sciencedirect.com/science/article/abs/pii/S1055790309004485?via%3Dihub"
"AB530737.1 Cynops ensicauda",28.466667,129.683333,5799,"GEOLocate","KUHE50092","haplotype=""H008"" - Youan","https://www.sciencedirect.com/science/article/abs/pii/S1055790309004485?via%3Dihub"
"AB530736.1 Cynops ensicauda",28.302294,129.23603,1552,"GEOLocate","KUHE50109","haplotype=""H022"", same specimen voucher of previous sample ","https://www.sciencedirect.com/science/article/abs/pii/S1055790309004485?via%3Dihub"
"AB754735.1 Cynops ensicauda",28.302294,129.23603,1552,"GEOLocate","KUHE:50109","haplotype=""H142"" (2) - UKEN","https://www.sciencedirect.com/science/article/abs/pii/S1055790312004216?via%3Dihub"
"AB530734.1 Cynops ensicauda",28.302294,129.23603,1552,"GEOLocate","Ry335","haplotype=""H023"" - Uken","https://www.sciencedirect.com/science/article/abs/pii/S1055790309004485?via%3Dihub"
"AB530725.1 Cynops ensicauda",28.295946,129.229335,5920,"GEOLocate","KUHE50260","haplotype=""H017"" - Akafusa","https://www.sciencedirect.com/science/article/abs/pii/S1055790309004485?via%3Dihub"
"AB530763.1 Cynops ensicauda",26.754292,128.253217,1451,"GEOLocate","KUHE50152","haplotype=""H045"" - Kunigami Gachi, same specimen voucher of previous sample ","https://www.sciencedirect.com/science/article/abs/pii/S1055790309004485?via%3Dihub"
"AB754742.1 Cynops ensicauda",26.754292,128.253217,1451,"GEOLocate","KUHE:50152","haplotype=""H149"" - Kunigami","https://www.sciencedirect.com/science/article/abs/pii/S1055790312004216?via%3Dihub"
"AB530764.1 Cynops ensicauda",26.754292,128.253217,1451,"GEOLocate","KUHE50154","haplotype=""H046"" - Kunigami","https://www.sciencedirect.com/science/article/abs/pii/S1055790309004485?via%3Dihub"
"AB530757.1 Cynops ensicauda",26.675274,128.141682,3036,"GEOLocate","KUHE50138","haplotype=""H060"" (2), same specimen voucher of previous sample ","https://www.sciencedirect.com/science/article/abs/pii/S1055790309004485?via%3Dihub"
"AB754740.1 Cynops ensicauda",26.675274,128.141682,3036,"GEOLocate","KUHE:50138","haplotype=""H147"" - Ogimi","https://www.sciencedirect.com/science/article/abs/pii/S1055790312004216?via%3Dihub"
"AB530771.1 Cynops ensicauda",26.675734,128.13739,3314,"GEOLocate","KUHE50166","haplotype=""H061"", probably the same individual of previous sample","https://www.sciencedirect.com/science/article/abs/pii/S1055790309004485?via%3Dihub"
"AB754741.1 Cynops ensicauda",26.675734,128.13739,3314,"GEOLocate","KUHE:50166","haplotype=""H148"" - Ogimi, Hentona","https://www.sciencedirect.com/science/article/abs/pii/S1055790312004216?via%3Dihub"
"AB530753.1 Cynops ensicauda",26.675734,128.13739,3314,"GEOLocate","KUHE50133","haplotype=""H057""","https://www.sciencedirect.com/science/article/abs/pii/S1055790309004485?via%3Dihub"
"AB530754.1 Cynops ensicauda",26.675734,128.13739,3314,"GEOLocate","KUHE50134","haplotype=""H058""","https://www.sciencedirect.com/science/article/abs/pii/S1055790309004485?via%3Dihub"
"AB530755.1 Cynops ensicauda",26.675734,128.13739,3314,"GEOLocate","KUHE50136","haplotype=""H059""","https://www.sciencedirect.com/science/article/abs/pii/S1055790309004485?via%3Dihub"
"AB530791.1 Cynops ensicauda",26.510395,127.92817,3397,"GEOLocate","Ry036","haplotype=""H083"" -  Onna-son, Nakama","https://www.sciencedirect.com/science/article/abs/pii/S1055790309004485?via%3Dihub"
"AB530786.1 Cynops ensicauda",26.540353,128.023849,5019,"GEOLocate","Ry295","haplotype=""H069""","https://www.sciencedirect.com/science/article/abs/pii/S1055790309004485?via%3Dihub"
"AB530805.1 Cynops ensicauda",26.455279,127.845661,1296,"GEOLocate","KUHE50028","haplotype=""H084"" - Kin-cho, Yaka","https://www.sciencedirect.com/science/article/abs/pii/S1055790309004485?via%3Dihub"
"AB530743.1 Cynops ensicauda",26.475953,127.852781,3036,"GEOLocate","KUHE50018","haplotype=""H085"" - Onna, Akama","https://www.sciencedirect.com/science/article/abs/pii/S1055790309004485?via%3Dihub"
"AB530797.1 Cynops ensicauda",26.510395,127.92817,3397,"GEOLocate","KUHE50040","haplotype=""H079"" - Onna-son, Nakama","https://www.sciencedirect.com/science/article/abs/pii/S1055790309004485?via%3Dihub"
"EU880310.1 Cynops ensicauda",26.198082,127.363402,3036,"GEOLocate","MVZ238580","Table 1 in the associated paper show this individual with an erroneous voucher number ""MVZ238530"". Locality was retrieved from the Herpetology Collection database in Arctos.","https://www.sciencedirect.com/science/article/abs/pii/S1055790308004247?via%3Dihub"
"AB530775.1 Cynops ensicauda",26.510395,127.92817,3397,"GEOLocate","Ry022","haplotype=""H078"" - Onna-son, Nakama","https://www.sciencedirect.com/science/article/abs/pii/S1055790309004485?via%3Dihub"
"AB530773.1 Cynops ensicauda",26.194473,127.36827,1262,"GEOLocate","KUHE50183","haplotype=""H099"" - Tokashiki-son, Tokashikijima","https://www.sciencedirect.com/science/article/abs/pii/S1055790309004485?via%3Dihub"
"AB530777.1 Cynops ensicauda",26.510395,127.92817,3397,"GEOLocate","Ry023","haplotype=""H080"" - Onna-son, Nakama","https://www.sciencedirect.com/science/article/abs/pii/S1055790309004485?via%3Dihub"
"AB530744.1 Cynops ensicauda",26.543005,128.02054,3036,"GEOLocate","KUHE50004","haplotype=""H070"" - Nago-shi, Henoko","https://www.sciencedirect.com/science/article/abs/pii/S1055790309004485?via%3Dihub"
"AB530781.1 Cynops ensicauda",26.194473,127.36827,1262,"GEOLocate","KUHE50180","haplotype=""H071"" - Tokashiki-son, Tokashikijima","https://www.sciencedirect.com/science/article/abs/pii/S1055790309004485?via%3Dihub"
"AB530792.1 Cynops ensicauda",26.510395,127.92817,3397,"GEOLocate","Ry037","haplotype=""H077"" - Onna-son, Nakama","https://www.sciencedirect.com/science/article/abs/pii/S1055790309004485?via%3Dihub"
"AB530776.1 Cynops ensicauda",26.201638,127.281206,2407,"GEOLocate","KUHE50209","haplotype=""H100"" - Zamami-son, Gerumajima","https://www.sciencedirect.com/science/article/abs/pii/S1055790309004485?via%3Dihub"
"AB530779.1 Cynops ensicauda",26.194473,127.36827,1262,"GEOLocate","KUHE50181","haplotype=""H098"" - Tokashiki-son, Tokashikijima","https://www.sciencedirect.com/science/article/abs/pii/S1055790309004485?via%3Dihub"
"AB530748.1 Cynops ensicauda",26.585075,128.02466,3036,"GEOLocate","KUHE50006","haplotype=""H064"" - Nago-shi, Nago-dake","https://www.sciencedirect.com/science/article/abs/pii/S1055790309004485?via%3Dihub"
"AB530774.1 Cynops ensicauda",26.510395,127.92817,3397,"GEOLocate","Ry021","haplotype=""H082"" - Onna-son, Nakama","https://www.sciencedirect.com/science/article/abs/pii/S1055790309004485?via%3Dihub"
"AB530790.1 Cynops ensicauda",26.65839,127.908999,4777,"GEOLocate","KUHE50162","haplotype=""H067"" - Motobu-cho, Sesokojima","https://www.sciencedirect.com/science/article/abs/pii/S1055790309004485?via%3Dihub"
"AB530745.1 Cynops ensicauda",26.543005,128.02054,3036,"GEOLocate","KUHE50005","haplotype=""H072"" - Nago-shi, Henoko","https://www.sciencedirect.com/science/article/abs/pii/S1055790309004485?via%3Dihub"
"AB530778.1 Cynops ensicauda",26.510395,127.92817,3397,"GEOLocate","Ry024","haplotype=""H081"" - Onna-son, Nakama","https://www.sciencedirect.com/science/article/abs/pii/S1055790309004485?via%3Dihub"
"AB530762.1 Cynops ensicauda",26.655243,127.939813,3432,"GEOLocate","KUHE50148","haplotype=""H065"" - Motobu-cho, Izumi","https://www.sciencedirect.com/science/article/abs/pii/S1055790309004485?via%3Dihub"
"AB530772.1 Cynops ensicauda",26.754292,128.252874,2035,"GEOLocate","KUHE50150","haplotype=""H043"", Kunigami-son, Gachi, same sample as the previous one.","https://www.sciencedirect.com/science/article/abs/pii/S1055790309004485?via%3Dihub"
"AB754748.1 Cynops ensicauda",26.754292,128.252874,2035,"GEOLocate","KUHE:50150","haplotype=""H155"" - Kunigami","https://www.sciencedirect.com/science/article/abs/pii/S1055790312004216?via%3Dihub"
"AB530758.1 Cynops ensicauda",26.726376,128.209014,3036,"GEOLocate","KUHE50142","haplotype=""H049"" - Kunigami-son, Okuma","https://www.sciencedirect.com/science/article/abs/pii/S1055790309004485?via%3Dihub"
"AB530742.1 Cynops ensicauda",26.475953,127.852781,3036,"GEOLocate","KUHE50017","haplotype=""H086"" - Onna-son, Akama","https://www.sciencedirect.com/science/article/abs/pii/S1055790309004485?via%3Dihub"
"AB530804.1 Cynops ensicauda",26.164648,127.776389,3036,"GEOLocate","KUHE50003","haplotype=""H048"" (2) - Nanjyo-shi, Tamagusuku, Kakinohana,  same individual as the previous one","https://www.sciencedirect.com/science/article/abs/pii/S1055790309004485?via%3Dihub"
"AB754750.1 Cynops ensicauda",26.164648,127.776389,3036,"GEOLocate","KUHE:50003","haplotype=""H157"" - Nanjyo","https://www.sciencedirect.com/science/article/abs/pii/S1055790312004216?via%3Dihub"
"AB530747.1 Cynops ensicauda",26.164648,127.776389,3036,"GEOLocate","KUHE50002","haplotype=""H093"" - Nanjyo-shi, Tamagusuku, Kakinohana","https://www.sciencedirect.com/science/article/abs/pii/S1055790309004485?via%3Dihub"
"AB530783.1 Cynops ensicauda",26.543005,128.02054,3036,"GEOLocate","Ry290","haplotype=""H074"" - Nago-shi, Henoko","https://www.sciencedirect.com/science/article/abs/pii/S1055790309004485?via%3Dihub"
"AB530787.1 Cynops ensicauda",26.16385,127.785444,3036,"GEOLocate","Ry030","haplotype=""H096"" - Nanjyo-shi, Chinen","https://www.sciencedirect.com/science/article/abs/pii/S1055790309004485?via%3Dihub"
"AB530793.1 Cynops ensicauda",26.187476,127.752299,3036,"GEOLocate","KUHE50054","haplotype=""H092"" - Nanjyo-shi, Ozato","https://www.sciencedirect.com/science/article/abs/pii/S1055790309004485?via%3Dihub"
"AB530768.1 Cynops ensicauda",26.731623,128.214747,3036,"GEOLocate","KUHE50161","haplotype=""H041"" - Kunigami-son, Oku","https://www.sciencedirect.com/science/article/abs/pii/S1055790309004485?via%3Dihub"
"AB530767.1 Cynops ensicauda",26.613164,128.073412,3036,"GEOLocate","KUHE50007","haplotype=""H063"" - Nago-shi, Genka","https://www.sciencedirect.com/science/article/abs/pii/S1055790309004485?via%3Dihub"
"AB530761.1 Cynops ensicauda",26.655243,127.939813,3432,"GEOLocate","KUHE50147","haplotype=""H066"" - Motobu-cho, Izumi","https://www.sciencedirect.com/science/article/abs/pii/S1055790309004485?via%3Dihub"
"AB530770.1 Cynops ensicauda",26.726376,128.209014,3036,"GEOLocate","KUHE50143","haplotype=""H050"" - Kunigami-son, Okuma","https://www.sciencedirect.com/science/article/abs/pii/S1055790309004485?via%3Dihub"
"AB530765.1 Cynops ensicauda",26.754292,128.252874,2035,"GEOLocate","KUHE50156","haplotype=""H044"" - Kunigami-son, Gachi","https://www.sciencedirect.com/science/article/abs/pii/S1055790309004485?via%3Dihub"
"AB530769.1 Cynops ensicauda",26.671473,128.138877,3036,"GEOLocate","KUHE50132","haplotype=""H054"" - Ogimi-son, Ogimi","https://www.sciencedirect.com/science/article/abs/pii/S1055790309004485?via%3Dihub"
"AB530746.1 Cynops ensicauda",26.731623,128.214747,3036,"GEOLocate","KUHE50014","haplotype=""H038"" - Kunigami-son, Oku","https://www.sciencedirect.com/science/article/abs/pii/S1055790309004485?via%3Dihub"
"AB530751.1 Cynops ensicauda",26.731623,128.214747,3036,"GEOLocate","KUHE50012","haplotype=""H039"" - Kunigami-son, Oku","https://www.sciencedirect.com/science/article/abs/pii/S1055790309004485?via%3Dihub"
"AB530766.1 Cynops ensicauda",26.731623,128.214747,3036,"GEOLocate","KUHE50159","haplotype=""H040"" - Kunigami-son, Oku","https://www.sciencedirect.com/science/article/abs/pii/S1055790309004485?via%3Dihub"
"AB754749.1 Cynops ensicauda",26.698246,128.133861,1822,"GEOLocate","KUHE:50167","haplotype=""H156"" - Ogimi, Hentona","https://www.sciencedirect.com/science/article/abs/pii/S1055790312004216?via%3Dihub"
"AB530752.1 Cynops ensicauda",26.822503,128.280837,3036,"GEOLocate","KUHE50131","haplotype=""H055"" - Kunigami-son, Okuni-rindo","https://www.sciencedirect.com/science/article/abs/pii/S1055790309004485?via%3Dihub"
"AB530756.1 Cynops ensicauda",26.822503,128.280837,3036,"GEOLocate","KUHE50137","haplotype=""H056"" - Kunigami-son, Okuni-rindo","https://www.sciencedirect.com/science/article/abs/pii/S1055790309004485?via%3Dihub"
"AB530759.1 Cynops ensicauda",26.726376,128.209014,3036,"GEOLocate","KUHE50145","haplotype=""H051"" - Kunigami-son, Okuma","https://www.sciencedirect.com/science/article/abs/pii/S1055790309004485?via%3Dihub"
"AB530785.1 Cynops ensicauda",26.543005,128.02054,3036,"GEOLocate","Ry294","haplotype=""H073"" - Nago-shi, Henoko","https://www.sciencedirect.com/science/article/abs/pii/S1055790309004485?via%3Dihub"
"AB530806.1 Cynops ensicauda",26.731623,128.214747,3036,"GEOLocate","KUHE50013","haplotype=""H042"" - Kunigami-son, Oku","https://www.sciencedirect.com/science/article/abs/pii/S1055790309004485?via%3Dihub"
"AB530749.1 Cynops ensicauda",26.671473,128.138877,3036,"GEOLocate","KUHE50009","haplotype=""H062"" - Ogimi-son, Ogimi","https://www.sciencedirect.com/science/article/abs/pii/S1055790309004485?via%3Dihub"
"AB530760.1 Cynops ensicauda",26.726376,128.209014,3036,"GEOLocate","KUHE50146","haplotype=""H052"" - Kunigami-son, Okuma","https://www.sciencedirect.com/science/article/abs/pii/S1055790309004485?via%3Dihub"
"AB530802.1 Cynops ensicauda",26.36283,127.145846,1816,"GEOLocate","KUHE50171","haplotype=""H076"" - Tonaki-son, Tonakijima","https://www.sciencedirect.com/science/article/abs/pii/S1055790309004485?via%3Dihub"
"AB754743.1 Cynops ensicauda",26.465746,127.898724,2160,"GEOLocate","KUHE:50051","haplotype=""H150"" - Kin","https://www.sciencedirect.com/science/article/abs/pii/S1055790312004216?via%3Dihub"
"AB530750.1 Cynops ensicauda",26.319444,127.958056,1324,"GEOLocate","KUHE50129","haplotype=""H097"" - Uruma-shi, Hamahigajima","https://www.sciencedirect.com/science/article/abs/pii/S1055790309004485?via%3Dihub"
"AB530789.1 Cynops ensicauda",26.16385,127.785444,3036,"GEOLocate","Ry034","haplotype=""H095"" - Nanjyo-shi, Chinen","https://www.sciencedirect.com/science/article/abs/pii/S1055790309004485?via%3Dihub"
"AB530796.1 Cynops ensicauda",26.36283,127.145846,1816,"GEOLocate","KUHE50172","haplotype=""H075"" - Tonaki-son, Tonakijima","https://www.sciencedirect.com/science/article/abs/pii/S1055790309004485?via%3Dihub"
"AB530784.1 Cynops ensicauda",26.543005,128.02054,3036,"GEOLocate","Ry293","haplotype=""H068"" - Nago-shi, Henoko","https://www.sciencedirect.com/science/article/abs/pii/S1055790309004485?via%3Dihub"
"AB530788.1 Cynops ensicauda",26.16385,127.785444,3036,"GEOLocate","Ry031","haplotype=""H094"" - Nanjyo-shi, Chinen","https://www.sciencedirect.com/science/article/abs/pii/S1055790309004485?via%3Dihub"
"AB530795.1 Cynops ensicauda",26.414109,127.805102,1729,"GEOLocate","KUHE50031","haplotype=""H087"" - Okinawa-shi, Ishikawadake","https://www.sciencedirect.com/science/article/abs/pii/S1055790309004485?via%3Dihub"
"AB530803.1 Cynops ensicauda",26.164648,127.776389,3036,"GEOLocate","KUHE50001","haplotype=""H053"", Nanjyo-shi, Kudeken, same individual as the previous one","https://www.sciencedirect.com/science/article/abs/pii/S1055790309004485?via%3Dihub"
"AB754744.1 Cynops ensicauda",26.164648,127.776389,3036,"GEOLocate","KUHE:50001","haplotype=""H151"" - Nanjyo","https://www.sciencedirect.com/science/article/abs/pii/S1055790312004216?via%3Dihub"
"AB530798.1 Cynops ensicauda",26.164648,127.776389,3036,"GEOLocate","KUHE50000","haplotype=""H036"" - Nanjyo-shi, Kudeken","https://www.sciencedirect.com/science/article/abs/pii/S1055790309004485?via%3Dihub"
"AB530801.1 Cynops ensicauda",26.750633,128.226077,3036,"GEOLocate","KUHE50141","haplotype=""H047""","https://www.sciencedirect.com/science/article/abs/pii/S1055790309004485?via%3Dihub"
"AB754747.1 Cynops ensicauda",26.4003903874429,127.819849778133,"NA","Google maps","KUHE:50032","haplotype=""H154"" -  Uruma","https://www.sciencedirect.com/science/article/abs/pii/S1055790312004216?via%3Dihub"
"AB530782.1 Cynops ensicauda",26.203939,127.716032,915,"GEOLocate","KUHE50057","haplotype=""H089"" (5) - Naha-shi, Shikina","https://www.sciencedirect.com/science/article/abs/pii/S1055790309004485?via%3Dihub"
"AB530794.1 Cynops ensicauda",26.190692,127.757492,1563,"GEOLocate","KUHE50053","haplotype=""H090"" (2) - Nanjyo-shi, Ozato","https://www.sciencedirect.com/science/article/abs/pii/S1055790309004485?via%3Dihub"
"AB530800.1 Cynops ensicauda",26.475953,127.852781,3036,"GEOLocate","KUHE50019","haplotype=""H037"" - Onna-son, Akama","https://www.sciencedirect.com/science/article/abs/pii/S1055790309004485?via%3Dihub"
"AB754746.1 Cynops ensicauda",26.754292,128.252874,2035,"GEOLocate","KUHE:50151","haplotype=""H153"" - Kunigami","https://www.sciencedirect.com/science/article/abs/pii/S1055790312004216?via%3Dihub"
"AB530799.1 Cynops ensicauda",26.190692,127.757492,1563,"GEOLocate","KUHE50055","haplotype=""H091"" (3) - Nanjyo-shi, Ozato","https://www.sciencedirect.com/science/article/abs/pii/S1055790309004485?via%3Dihub"
"AB754745.1 Cynops ensicauda",26.164648,127.776389,3036,"GEOLocate","KUHE:50000","haplotype=""H152"" - Nanjyo","https://www.sciencedirect.com/science/article/abs/pii/S1055790312004216?via%3Dihub"
"AB530780.1 Cynops ensicauda",26.203939,127.716032,915,"GEOLocate","KUHE50056","haplotype=""H088"" - Naha-shi, Shikina","https://www.sciencedirect.com/science/article/abs/pii/S1055790309004485?via%3Dihub"
