"value","Lat","Lon","Method","Error_km","Museum_Field_Number","Notes","Reference"
"EU314171_cytb",34.708,-83.912,"MS Thesis - unpublished","Sample locality in Genbank name","manuscript was unpublished","https://scholarsarchive.byu.edu/cgi/viewcontent.cgi?article=1357&context=etd",
"EU314172_cytb",34.749,-83.924,"MS Thesis - unpublished","Sample locality in Genbank name","manuscript was unpublished","https://scholarsarchive.byu.edu/cgi/viewcontent.cgi?article=1357&context=etd",
"EU314254_cytb",34.708,-83.912,"MS Thesis - unpublished","Sample locality in Genbank name","manuscript was unpublished","https://scholarsarchive.byu.edu/cgi/viewcontent.cgi?article=1357&context=etd",
"EU314300_cytb",34.708,-83.912,"MS Thesis - unpublished","Sample locality in Genbank name","manuscript was unpublished","https://scholarsarchive.byu.edu/cgi/viewcontent.cgi?article=1357&context=etd",
"EU314251_cytb",34.708,-83.912,"MS Thesis - unpublished","Sample locality in Genbank name","manuscript was unpublished","https://scholarsarchive.byu.edu/cgi/viewcontent.cgi?article=1357&context=etd",
"EU314252_cytb",34.708,-83.912,"MS Thesis - unpublished","Sample locality in Genbank name","manuscript was unpublished","https://scholarsarchive.byu.edu/cgi/viewcontent.cgi?article=1357&context=etd",
"EU314250_cytb",34.708,-83.912,"MS Thesis - unpublished","Sample locality in Genbank name","manuscript was unpublished","https://scholarsarchive.byu.edu/cgi/viewcontent.cgi?article=1357&context=etd",
"EU314249_cytb",34.708,-83.912,"MS Thesis - unpublished","Sample locality in Genbank name","manuscript was unpublished","https://scholarsarchive.byu.edu/cgi/viewcontent.cgi?article=1357&context=etd",
"EU314248_cytb",34.708,-83.912,"MS Thesis - unpublished","Sample locality in Genbank name","manuscript was unpublished","https://scholarsarchive.byu.edu/cgi/viewcontent.cgi?article=1357&context=etd",
"EU314247_cytb",34.708,-83.912,"MS Thesis - unpublished","Sample locality in Genbank name","manuscript was unpublished","https://scholarsarchive.byu.edu/cgi/viewcontent.cgi?article=1357&context=etd",
"EU314107_cytb",34.708,-83.912,"MS Thesis - unpublished","Sample locality in Genbank name","manuscript was unpublished","https://scholarsarchive.byu.edu/cgi/viewcontent.cgi?article=1357&context=etd",
"EU314170_cytb",34.708,-83.912,"MS Thesis - unpublished","Sample locality in Genbank name","manuscript was unpublished","https://scholarsarchive.byu.edu/cgi/viewcontent.cgi?article=1357&context=etd",
"EU314106_cytb",34.708,-83.912,"MS Thesis - unpublished","Sample locality in Genbank name","manuscript was unpublished","https://scholarsarchive.byu.edu/cgi/viewcontent.cgi?article=1357&context=etd",
"EU314071_cytb",34.708,-83.912,"MS Thesis - unpublished","Sample locality in Genbank name","manuscript was unpublished","https://scholarsarchive.byu.edu/cgi/viewcontent.cgi?article=1357&context=etd",
"EU314070_cytb",34.708,-83.912,"MS Thesis - unpublished","Sample locality in Genbank name","manuscript was unpublished","https://scholarsarchive.byu.edu/cgi/viewcontent.cgi?article=1357&context=etd",
"EU314021_cytb",34.801,83.742,"MS Thesis - unpublished","Sample locality in Genbank name","manuscript was unpublished","https://scholarsarchive.byu.edu/cgi/viewcontent.cgi?article=1357&context=etd",
"EU314022_cytb",34.801,83.742,"MS Thesis - unpublished","Sample locality in Genbank name","manuscript was unpublished","https://scholarsarchive.byu.edu/cgi/viewcontent.cgi?article=1357&context=etd",
