"value","Lat","Lon","Method","Error_km","Museum_Field_Number","Notes","Reference"
"EU313999_cytb",35.828,-82.944,"Exact location on Arctos","NA","BYU:Herp:10935",,"https://arctos.database.museum/guid/BYU:Herp:10935"
"EU314001_cytb",35.828,-82.944,"Exact location on Arctos","NA","BYU:Herp:10930",,"https://arctos.database.museum/guid/BYU:Herp:10930"
"EU314003_cytb",35.429,-83.76,"Exact location on Arctos","NA","BYU:Herp:11039",,"https://arctos.database.museum/guid/BYU:Herp:11039"
"EU314007_cytb",36.657,-81.596,"Exact location on Arctos","NA","BYU:Herp:10903",,"https://arctos.database.museum/guid/BYU:Herp:10903"
"EU314008_cytb",36.389,-82.157,"Exact location on Arctos","NA","BYU:Herp:10958",,"https://arctos.database.museum/guid/BYU:Herp:10958"
"EU314010_cytb",35.703,-83.335,"Exact location on Arctos","NA","BYU:Herp:10886",,"https://arctos.database.museum/guid/BYU:Herp:10886"
"EU314015_cytb",34.948,-83.494,"Exact location on Arctos","NA","BYU:Herp:10978",,"https://arctos.database.museum/guid/BYU:Herp:10978"
"EU314016_cytb",34.881,-83.487,"Exact location on Arctos","NA","BYU:Herp:10983",,"https://arctos.database.museum/guid/BYU:Herp:10983"
"EU314017_cytb",34.779,-83.626,"Exact location on Arctos","NA","BYU:Herp:10987",,"https://arctos.database.museum/guid/BYU:Herp:10987"
"EU314018_cytb",34.708,-83.912,"Exact location on Arctos","NA","BYU:Herp:11001",,"https://arctos.database.museum/guid/BYU:Herp:11001"
"EU314019_cytb",34.881,-83.487,"Exact location on Arctos","NA","BYU:Herp:10981",,"https://arctos.database.museum/guid/BYU:Herp:10981"
"EU314020_cytb",34.76,-83.667,"Exact location on Arctos","NA","BYU:Herp:10989",,"https://arctos.database.museum/guid/BYU:Herp:10989"
"EU314023_cytb",34.965,-83.091,"Exact location on Arctos","NA","BYU:Herp:10969",,"https://arctos.database.museum/guid/BYU:Herp:10969"
"EU314024_cytb",34.971,-83.268,"Exact location on Arctos","NA","BYU:Herp:10973","Arctos listed as D. quadramaculatus amphileacus cf.","https://arctos.database.museum/guid/BYU:Herp:10973"
"EU314046_cytb",35.715,-82.192,"Exact location on Arctos","NA","BYU:Herp:10917",,"https://arctos.database.museum/guid/BYU:Herp:10917"
"EU314047_cytb",35.715,-82.192,"Exact location on Arctos","NA","BYU:Herp:10918",,"https://arctos.database.museum/guid/BYU:Herp:10918"
"EU314052_cytb",36.114,-81.778,"Exact location on Arctos","NA","BYU:Herp:10911",,"https://arctos.database.museum/guid/BYU:Herp:10911"
"EU314053_cytb",35.429,-83.76,"Exact location on Arctos","NA","BYU:Herp:11046",,"https://arctos.database.museum/guid/BYU:Herp:11046"
"EU314054_cytb",35.267,-83.578,"Exact location on Arctos","NA","BYU:Herp:10934",,"https://arctos.database.museum/guid/BYU:Herp:10934"
"EU314055_cytb",35.077,-83.621,"Exact location on Arctos","NA","BYU:Herp:11005",,"https://arctos.database.museum/guid/BYU:Herp:11005"
"EU314057_cytb",35.589,-83.979,"Exact location on Arctos","NA","BYU:Herp:11034",,"https://arctos.database.museum/guid/BYU:Herp:11034"
"EU314059_cytb",35.703,-83.335,"Exact location on Arctos","NA","BYU:Herp:10887",,"https://arctos.database.museum/guid/BYU:Herp:10887"
"EU314060_cytb",36.656,-81.586,"Exact location on Arctos","NA","BYU:Herp:10907",,"https://arctos.database.museum/guid/BYU:Herp:10907"
"EU314062_cytb",35.835,-82.952,"Exact location on Arctos","NA","BYU:Herp:10783",,"https://arctos.database.museum/guid/BYU:Herp:10783"
"EU314063_cytb",35.431,-83.084,"Exact location on Arctos","NA","BYU:Herp:10931",,"https://arctos.database.museum/guid/BYU:Herp:10931"
"EU314064_cytb",35.828,-82.961,"Exact location on Arctos","NA","BYU:Herp:11110",,"https://arctos.database.museum/guid/BYU:Herp:11110"
"EU314065_cytb",34.708,-83.912,"Exact location on Arctos","NA","BYU:Herp:11003",,"https://arctos.database.museum/guid/BYU:Herp:11003"
"EU314066_cytb",34.708,-83.912,"Exact location on Arctos","NA","BYU:Herp:11004",,"https://arctos.database.museum/guid/BYU:Herp:11004"
"EU314067_cytb",34.971,-83.268,"Exact location on Arctos","NA","BYU:Herp:10975","Arctos listed as D. quadramaculatus amphileacus cf.","https://arctos.database.museum/guid/BYU:Herp:10975"
"EU314068_cytb",34.779,-83.626,"Exact location on Arctos","NA","BYU:Herp:10988","Arctos listed as: Desmognathus aureatus","https://arctos.database.museum/guid/BYU:Herp:10988"
"EU314082_cytb",36.025,-82.618,"Exact location on Arctos","NA","BYU:Herp:10964",,"https://arctos.database.museum/guid/BYU:Herp:10964"
"EU314083_cytb",36.025,-82.618,"Exact location on Arctos","NA","BYU:Herp:10965",,"https://arctos.database.museum/guid/BYU:Herp:10965"
"EU314091_cytb",35.077,-83.621,"Exact location on Arctos","NA","BYU:Herp:11006",,"https://arctos.database.museum/guid/BYU:Herp:11006"
"EU314092_cytb",35.077,-83.621,"Exact location on Arctos","NA","BYU:Herp:11007",,"https://arctos.database.museum/guid/BYU:Herp:11007"
"EU314093_cytb",35.077,-83.621,"Exact location on Arctos","NA","BYU:Herp:10962","Arctos listed as: Uta stansburiana","https://arctos.database.museum/guid/BYU:Herp:10962"
"EU314094_cytb",33.965,-84.091,"Exact location on Arctos","NA","BYU:Herp:10963","Arctos listed as: Uta stansburiana","https://arctos.database.museum/guid/BYU:Herp:10963"
"EU314095_cytb",34.965,-83.091,"Exact location on Arctos","NA","BYU:Herp:10970","Arctos listed as: Desmognathus aureatus","https://arctos.database.museum/guid/BYU:Herp:10970"
"EU314096_cytb",34.965,-83.091,"Exact location on Arctos","NA","BYU:Herp:10971","Arctos listed as: Desmognathus aureatus","https://arctos.database.museum/guid/BYU:Herp:10971"
"EU314097_cytb",34.971,-83.268,"Exact location on Arctos","NA","BYU:Herp:10974","Arctos listed as: Desmognathus quadramaculatus","https://arctos.database.museum/guid/BYU:Herp:10974"
"EU314098_cytb",34.948,-83.494,"Exact location on Arctos","NA","BYU:Herp:10980","Arctos listed as: Desmognathus aureatus","https://arctos.database.museum/guid/BYU:Herp:10980"
"EU314099_cytb",34.881,-83.487,"Exact location on Arctos","NA","BYU:Herp:10982",,"https://arctos.database.museum/guid/BYU:Herp:10982"
"EU314100_cytb",34.881,-83.487,"Exact location on Arctos","NA","BYU:Herp:10984",,"https://arctos.database.museum/guid/BYU:Herp:10984"
"EU314101_cytb",34.708,-83.912,"Exact location on Arctos","NA","BYU:Herp:11002","Arctos listed as: Desmognathus aureatus","https://arctos.database.museum/guid/BYU:Herp:11002"
"EU314102_cytb",34.761,-83.667,"Exact location on Arctos","NA","BYU:Herp:10990","Arctos listed as: Desmognathus aureatus","https://arctos.database.museum/guid/BYU:Herp:10990"
"EU314103_cytb",34.761,-83.667,"Exact location on Arctos","NA","BYU:Herp:10991","Arctos listed as: Desmognathus aureatus","https://arctos.database.museum/guid/BYU:Herp:10991"
"EU314104_cytb",34.761,-83.667,"Exact location on Arctos","NA","BYU:Herp:10992","Arctos listed as: Desmognathus aureatus","https://arctos.database.museum/guid/BYU:Herp:10992"
"EU314105_cytb",34.71,-83.787,"Exact location on Arctos","NA","BYU:Herp:10998","Arctos listed as: Desmognathus aureatus","https://arctos.database.museum/guid/BYU:Herp:10998"
"EU314195_cytb",36.389,-82.157,"Exact location on Arctos","NA","BYU:Herp:10961",,"https://arctos.database.museum/guid/BYU:Herp:10961"
"EU314198_cytb",36.025,-82.618,"Exact location on Arctos","NA","BYU:Herp:10967",,"https://arctos.database.museum/guid/BYU:Herp:10967"
"EU314235_cytb",34.761,-83.667,"Exact location on Arctos","NA","BYU:Herp:10993","Arctos listed as: Desmognathus aureatus","https://arctos.database.museum/guid/BYU:Herp:10993"
"EU314236_cytb",34.761,-83.667,"Exact location on Arctos","NA","BYU:Herp:10994","Arctos listed as: Desmognathus aureatus","https://arctos.database.museum/guid/BYU:Herp:10994"
"EU314237_cytb",34.761,-83.667,"Exact location on Arctos","NA","BYU:Herp:10995","Arctos listed as: Desmognathus aureatus","https://arctos.database.museum/guid/BYU:Herp:10995"
"EU314238_cytb",34.761,-83.667,"Exact location on Arctos","NA","BYU:Herp:10996","Arctos listed as: Desmognathus aureatus","https://arctos.database.museum/guid/BYU:Herp:10996"
"EU314239_cytb",34.965,-83.091,"Exact location on Arctos","NA","BYU:Herp:10972",,"https://arctos.database.museum/guid/BYU:Herp:10972"
"EU314240_cytb",34.971,-83.268,"Exact location on Arctos","NA","BYU:Herp:10976","Arctos listed as: Desmognathus quadramaculatus amphileucus","https://arctos.database.museum/guid/BYU:Herp:10976"
"EU314241_cytb",34.761,-83.667,"Exact location on Arctos","NA","BYU:Herp:10997","Arctos listed as: Desmognathus aureatus","https://arctos.database.museum/guid/BYU:Herp:10997"
"EU314242_cytb",34.761,-83.667,"Exact location on Arctos","NA","BYU:Herp:11000","Arctos listed as: Desmognathus aureatus","https://arctos.database.museum/guid/BYU:Herp:11000"
"EU314245_cytb",34.881,-83.487,"Exact location on Arctos","NA","BYU:Herp:10985",,"https://arctos.database.museum/guid/BYU:Herp:10985"
"EU314246_cytb",34.881,-83.487,"Exact location on Arctos","NA","BYU:Herp:10986",,"https://arctos.database.museum/guid/BYU:Herp:10986"
"EU314257_cytb",35.069,-83.629,"Exact location on Arctos","NA","BYU:Herp:10830",,"https://arctos.database.museum/guid/BYU:Herp:10830"
"EU314259_cytb",35.355,-83.91,"Exact location on Arctos","NA","BYU:Herp:10881",,"https://arctos.database.museum/guid/BYU:Herp:10881"
"EU314260_cytb",35.429,-83.76,"Exact location on Arctos","NA","BYU:Herp:11036",,"https://arctos.database.museum/guid/BYU:Herp:11036"
"EU314261_cytb",35.703,-83.335,"Exact location on Arctos","NA","BYU:Herp:10885",,"https://arctos.database.museum/guid/BYU:Herp:10885"
"EU314265_cytb",36.025,-82.618,"Exact location on Arctos","NA","BYU:Herp:10966",,"https://arctos.database.museum/guid/BYU:Herp:10966"
"EU314267_cytb",36.656,-81.586,"Exact location on Arctos","NA","BYU:Herp:10906",,"https://arctos.database.museum/guid/BYU:Herp:10906"
"EU314269_cytb",36.389,-82.157,"Exact location on Arctos","NA","BYU:Herp:10960",,"https://arctos.database.museum/guid/BYU:Herp:10960"
"EU314298_cytb",34.948,-83.494,"Exact location on Arctos","NA","BYU:Herp:10979","Arctos listed as: Desmognathus aureatus","https://arctos.database.museum/guid/BYU:Herp:10979"
"EU314299_cytb",34.635,-83.932,"Exact location on Arctos","NA","BYU:Herp:10999","Arctos listed as: Desmognathus folkertsi","https://arctos.database.museum/guid/BYU:Herp:10999"
"EU314344_cytb",35.828,-82.961,"Exact location on Arctos","NA","BYU:Herp:11722",,"https://arctos.database.museum/guid/BYU:Herp:11722"
"EU314346_cytb",35.783,-83.102,"Exact location on Arctos","NA","BYU:Herp:10877",,"https://arctos.database.museum/guid/BYU:Herp:10877"
"EU314347_cytb",36.389,-82.157,"Exact location on Arctos","NA","BYU:Herp:10959",,"https://arctos.database.museum/guid/BYU:Herp:10959"
"EU314348_cytb",36.025,-82.618,"Exact location on Arctos","NA","BYU:Herp:10968",,"https://arctos.database.museum/guid/BYU:Herp:10968"
"EU314355_cytb",34.971,-83.268,"Exact location on Arctos","NA","BYU:Herp:10977","Arctos listed as: Desmognathus quadramaculatus amphileucus","https://arctos.database.museum/guid/BYU:Herp:10977"
