"value","Lat","Lon","Method","Error_km2","Museum_Field_Number","Notes","Reference",
"KY659014_cob",31.0658,-91.5191,"Exact locality in supplemental","NA","Zootaxa article"," requested from Library"," accessed 9/12/2023","https://mapress.com/zt/article/view/zootaxa.4263.3.3"
"KY659012_cob",31.3517,-90.8185,"Exact locality in supplemental","NA","Zootaxa article"," requested from Library"," accessed 9/12/2023","https://mapress.com/zt/article/view/zootaxa.4263.3.3"
"KY659015_cob",31.8265,-91.7542,"Exact locality in supplemental","NA","Locality number in GenBank title","https://mapress.com/zt/article/view/zootaxa.4263.3.3",,
"KY659020_cob",31.5761,-93.0729,"Exact locality in supplemental","NA","Zootaxa article"," requested from Library"," accessed 9/12/2023","https://mapress.com/zt/article/view/zootaxa.4263.3.3"
"KY659021_cob",31.2912,-92.704,"Exact locality in supplemental","NA","Zootaxa article"," requested from Library"," accessed 9/12/2023","https://mapress.com/zt/article/view/zootaxa.4263.3.3"
"KF242415_cytb",35.537617,-84.04475,"Exact locality in supplemental","NA",88," Locality number in GenBank title","https://onlinelibrary.wiley.com/doi/full/10.1002/ece3.636",
"KF242416_cytb",35.229483,-84.5473,"Exact locality in supplemental","NA",92," Locality number in GenBank title","https://onlinelibrary.wiley.com/doi/full/10.1002/ece3.636",
"KY659022_cob",34.6119,-88.1986,"Exact locality in publication","NA","Zootaxa article"," requested from Library"," accessed 9/12/2023","https://mapress.com/zt/article/view/zootaxa.4263.3.3"
"KY659023_cob",34.6092,-88.1763,"Exact locality in publication","NA","Zootaxa article"," requested from Library"," accessed 9/12/2023","https://mapress.com/zt/article/view/zootaxa.4263.3.3"
"KF242414_cytb",35.3546,-84.418317,"Exact locality in supplemental","NA",90," Locality number in GenBank title","https://onlinelibrary.wiley.com/doi/full/10.1002/ece3.636",
"KY659024_cob",33.4934,-89.8706,"Exact locality in publication","NA","Zootaxa article"," requested from Library"," accessed 9/12/2023","https://mapress.com/zt/article/view/zootaxa.4263.3.3"
"KY659010_cob",32.227,-88.8329,"Exact locality in supplemental","NA","Zootaxa article"," requested from Library"," accessed 9/12/2023","https://mapress.com/zt/article/view/zootaxa.4263.3.3"
"KY659019_cob",32.3615,-89.8749,"Exact locality in supplemental","NA","Zootaxa article"," requested from Library"," accessed 9/12/2023","https://mapress.com/zt/article/view/zootaxa.4263.3.3"
"KY659013_cob",31.2135,-89.1682,"Exact locality in supplemental","NA","Zootaxa article"," requested from Library"," accessed 9/12/2023","https://mapress.com/zt/article/view/zootaxa.4263.3.3"
"KY659018_cob",31.3325,-89.9479,"Exact locality in supplemental","NA","Zootaxa article"," requested from Library"," accessed 9/12/2023","https://mapress.com/zt/article/view/zootaxa.4263.3.3"
"KY659017_cob",30.5644,-88.6257,"Exact locality in supplemental","NA","Zootaxa article"," requested from Library"," accessed 9/12/2023","https://mapress.com/zt/article/view/zootaxa.4263.3.3"
"KY659025_cob",30.5078,-86.9161,"Exact locality in supplemental","NA","Zootaxa article"," requested from Library"," accessed 9/12/2023","https://mapress.com/zt/article/view/zootaxa.4263.3.3"
"KY659011_cob",30.4645,-85.8638,"Exact locality in supplemental","NA","Zootaxa article"," requested from Library"," accessed 9/12/2023","https://mapress.com/zt/article/view/zootaxa.4263.3.3"
