"value","Lat","Lon","Method","Error_km","Museum_Field_Number","Notes","Reference"
"EF028643_cytb",36.9794,-80.129183,"Deductive reasoning from supplemental material","NA","Specimens housed at the Museum of Comparative Zoology, Harvard University","A11 from pop 8, EF028643 not specifically listed in supplemental - found coords on MCZ database","Appendix S1 & S2"
"EF028646_cytb",36.969817,-79.597633,"Deductive reasoning from supplemental material","NA","Specimens housed at the Museum of Comparative Zoology, Harvard University","A1 from pop 9","Appendix S1 & S2"
"EF028644_cytb",36.91825,-80.196017,"Deductive reasoning from supplemental material","NA","Specimens housed at the Museum of Comparative Zoology, Harvard University","A9 from pop 11, EF028644 not specifically listed in supplemental though","Appendix S1 & S2"
"EF028640_cytb",36.876817,-80.240117,"Deductive reasoning from supplemental material","NA","Specimens housed at the Museum of Comparative Zoology, Harvard University","A8, from population 12","Appendix S1 & S2"
"EF028648_cytb",37.1829,-79.9549,"Deductive reasoning from supplemental material","NA","Specimens housed at the Museum of Comparative Zoology, Harvard University","A3 from pop 7","Appendix S1 & S2"
"EF028647_cytb",36.969817,-79.597633,"Deductive reasoning from supplemental material","NA","Specimens housed at the Museum of Comparative Zoology, Harvard University","A2 from pop 9","Appendix S1 & S2"
"EF028646.1_cytb",36.969817,-79.597633,"NA","A1 from pop 9","Appendix S1 & S2",,
"EF028646.2_cytb",36.969817,-79.597633,"NA","A1 from pop 9","Appendix S1 & S2",,
"EF028646.3_cytb",36.969817,-79.597633,"NA","A1 from pop 9","Appendix S1 & S2",,
"EF028644.1_cytb",36.91825,-80.196017,"NA","A9 from pop 11, EF028644 not specifically listed in supplemental though","Appendix S1 & S2",,
"EF028640.1_cytb",36.876817,-80.240117,"NA","A8, from population 12","Appendix S1 & S2",,
"EF028639.1_cytb",36.68545,-80.44205,"NA","A7, from Pops 10, 13, or 15; EF028639 appear to be linked to pop 15, but would like a second opinion.","Appendix S1 & S2",,
"EF028639.2_cytb",36.68545,-80.44205,"NA","A7, from Pops 10, 13, or 15; EF028639 appear to be linked to pop 15, but would like a second opinion.","Appendix S1 & S2",,
"EF028639.3_cytb",36.68545,-80.44205,"NA","A7, from Pops 10, 13, or 15; EF028639 appear to be linked to pop 15, but would like a second opinion.","Appendix S1 & S2",,
"EF028639.4_cytb",36.68545,-80.44205,"NA","A7, from Pops 10, 13, or 15; EF028639 appear to be linked to pop 15, but would like a second opinion.","Appendix S1 & S2",,
"EF028639.5_cytb",36.68545,-80.44205,"NA","A7, from Pops 10, 13, or 15; EF028639 appear to be linked to pop 15, but would like a second opinion.","Appendix S1 & S2",,
"EF028639.6_cytb",36.68545,-80.44205,"NA","A7, from Pops 10, 13, or 15; EF028639 appear to be linked to pop 15, but would like a second opinion.","Appendix S1 & S2",,
"EF028639.7_cytb",36.68545,-80.44205,"NA","A7, from Pops 10, 13, or 15; EF028639 appear to be linked to pop 15, but would like a second opinion.","Appendix S1 & S2",,
"EF028639.8_cytb",36.68545,-80.44205,"NA","A7, from Pops 10, 13, or 15; EF028639 appear to be linked to pop 15, but would like a second opinion.","Appendix S1 & S2",,
"EF028639.9_cytb",36.68545,-80.44205,"NA","A7, from Pops 10","Appendix S1 & S2",,
"EF028639.10_cytb",36.834317,-80.322767,"NA","A7, pops from 13","Appendix S1 & S2",,
"EF028639.11_cytb",36.834317,-80.322767,"NA","A7, pops from 13","Appendix S1 & S2",,
"EF028639.12_cytb",36.834317,-80.322767,"NA","A7, pops from 13","Appendix S1 & S2",,
"EF028639.13_cytb",36.834317,-80.322767,"NA","A7, pops from 13","Appendix S1 & S2",,
"EF028639.14_cytb",36.834317,-80.322767,"NA","A7, pops from 13","Appendix S1 & S2",,
"EF028639.15_cytb",36.834317,-80.322767,"NA","A7, pops from 13","Appendix S1 & S2",,
"EF028639.16_cytb",36.834317,-80.322767,"NA","A7, pops from 13","Appendix S1 & S2",,
"EF028639.17_cytb",36.834317,-80.322767,"NA","A7, pops from 13","Appendix S1 & S2",,
"EF028639.18_cytb",36.834317,-80.322767,"NA","A7, pops from 13","Appendix S1 & S2",,
"EF028639.19_cytb",36.834317,-80.322767,"NA","A7, pops from 13","Appendix S1 & S2",,
"EF028639.20_cytb",36.68545,-80.44205,"NA","A7, pops from 15","Appendix S1 & S2",,
"EF028639.21_cytb",36.68545,-80.44205,"NA","A7, pops from 15","Appendix S1 & S2",,
"EF028639.22_cytb",36.68545,-80.44205,"NA","A7, pops from 15","Appendix S1 & S2",,
"EF028639.23_cytb",36.68545,-80.44205,"NA","A7, pops from 15","Appendix S1 & S2",,
"EF028646.2_cytb",36.969817,-79.597633,"Deductive reasoning from supplemental material","NA","Specimens housed at the Museum of Comparative Zoology, Harvard University","Sequence copied from original FASTA & coords file A1 from pop 9","Appendix S1 & S2"
"EF028646.3_cytb",36.969817,-79.597633,"Deductive reasoning from supplemental material","NA","Specimens housed at the Museum of Comparative Zoology, Harvard University","Sequence copied from original FASTA & coords file A1 from pop 9","Appendix S1 & S2"
"EF028646.4_cytb",36.969817,-79.597633,"Deductive reasoning from supplemental material","NA","Specimens housed at the Museum of Comparative Zoology, Harvard University","Sequence copied from original FASTA & coords file A1 from pop 9","Appendix S1 & S2"
"EF028639_cytb",36.68545,-80.44205,"Deductive reasoning from supplemental material","NA","Specimens housed at the Museum of Comparative Zoology, Harvard University","A7, from Pops 10, 13, or 15; EF028639 appear to be linked to pop 15, but would like a second opinion.","Appendix S1 & S2"
"EF028640.2_cytb",36.91825,-80.196,"NA","A8, from population 11","Appendix S1 & S2",,
"EF028641_cytb",36.9794,-80.129183,"Deductive reasoning from supplemental material","NA","Specimens housed at the Museum of Comparative Zoology, Harvard University","A5 from pop 8","Appendix S1 & S2"
"EF028642_cytb",36.9794,-80.129183,"Deductive reasoning from supplemental material","NA","Specimens housed at the Museum of Comparative Zoology, Harvard University","A6 from pop 8","Appendix S1 & S2"
"EF028643.1_cytb",36.9794,-80.129183,"NA","A11 from pop 8, EF028643 not specifically listed in supplemental - found coords on MCZ database","Appendix S1 & S2",,
"EF028644.2_cytb",36.91825,-80.196017,"NA","A9 from pop 11, EF028644 not specifically listed in supplemental though","Appendix S1 & S2",,
"EF028645_cytb",37.196833,-80.058717,"Deductive reasoning from supplemental material","NA","Specimens housed at the Museum of Comparative Zoology, Harvard University","A10 from pop 6","Appendix S1 & S2"
"EF028646.1_cytb",36.969817,-79.597633,"NA","A2 from pop 9","Appendix S1 & S2",,
"EF028647.2_cytb",36.969817,-79.597633,"NA","A2 from pop 9","Appendix S1 & S2",,
"EF028648.1_cytb",37.1829,-79.9549,"NA","A3 from pop 7","Appendix S1 & S2",,
"EF028649_cytb",37.1829,-79.9549,"Deductive reasoning from supplemental material","NA","Specimens housed at the Museum of Comparative Zoology, Harvard University","A4 from pop 7","Appendix S1 & S2"
"MK029480_CYTB",36.6864,-80.4438,"Museum catalog","NA","USNM:Herp:574826","https://collections.nmnh.si.edu/search/herps/",
