"value","Lat","Lon","Error_km","Method","Voucher","Notes","Reference"
"EU314253 Desmognathus amphileucus",34.687,-83.944,"NA","Thesis MS","NA","trib. Miller Creek, GA",
"EU314353 Desmognathus amphileucus",35.598,-81.617,"NA","Thesis MS","NA","Trib. Shinney Cr., NC","NA"
"EU314181 Desmognathus quadramaculatus",36.047,-82.556,"NA","Thesis MS","NA","Flint Mt: Rocky Fork, TN","NA"
"EU314149 Desmognathus quadramaculatus",35.753,-82.223,"NA","Thesis MS","NA","Black Mt. Camp. Little Mt. Cr, NC","NA"
"EU314188 Desmognathus quadramaculatus",36.114,-81.778,"NA","Thesis MS","NA","Wautaga/Caldwell Co line pool, NC","NA"
"EU314201 Desmognathus amphileucus",36.251,-82.364,"NA","Thesis MS","NA","Sinking Creek, TN","NA"
"EU314088 Desmognathus amphileucus",36.251,-82.364,"NA","Thesis MS","NA","Sinking Creek, TN","NA"
"EU314256 Desmognathus quadramaculatus",35.877,-83.285,"NA","Thesis MS","NA","S. Fork Board Cr., TN","NA"
"EU313998 Desmognathus quadramaculatus",35.752,-83.205,"NA","Thesis MS","NA","Cosby Cr. Site2, TN","NA"
"EU314223 Desmognathus quadramaculatus",34.768,-83.947,"NA","Thesis MS","NA","W. Fork Wolf Creek, GA","NA"
"EU313968 Desmognathus quadramaculatus",35.069,-83.629,"NA","Thesis MS","NA","Park Cr.","NA"
"EU314036 Desmognathus quadramaculatus",35.187,-82.461,"NA","Thesis MS","NA","trib. Bob's Creek","NA"
"EU314315 Desmognathus quadramaculatus",35.511,-83.179,"NA","Thesis MS","NA","Rockface, NC","NA"
"EU314043 Desmognathus quadramaculatus",35.331,-83.356,"NA","Thesis MS","NA","Alarka Cr. Headwaters, NC","NA"
"EU314316 Desmognathus quadramaculatus",34.569,-83.541,"NA","Thesis MS","NA","Demorest, GA","NA"
