"value","accession","Lat","Lon","Error","Locality"
"Desmognathus.fuscus.","KF242376",36.6649166666667,-80.6924166666667,"NA","Carroll, VA"
"Desmognathus.fuscus.","KF242380",36.35985,-82.3392,"NA","Washington, TN"
"Desmognathus.fuscus.","KF242377",36.7004933333333,-81.544818333,"NA","Grayson, VA"
"Desmognathus.fuscus.","KF242379",36.4014666666667,-82.2088833333,"NA","Carter, TN"
"Desmognathus.fuscus.","KF242378",36.3481333,-82.3477,"NA","Washington, TN"
"Desmognathus.fuscus.","KF242381",36.3916666666667,-82.246383333,"NA","Carter, TN"
"Desmognathus.fuscus.","EF028655",37.4811666666667,-79.6418166666667,"NA","Botetourt, VA"
"Desmognathus.fuscus.","EF028656",37.9709333333,-79.4640666666667,"NA","Rockbridge, VA"
"Desmognathus.fuscus.","EF028651",42.57405,-72.9242166666667,"NA","Franklin, MA"
"Desmognathus.fuscus.","AY728227",42.576396,-72.60089,2172,
"Desmognathus.fuscus.","EF028650",37.1826,-80.1397,"NA","Roanoke, VA"
"MK029458_2305631157","MK029458",37.82,-79.83,"NA",
"MK029462_2309333579","MK029462",37.82,-79.83,"NA",
"Desmognathus.fuscus.","EF028652",37.4811666666667,-79.6418166666667,"NA","Botetourt, VA"
"Desmognathus.fuscus.","EF028654",37.35085,-80.601,"NA","Giles, VA"
"Desmognathus.fuscus.","KF242375",39.9513333333333,-82.2601316666667,"NA","Licking, OH"
"MK029461_2304396918","MK029461",37.23,-80.39,"NA",
"MK029460_2307800066","MK029460",37.23,-80.39,"NA",
"MK029459_2306557606","MK029459",37.23,-80.39,"NA",
"Desmognathus.fuscus.","EF028653",37.1826,-80.1397,"NA","Roanoke, VA"
