"value","Lat","Lon","Error_km","Method","MuseumFieldNumber","Notes","Reference"
"AY734623 Dicamptodon ensatus",36.9964399,-122.0567572,"NA","MVZ database","MVZ 192595","NA","Steele CA, Carstens BC, Storfer A, Sullivan J. Testing hypotheses of speciation timing in Dicamptodon copei and Dicamptodon aterrimus (Caudata: Dicamptodontidae). Mol Phylogenet Evol. 2005 Jul;36(1):90-100. doi: 10.1016/j.ympev.2004.12.001. Epub 2005 Jan 25. PMID: 15904859."
"AY734624 Dicamptodon ensatus",36.9964399,-122.0567572,"NA","MVZ database","MVZ 192596","NA","Steele CA, Carstens BC, Storfer A, Sullivan J. Testing hypotheses of speciation timing in Dicamptodon copei and Dicamptodon aterrimus (Caudata: Dicamptodontidae). Mol Phylogenet Evol. 2005 Jul;36(1):90-100. doi: 10.1016/j.ympev.2004.12.001. Epub 2005 Jan 25. PMID: 15904859."
"AY734602 Dicamptodon ensatus",36.9964399,-122.0567572,"NA","MVZ database","MVZ 192594","NA","Steele CA, Carstens BC, Storfer A, Sullivan J. Testing hypotheses of speciation timing in Dicamptodon copei and Dicamptodon aterrimus (Caudata: Dicamptodontidae). Mol Phylogenet Evol. 2005 Jul;36(1):90-100. doi: 10.1016/j.ympev.2004.12.001. Epub 2005 Jan 25. PMID: 15904859."
"AY734604 Dicamptodon ensatus",37.1272118,-122.1204054,"NA","MVZ database","MVZ 192593","NA","Steele CA, Carstens BC, Storfer A, Sullivan J. Testing hypotheses of speciation timing in Dicamptodon copei and Dicamptodon aterrimus (Caudata: Dicamptodontidae). Mol Phylogenet Evol. 2005 Jul;36(1):90-100. doi: 10.1016/j.ympev.2004.12.001. Epub 2005 Jan 25. PMID: 15904859."
"AY734605 Dicamptodon ensatus",37.4353,-122.371033,"NA","MVZ database","MVZ 230027","NA","Steele CA, Carstens BC, Storfer A, Sullivan J. Testing hypotheses of speciation timing in Dicamptodon copei and Dicamptodon aterrimus (Caudata: Dicamptodontidae). Mol Phylogenet Evol. 2005 Jul;36(1):90-100. doi: 10.1016/j.ympev.2004.12.001. Epub 2005 Jan 25. PMID: 15904859."
"AY734600 Dicamptodon ensatus",38.8027187,-123.5756901,"NA","MVZ database","MVZ 202532","NA","Steele CA, Carstens BC, Storfer A, Sullivan J. Testing hypotheses of speciation timing in Dicamptodon copei and Dicamptodon aterrimus (Caudata: Dicamptodontidae). Mol Phylogenet Evol. 2005 Jul;36(1):90-100. doi: 10.1016/j.ympev.2004.12.001. Epub 2005 Jan 25. PMID: 15904859."
"AY734601 Dicamptodon ensatus",38.6773861,-123.1289687,"NA","MVZ database","MVZ 187979","NA","Steele CA, Carstens BC, Storfer A, Sullivan J. Testing hypotheses of speciation timing in Dicamptodon copei and Dicamptodon aterrimus (Caudata: Dicamptodontidae). Mol Phylogenet Evol. 2005 Jul;36(1):90-100. doi: 10.1016/j.ympev.2004.12.001. Epub 2005 Jan 25. PMID: 15904859."
"AY734621 Dicamptodon ensatus",38.8055455,-123.5613775,"NA","MVZ database","MVZ 202831","NA","Steele CA, Carstens BC, Storfer A, Sullivan J. Testing hypotheses of speciation timing in Dicamptodon copei and Dicamptodon aterrimus (Caudata: Dicamptodontidae). Mol Phylogenet Evol. 2005 Jul;36(1):90-100. doi: 10.1016/j.ympev.2004.12.001. Epub 2005 Jan 25. PMID: 15904859."
"AY734622 Dicamptodon ensatus",38.641022,-123.027778,1506,"GeoLocate","MVZ 238149","NA","Steele CA, Carstens BC, Storfer A, Sullivan J. Testing hypotheses of speciation timing in Dicamptodon copei and Dicamptodon aterrimus (Caudata: Dicamptodontidae). Mol Phylogenet Evol. 2005 Jul;36(1):90-100. doi: 10.1016/j.ympev.2004.12.001. Epub 2005 Jan 25. PMID: 15904859."
"AY734603 Dicamptodon ensatus",38.083403,-122.7633036,"NA","MVZ database","MVZ 187980","NA","Steele CA, Carstens BC, Storfer A, Sullivan J. Testing hypotheses of speciation timing in Dicamptodon copei and Dicamptodon aterrimus (Caudata: Dicamptodontidae). Mol Phylogenet Evol. 2005 Jul;36(1):90-100. doi: 10.1016/j.ympev.2004.12.001. Epub 2005 Jan 25. PMID: 15904859."
