value,Lat,Lon,Method,Error_km,Museum_Field_Number,Notes,Reference,,
DQ999078 Dicamptodon copei,45.538,-122.184,GoogleMaps,4,NA,"Young Crk, Multnomah Co, OR; Young 3; locality 20",https://www-sciencedirect-com.libproxy.unm.edu/science/article/pii/S1055790306003915,,
DQ999070 Dicamptodon copei,45.538,-122.168,GoogleMaps,4,NA,"Tributary of Young Crk, Multnomah Co, OR; Trib Young 1; locality 22",https://www-sciencedirect-com.libproxy.unm.edu/science/article/pii/S1055790306003915,,
DQ999053 Dicamptodon copei,45.545,-122.137,GoogleMaps,7,NA,"Bridal Veil Crk, Hood River Co, OR; Bridal Veil 1; locality 21",https://www-sciencedirect-com.libproxy.unm.edu/science/article/pii/S1055790306003915,,
AY734628 Dicamptodon copei,47.50026,-123.78687,Arctos,2.266,MVZ 207659,Grays Harbor Co WA, Merriman Crk, pop number 24,https://www-sciencedirect-com.libproxy.unm.edu/science/article/pii/S1055790304003781
AY734627 Dicamptodon copei,47.50026,-123.78687,Arctos,2.266,MVZ 177777 (typo in GenBank: 197777 in appendix),Grays Harbor Co WA, Merriman Crk, pop number 24,https://www-sciencedirect-com.libproxy.unm.edu/science/article/pii/S1055790304003781
AY734607 Dicamptodon copei,47.50026,-123.78687,Arctos,2.266,MVZ 197776,Grays Harbor Co WA, Merriman Crk, pop number 24,https://www-sciencedirect-com.libproxy.unm.edu/science/article/pii/S1055790304003781
DQ999079 Dicamptodon copei,45.545,-122.137,GoogleMaps,7,NA,"Bridal Veil Crk, Hood River Co, OR; Young 4; locality 21",https://www-sciencedirect-com.libproxy.unm.edu/science/article/pii/S1055790306003915,,
DQ999077 Dicamptodon copei,45.53828,-122.18407,GoogleMaps,4,NA,"Young Crk, Multnomah Co, OR; Young 2; locality 20",https://www-sciencedirect-com.libproxy.unm.edu/science/article/pii/S1055790306003915,,
DQ999072 Dicamptodon copei,45.538,-122.168,GoogleMaps,4,NA,"Tributary of Young Crk, Multnomah Co, OR; Trib Young 4; locality 22",https://www-sciencedirect-com.libproxy.unm.edu/science/article/pii/S1055790306003915,,
DQ999071 Dicamptodon copei,45.538,-122.168,GoogleMaps,4,NA,"Tributary of Young Crk, Multnomah Co, OR; Trib Young 2; locality 22",https://www-sciencedirect-com.libproxy.unm.edu/science/article/pii/S1055790306003915,,
DQ999068 Dicamptodon copei,45.273,-121.841,GoogleMaps,9,NA,"Sill Crk, Clakamas Co, OR; Still 4; locality 23",https://www-sciencedirect-com.libproxy.unm.edu/science/article/pii/S1055790306003915,,
DQ999067 Dicamptodon copei,45.273,-121.841,GoogleMaps,9,NA,"Sill Crk, Clakamas Co, OR; Still 1; locality 23",https://www-sciencedirect-com.libproxy.unm.edu/science/article/pii/S1055790306003915,,
DQ999052 Dicamptodon copei,45.217,-121.545,"GoogleMaps, center of county",10,NA,"Boulder Crk, Wasco Co, OR; Boulder 1; locality 24",https://www-sciencedirect-com.libproxy.unm.edu/science/article/pii/S1055790306003915,,
DQ999075 Dicamptodon copei,45.798,-121.912,GoogleMaps,12,NA,"Trout Crk, Skamania Co, WA; Trout 4; locality 17",https://www-sciencedirect-com.libproxy.unm.edu/science/article/pii/S1055790306003915,,
DQ999073 Dicamptodon copei,45.798,-121.912,GoogleMaps,12,NA,"Trout Crk, Skamania Co, WA; Trout 1; locality 17",https://www-sciencedirect-com.libproxy.unm.edu/science/article/pii/S1055790306003915,,
AY734610 Dicamptodon copei,45.798,-121.912,GoogleMaps,12,NA,"Skamania Co, WA; Trout Crk; Trout 1; pop number 22",https://www-sciencedirect-com.libproxy.unm.edu/science/article/pii/S1055790304003781,,
DQ999063 Dicamptodon copei,45.638,-122.123,GoogleMaps,4,NA,"McClowsky Crk, Skamanina Co, WA; McClowsky 1; locality 19 and Tributary of Washougal River, Skamania Co, WA; locality 18",https://www-sciencedirect-com.libproxy.unm.edu/science/article/pii/S1055790306003915,,
DQ999062 Dicamptodon copei,45.638,-122.123,GoogleMaps,4,NA,"McClowsky Crk, Skamanina Co, WA; Mabee 1; locality 19 and Tributary of Washougal River, Skamania Co, WA; locality 18",https://www-sciencedirect-com.libproxy.unm.edu/science/article/pii/S1055790306003915,,
AY734608 Dicamptodon copei,45.638,-122.123,GoogleMaps,4,NA,"Skamania Co, WA; McClowskey Crk; mcclowsky 1; pop number 23",https://www-sciencedirect-com.libproxy.unm.edu/science/article/pii/S1055790304003781,,
AY734609 Dicamptodon copei,45.638,-122.123,GoogleMaps,4,NA,"Skamania Co, WA; McClowskey Crk; mcclowsky 3; pop number 23",https://www-sciencedirect-com.libproxy.unm.edu/science/article/pii/S1055790304003781,,
DQ999064 Dicamptodon copei,45.638,-122.123,GoogleMaps,4,NA,"McClowsky Crk, Skamanina Co, WA; mcclowsky 3; locality 19",https://www-sciencedirect-com.libproxy.unm.edu/science/article/pii/S1055790306003915,,
DQ999076 Dicamptodon copei,46.1833,-121.5833,GeoLocate,10,NA,"White Salmon Crk, Skamania Co, WA; White Salmon 1; locality 16 ",https://www-sciencedirect-com.libproxy.unm.edu/science/article/pii/S1055790306003915,,
DQ999054 Dicamptodon copei,46.715,-122.237,GoogleMaps,5,NA,"East Crk, Lewis Co, WA; East 1; locality 13",https://www-sciencedirect-com.libproxy.unm.edu/science/article/pii/S1055790306003915,,
DQ999065 Dicamptodon copei,46.735,-122.315,GoogleMaps, Little Nisqually River in Lewis Co,12,NA,"Trib Nisqually River, Lewis Co, WA; Mona 4; locality 12",https://www-sciencedirect-com.libproxy.unm.edu/science/article/pii/S1055790306003915,
DQ999061 Dicamptodon copei,46.338,-121.979,"GoogleMaps, Little Creek in Skamania County",3,NA,"Little Crk, Skamania Co, WA; Little 7; locality 15",https://www-sciencedirect-com.libproxy.unm.edu/science/article/pii/S1055790306003915,,
DQ999060 Dicamptodon copei,46.395,-121.934,GoogleMaps, Jefferson Creek (just N of Skamania County),3,NA,"Little 4; Locality 14 (Jefferson Crk, Skamania Co, WA) and 15 (Little Crk, Skamania Co, WA)",https://www-sciencedirect-com.libproxy.unm.edu/science/article/pii/S1055790306003915,
AY734626 Dicamptodon copei,45.5731,-122.1269,Arctos,1,MVZ 192672,"Multnomah Co, OR; Wahkeena Fls; dco.a; population 26",https://www-sciencedirect-com.libproxy.unm.edu/science/article/pii/S1055790304003781,,
AY734625 Dicamptodon copei,45.5731,-122.1269,Arctos,1,MVZ 192671,"Multnomah Co, OR; Wahkeena Fls; dco.a; population 26",https://www-sciencedirect-com.libproxy.unm.edu/science/article/pii/S1055790304003781,,
AY734606 Dicamptodon copei,45.5731,-122.1269,Arctos,1,MVZ 192670,"Multnomah Co, OR; Wahkeena Fls; dco.a; population 26",https://www-sciencedirect-com.libproxy.unm.edu/science/article/pii/S1055790304003781,,
AY734611 Dicamptodon copei,45.798,-121.912,GoogleMaps,12,NA,"Skamania Co, WA; Trout Crk; trout 2; population 22",https://www-sciencedirect-com.libproxy.unm.edu/science/article/pii/S1055790304003781,,
DQ999074 Dicamptodon copei,45.798,-121.912,GoogleMaps,12,NA,"Trout Crk, Skamania Co, WA; Trout 2; locality 17",https://www-sciencedirect-com.libproxy.unm.edu/science/article/pii/S1055790306003915,,
DQ999059 Dicamptodon copei,45.987,-123.7,GoogleMaps,2,NA,"Fox Crk, Clatsop Co, OR; Fox 2; locality 11",https://www-sciencedirect-com.libproxy.unm.edu/science/article/pii/S1055790306003915,,
DQ999058 Dicamptodon copei,45.987,-123.7,GoogleMaps,2,NA,"Fox Crk, Clatsop Co, OR; Fox 1; locality 11",https://www-sciencedirect-com.libproxy.unm.edu/science/article/pii/S1055790306003915,,
DQ999057 Dicamptodon copei,46.241,-123.36,"GoogleMaps, Elochoman River, compared to locality 10",10,NA,"W Fk Elochoman Crk, Wahkiakum Co, WA; Elochoman 1; locality 10",https://www-sciencedirect-com.libproxy.unm.edu/science/article/pii/S1055790306003915,,
DQ999066 Dicamptodon copei,48.1,-124.294,GoogleMaps,12,NA,"Sol Duc 1, locality 1 (Lake Crk, Clallam Co, WA)",https://www-sciencedirect-com.libproxy.unm.edu/science/article/pii/S1055790306003915,,
AY734612 Dicamptodon copei,47.3115,-123.2414,Arctos,2,MVZ 192669,"Mason Co, WA; 0.3 mi S Mohrweis, Headwaters Weaver Crk; locality 25",https://www-sciencedirect-com.libproxy.unm.edu/science/article/pii/S1055790304003781,,
DQ999055 Dicamptodon copei,47.507,-123.351,GoogleMaps,3,NA,"Elk Crk, Mason Co, WA; Elk 2; locality 7",https://www-sciencedirect-com.libproxy.unm.edu/science/article/pii/S1055790306003915,,
DQ999056 Dicamptodon copei,47.507,-123.351,GoogleMaps,3,NA,"Elk 3; locality 7 (Elk Crk, Mason Co, WA)",https://www-sciencedirect-com.libproxy.unm.edu/science/article/pii/S1055790306003915,,
DQ999069 Dicamptodon copei,46.489,-123.159,"GoogleMaps; Stillman Creek, locality 9 on figure",10,NA,"Sillman Basin, Lewis Co, WA; Stillman 10; locality 9",https://www-sciencedirect-com.libproxy.unm.edu/science/article/pii/S1055790306003915,,
DQ999060.1 Dicamptodon copei,46.338,-121.979,"GoogleMaps, Little Creek in Skamania County",3,NA,"15 (Little Crk, Skamania Co, WA)",https://www-sciencedirect-com.libproxy.unm.edu/science/article/pii/S1055790306003915,,
DQ999066.1 Dicamptodon copei,47.981,-124.199,GoogleMaps,6,NA,"2 (Hyas Crk, Clallam Co, WA)",https://www-sciencedirect-com.libproxy.unm.edu/science/article/pii/S1055790306003915,,
DQ999066.2 Dicamptodon copei,47.947,-123.77,GoogleMaps and locality 3 on map,12,NA,"3 (Sol Duc Crk, Clallam Co, WA)",https://www-sciencedirect-com.libproxy.unm.edu/science/article/pii/S1055790306003915,,
DQ999066.3 Dicamptodon copei,47.841,-124.101,GeoLocate,4,NA,"4 (Tower Crk, Jefferson Co, WA)",https://www-sciencedirect-com.libproxy.unm.edu/science/article/pii/S1055790306003915,,
DQ999066.4 Dicamptodon copei,47.622,-124.013,GeoLocate,10,NA,"5 (Sam�s River, Jefferson Co, WA)",https://www-sciencedirect-com.libproxy.unm.edu/science/article/pii/S1055790306003915,,
DQ999066.5 Dicamptodon copei,47.496,-123.868,GoogleMaps,1,NA,"6 (July Crk, Grays Harbor Co, WA)",https://www-sciencedirect-com.libproxy.unm.edu/science/article/pii/S1055790306003915,,
DQ999056.1 Dicamptodon copei,47.365,-123.384,GeoLocate,5,NA,"8 (Cabin Crk, Mason Co, WA)",https://www-sciencedirect-com.libproxy.unm.edu/science/article/pii/S1055790306003915,,
