"value","Lat","Lon","Method","Error_km","Museum_Field_Number","Notes","Reference",
"AY728943 Dicamptodon aterrimus",46.433,-115.083,"Appendix has Lat/Lon for populations","Used GoogleMaps to approximate a central locality for each drainage with high error",29,"NA","haplotype bcc245.lo (Lochsa) - there is no way to link up the haplotype with the coordinates it came from, only the drainage; give approx. lat/lon with large error.","https://onlinelibrary-wiley-com.libproxy.unm.edu/doi/epdf/10.1111/j.1365-294X.2004.02404.x"
"AY728935 Dicamptodon aterrimus",47.017,-116.533,"Appendix has Lat/Lon for populations","Used GoogleMaps to approximate a central locality for each drainage with high error",12,"NA","haplotype bcc239.pa (Palouse)","https://onlinelibrary-wiley-com.libproxy.unm.edu/doi/epdf/10.1111/j.1365-294X.2004.02404.x"
"AY728932 Dicamptodon aterrimus",47.2,-115.583,"Appendix has Lat/Lon for populations","Used GoogleMaps to approximate a central locality for each drainage with high error",34,"NA","bcc233.sj","https://onlinelibrary-wiley-com.libproxy.unm.edu/doi/epdf/10.1111/j.1365-294X.2004.02404.x"
"AY728918 Dicamptodon aterrimus",47.2,-115.583,"Appendix has Lat/Lon for populations","Used GoogleMaps to approximate a central locality for each drainage with high error",34,"NA","bcc361.sj","https://onlinelibrary-wiley-com.libproxy.unm.edu/doi/epdf/10.1111/j.1365-294X.2004.02404.x"
"AY728923 Dicamptodon aterrimus",47.2,-115.583,"Appendix has Lat/Lon for populations","Used GoogleMaps to approximate a central locality for each drainage with high error",34,"NA","bcc369.sj","https://onlinelibrary-wiley-com.libproxy.unm.edu/doi/epdf/10.1111/j.1365-294X.2004.02404.x"
"AY728920 Dicamptodon aterrimus",47.2,-115.583,"Appendix has Lat/Lon for populations","Used GoogleMaps to approximate a central locality for each drainage with high error",34,"NA","bcc366.sj","https://onlinelibrary-wiley-com.libproxy.unm.edu/doi/epdf/10.1111/j.1365-294X.2004.02404.x"
"AY728908 Dicamptodon aterrimus",47.2,-115.583,"Appendix has Lat/Lon for populations","Used GoogleMaps to approximate a central locality for each drainage with high error",34,"NA","hapG.sj (n=3)","https://onlinelibrary-wiley-com.libproxy.unm.edu/doi/epdf/10.1111/j.1365-294X.2004.02404.x"
"AY728908.2 Dicamptodon aterrimus",47.2,-115.583,"Appendix has Lat/Lon for populations","Used GoogleMaps to approximate a central locality for each drainage with high error",34,"NA","hapG.sj (n=3)","https://onlinelibrary-wiley-com.libproxy.unm.edu/doi/epdf/10.1111/j.1365-294X.2004.02404.x"
"AY728908.3 Dicamptodon aterrimus",47.2,-115.583,"Appendix has Lat/Lon for populations","Used GoogleMaps to approximate a central locality for each drainage with high error",34,"NA","hapG.sj (n=3)","https://onlinelibrary-wiley-com.libproxy.unm.edu/doi/epdf/10.1111/j.1365-294X.2004.02404.x"
"AY728929 Dicamptodon aterrimus",47.2,-115.583,"Appendix has Lat/Lon for populations","Used GoogleMaps to approximate a central locality for each drainage with high error",34,"NA","bcc226.sj","https://onlinelibrary-wiley-com.libproxy.unm.edu/doi/epdf/10.1111/j.1365-294X.2004.02404.x"
"AY728921 Dicamptodon aterrimus",47.2,-115.583,"Appendix has Lat/Lon for populations","Used GoogleMaps to approximate a central locality for each drainage with high error",34,"NA","bcc367.sj","https://onlinelibrary-wiley-com.libproxy.unm.edu/doi/epdf/10.1111/j.1365-294X.2004.02404.x"
"AY728930 Dicamptodon aterrimus",47.2,-115.583,"Appendix has Lat/Lon for populations","Used GoogleMaps to approximate a central locality for each drainage with high error",34,"NA","bcc227.sj","https://onlinelibrary-wiley-com.libproxy.unm.edu/doi/epdf/10.1111/j.1365-294X.2004.02404.x"
"AY728952 Dicamptodon aterrimus",44.983,-115.667,"Appendix has Lat/Lon for populations","Used GoogleMaps to approximate a central locality for each drainage with high error",32,"NA","Dat2.sf","https://onlinelibrary-wiley-com.libproxy.unm.edu/doi/epdf/10.1111/j.1365-294X.2004.02404.x"
"AY728958 Dicamptodon aterrimus",44.983,-115.667,"Appendix has Lat/Lon for populations","Used GoogleMaps to approximate a central locality for each drainage with high error",32,"NA","bcc412.sf","https://onlinelibrary-wiley-com.libproxy.unm.edu/doi/epdf/10.1111/j.1365-294X.2004.02404.x"
"AY728957 Dicamptodon aterrimus",44.983,-115.667,"Appendix has Lat/Lon for populations","Used GoogleMaps to approximate a central locality for each drainage with high error",32,"NA","bcc411.sf","https://onlinelibrary-wiley-com.libproxy.unm.edu/doi/epdf/10.1111/j.1365-294X.2004.02404.x"
"AY728956 Dicamptodon aterrimus",44.983,-115.667,"Appendix has Lat/Lon for populations","Used GoogleMaps to approximate a central locality for each drainage with high error",32,"NA","bcc408.sf","https://onlinelibrary-wiley-com.libproxy.unm.edu/doi/epdf/10.1111/j.1365-294X.2004.02404.x"
"AY728955 Dicamptodon aterrimus",44.983,-115.667,"Appendix has Lat/Lon for populations","Used GoogleMaps to approximate a central locality for each drainage with high error",32,"NA","bcc406.sf","https://onlinelibrary-wiley-com.libproxy.unm.edu/doi/epdf/10.1111/j.1365-294X.2004.02404.x"
"AY728954 Dicamptodon aterrimus",44.983,-115.667,"Appendix has Lat/Lon for populations","Used GoogleMaps to approximate a central locality for each drainage with high error",32,"NA","bcc403.sf","https://onlinelibrary-wiley-com.libproxy.unm.edu/doi/epdf/10.1111/j.1365-294X.2004.02404.x"
"AY728953 Dicamptodon aterrimus",44.983,-115.667,"Appendix has Lat/Lon for populations","Used GoogleMaps to approximate a central locality for each drainage with high error",32,"NA","bcc402.sf","https://onlinelibrary-wiley-com.libproxy.unm.edu/doi/epdf/10.1111/j.1365-294X.2004.02404.x"
"AY728914 Dicamptodon aterrimus",44.983,-115.667,"Appendix has Lat/Lon for populations","Used GoogleMaps to approximate a central locality for each drainage with high error",32,"NA","hapM.sf (n=2)","https://onlinelibrary-wiley-com.libproxy.unm.edu/doi/epdf/10.1111/j.1365-294X.2004.02404.x"
"AY728913 Dicamptodon aterrimus",44.983,-115.667,"Appendix has Lat/Lon for populations","Used GoogleMaps to approximate a central locality for each drainage with high error",32,"NA","hapL.sf (n=10)","https://onlinelibrary-wiley-com.libproxy.unm.edu/doi/epdf/10.1111/j.1365-294X.2004.02404.x"
"AY728914.2 Dicamptodon aterrimus",44.983,-115.667,"Appendix has Lat/Lon for populations","Used GoogleMaps to approximate a central locality for each drainage with high error",32,"NA","hapM.sf (n=2)","https://onlinelibrary-wiley-com.libproxy.unm.edu/doi/epdf/10.1111/j.1365-294X.2004.02404.x"
"AY728913.2 Dicamptodon aterrimus",44.983,-115.667,"Appendix has Lat/Lon for populations","Used GoogleMaps to approximate a central locality for each drainage with high error",32,"NA","hapL.sf (n=10)","https://onlinelibrary-wiley-com.libproxy.unm.edu/doi/epdf/10.1111/j.1365-294X.2004.02404.x"
"AY728913.3 Dicamptodon aterrimus",44.983,-115.667,"Appendix has Lat/Lon for populations","Used GoogleMaps to approximate a central locality for each drainage with high error",32,"NA","hapL.sf (n=10)","https://onlinelibrary-wiley-com.libproxy.unm.edu/doi/epdf/10.1111/j.1365-294X.2004.02404.x"
"AY728913.4 Dicamptodon aterrimus",44.983,-115.667,"Appendix has Lat/Lon for populations","Used GoogleMaps to approximate a central locality for each drainage with high error",32,"NA","hapL.sf (n=10)","https://onlinelibrary-wiley-com.libproxy.unm.edu/doi/epdf/10.1111/j.1365-294X.2004.02404.x"
"AY728913.5 Dicamptodon aterrimus",44.983,-115.667,"Appendix has Lat/Lon for populations","Used GoogleMaps to approximate a central locality for each drainage with high error",32,"NA","hapL.sf (n=10)","https://onlinelibrary-wiley-com.libproxy.unm.edu/doi/epdf/10.1111/j.1365-294X.2004.02404.x"
"AY728913.6 Dicamptodon aterrimus",44.983,-115.667,"Appendix has Lat/Lon for populations","Used GoogleMaps to approximate a central locality for each drainage with high error",32,"NA","hapL.sf (n=10)","https://onlinelibrary-wiley-com.libproxy.unm.edu/doi/epdf/10.1111/j.1365-294X.2004.02404.x"
"AY728913.7 Dicamptodon aterrimus",44.983,-115.667,"Appendix has Lat/Lon for populations","Used GoogleMaps to approximate a central locality for each drainage with high error",32,"NA","hapL.sf (n=10)","https://onlinelibrary-wiley-com.libproxy.unm.edu/doi/epdf/10.1111/j.1365-294X.2004.02404.x"
"AY728913.8 Dicamptodon aterrimus",44.983,-115.667,"Appendix has Lat/Lon for populations","Used GoogleMaps to approximate a central locality for each drainage with high error",32,"NA","hapL.sf (n=10)","https://onlinelibrary-wiley-com.libproxy.unm.edu/doi/epdf/10.1111/j.1365-294X.2004.02404.x"
"AY728913.9 Dicamptodon aterrimus",44.983,-115.667,"Appendix has Lat/Lon for populations","Used GoogleMaps to approximate a central locality for each drainage with high error",32,"NA","hapL.sf (n=10)","https://onlinelibrary-wiley-com.libproxy.unm.edu/doi/epdf/10.1111/j.1365-294X.2004.02404.x"
"AY728913.10 Dicamptodon aterrimus",44.983,-115.667,"Appendix has Lat/Lon for populations","Used GoogleMaps to approximate a central locality for each drainage with high error",32,"NA","hapL.sf (n=10)","https://onlinelibrary-wiley-com.libproxy.unm.edu/doi/epdf/10.1111/j.1365-294X.2004.02404.x"
"AY728926 Dicamptodon aterrimus",47.2,-115.583,"Appendix has Lat/Lon for populations","Used GoogleMaps to approximate a central locality for each drainage with high error",34,"NA","bcc377.sj","https://onlinelibrary-wiley-com.libproxy.unm.edu/doi/epdf/10.1111/j.1365-294X.2004.02404.x"
"AY728927 Dicamptodon aterrimus",47.2,-115.583,"Appendix has Lat/Lon for populations","Used GoogleMaps to approximate a central locality for each drainage with high error",34,"NA","bcc378.sj","https://onlinelibrary-wiley-com.libproxy.unm.edu/doi/epdf/10.1111/j.1365-294X.2004.02404.x"
"AY728925 Dicamptodon aterrimus",47.2,-115.583,"Appendix has Lat/Lon for populations","Used GoogleMaps to approximate a central locality for each drainage with high error",34,"NA","bcc376.sj","https://onlinelibrary-wiley-com.libproxy.unm.edu/doi/epdf/10.1111/j.1365-294X.2004.02404.x"
"AY728942 Dicamptodon aterrimus",46.433,-115.083,"Appendix has Lat/Lon for populations","Used GoogleMaps to approximate a central locality for each drainage with high error",29,"NA","bcc244.lo","https://onlinelibrary-wiley-com.libproxy.unm.edu/doi/epdf/10.1111/j.1365-294X.2004.02404.x"
"AY728949 Dicamptodon aterrimus",46.05,-115.317,"Appendix has Lat/Lon for populations","Used GoogleMaps to approximate a central locality for each drainage with high error",4.3,"NA","bcc399.se","https://onlinelibrary-wiley-com.libproxy.unm.edu/doi/epdf/10.1111/j.1365-294X.2004.02404.x"
"AY728917 Dicamptodon aterrimus",47.2,-115.583,"Appendix has Lat/Lon for populations","Used GoogleMaps to approximate a central locality for each drainage with high error",34,"NA","bcc359.sj","https://onlinelibrary-wiley-com.libproxy.unm.edu/doi/epdf/10.1111/j.1365-294X.2004.02404.x"
"AY728909 Dicamptodon aterrimus",47.2,-115.583,"Appendix has Lat/Lon for populations","Used GoogleMaps to approximate a central locality for each drainage with high error",34,"NA","hapH.sj (n=4)","https://onlinelibrary-wiley-com.libproxy.unm.edu/doi/epdf/10.1111/j.1365-294X.2004.02404.x"
"AY728909.2 Dicamptodon aterrimus",47.2,-115.583,"Appendix has Lat/Lon for populations","Used GoogleMaps to approximate a central locality for each drainage with high error",34,"NA","hapH.sj (n=4)","https://onlinelibrary-wiley-com.libproxy.unm.edu/doi/epdf/10.1111/j.1365-294X.2004.02404.x"
"AY728909.3 Dicamptodon aterrimus",47.2,-115.583,"Appendix has Lat/Lon for populations","Used GoogleMaps to approximate a central locality for each drainage with high error",34,"NA","hapH.sj (n=4)","https://onlinelibrary-wiley-com.libproxy.unm.edu/doi/epdf/10.1111/j.1365-294X.2004.02404.x"
"AY728909.4 Dicamptodon aterrimus",47.2,-115.583,"Appendix has Lat/Lon for populations","Used GoogleMaps to approximate a central locality for each drainage with high error",34,"NA","hapH.sj (n=4)","https://onlinelibrary-wiley-com.libproxy.unm.edu/doi/epdf/10.1111/j.1365-294X.2004.02404.x"
"AY728934 Dicamptodon aterrimus",47.017,-116.533,"Appendix has Lat/Lon for populations","Used GoogleMaps to approximate a central locality for each drainage with high error",12,"NA","bcc225.pa","https://onlinelibrary-wiley-com.libproxy.unm.edu/doi/epdf/10.1111/j.1365-294X.2004.02404.x"
"AY728947 Dicamptodon aterrimus",46.433,-115.083,"Appendix has Lat/Lon for populations","Used GoogleMaps to approximate a central locality for each drainage with high error",29,"NA","bcc6.lo","https://onlinelibrary-wiley-com.libproxy.unm.edu/doi/epdf/10.1111/j.1365-294X.2004.02404.x"
"AY728933 Dicamptodon aterrimus",47.017,-116.533,"Appendix has Lat/Lon for populations","Used GoogleMaps to approximate a central locality for each drainage with high error",12,"NA","bcc224.pa","https://onlinelibrary-wiley-com.libproxy.unm.edu/doi/epdf/10.1111/j.1365-294X.2004.02404.x"
"AY728928 Dicamptodon aterrimus",47.2,-115.583,"Appendix has Lat/Lon for populations","Used GoogleMaps to approximate a central locality for each drainage with high error",34,"NA","bcc34.sj","https://onlinelibrary-wiley-com.libproxy.unm.edu/doi/epdf/10.1111/j.1365-294X.2004.02404.x"
"AY728946 Dicamptodon aterrimus",46.433,-115.083,"Appendix has Lat/Lon for populations","Used GoogleMaps to approximate a central locality for each drainage with high error",29,"NA","bcc352.lo","https://onlinelibrary-wiley-com.libproxy.unm.edu/doi/epdf/10.1111/j.1365-294X.2004.02404.x"
"AY728944 Dicamptodon aterrimus",46.433,-115.083,"Appendix has Lat/Lon for populations","Used GoogleMaps to approximate a central locality for each drainage with high error",29,"NA","bcc348.lo","https://onlinelibrary-wiley-com.libproxy.unm.edu/doi/epdf/10.1111/j.1365-294X.2004.02404.x"
"AY728945 Dicamptodon aterrimus",46.433,-115.083,"Appendix has Lat/Lon for populations","Used GoogleMaps to approximate a central locality for each drainage with high error",29,"NA","bcc351.lo","https://onlinelibrary-wiley-com.libproxy.unm.edu/doi/epdf/10.1111/j.1365-294X.2004.02404.x"
"AY728940 Dicamptodon aterrimus",46.733,-115.933,"Appendix has Lat/Lon for populations","Used GoogleMaps to approximate a central locality for each drainage with high error",38,"NA","bcc389.nf","https://onlinelibrary-wiley-com.libproxy.unm.edu/doi/epdf/10.1111/j.1365-294X.2004.02404.x"
"AY728931 Dicamptodon aterrimus",47.2,-115.583,"Appendix has Lat/Lon for populations","Used GoogleMaps to approximate a central locality for each drainage with high error",34,"NA","bcc230.sj","https://onlinelibrary-wiley-com.libproxy.unm.edu/doi/epdf/10.1111/j.1365-294X.2004.02404.x"
"AY728905 Dicamptodon aterrimus",46.433,-115.083,"Appendix has Lat/Lon for populations","Used GoogleMaps to approximate a central locality for each drainage with high error",29,"NA","hapD.lo (n=3)","https://onlinelibrary-wiley-com.libproxy.unm.edu/doi/epdf/10.1111/j.1365-294X.2004.02404.x"
"AY728905.2 Dicamptodon aterrimus",46.433,-115.083,"Appendix has Lat/Lon for populations","Used GoogleMaps to approximate a central locality for each drainage with high error",29,"NA","hapD.lo (n=3)","https://onlinelibrary-wiley-com.libproxy.unm.edu/doi/epdf/10.1111/j.1365-294X.2004.02404.x"
"AY728905.3 Dicamptodon aterrimus",46.433,-115.083,"Appendix has Lat/Lon for populations","Used GoogleMaps to approximate a central locality for each drainage with high error",29,"NA","hapD.lo (n=3)","https://onlinelibrary-wiley-com.libproxy.unm.edu/doi/epdf/10.1111/j.1365-294X.2004.02404.x"
"AY728903.2 Dicamptodon aterrimus",46.433,-115.083,"Appendix has Lat/Lon for populations","Used GoogleMaps to approximate a central locality for each drainage with high error",29,"NA","hapB.lo (n=3)","https://onlinelibrary-wiley-com.libproxy.unm.edu/doi/epdf/10.1111/j.1365-294X.2004.02404.x"
"AY728903.3 Dicamptodon aterrimus",46.433,-115.083,"Appendix has Lat/Lon for populations","Used GoogleMaps to approximate a central locality for each drainage with high error",29,"NA","hapB.lo (n=3)","https://onlinelibrary-wiley-com.libproxy.unm.edu/doi/epdf/10.1111/j.1365-294X.2004.02404.x"
"AY728904.2 Dicamptodon aterrimus",47.017,-116.533,"Appendix has Lat/Lon for populations","Used GoogleMaps to approximate a central locality for each drainage with high error",12,"NA","hapC.pa (n=2)","https://onlinelibrary-wiley-com.libproxy.unm.edu/doi/epdf/10.1111/j.1365-294X.2004.02404.x"
"AY728906.2 Dicamptodon aterrimus",46.05,-115.317,"Appendix has Lat/Lon for populations","Used GoogleMaps to approximate a central locality for each drainage with high error",4.3,"NA","hapE (n=2; 1 in sm, 1 in se)","https://onlinelibrary-wiley-com.libproxy.unm.edu/doi/epdf/10.1111/j.1365-294X.2004.02404.x"
"AY728907.2 Dicamptodon aterrimus",47.05,-116.517,"Appendix has Lat/Lon for populations","Used GoogleMaps to approximate a central locality for each drainage with high error",1,"NA","hapF.sm (n=2)","https://onlinelibrary-wiley-com.libproxy.unm.edu/doi/epdf/10.1111/j.1365-294X.2004.02404.x"
"AY728910.5 Dicamptodon aterrimus",46.05,-115.317,"Appendix has Lat/Lon for populations","Used GoogleMaps to approximate a central locality for each drainage with high error",4.3,"NA","hapI (n=5; 2 in sj, 2 in nf, 1 in se)","https://onlinelibrary-wiley-com.libproxy.unm.edu/doi/epdf/10.1111/j.1365-294X.2004.02404.x"
"AY728910.4 Dicamptodon aterrimus",46.733,-115.933,"Appendix has Lat/Lon for populations","Used GoogleMaps to approximate a central locality for each drainage with high error",38,"NA","hapI (n=5; 2 in sj, 2 in nf, 1 in se)","https://onlinelibrary-wiley-com.libproxy.unm.edu/doi/epdf/10.1111/j.1365-294X.2004.02404.x"
"AY728910.3 Dicamptodon aterrimus",46.733,-115.933,"Appendix has Lat/Lon for populations","Used GoogleMaps to approximate a central locality for each drainage with high error",38,"NA","hapI (n=5; 2 in sj, 2 in nf, 1 in se)","https://onlinelibrary-wiley-com.libproxy.unm.edu/doi/epdf/10.1111/j.1365-294X.2004.02404.x"
"AY728910.2 Dicamptodon aterrimus",47.2,-115.583,"Appendix has Lat/Lon for populations","Used GoogleMaps to approximate a central locality for each drainage with high error",34,"NA","hapI (n=5; 2 in sj, 2 in nf, 1 in se)","https://onlinelibrary-wiley-com.libproxy.unm.edu/doi/epdf/10.1111/j.1365-294X.2004.02404.x"
"AY728911.2 Dicamptodon aterrimus",46.05,-115.317,"Appendix has Lat/Lon for populations","Used GoogleMaps to approximate a central locality for each drainage with high error",4.3,"NA","hapJ (n=2) - Table 2 says Selway, Fig. 3 says Palouse?","https://onlinelibrary-wiley-com.libproxy.unm.edu/doi/epdf/10.1111/j.1365-294X.2004.02404.x"
"AY728912.2 Dicamptodon aterrimus",47.017,-116.533,"Appendix has Lat/Lon for populations","Used GoogleMaps to approximate a central locality for each drainage with high error",12,"NA","hapK.pa (n=2)","https://onlinelibrary-wiley-com.libproxy.unm.edu/doi/epdf/10.1111/j.1365-294X.2004.02404.x"
"AY728902 Dicamptodon aterrimus",47.05,-116.517,"Appendix has Lat/Lon for populations","Used GoogleMaps to approximate a central locality for each drainage with high error",1,"NA","hapA (n=34; 3 in sm, 14 in sj, 7 in pa, 3 in nf, 2 in lo, 5 in se)","https://onlinelibrary-wiley-com.libproxy.unm.edu/doi/epdf/10.1111/j.1365-294X.2004.02404.x"
"AY728903 Dicamptodon aterrimus",46.433,-115.083,"Appendix has Lat/Lon for populations","Used GoogleMaps to approximate a central locality for each drainage with high error",29,"NA","hapB.lo (n=3)","https://onlinelibrary-wiley-com.libproxy.unm.edu/doi/epdf/10.1111/j.1365-294X.2004.02404.x"
"AY728904 Dicamptodon aterrimus",47.017,-116.533,"Appendix has Lat/Lon for populations","Used GoogleMaps to approximate a central locality for each drainage with high error",12,"NA","hapC.pa (n=2)","https://onlinelibrary-wiley-com.libproxy.unm.edu/doi/epdf/10.1111/j.1365-294X.2004.02404.x"
"AY728906 Dicamptodon aterrimus",47.05,-116.517,"Appendix has Lat/Lon for populations","Used GoogleMaps to approximate a central locality for each drainage with high error",1,"NA","hapE (n=2; 1 in sm, 1 in se)","https://onlinelibrary-wiley-com.libproxy.unm.edu/doi/epdf/10.1111/j.1365-294X.2004.02404.x"
"AY728907 Dicamptodon aterrimus",47.05,-116.517,"Appendix has Lat/Lon for populations","Used GoogleMaps to approximate a central locality for each drainage with high error",1,"NA","hapF.sm (n=2)","https://onlinelibrary-wiley-com.libproxy.unm.edu/doi/epdf/10.1111/j.1365-294X.2004.02404.x"
"AY728910 Dicamptodon aterrimus",47.2,-115.583,"Appendix has Lat/Lon for populations","Used GoogleMaps to approximate a central locality for each drainage with high error",34,"NA","hapI (n=5; 2 in sj, 2 in nf, 1 in se)","https://onlinelibrary-wiley-com.libproxy.unm.edu/doi/epdf/10.1111/j.1365-294X.2004.02404.x"
"AY728911 Dicamptodon aterrimus",46.05,-115.317,"Appendix has Lat/Lon for populations","Used GoogleMaps to approximate a central locality for each drainage with high error",4.3,"NA","hapJ (n=2) - Table 2 says Selway, Fig. 3 says Palouse?","https://onlinelibrary-wiley-com.libproxy.unm.edu/doi/epdf/10.1111/j.1365-294X.2004.02404.x"
"AY728912 Dicamptodon aterrimus",47.017,-116.533,"Appendix has Lat/Lon for populations","Used GoogleMaps to approximate a central locality for each drainage with high error",12,"NA","hapK.pa (n=2)","https://onlinelibrary-wiley-com.libproxy.unm.edu/doi/epdf/10.1111/j.1365-294X.2004.02404.x"
"AY728915 Dicamptodon aterrimus",47.2,-115.583,"Appendix has Lat/Lon for populations","Used GoogleMaps to approximate a central locality for each drainage with high error",34,"NA","bcc384.sj","https://onlinelibrary-wiley-com.libproxy.unm.edu/doi/epdf/10.1111/j.1365-294X.2004.02404.x"
"AY728916 Dicamptodon aterrimus",47.2,-115.583,"Appendix has Lat/Lon for populations","Used GoogleMaps to approximate a central locality for each drainage with high error",34,"NA","bcc387.sj","https://onlinelibrary-wiley-com.libproxy.unm.edu/doi/epdf/10.1111/j.1365-294X.2004.02404.x"
"AY728919 Dicamptodon aterrimus",47.2,-115.583,"Appendix has Lat/Lon for populations","Used GoogleMaps to approximate a central locality for each drainage with high error",34,"NA","bcc365.sj","https://onlinelibrary-wiley-com.libproxy.unm.edu/doi/epdf/10.1111/j.1365-294X.2004.02404.x"
"AY728922 Dicamptodon aterrimus",47.2,-115.583,"Appendix has Lat/Lon for populations","Used GoogleMaps to approximate a central locality for each drainage with high error",34,"NA","bcc368.sj","https://onlinelibrary-wiley-com.libproxy.unm.edu/doi/epdf/10.1111/j.1365-294X.2004.02404.x"
"AY728924 Dicamptodon aterrimus",47.2,-115.583,"Appendix has Lat/Lon for populations","Used GoogleMaps to approximate a central locality for each drainage with high error",34,"NA","bcc370.sj","https://onlinelibrary-wiley-com.libproxy.unm.edu/doi/epdf/10.1111/j.1365-294X.2004.02404.x"
"AY728936 Dicamptodon aterrimus",47.017,-116.533,"Appendix has Lat/Lon for populations","Used GoogleMaps to approximate a central locality for each drainage with high error",12,"NA","bcc391.pa","https://onlinelibrary-wiley-com.libproxy.unm.edu/doi/epdf/10.1111/j.1365-294X.2004.02404.x"
"AY728937 Dicamptodon aterrimus",47.017,-116.533,"Appendix has Lat/Lon for populations","Used GoogleMaps to approximate a central locality for each drainage with high error",12,"NA","bcc3.pa","https://onlinelibrary-wiley-com.libproxy.unm.edu/doi/epdf/10.1111/j.1365-294X.2004.02404.x"
"AY728938 Dicamptodon aterrimus",46.733,-115.933,"Appendix has Lat/Lon for populations","Used GoogleMaps to approximate a central locality for each drainage with high error",38,"NA","bcc381.nf","https://onlinelibrary-wiley-com.libproxy.unm.edu/doi/epdf/10.1111/j.1365-294X.2004.02404.x"
"AY728939 Dicamptodon aterrimus",46.733,-115.933,"Appendix has Lat/Lon for populations","Used GoogleMaps to approximate a central locality for each drainage with high error",38,"NA","bcc382.nf","https://onlinelibrary-wiley-com.libproxy.unm.edu/doi/epdf/10.1111/j.1365-294X.2004.02404.x"
"AY728941 Dicamptodon aterrimus",46.733,-115.933,"Appendix has Lat/Lon for populations","Used GoogleMaps to approximate a central locality for each drainage with high error",38,"NA","bcc235.nf","https://onlinelibrary-wiley-com.libproxy.unm.edu/doi/epdf/10.1111/j.1365-294X.2004.02404.x"
"AY728948 Dicamptodon aterrimus",46.05,-115.317,"Appendix has Lat/Lon for populations","Used GoogleMaps to approximate a central locality for each drainage with high error",4.3,"NA","bcc396.se","https://onlinelibrary-wiley-com.libproxy.unm.edu/doi/epdf/10.1111/j.1365-294X.2004.02404.x"
"AY728950 Dicamptodon aterrimus",46.05,-115.317,"Appendix has Lat/Lon for populations","Used GoogleMaps to approximate a central locality for each drainage with high error",4.3,"NA","bcc401.se","https://onlinelibrary-wiley-com.libproxy.unm.edu/doi/epdf/10.1111/j.1365-294X.2004.02404.x"
"AY728951 Dicamptodon aterrimus",46.05,-115.317,"Appendix has Lat/Lon for populations","Used GoogleMaps to approximate a central locality for each drainage with high error",4.3,"NA","bcc415.se","https://onlinelibrary-wiley-com.libproxy.unm.edu/doi/epdf/10.1111/j.1365-294X.2004.02404.x"
"AY728902.2 Dicamptodon aterrimus",47.05,-116.517,"Appendix has Lat/Lon for populations","Used GoogleMaps to approximate a central locality for each drainage with high error",1,"NA","hapA (n=34; 3 in sm, 14 in sj, 7 in pa, 3 in nf, 2 in lo, 5 in se)","https://onlinelibrary-wiley-com.libproxy.unm.edu/doi/epdf/10.1111/j.1365-294X.2004.02404.x"
"AY728902.3 Dicamptodon aterrimus",47.05,-116.517,"Appendix has Lat/Lon for populations","Used GoogleMaps to approximate a central locality for each drainage with high error",1,"NA","hapA (n=34; 3 in sm, 14 in sj, 7 in pa, 3 in nf, 2 in lo, 5 in se)","https://onlinelibrary-wiley-com.libproxy.unm.edu/doi/epdf/10.1111/j.1365-294X.2004.02404.x"
"AY728902.4 Dicamptodon aterrimus",47.2,-115.583,"Appendix has Lat/Lon for populations","Used GoogleMaps to approximate a central locality for each drainage with high error",34,"NA","hapA (n=34; 3 in sm, 14 in sj, 7 in pa, 3 in nf, 2 in lo, 5 in se)","https://onlinelibrary-wiley-com.libproxy.unm.edu/doi/epdf/10.1111/j.1365-294X.2004.02404.x"
"AY728902.5 Dicamptodon aterrimus",47.2,-115.583,"Appendix has Lat/Lon for populations","Used GoogleMaps to approximate a central locality for each drainage with high error",34,"NA","hapA (n=34; 3 in sm, 14 in sj, 7 in pa, 3 in nf, 2 in lo, 5 in se)","https://onlinelibrary-wiley-com.libproxy.unm.edu/doi/epdf/10.1111/j.1365-294X.2004.02404.x"
"AY728902.6 Dicamptodon aterrimus",47.2,-115.583,"Appendix has Lat/Lon for populations","Used GoogleMaps to approximate a central locality for each drainage with high error",34,"NA","hapA (n=34; 3 in sm, 14 in sj, 7 in pa, 3 in nf, 2 in lo, 5 in se)","https://onlinelibrary-wiley-com.libproxy.unm.edu/doi/epdf/10.1111/j.1365-294X.2004.02404.x"
"AY728902.7 Dicamptodon aterrimus",47.2,-115.583,"Appendix has Lat/Lon for populations","Used GoogleMaps to approximate a central locality for each drainage with high error",34,"NA","hapA (n=34; 3 in sm, 14 in sj, 7 in pa, 3 in nf, 2 in lo, 5 in se)","https://onlinelibrary-wiley-com.libproxy.unm.edu/doi/epdf/10.1111/j.1365-294X.2004.02404.x"
"AY728902.8 Dicamptodon aterrimus",47.2,-115.583,"Appendix has Lat/Lon for populations","Used GoogleMaps to approximate a central locality for each drainage with high error",34,"NA","hapA (n=34; 3 in sm, 14 in sj, 7 in pa, 3 in nf, 2 in lo, 5 in se)","https://onlinelibrary-wiley-com.libproxy.unm.edu/doi/epdf/10.1111/j.1365-294X.2004.02404.x"
"AY728902.9 Dicamptodon aterrimus",47.2,-115.583,"Appendix has Lat/Lon for populations","Used GoogleMaps to approximate a central locality for each drainage with high error",34,"NA","hapA (n=34; 3 in sm, 14 in sj, 7 in pa, 3 in nf, 2 in lo, 5 in se)","https://onlinelibrary-wiley-com.libproxy.unm.edu/doi/epdf/10.1111/j.1365-294X.2004.02404.x"
"AY728902.10 Dicamptodon aterrimus",47.2,-115.583,"Appendix has Lat/Lon for populations","Used GoogleMaps to approximate a central locality for each drainage with high error",34,"NA","hapA (n=34; 3 in sm, 14 in sj, 7 in pa, 3 in nf, 2 in lo, 5 in se)","https://onlinelibrary-wiley-com.libproxy.unm.edu/doi/epdf/10.1111/j.1365-294X.2004.02404.x"
"AY728902.11 Dicamptodon aterrimus",47.2,-115.583,"Appendix has Lat/Lon for populations","Used GoogleMaps to approximate a central locality for each drainage with high error",34,"NA","hapA (n=34; 3 in sm, 14 in sj, 7 in pa, 3 in nf, 2 in lo, 5 in se)","https://onlinelibrary-wiley-com.libproxy.unm.edu/doi/epdf/10.1111/j.1365-294X.2004.02404.x"
"AY728902.12 Dicamptodon aterrimus",47.2,-115.583,"Appendix has Lat/Lon for populations","Used GoogleMaps to approximate a central locality for each drainage with high error",34,"NA","hapA (n=34; 3 in sm, 14 in sj, 7 in pa, 3 in nf, 2 in lo, 5 in se)","https://onlinelibrary-wiley-com.libproxy.unm.edu/doi/epdf/10.1111/j.1365-294X.2004.02404.x"
"AY728902.13 Dicamptodon aterrimus",47.2,-115.583,"Appendix has Lat/Lon for populations","Used GoogleMaps to approximate a central locality for each drainage with high error",34,"NA","hapA (n=34; 3 in sm, 14 in sj, 7 in pa, 3 in nf, 2 in lo, 5 in se)","https://onlinelibrary-wiley-com.libproxy.unm.edu/doi/epdf/10.1111/j.1365-294X.2004.02404.x"
"AY728902.14 Dicamptodon aterrimus",47.2,-115.583,"Appendix has Lat/Lon for populations","Used GoogleMaps to approximate a central locality for each drainage with high error",34,"NA","hapA (n=34; 3 in sm, 14 in sj, 7 in pa, 3 in nf, 2 in lo, 5 in se)","https://onlinelibrary-wiley-com.libproxy.unm.edu/doi/epdf/10.1111/j.1365-294X.2004.02404.x"
"AY728902.15 Dicamptodon aterrimus",47.2,-115.583,"Appendix has Lat/Lon for populations","Used GoogleMaps to approximate a central locality for each drainage with high error",34,"NA","hapA (n=34; 3 in sm, 14 in sj, 7 in pa, 3 in nf, 2 in lo, 5 in se)","https://onlinelibrary-wiley-com.libproxy.unm.edu/doi/epdf/10.1111/j.1365-294X.2004.02404.x"
"AY728902.16 Dicamptodon aterrimus",47.2,-115.583,"Appendix has Lat/Lon for populations","Used GoogleMaps to approximate a central locality for each drainage with high error",34,"NA","hapA (n=34; 3 in sm, 14 in sj, 7 in pa, 3 in nf, 2 in lo, 5 in se)","https://onlinelibrary-wiley-com.libproxy.unm.edu/doi/epdf/10.1111/j.1365-294X.2004.02404.x"
"AY728902.17 Dicamptodon aterrimus",47.2,-115.583,"Appendix has Lat/Lon for populations","Used GoogleMaps to approximate a central locality for each drainage with high error",34,"NA","hapA (n=34; 3 in sm, 14 in sj, 7 in pa, 3 in nf, 2 in lo, 5 in se)","https://onlinelibrary-wiley-com.libproxy.unm.edu/doi/epdf/10.1111/j.1365-294X.2004.02404.x"
"AY728902.18 Dicamptodon aterrimus",47.017,-116.533,"Appendix has Lat/Lon for populations","Used GoogleMaps to approximate a central locality for each drainage with high error",12,"NA","hapA (n=34; 3 in sm, 14 in sj, 7 in pa, 3 in nf, 2 in lo, 5 in se)","https://onlinelibrary-wiley-com.libproxy.unm.edu/doi/epdf/10.1111/j.1365-294X.2004.02404.x"
"AY728902.19 Dicamptodon aterrimus",47.017,-116.533,"Appendix has Lat/Lon for populations","Used GoogleMaps to approximate a central locality for each drainage with high error",12,"NA","hapA (n=34; 3 in sm, 14 in sj, 7 in pa, 3 in nf, 2 in lo, 5 in se)","https://onlinelibrary-wiley-com.libproxy.unm.edu/doi/epdf/10.1111/j.1365-294X.2004.02404.x"
"AY728902.20 Dicamptodon aterrimus",47.017,-116.533,"Appendix has Lat/Lon for populations","Used GoogleMaps to approximate a central locality for each drainage with high error",12,"NA","hapA (n=34; 3 in sm, 14 in sj, 7 in pa, 3 in nf, 2 in lo, 5 in se)","https://onlinelibrary-wiley-com.libproxy.unm.edu/doi/epdf/10.1111/j.1365-294X.2004.02404.x"
"AY728902.21 Dicamptodon aterrimus",47.017,-116.533,"Appendix has Lat/Lon for populations","Used GoogleMaps to approximate a central locality for each drainage with high error",12,"NA","hapA (n=34; 3 in sm, 14 in sj, 7 in pa, 3 in nf, 2 in lo, 5 in se)","https://onlinelibrary-wiley-com.libproxy.unm.edu/doi/epdf/10.1111/j.1365-294X.2004.02404.x"
"AY728902.22 Dicamptodon aterrimus",47.017,-116.533,"Appendix has Lat/Lon for populations","Used GoogleMaps to approximate a central locality for each drainage with high error",12,"NA","hapA (n=34; 3 in sm, 14 in sj, 7 in pa, 3 in nf, 2 in lo, 5 in se)","https://onlinelibrary-wiley-com.libproxy.unm.edu/doi/epdf/10.1111/j.1365-294X.2004.02404.x"
"AY728902.23 Dicamptodon aterrimus",47.017,-116.533,"Appendix has Lat/Lon for populations","Used GoogleMaps to approximate a central locality for each drainage with high error",12,"NA","hapA (n=34; 3 in sm, 14 in sj, 7 in pa, 3 in nf, 2 in lo, 5 in se)","https://onlinelibrary-wiley-com.libproxy.unm.edu/doi/epdf/10.1111/j.1365-294X.2004.02404.x"
"AY728902.24 Dicamptodon aterrimus",47.017,-116.533,"Appendix has Lat/Lon for populations","Used GoogleMaps to approximate a central locality for each drainage with high error",12,"NA","hapA (n=34; 3 in sm, 14 in sj, 7 in pa, 3 in nf, 2 in lo, 5 in se)","https://onlinelibrary-wiley-com.libproxy.unm.edu/doi/epdf/10.1111/j.1365-294X.2004.02404.x"
"AY728902.25 Dicamptodon aterrimus",46.733,-115.933,"Appendix has Lat/Lon for populations","Used GoogleMaps to approximate a central locality for each drainage with high error",38,"NA","hapA (n=34; 3 in sm, 14 in sj, 7 in pa, 3 in nf, 2 in lo, 5 in se)","https://onlinelibrary-wiley-com.libproxy.unm.edu/doi/epdf/10.1111/j.1365-294X.2004.02404.x"
"AY728902.26 Dicamptodon aterrimus",46.733,-115.933,"Appendix has Lat/Lon for populations","Used GoogleMaps to approximate a central locality for each drainage with high error",38,"NA","hapA (n=34; 3 in sm, 14 in sj, 7 in pa, 3 in nf, 2 in lo, 5 in se)","https://onlinelibrary-wiley-com.libproxy.unm.edu/doi/epdf/10.1111/j.1365-294X.2004.02404.x"
"AY728902.27 Dicamptodon aterrimus",46.733,-115.933,"Appendix has Lat/Lon for populations","Used GoogleMaps to approximate a central locality for each drainage with high error",38,"NA","hapA (n=34; 3 in sm, 14 in sj, 7 in pa, 3 in nf, 2 in lo, 5 in se)","https://onlinelibrary-wiley-com.libproxy.unm.edu/doi/epdf/10.1111/j.1365-294X.2004.02404.x"
"AY728902.28 Dicamptodon aterrimus",46.433,-115.083,"Appendix has Lat/Lon for populations","Used GoogleMaps to approximate a central locality for each drainage with high error",29,"NA","hapA (n=34; 3 in sm, 14 in sj, 7 in pa, 3 in nf, 2 in lo, 5 in se)","https://onlinelibrary-wiley-com.libproxy.unm.edu/doi/epdf/10.1111/j.1365-294X.2004.02404.x"
"AY728902.29 Dicamptodon aterrimus",46.433,-115.083,"Appendix has Lat/Lon for populations","Used GoogleMaps to approximate a central locality for each drainage with high error",29,"NA","hapA (n=34; 3 in sm, 14 in sj, 7 in pa, 3 in nf, 2 in lo, 5 in se)","https://onlinelibrary-wiley-com.libproxy.unm.edu/doi/epdf/10.1111/j.1365-294X.2004.02404.x"
"AY728902.30 Dicamptodon aterrimus",46.05,-115.317,"Appendix has Lat/Lon for populations","Used GoogleMaps to approximate a central locality for each drainage with high error",4.3,"NA","hapA (n=34; 3 in sm, 14 in sj, 7 in pa, 3 in nf, 2 in lo, 5 in se)","https://onlinelibrary-wiley-com.libproxy.unm.edu/doi/epdf/10.1111/j.1365-294X.2004.02404.x"
"AY728902.31 Dicamptodon aterrimus",46.05,-115.317,"Appendix has Lat/Lon for populations","Used GoogleMaps to approximate a central locality for each drainage with high error",4.3,"NA","hapA (n=34; 3 in sm, 14 in sj, 7 in pa, 3 in nf, 2 in lo, 5 in se)","https://onlinelibrary-wiley-com.libproxy.unm.edu/doi/epdf/10.1111/j.1365-294X.2004.02404.x"
"AY728902.32 Dicamptodon aterrimus",46.05,-115.317,"Appendix has Lat/Lon for populations","Used GoogleMaps to approximate a central locality for each drainage with high error",4.3,"NA","hapA (n=34; 3 in sm, 14 in sj, 7 in pa, 3 in nf, 2 in lo, 5 in se)","https://onlinelibrary-wiley-com.libproxy.unm.edu/doi/epdf/10.1111/j.1365-294X.2004.02404.x"
"AY728902.33 Dicamptodon aterrimus",46.05,-115.317,"Appendix has Lat/Lon for populations","Used GoogleMaps to approximate a central locality for each drainage with high error",4.3,"NA","hapA (n=34; 3 in sm, 14 in sj, 7 in pa, 3 in nf, 2 in lo, 5 in se)","https://onlinelibrary-wiley-com.libproxy.unm.edu/doi/epdf/10.1111/j.1365-294X.2004.02404.x"
"AY728902.34 Dicamptodon aterrimus",46.05,-115.317,"Appendix has Lat/Lon for populations","Used GoogleMaps to approximate a central locality for each drainage with high error",4.3,"NA","hapA (n=34; 3 in sm, 14 in sj, 7 in pa, 3 in nf, 2 in lo, 5 in se)","https://onlinelibrary-wiley-com.libproxy.unm.edu/doi/epdf/10.1111/j.1365-294X.2004.02404.x"
