value,Lat,Lon,Method,Error_km,Museum_Field_Number,Notes,Reference
AY734615 Dicamptodon tenebrosus,45.5752,-122.0664,Arctos,2,MVZ 187951,haplotype dte.b,doi:10.1016/j.ympev.2004.12.001
AY734614 Dicamptodon tenebrosus,45.5752,-122.0664,Arctos,2,MVZ 187950,haplotype dte.b,doi:10.1016/j.ympev.2004.12.001
AY734572 Dicamptodon tenebrosus,45.5752,-122.0664,Arctos,2,MVZ 187949,haplotype dte.b,doi:10.1016/j.ympev.2004.12.001
AY734571 Dicamptodon tenebrosus,47.7569,-122.2797,Arctos,5,MVZ 187972,haplotype dte.b,doi:10.1016/j.ympev.2004.12.001
AY734570 Dicamptodon tenebrosus,47.31525,-123.62224,Arctos,4,MVZ 223515,Dicamptodon copei according to MVZ and appendix,doi:10.1016/j.ympev.2004.12.001
AY734593 Dicamptodon tenebrosus,39.2563275,-123.7806164,Arctos,1,MVZ 192640,Hwy 1at 1.4 mi S of Little Riv,doi:10.1016/j.ympev.2004.12.001
AY734619 Dicamptodon tenebrosus,42.0924,-123.2426,Arctos,1,MVZ 192608,"Josephine Co, OR; Thompson Crk",doi:10.1016/j.ympev.2004.12.001
AY734581 Dicamptodon tenebrosus,42.0924,-123.2426,Arctos,1,MVZ 192606,"Josephine Co, OR; Thompson Crk",doi:10.1016/j.ympev.2004.12.001
AY734595 Dicamptodon tenebrosus,39.2563275,-123.7806164,Arctos,1,MVZ 192639,Hwy 1at 1.4 mi S of Little Riv,doi:10.1016/j.ympev.2004.12.001
AY734599 Dicamptodon tenebrosus,38.8298545,-123.6146545,Arctos,1,MVZ 203397,Signal Port Crk,doi:10.1016/j.ympev.2004.12.001
AY734617 Dicamptodon tenebrosus,40.7354431,-123.2536283,Arctos,3,MVZ 187931,NA,doi:10.1016/j.ympev.2004.12.001
AY734616 Dicamptodon tenebrosus,40.7354431,-123.2536283,Arctos,3,MVZ 187930,NA,doi:10.1016/j.ympev.2004.12.001
AY734575 Dicamptodon tenebrosus,39.5966,-123.7842,GeoLocate,17,MVZ 192579,"Hwy 1 between Fort Bragg and Rockport, Mendocino Co., CA, ",doi:10.1016/j.ympev.2004.12.001
AY734574 Dicamptodon tenebrosus,40.9488827,-122.4006929,Arctos,1,MVZ 192613,NA,doi:10.1016/j.ympev.2004.12.001
AY734573 Dicamptodon tenebrosus,40.7354431,-123.2536283,Arctos,3,MVZ 187929,NA,doi:10.1016/j.ympev.2004.12.001
AY734596 Dicamptodon tenebrosus,39.858552,-123.718114,Arctos,1,MVZ 187978,NA,doi:10.1016/j.ympev.2004.12.001
AY734584 Dicamptodon tenebrosus,42.424,-122.7285,GeoLocate - county,73,NA,"dte.j; Jackson Co, OR; Shoat Spgs",doi:10.1016/j.ympev.2004.12.001
AY734597 Dicamptodon tenebrosus,41.8106013,-123.1147117,Arctos,1,MVZ 187939,NA,doi:10.1016/j.ympev.2004.12.001
AY734580 Dicamptodon tenebrosus,40.8099129,-122.0916152,Arctos,1,MVZ 161132,NA,doi:10.1016/j.ympev.2004.12.001
AY734579 Dicamptodon tenebrosus,41.8106013,-123.1147117,Arctos,1,MVZ 187940,NA,doi:10.1016/j.ympev.2004.12.001
AY734613 Dicamptodon tenebrosus,41.7269284,-123.4438998,Arctos,1,MVZ 187934,NA,doi:10.1016/j.ympev.2004.12.001
AY734568 Dicamptodon tenebrosus,41.7269284,-123.4438998,Arctos,1,MVZ 187933,NA,doi:10.1016/j.ympev.2004.12.001
AY734591 Dicamptodon tenebrosus,41.927976,-124.133476,Arctos,2,MVZ 192602,NA,doi:10.1016/j.ympev.2004.12.001
AY734620 Dicamptodon tenebrosus,41.927976,-124.133476,Arctos,2,MVZ 192603,NA,doi:10.1016/j.ympev.2004.12.001
AY734583 Dicamptodon tenebrosus,41.927976,-124.133476,Arctos,2,MVZ 192601,NA,doi:10.1016/j.ympev.2004.12.001
AY734594 Dicamptodon tenebrosus,44.2337,-122.2018,Arctos,1,MVZ 223246,NA,doi:10.1016/j.ympev.2004.12.001
AY734588 Dicamptodon tenebrosus,43.7575,-122.2954,Arctos,15,MVZ 187955,NA,doi:10.1016/j.ympev.2004.12.001
AY734618 Dicamptodon tenebrosus,44.2337,-122.2071,Arctos,1,MVZ 223248,NA,doi:10.1016/j.ympev.2004.12.001
AY734578 Dicamptodon tenebrosus,44.2337,-122.2018,Arctos,1,MVZ 223245,NA,doi:10.1016/j.ympev.2004.12.001
AY734577 Dicamptodon tenebrosus,43.7575,-122.2954,Arctos,15,MVZ 187954,NA,doi:10.1016/j.ympev.2004.12.001
AY734576 Dicamptodon tenebrosus,44.3214,-123.4873,GeoLocate,6,MVZ 187959�61,"dte.d; Benton Co, OR; Fall Crk, ",doi:10.1016/j.ympev.2004.12.001
AY734590 Dicamptodon tenebrosus,44.3214,-123.4873,GeoLocate,6,MVZ 187960,NA,doi:10.1016/j.ympev.2004.12.001
AY734582 Dicamptodon tenebrosus,45.5383,-123.7833,Arctos,1,"MVZ 192583, 192589�90;","dte.h; Tillamook Co, OR; Kilchis River Park,  AY734582",doi:10.1016/j.ympev.2004.12.001
AY734589 Dicamptodon tenebrosus,43.8168,-123.7946,Arctos,1,MVZ 187958,NA,doi:10.1016/j.ympev.2004.12.001
AY734592 Dicamptodon tenebrosus,42.0924,-123.2426,Arctos,1,MVZ 192607,NA,doi:10.1016/j.ympev.2004.12.001
AY734586 Dicamptodon tenebrosus,45.2208,-121.0811,Arctos,1,MVZ 187944,NA,doi:10.1016/j.ympev.2004.12.001
AY734598 Dicamptodon tenebrosus,45.2208,-121.0811,Arctos,1,MVZ 187945,NA,doi:10.1016/j.ympev.2004.12.001
AY734587 Dicamptodon tenebrosus,45.2208,-121.0811,Arctos,1,MVZ 187946,NA,doi:10.1016/j.ympev.2004.12.001
DQ387928 Dicamptodon tenebrosus,46.022995,-121.91478,GeoLocate - county,59,NA,"isolate D; Lewis Crk, Skamania Co., WA",doi: 10.1111/j.1365-294X.2006.02950.x
DQ387927 Dicamptodon tenebrosus,46.022995,-121.91478,GeoLocate - county,59,NA,"isolate C; Lewis Crk, Skamania Co., WA",doi: 10.1111/j.1365-294X.2006.02950.x
DQ387929 Dicamptodon tenebrosus,48.070085,-121.654982,GeoLocate,9,NA,"isolate G; Mallardy Crk, Snohomish Co., WA",doi: 10.1111/j.1365-294X.2006.02950.x
DQ387924 Dicamptodon tenebrosus,46.14886,-122.4709,GeoLocate,18,NA,"isolate E; Coweeman River, Cowlitz, Co., WA",doi: 10.1111/j.1365-294X.2006.02950.x
DQ387923 Dicamptodon tenebrosus,48.905332,-121.808845,GeoLocate,5,NA,"isolate A; 11 localities, including Nooksack Falls",doi: 10.1111/j.1365-294X.2006.02950.x
DQ387925 Dicamptodon tenebrosus,46.14886,-122.4709,GeoLocate,18,NA,"isolate F; Coweeman River, Cowlitz, Co., WA",doi: 10.1111/j.1365-294X.2006.02950.x
DQ387923.2 Dicamptodon tenebrosus,47.88845,-121.01747,GoogleMaps,3,NA,"isolate A; 11 Mile Crk, Chelan Co., WA",
DQ387923.3 Dicamptodon tenebrosus,47.41815,-121.63922,GoogleMaps,2,NA,"isolate A; Mine Crk, King Co., WA",
DQ387923.4 Dicamptodon tenebrosus,47.28683,-121.35323,GoogleMaps,1,NA,"isolate A; Mosquito Crk, Kittitas Co., WA",
DQ387923.5 Dicamptodon tenebrosus,46.735,-122.315,GoogleMaps; Little Nisqually River in Lewis Co,12,NA,"isolate A; Tributary of West Fork of Little Nisqually River, Lewis Co., WA",
DQ387923.6 Dicamptodon tenebrosus,46.241,-123.36,"GoogleMaps, Elochoman River, compared to locality 10",10,NA,"isolate A; West Fork of Elochoman River, Wahkiakum Co., WA",
DQ387923.7 Dicamptodon tenebrosus,46.02027,-122.29684,GoogleMaps,12,NA,"isolate A; Yale Crk, Clark Co., WA",
DQ387923.8 Dicamptodon tenebrosus,46.022995,-121.91478,GeoLocate - county,59,NA,"isolate A; Lewis Crk, Skamania Co., WA",
DQ387923.9 Dicamptodon tenebrosus,45.638,-122.123,GoogleMaps,4,NA,"isolate A; McCloskey Crk, Skamania Co., WA",
DQ387923.10 Dicamptodon tenebrosus,45.5752,-122.0664,Arctos,2,"MVZ 187949, 187951","isolate A; Oneonta Gorge, Multonomah Co., OR; ",
