"value","Lat","Lon","Method","Error","Reference"
"AB686206.1 Echinotriton andersoni mitochondrial cytb gene for cytochrome b, partial cds, haplotype: 32",26.719031,128.157625,"Geolocate using a scientific paper",3036,"Phylogeny and biogeography of the Anderson’s crocodile newt, Echinotriton andersoni (Amphibia: Caudata), as revealed by mitochondrial DNA sequences"
"AB686207.1 Echinotriton andersoni mitochondrial cytb gene for cytochrome b, partial cds, haplotype: 33",26.352498,126.74344,"Geolocate using a scientific paper",3036,"Phylogeny and biogeography of the Anderson’s crocodile newt, Echinotriton andersoni (Amphibia: Caudata), as revealed by mitochondrial DNA sequences"
"AB686205.1 Echinotriton andersoni mitochondrial cytb gene for cytochrome b, partial cds, haplotype: 31",26.352498,126.74344,"Geolocate using a scientific paper",3036,"Phylogeny and biogeography of the Anderson’s crocodile newt, Echinotriton andersoni (Amphibia: Caudata), as revealed by mitochondrial DNA sequences"
"AB686205.2 Echinotriton andersoni mitochondrial cytb gene for cytochrome b, partial cds, haplotype: 31",26.792622,128.316653,"Geolocate using a scientific paper",3036,"Phylogeny and biogeography of the Anderson’s crocodile newt, Echinotriton andersoni (Amphibia: Caudata), as revealed by mitochondrial DNA sequences"
"AB686205.3 Echinotriton andersoni mitochondrial cytb gene for cytochrome b, partial cds, haplotype: 31",26.792622,128.316653,"Geolocate using a scientific paper",3036,"Phylogeny and biogeography of the Anderson’s crocodile newt, Echinotriton andersoni (Amphibia: Caudata), as revealed by mitochondrial DNA sequences"
"AB686205.4 Echinotriton andersoni mitochondrial cytb gene for cytochrome b, partial cds, haplotype: 31",26.792622,128.316653,"Geolocate using a scientific paper",3036,"Phylogeny and biogeography of the Anderson’s crocodile newt, Echinotriton andersoni (Amphibia: Caudata), as revealed by mitochondrial DNA sequences"
"AB686205.5 Echinotriton andersoni mitochondrial cytb gene for cytochrome b, partial cds, haplotype: 31",26.796378,128.235514,"Geolocate using a scientific paper",3036,"Phylogeny and biogeography of the Anderson’s crocodile newt, Echinotriton andersoni (Amphibia: Caudata), as revealed by mitochondrial DNA sequences"
"AB686205.6 Echinotriton andersoni mitochondrial cytb gene for cytochrome b, partial cds, haplotype: 31",26.745125,128.315458,"Geolocate using a scientific paper",3036,"Phylogeny and biogeography of the Anderson’s crocodile newt, Echinotriton andersoni (Amphibia: Caudata), as revealed by mitochondrial DNA sequences"
"AB686205.7 Echinotriton andersoni mitochondrial cytb gene for cytochrome b, partial cds, haplotype: 31",26.745125,128.315458,"Geolocate using a scientific paper",3036,"Phylogeny and biogeography of the Anderson’s crocodile newt, Echinotriton andersoni (Amphibia: Caudata), as revealed by mitochondrial DNA sequences"
"AB686205.8 Echinotriton andersoni mitochondrial cytb gene for cytochrome b, partial cds, haplotype: 31",26.719031,128.157625,"Geolocate using a scientific paper",3036,"Phylogeny and biogeography of the Anderson’s crocodile newt, Echinotriton andersoni (Amphibia: Caudata), as revealed by mitochondrial DNA sequences"
"AB686205.10 Echinotriton andersoni mitochondrial cytb gene for cytochrome b, partial cds, haplotype: 31",26.633054,128.065251,"Geolocate using a scientific paper",3036,"Phylogeny and biogeography of the Anderson’s crocodile newt, Echinotriton andersoni (Amphibia: Caudata), as revealed by mitochondrial DNA sequences"
"AB686195.1 Echinotriton andersoni mitochondrial cytb gene for cytochrome b, partial cds, haplotype: 21",26.500373,127.940575,"Geolocate using a scientific paper",55571,"Phylogeny and biogeography of the Anderson’s crocodile newt, Echinotriton andersoni (Amphibia: Caudata), as revealed by mitochondrial DNA sequences"
"AB686204.1 Echinotriton andersoni mitochondrial cytb gene for cytochrome b, partial cds, haplotype: 30",26.796378,128.235514,"Geolocate using a scientific paper",3036,"Phylogeny and biogeography of the Anderson’s crocodile newt, Echinotriton andersoni (Amphibia: Caudata), as revealed by mitochondrial DNA sequences"
"AB686202.1 Echinotriton andersoni mitochondrial cytb gene for cytochrome b, partial cds, haplotype: 28",26.352498,126.74344,"Geolocate using a scientific paper",3036,"Phylogeny and biogeography of the Anderson’s crocodile newt, Echinotriton andersoni (Amphibia: Caudata), as revealed by mitochondrial DNA sequences"
"AB686203.1 Echinotriton andersoni mitochondrial cytb gene for cytochrome b, partial cds, haplotype: 29",26.796378,128.235514,"Geolocate using a scientific paper",3036,"Phylogeny and biogeography of the Anderson’s crocodile newt, Echinotriton andersoni (Amphibia: Caudata), as revealed by mitochondrial DNA sequences"
"AB686201.1 Echinotriton andersoni mitochondrial cytb gene for cytochrome b, partial cds, haplotype: 27",26.200556,127.740278,"Geolocate using a scientific paper",3036,"Phylogeny and biogeography of the Anderson’s crocodile newt, Echinotriton andersoni (Amphibia: Caudata), as revealed by mitochondrial DNA sequences"
"AB686200.1 Echinotriton andersoni mitochondrial cytb gene for cytochrome b, partial cds, haplotype: 26",26.719031,128.157625,"Geolocate using a scientific paper",3036,"Phylogeny and biogeography of the Anderson’s crocodile newt, Echinotriton andersoni (Amphibia: Caudata), as revealed by mitochondrial DNA sequences"
"AB686196.1 Echinotriton andersoni mitochondrial cytb gene for cytochrome b, partial cds, haplotype: 22",26.650564,127.947452,"Geolocate using a scientific paper",3036,"Phylogeny and biogeography of the Anderson’s crocodile newt, Echinotriton andersoni (Amphibia: Caudata), as revealed by mitochondrial DNA sequences"
"AB686196.2 Echinotriton andersoni mitochondrial cytb gene for cytochrome b, partial cds, haplotype: 22",26.650564,127.947452,"Geolocate using a scientific paper",3036,"Phylogeny and biogeography of the Anderson’s crocodile newt, Echinotriton andersoni (Amphibia: Caudata), as revealed by mitochondrial DNA sequences"
"AB686196.3 Echinotriton andersoni mitochondrial cytb gene for cytochrome b, partial cds, haplotype: 22",26.650564,127.947452,"Geolocate using a scientific paper",3036,"Phylogeny and biogeography of the Anderson’s crocodile newt, Echinotriton andersoni (Amphibia: Caudata), as revealed by mitochondrial DNA sequences"
"AB686197.1 Echinotriton andersoni mitochondrial cytb gene for cytochrome b, partial cds, haplotype: 23",26.650564,127.947452,"Geolocate using a scientific paper",3036,"Phylogeny and biogeography of the Anderson’s crocodile newt, Echinotriton andersoni (Amphibia: Caudata), as revealed by mitochondrial DNA sequences"
"AB686194.1 Echinotriton andersoni mitochondrial cytb gene for cytochrome b, partial cds, haplotype: 20",26.522998,128.032346,"Geolocate using a scientific paper",3036,"Phylogeny and biogeography of the Anderson’s crocodile newt, Echinotriton andersoni (Amphibia: Caudata), as revealed by mitochondrial DNA sequences"
"AB686188.1 Echinotriton andersoni mitochondrial cytb gene for cytochrome b, partial cds, haplotype: 14",26.683611,127.903611,"Geolocate using a scientific paper",3036,"Phylogeny and biogeography of the Anderson’s crocodile newt, Echinotriton andersoni (Amphibia: Caudata), as revealed by mitochondrial DNA sequences"
"AB686189.1 Echinotriton andersoni mitochondrial cytb gene for cytochrome b, partial cds, haplotype: 15",26.683611,127.903611,"Geolocate using a scientific paper",3036,"Phylogeny and biogeography of the Anderson’s crocodile newt, Echinotriton andersoni (Amphibia: Caudata), as revealed by mitochondrial DNA sequences"
"AB686189.2 Echinotriton andersoni mitochondrial cytb gene for cytochrome b, partial cds, haplotype: 15",26.683611,127.903611,"Geolocate using a scientific paper",3036,"Phylogeny and biogeography of the Anderson’s crocodile newt, Echinotriton andersoni (Amphibia: Caudata), as revealed by mitochondrial DNA sequences"
"AB686189.3 Echinotriton andersoni mitochondrial cytb gene for cytochrome b, partial cds, haplotype: 15",26.646033,127.864631,"Geolocate using a scientific paper",3036,"Phylogeny and biogeography of the Anderson’s crocodile newt, Echinotriton andersoni (Amphibia: Caudata), as revealed by mitochondrial DNA sequences"
"AB686198.1 Echinotriton andersoni mitochondrial cytb gene for cytochrome b, partial cds, haplotype: 24",26.388611,127.833333,"Geolocate using a scientific paper",3036,"Phylogeny and biogeography of the Anderson’s crocodile newt, Echinotriton andersoni (Amphibia: Caudata), as revealed by mitochondrial DNA sequences"
"AB686198.2 Echinotriton andersoni mitochondrial cytb gene for cytochrome b, partial cds, haplotype: 24",26.388611,127.833333,"Geolocate using a scientific paper",3036,"Phylogeny and biogeography of the Anderson’s crocodile newt, Echinotriton andersoni (Amphibia: Caudata), as revealed by mitochondrial DNA sequences"
"AB686198.3 Echinotriton andersoni mitochondrial cytb gene for cytochrome b, partial cds, haplotype: 24",26.388611,127.833333,"Geolocate using a scientific paper",3036,"Phylogeny and biogeography of the Anderson’s crocodile newt, Echinotriton andersoni (Amphibia: Caudata), as revealed by mitochondrial DNA sequences"
"AB686198.4 Echinotriton andersoni mitochondrial cytb gene for cytochrome b, partial cds, haplotype: 24",26.388611,127.833333,"Geolocate using a scientific paper",3036,"Phylogeny and biogeography of the Anderson’s crocodile newt, Echinotriton andersoni (Amphibia: Caudata), as revealed by mitochondrial DNA sequences"
"AB686198.5 Echinotriton andersoni mitochondrial cytb gene for cytochrome b, partial cds, haplotype: 24",26.388611,127.833333,"Geolocate using a scientific paper",3036,"Phylogeny and biogeography of the Anderson’s crocodile newt, Echinotriton andersoni (Amphibia: Caudata), as revealed by mitochondrial DNA sequences"
"AB686198.6 Echinotriton andersoni mitochondrial cytb gene for cytochrome b, partial cds, haplotype: 24",26.388611,127.833333,"Geolocate using a scientific paper",3036,"Phylogeny and biogeography of the Anderson’s crocodile newt, Echinotriton andersoni (Amphibia: Caudata), as revealed by mitochondrial DNA sequences"
"AB686198.7 Echinotriton andersoni mitochondrial cytb gene for cytochrome b, partial cds, haplotype: 24",26.388611,127.833333,"Geolocate using a scientific paper",3036,"Phylogeny and biogeography of the Anderson’s crocodile newt, Echinotriton andersoni (Amphibia: Caudata), as revealed by mitochondrial DNA sequences"
"AB686193.1 Echinotriton andersoni mitochondrial cytb gene for cytochrome b, partial cds, haplotype: 19",26.633054,128.065251,"Geolocate using a scientific paper",3036,"Phylogeny and biogeography of the Anderson’s crocodile newt, Echinotriton andersoni (Amphibia: Caudata), as revealed by mitochondrial DNA sequences"
"AB686192.1 Echinotriton andersoni mitochondrial cytb gene for cytochrome b, partial cds, haplotype: 18",26.633054,128.065251,"Geolocate using a scientific paper",3036,"Phylogeny and biogeography of the Anderson’s crocodile newt, Echinotriton andersoni (Amphibia: Caudata), as revealed by mitochondrial DNA sequences"
"AB686192.2 Echinotriton andersoni mitochondrial cytb gene for cytochrome b, partial cds, haplotype: 18",26.6,127.9833,"Geolocate using a scientific paper",301,"Phylogeny and biogeography of the Anderson’s crocodile newt, Echinotriton andersoni (Amphibia: Caudata), as revealed by mitochondrial DNA sequences"
"AB686192.3 Echinotriton andersoni mitochondrial cytb gene for cytochrome b, partial cds, haplotype: 18",26.6,127.9833,"Geolocate using a scientific paper",301,"Phylogeny and biogeography of the Anderson’s crocodile newt, Echinotriton andersoni (Amphibia: Caudata), as revealed by mitochondrial DNA sequences"
"AB686190.1 Echinotriton andersoni mitochondrial cytb gene for cytochrome b, partial cds, haplotype: 16",26.522998,128.032346,"Geolocate using a scientific paper",3036,"Phylogeny and biogeography of the Anderson’s crocodile newt, Echinotriton andersoni (Amphibia: Caudata), as revealed by mitochondrial DNA sequences"
"AB686190.2 Echinotriton andersoni mitochondrial cytb gene for cytochrome b, partial cds, haplotype: 16",26.522998,128.032346,"Geolocate using a scientific paper",3036,"Phylogeny and biogeography of the Anderson’s crocodile newt, Echinotriton andersoni (Amphibia: Caudata), as revealed by mitochondrial DNA sequences"
"AB686191.1 Echinotriton andersoni mitochondrial cytb gene for cytochrome b, partial cds, haplotype: 17",26.500373,127.940575,"Geolocate using a scientific paper",55571,"Phylogeny and biogeography of the Anderson’s crocodile newt, Echinotriton andersoni (Amphibia: Caudata), as revealed by mitochondrial DNA sequences"
"AB686187.1 Echinotriton andersoni mitochondrial cytb gene for cytochrome b, partial cds, haplotype: 13",26.646033,127.864631,"Geolocate using a scientific paper",3036,"Phylogeny and biogeography of the Anderson’s crocodile newt, Echinotriton andersoni (Amphibia: Caudata), as revealed by mitochondrial DNA sequences"
"AB686187.2 Echinotriton andersoni mitochondrial cytb gene for cytochrome b, partial cds, haplotype: 13",26.646033,127.864631,"Geolocate using a scientific paper",3036,"Phylogeny and biogeography of the Anderson’s crocodile newt, Echinotriton andersoni (Amphibia: Caudata), as revealed by mitochondrial DNA sequences"
"AB686187.3 Echinotriton andersoni mitochondrial cytb gene for cytochrome b, partial cds, haplotype: 13",26.500373,127.940575,"Geolocate using a scientific paper",55571,"Phylogeny and biogeography of the Anderson’s crocodile newt, Echinotriton andersoni (Amphibia: Caudata), as revealed by mitochondrial DNA sequences"
"AB686187.4 Echinotriton andersoni mitochondrial cytb gene for cytochrome b, partial cds, haplotype: 13",26.451667,127.851111,"Geolocate using a scientific paper",3036,"Phylogeny and biogeography of the Anderson’s crocodile newt, Echinotriton andersoni (Amphibia: Caudata), as revealed by mitochondrial DNA sequences"
"AB686187.5 Echinotriton andersoni mitochondrial cytb gene for cytochrome b, partial cds, haplotype: 13",26.451667,127.851111,"Geolocate using a scientific paper",3036,"Phylogeny and biogeography of the Anderson’s crocodile newt, Echinotriton andersoni (Amphibia: Caudata), as revealed by mitochondrial DNA sequences"
"AB686187.6 Echinotriton andersoni mitochondrial cytb gene for cytochrome b, partial cds, haplotype: 13",26.451667,127.851111,"Geolocate using a scientific paper",3036,"Phylogeny and biogeography of the Anderson’s crocodile newt, Echinotriton andersoni (Amphibia: Caudata), as revealed by mitochondrial DNA sequences"
"AB686210.1 Echinotriton andersoni mitochondrial cytb gene for cytochrome b, partial cds, haplotype: 36",26.163775,127.778661,"Geolocate using a scientific paper",5421,"Phylogeny and biogeography of the Anderson’s crocodile newt, Echinotriton andersoni (Amphibia: Caudata), as revealed by mitochondrial DNA sequences"
"AB686210.2 Echinotriton andersoni mitochondrial cytb gene for cytochrome b, partial cds, haplotype: 36",26.163775,127.778661,"Geolocate using a scientific paper",5421,"Phylogeny and biogeography of the Anderson’s crocodile newt, Echinotriton andersoni (Amphibia: Caudata), as revealed by mitochondrial DNA sequences"
"AB686210.3 Echinotriton andersoni mitochondrial cytb gene for cytochrome b, partial cds, haplotype: 36",26.163775,127.778661,"Geolocate using a scientific paper",5421,"Phylogeny and biogeography of the Anderson’s crocodile newt, Echinotriton andersoni (Amphibia: Caudata), as revealed by mitochondrial DNA sequences"
"AB686210.4 Echinotriton andersoni mitochondrial cytb gene for cytochrome b, partial cds, haplotype: 36",26.163775,127.778661,"Geolocate using a scientific paper",5421,"Phylogeny and biogeography of the Anderson’s crocodile newt, Echinotriton andersoni (Amphibia: Caudata), as revealed by mitochondrial DNA sequences"
"AB686210.5 Echinotriton andersoni mitochondrial cytb gene for cytochrome b, partial cds, haplotype: 36",26.163775,127.778661,"Geolocate using a scientific paper",5421,"Phylogeny and biogeography of the Anderson’s crocodile newt, Echinotriton andersoni (Amphibia: Caudata), as revealed by mitochondrial DNA sequences"
"AB686211.1 Echinotriton andersoni mitochondrial cytb gene for cytochrome b, partial cds, haplotype: 37",26.198082,127.363402,"Geolocate using a scientific paper",3036,"Phylogeny and biogeography of the Anderson’s crocodile newt, Echinotriton andersoni (Amphibia: Caudata), as revealed by mitochondrial DNA sequences"
"AB686211.2 Echinotriton andersoni mitochondrial cytb gene for cytochrome b, partial cds, haplotype: 37",26.198082,127.363402,"Geolocate using a scientific paper",3036,"Phylogeny and biogeography of the Anderson’s crocodile newt, Echinotriton andersoni (Amphibia: Caudata), as revealed by mitochondrial DNA sequences"
"AB686211.3 Echinotriton andersoni mitochondrial cytb gene for cytochrome b, partial cds, haplotype: 37",26.198082,127.363402,"Geolocate using a scientific paper",3036,"Phylogeny and biogeography of the Anderson’s crocodile newt, Echinotriton andersoni (Amphibia: Caudata), as revealed by mitochondrial DNA sequences"
"AB686211.4 Echinotriton andersoni mitochondrial cytb gene for cytochrome b, partial cds, haplotype: 37",26.198082,127.363402,"Geolocate using a scientific paper",3036,"Phylogeny and biogeography of the Anderson’s crocodile newt, Echinotriton andersoni (Amphibia: Caudata), as revealed by mitochondrial DNA sequences"
"AB686211.5 Echinotriton andersoni mitochondrial cytb gene for cytochrome b, partial cds, haplotype: 37",26.198082,127.363402,"Geolocate using a scientific paper",3036,"Phylogeny and biogeography of the Anderson’s crocodile newt, Echinotriton andersoni (Amphibia: Caudata), as revealed by mitochondrial DNA sequences"
"AB686211.6 Echinotriton andersoni mitochondrial cytb gene for cytochrome b, partial cds, haplotype: 37",26.198082,127.363402,"Geolocate using a scientific paper",3036,"Phylogeny and biogeography of the Anderson’s crocodile newt, Echinotriton andersoni (Amphibia: Caudata), as revealed by mitochondrial DNA sequences"
"AB686211.7 Echinotriton andersoni mitochondrial cytb gene for cytochrome b, partial cds, haplotype: 37",26.18675,127.348806,"Geolocate using a scientific paper",3036,"Phylogeny and biogeography of the Anderson’s crocodile newt, Echinotriton andersoni (Amphibia: Caudata), as revealed by mitochondrial DNA sequences"
"AB686211.8 Echinotriton andersoni mitochondrial cytb gene for cytochrome b, partial cds, haplotype: 37",26.18675,127.348806,"Geolocate using a scientific paper",3036,"Phylogeny and biogeography of the Anderson’s crocodile newt, Echinotriton andersoni (Amphibia: Caudata), as revealed by mitochondrial DNA sequences"
"AB686211.9 Echinotriton andersoni mitochondrial cytb gene for cytochrome b, partial cds, haplotype: 37",26.18675,127.348806,"Geolocate using a scientific paper",3036,"Phylogeny and biogeography of the Anderson’s crocodile newt, Echinotriton andersoni (Amphibia: Caudata), as revealed by mitochondrial DNA sequences"
"AB686211.10 Echinotriton andersoni mitochondrial cytb gene for cytochrome b, partial cds, haplotype: 37",26.18675,127.348806,"Geolocate using a scientific paper",3036,"Phylogeny and biogeography of the Anderson’s crocodile newt, Echinotriton andersoni (Amphibia: Caudata), as revealed by mitochondrial DNA sequences"
"AB686211.11 Echinotriton andersoni mitochondrial cytb gene for cytochrome b, partial cds, haplotype: 37",26.18675,127.348806,"Geolocate using a scientific paper",3036,"Phylogeny and biogeography of the Anderson’s crocodile newt, Echinotriton andersoni (Amphibia: Caudata), as revealed by mitochondrial DNA sequences"
"AB686211.12 Echinotriton andersoni mitochondrial cytb gene for cytochrome b, partial cds, haplotype: 37",26.18675,127.348806,"Geolocate using a scientific paper",3036,"Phylogeny and biogeography of the Anderson’s crocodile newt, Echinotriton andersoni (Amphibia: Caudata), as revealed by mitochondrial DNA sequences"
"AB686212.1 Echinotriton andersoni mitochondrial cytb gene for cytochrome b, partial cds, haplotype: 38",26.198082,127.363402,"Geolocate using a scientific paper",3036,"Phylogeny and biogeography of the Anderson’s crocodile newt, Echinotriton andersoni (Amphibia: Caudata), as revealed by mitochondrial DNA sequences"
"AB686180.1 Echinotriton andersoni mitochondrial cytb gene for cytochrome b, partial cds, haplotype: 6",32.664,130.69941,"Geolocate using a scientific paper",3036,"Phylogeny and biogeography of the Anderson’s crocodile newt, Echinotriton andersoni (Amphibia: Caudata), as revealed by mitochondrial DNA sequences"
"AB686180.2 Echinotriton andersoni mitochondrial cytb gene for cytochrome b, partial cds, haplotype: 6",32.664,130.69941,"Geolocate using a scientific paper",3036,"Phylogeny and biogeography of the Anderson’s crocodile newt, Echinotriton andersoni (Amphibia: Caudata), as revealed by mitochondrial DNA sequences"
"AB686180.3 Echinotriton andersoni mitochondrial cytb gene for cytochrome b, partial cds, haplotype: 6",32.664,130.69941,"Geolocate using a scientific paper",3036,"Phylogeny and biogeography of the Anderson’s crocodile newt, Echinotriton andersoni (Amphibia: Caudata), as revealed by mitochondrial DNA sequences"
"AB686183.1 Echinotriton andersoni mitochondrial cytb gene for cytochrome b, partial cds, haplotype: 9",27.766869,128.949234,"Geolocate using a scientific paper",3036,"Phylogeny and biogeography of the Anderson’s crocodile newt, Echinotriton andersoni (Amphibia: Caudata), as revealed by mitochondrial DNA sequences"
"AB686186.1 Echinotriton andersoni mitochondrial cytb gene for cytochrome b, partial cds, haplotype: 12",27.791034,128.939272,"Geolocate using a scientific paper",3036,"Phylogeny and biogeography of the Anderson’s crocodile newt, Echinotriton andersoni (Amphibia: Caudata), as revealed by mitochondrial DNA sequences"
"AB686185.1 Echinotriton andersoni mitochondrial cytb gene for cytochrome b, partial cds, haplotype: 11",27.791034,128.939272,"Geolocate using a scientific paper",3036,"Phylogeny and biogeography of the Anderson’s crocodile newt, Echinotriton andersoni (Amphibia: Caudata), as revealed by mitochondrial DNA sequences"
"AB686185.2 Echinotriton andersoni mitochondrial cytb gene for cytochrome b, partial cds, haplotype: 11",27.791034,128.939272,"Geolocate using a scientific paper","Phylogeny and biogeography of the Anderson’s crocodile newt, Echinotriton andersoni (Amphibia: Caudata), as revealed by mitochondrial DNA sequences",
"AB686184.1 Echinotriton andersoni mitochondrial cytb gene for cytochrome b, partial cds, haplotype: 10",27.766869,128.949234,"Geolocate using a scientific paper",3036,"Phylogeny and biogeography of the Anderson’s crocodile newt, Echinotriton andersoni (Amphibia: Caudata), as revealed by mitochondrial DNA sequences"
"AB686184.2 Echinotriton andersoni mitochondrial cytb gene for cytochrome b, partial cds, haplotype: 10",27.766869,128.949234,"Geolocate using a scientific paper",3036,"Phylogeny and biogeography of the Anderson’s crocodile newt, Echinotriton andersoni (Amphibia: Caudata), as revealed by mitochondrial DNA sequences"
"AB686182.1 Echinotriton andersoni mitochondrial cytb gene for cytochrome b, partial cds, haplotype: 8",28.430556,129.7125,"Geolocate using a scientific paper",2530,"Phylogeny and biogeography of the Anderson’s crocodile newt, Echinotriton andersoni (Amphibia: Caudata), as revealed by mitochondrial DNA sequences"
"AB686181.1 Echinotriton andersoni mitochondrial cytb gene for cytochrome b, partial cds, haplotype: 7",28.430556,129.7125,"Geolocate using a scientific paper",2530,"Phylogeny and biogeography of the Anderson’s crocodile newt, Echinotriton andersoni (Amphibia: Caudata), as revealed by mitochondrial DNA sequences"
"AB686179.1 Echinotriton andersoni mitochondrial cytb gene for cytochrome b, partial cds, haplotype: 5",28.183333,129.3,"Geolocate using a scientific paper",3036,"Phylogeny and biogeography of the Anderson’s crocodile newt, Echinotriton andersoni (Amphibia: Caudata), as revealed by mitochondrial DNA sequences"
"AB686178.2 Echinotriton andersoni mitochondrial cytb gene for cytochrome b, partial cds, haplotype: 4",28.183333,129.3,"Geolocate using a scientific paper",3036,"Phylogeny and biogeography of the Anderson’s crocodile newt, Echinotriton andersoni (Amphibia: Caudata), as revealed by mitochondrial DNA sequences"
"AB530700.1 Echinotriton andersoni mitochondrial cytb gene for cytochrome b, complete cds, specimen_voucher: KUHE8893",31.60228,130.564384,"Genbank",301,
"AB686176.1 Echinotriton andersoni mitochondrial cytb gene for cytochrome b, partial cds, haplotype: 2",35.169143,138.916175,"Geolocate using a scientific paper",3036,"Phylogeny and biogeography of the Anderson’s crocodile newt, Echinotriton andersoni (Amphibia: Caudata), as revealed by mitochondrial DNA sequences"
"AB686175.1 Echinotriton andersoni mitochondrial cytb gene for cytochrome b, partial cds, haplotype: 1",35.169143,138.916175,"Geolocate using a scientific paper",3036,"Phylogeny and biogeography of the Anderson’s crocodile newt, Echinotriton andersoni (Amphibia: Caudata), as revealed by mitochondrial DNA sequences"
"AB686175.2 Echinotriton andersoni mitochondrial cytb gene for cytochrome b, partial cds, haplotype: 1",35.169143,138.916175,"Geolocate using a scientific paper",3036,"Phylogeny and biogeography of the Anderson’s crocodile newt, Echinotriton andersoni (Amphibia: Caudata), as revealed by mitochondrial DNA sequences"
