value,Lat,Lon,Error_km,Method,Museum_Field_Number,Notes,Reference
JX626625.1 Euproctus montanus,42.538588,9.3750375,NA,Manuscript,EBET2,Vignale,"Bisconti, R., Canestrelli, D., Salvi, D. and Nascetti, G. (2013), A geographic mosaic of evolutionary lineages within the insular endemic newt Euproctus montanus. Mol Ecol, 22: 143-156. https://doi-org.libproxy.unm.edu/10.1111/mec.12085"
JX626615.1 Euproctus montanus ,42.538588,9.3750375,NA,Manuscript,EBET10,Vignale,"Bisconti, R., Canestrelli, D., Salvi, D. and Nascetti, G. (2013), A geographic mosaic of evolutionary lineages within the insular endemic newt Euproctus montanus. Mol Ecol, 22: 143-156. https://doi-org.libproxy.unm.edu/10.1111/mec.12085"
JX626622.1 Euproctus montanus,42.538588,9.3750375,NA,Manuscript,EBET18,Vignale,"Bisconti, R., Canestrelli, D., Salvi, D. and Nascetti, G. (2013), A geographic mosaic of evolutionary lineages within the insular endemic newt Euproctus montanus. Mol Ecol, 22: 143-156. https://doi-org.libproxy.unm.edu/10.1111/mec.12085"
JX626629.1 Euproctus montanus,42.538588,9.3750375,NA,Manuscript,EBET8,Vignale,"Bisconti, R., Canestrelli, D., Salvi, D. and Nascetti, G. (2013), A geographic mosaic of evolutionary lineages within the insular endemic newt Euproctus montanus. Mol Ecol, 22: 143-156. https://doi-org.libproxy.unm.edu/10.1111/mec.12085"
JX626621.1 Euproctus montanus,42.538588,9.3750375,NA,Manuscript,EBET17,Vignale,"Bisconti, R., Canestrelli, D., Salvi, D. and Nascetti, G. (2013), A geographic mosaic of evolutionary lineages within the insular endemic newt Euproctus montanus. Mol Ecol, 22: 143-156. https://doi-org.libproxy.unm.edu/10.1111/mec.12085"
JX626627.1 Euproctus montanus,42.538588,9.3750375,NA,Manuscript,EBET6,Vignale,"Bisconti, R., Canestrelli, D., Salvi, D. and Nascetti, G. (2013), A geographic mosaic of evolutionary lineages within the insular endemic newt Euproctus montanus. Mol Ecol, 22: 143-156. https://doi-org.libproxy.unm.edu/10.1111/mec.12085"
JX626626.1 Euproctus montanus,42.538588,9.3750375,NA,Manuscript,EBET5,Vignale,"Bisconti, R., Canestrelli, D., Salvi, D. and Nascetti, G. (2013), A geographic mosaic of evolutionary lineages within the insular endemic newt Euproctus montanus. Mol Ecol, 22: 143-156. https://doi-org.libproxy.unm.edu/10.1111/mec.12085"
JX626630.1 Euproctus montanus,42.538588,9.3750375,NA,Manuscript,EBET9 ,Vignale,"Bisconti, R., Canestrelli, D., Salvi, D. and Nascetti, G. (2013), A geographic mosaic of evolutionary lineages within the insular endemic newt Euproctus montanus. Mol Ecol, 22: 143-156. https://doi-org.libproxy.unm.edu/10.1111/mec.12085"
JX626628.1 Euproctus montanus,42.538588,9.3750375,NA,Manuscript,EBET7,Vignale,"Bisconti, R., Canestrelli, D., Salvi, D. and Nascetti, G. (2013), A geographic mosaic of evolutionary lineages within the insular endemic newt Euproctus montanus. Mol Ecol, 22: 143-156. https://doi-org.libproxy.unm.edu/10.1111/mec.12085"
JX626624.1 Euproctus montanus,42.538588,9.3750375,NA,Manuscript,EBET20,Vignale,"Bisconti, R., Canestrelli, D., Salvi, D. and Nascetti, G. (2013), A geographic mosaic of evolutionary lineages within the insular endemic newt Euproctus montanus. Mol Ecol, 22: 143-156. https://doi-org.libproxy.unm.edu/10.1111/mec.12085"
JX626623.1 Euproctus montanus,42.538588,9.3750375,NA,Manuscript,EBET1,Vignale,"Bisconti, R., Canestrelli, D., Salvi, D. and Nascetti, G. (2013), A geographic mosaic of evolutionary lineages within the insular endemic newt Euproctus montanus. Mol Ecol, 22: 143-156. https://doi-org.libproxy.unm.edu/10.1111/mec.12085"
JX626620.1 Euproctus montanus,42.538588,9.3750375,NA,Manuscript,EBET16,Vignale,"Bisconti, R., Canestrelli, D., Salvi, D. and Nascetti, G. (2013), A geographic mosaic of evolutionary lineages within the insular endemic newt Euproctus montanus. Mol Ecol, 22: 143-156. https://doi-org.libproxy.unm.edu/10.1111/mec.12085"
JX626619.1 Euproctus montanus,42.538588,9.3750375,NA,Manuscript,EBET14,Vignale,"Bisconti, R., Canestrelli, D., Salvi, D. and Nascetti, G. (2013), A geographic mosaic of evolutionary lineages within the insular endemic newt Euproctus montanus. Mol Ecol, 22: 143-156. https://doi-org.libproxy.unm.edu/10.1111/mec.12085"
JX626618.1 Euproctus montanus,42.538588,9.3750375,NA,Manuscript,EBET13,Vignale,"Bisconti, R., Canestrelli, D., Salvi, D. and Nascetti, G. (2013), A geographic mosaic of evolutionary lineages within the insular endemic newt Euproctus montanus. Mol Ecol, 22: 143-156. https://doi-org.libproxy.unm.edu/10.1111/mec.12085"
JX626617.1 Euproctus montanus,42.538588,9.3750375,NA,Manuscript,EBET12,Vignale,"Bisconti, R., Canestrelli, D., Salvi, D. and Nascetti, G. (2013), A geographic mosaic of evolutionary lineages within the insular endemic newt Euproctus montanus. Mol Ecol, 22: 143-156. https://doi-org.libproxy.unm.edu/10.1111/mec.12085"
JX626616.1 Euproctus montanus,42.538588,9.3750375,NA,Manuscript,EBET11,Vignale,"Bisconti, R., Canestrelli, D., Salvi, D. and Nascetti, G. (2013), A geographic mosaic of evolutionary lineages within the insular endemic newt Euproctus montanus. Mol Ecol, 22: 143-156. https://doi-org.libproxy.unm.edu/10.1111/mec.12085"
JX626736.1 Euproctus montanus,42.3666666666667,9.4,NA,Manuscript,ESAN17,Parata,"Bisconti, R., Canestrelli, D., Salvi, D. and Nascetti, G. (2013), A geographic mosaic of evolutionary lineages within the insular endemic newt Euproctus montanus. Mol Ecol, 22: 143-156. https://doi-org.libproxy.unm.edu/10.1111/mec.12085"
JX626677.1 Euproctus montanus,42.4,9.41666666666667,NA,Manuscript,ECAS8,San-Gavino-d'Ampugnan,"Bisconti, R., Canestrelli, D., Salvi, D. and Nascetti, G. (2013), A geographic mosaic of evolutionary lineages within the insular endemic newt Euproctus montanus. Mol Ecol, 22: 143-156. https://doi-org.libproxy.unm.edu/10.1111/mec.12085"
JX626675.1 Euproctus montanus,42.4,9.41666666666667,NA,Manuscript,ECAS6,San-Gavino-d'Ampugnan,"Bisconti, R., Canestrelli, D., Salvi, D. and Nascetti, G. (2013), A geographic mosaic of evolutionary lineages within the insular endemic newt Euproctus montanus. Mol Ecol, 22: 143-156. https://doi-org.libproxy.unm.edu/10.1111/mec.12085"
JX626672.1 Euproctus montanus,42.4,9.41666666666667,NA,Manuscript,ECAS3,San-Gavino-d'Ampugnan,"Bisconti, R., Canestrelli, D., Salvi, D. and Nascetti, G. (2013), A geographic mosaic of evolutionary lineages within the insular endemic newt Euproctus montanus. Mol Ecol, 22: 143-156. https://doi-org.libproxy.unm.edu/10.1111/mec.12085"
JX626667.1 Euproctus montanus,42.4,9.41666666666667,NA,Manuscript,ECAS12,San-Gavino-d'Ampugnan,"Bisconti, R., Canestrelli, D., Salvi, D. and Nascetti, G. (2013), A geographic mosaic of evolutionary lineages within the insular endemic newt Euproctus montanus. Mol Ecol, 22: 143-156. https://doi-org.libproxy.unm.edu/10.1111/mec.12085"
JX626740.1 Euproctus montanus,42.3666666666667,9.4,NA,Manuscript,ESAN7,Parata,"Bisconti, R., Canestrelli, D., Salvi, D. and Nascetti, G. (2013), A geographic mosaic of evolutionary lineages within the insular endemic newt Euproctus montanus. Mol Ecol, 22: 143-156. https://doi-org.libproxy.unm.edu/10.1111/mec.12085"
JX626669.1 Euproctus montanus,42.4,9.41666666666667,NA,Manuscript,ECAS15,San-Gavino-d'Ampugnan,"Bisconti, R., Canestrelli, D., Salvi, D. and Nascetti, G. (2013), A geographic mosaic of evolutionary lineages within the insular endemic newt Euproctus montanus. Mol Ecol, 22: 143-156. https://doi-org.libproxy.unm.edu/10.1111/mec.12085"
JX626732.1 Euproctus montanus,42.3666666666667,9.4,NA,Manuscript,ESAN11,Parata,"Bisconti, R., Canestrelli, D., Salvi, D. and Nascetti, G. (2013), A geographic mosaic of evolutionary lineages within the insular endemic newt Euproctus montanus. Mol Ecol, 22: 143-156. https://doi-org.libproxy.unm.edu/10.1111/mec.12085"
JX626676.1 Euproctus montanus,42.4,9.41666666666667,NA,Manuscript,ECAS7,San-Gavino-d'Ampugnan,"Bisconti, R., Canestrelli, D., Salvi, D. and Nascetti, G. (2013), A geographic mosaic of evolutionary lineages within the insular endemic newt Euproctus montanus. Mol Ecol, 22: 143-156. https://doi-org.libproxy.unm.edu/10.1111/mec.12085"
JX626739.1 Euproctus montanus,42.3666666666667,9.4,NA,Manuscript,ESAN3,Parata,"Bisconti, R., Canestrelli, D., Salvi, D. and Nascetti, G. (2013), A geographic mosaic of evolutionary lineages within the insular endemic newt Euproctus montanus. Mol Ecol, 22: 143-156. https://doi-org.libproxy.unm.edu/10.1111/mec.12085"
JX626738.1 Euproctus montanus,42.3666666666667,9.4,NA,Manuscript,ESAN21,Parata,"Bisconti, R., Canestrelli, D., Salvi, D. and Nascetti, G. (2013), A geographic mosaic of evolutionary lineages within the insular endemic newt Euproctus montanus. Mol Ecol, 22: 143-156. https://doi-org.libproxy.unm.edu/10.1111/mec.12085"
JX626737.1 Euproctus montanus,42.3666666666667,9.4,NA,Manuscript,ESAN1,Parata,"Bisconti, R., Canestrelli, D., Salvi, D. and Nascetti, G. (2013), A geographic mosaic of evolutionary lineages within the insular endemic newt Euproctus montanus. Mol Ecol, 22: 143-156. https://doi-org.libproxy.unm.edu/10.1111/mec.12085"
JX626735.1 Euproctus montanus,42.3666666666667,9.4,NA,Manuscript,ESAN16,Parata,"Bisconti, R., Canestrelli, D., Salvi, D. and Nascetti, G. (2013), A geographic mosaic of evolutionary lineages within the insular endemic newt Euproctus montanus. Mol Ecol, 22: 143-156. https://doi-org.libproxy.unm.edu/10.1111/mec.12085"
JX626734.1 Euproctus montanus,42.3666666666667,9.4,NA,Manuscript,ESAN15,Parata,"Bisconti, R., Canestrelli, D., Salvi, D. and Nascetti, G. (2013), A geographic mosaic of evolutionary lineages within the insular endemic newt Euproctus montanus. Mol Ecol, 22: 143-156. https://doi-org.libproxy.unm.edu/10.1111/mec.12085"
JX626733.1 Euproctus montanus,42.3666666666667,9.4,NA,Manuscript,ESAN13,Parata,"Bisconti, R., Canestrelli, D., Salvi, D. and Nascetti, G. (2013), A geographic mosaic of evolutionary lineages within the insular endemic newt Euproctus montanus. Mol Ecol, 22: 143-156. https://doi-org.libproxy.unm.edu/10.1111/mec.12085"
JX626678.1 Euproctus montanus,42.4,9.41666666666667,NA,Manuscript,ECAS9,San-Gavino-d'Ampugnan,"Bisconti, R., Canestrelli, D., Salvi, D. and Nascetti, G. (2013), A geographic mosaic of evolutionary lineages within the insular endemic newt Euproctus montanus. Mol Ecol, 22: 143-156. https://doi-org.libproxy.unm.edu/10.1111/mec.12085"
JX626673.1 Euproctus montanus,42.4,9.41666666666667,NA,Manuscript,ECAS4,San-Gavino-d'Ampugnan,"Bisconti, R., Canestrelli, D., Salvi, D. and Nascetti, G. (2013), A geographic mosaic of evolutionary lineages within the insular endemic newt Euproctus montanus. Mol Ecol, 22: 143-156. https://doi-org.libproxy.unm.edu/10.1111/mec.12085"
JX626671.1 Euproctus montanus,42.4,9.41666666666667,NA,Manuscript,ECAS2,San-Gavino-d'Ampugnan,"Bisconti, R., Canestrelli, D., Salvi, D. and Nascetti, G. (2013), A geographic mosaic of evolutionary lineages within the insular endemic newt Euproctus montanus. Mol Ecol, 22: 143-156. https://doi-org.libproxy.unm.edu/10.1111/mec.12085"
JX626670.1 Euproctus montanus,42.4,9.41666666666667,NA,Manuscript,ECAS1,San-Gavino-d'Ampugnan,"Bisconti, R., Canestrelli, D., Salvi, D. and Nascetti, G. (2013), A geographic mosaic of evolutionary lineages within the insular endemic newt Euproctus montanus. Mol Ecol, 22: 143-156. https://doi-org.libproxy.unm.edu/10.1111/mec.12085"
JX626668.1 Euproctus montanus,42.4,9.41666666666667,NA,Manuscript,ECAS13,San-Gavino-d'Ampugnan,"Bisconti, R., Canestrelli, D., Salvi, D. and Nascetti, G. (2013), A geographic mosaic of evolutionary lineages within the insular endemic newt Euproctus montanus. Mol Ecol, 22: 143-156. https://doi-org.libproxy.unm.edu/10.1111/mec.12085"
JX626666.1 Euproctus montanus,42.4,9.41666666666667,NA,Manuscript,ECAS11,San-Gavino-d'Ampugnan,"Bisconti, R., Canestrelli, D., Salvi, D. and Nascetti, G. (2013), A geographic mosaic of evolutionary lineages within the insular endemic newt Euproctus montanus. Mol Ecol, 22: 143-156. https://doi-org.libproxy.unm.edu/10.1111/mec.12085"
JX626674.1 Euproctus montanus,42.4,9.41666666666667,NA,Manuscript,ECAS5,San-Gavino-d'Ampugnan,"Bisconti, R., Canestrelli, D., Salvi, D. and Nascetti, G. (2013), A geographic mosaic of evolutionary lineages within the insular endemic newt Euproctus montanus. Mol Ecol, 22: 143-156. https://doi-org.libproxy.unm.edu/10.1111/mec.12085"
JX626659.1 Euproctus montanus ,42.516667,9.333333,NA,Manuscript,ECAM3 ,Campitello,"Bisconti, R., Canestrelli, D., Salvi, D. and Nascetti, G. (2013), A geographic mosaic of evolutionary lineages within the insular endemic newt Euproctus montanus. Mol Ecol, 22: 143-156. https://doi-org.libproxy.unm.edu/10.1111/mec.12085"
JX626665.1 Euproctus montanus ,42.516667,9.333333,NA,Manuscript,ECAM9,Campitello,"Bisconti, R., Canestrelli, D., Salvi, D. and Nascetti, G. (2013), A geographic mosaic of evolutionary lineages within the insular endemic newt Euproctus montanus. Mol Ecol, 22: 143-156. https://doi-org.libproxy.unm.edu/10.1111/mec.12085"
JX626662.1 Euproctus montanus ,42.516667,9.333333,NA,Manuscript,ECAM6,Campitello,"Bisconti, R., Canestrelli, D., Salvi, D. and Nascetti, G. (2013), A geographic mosaic of evolutionary lineages within the insular endemic newt Euproctus montanus. Mol Ecol, 22: 143-156. https://doi-org.libproxy.unm.edu/10.1111/mec.12085"
JX626661.1 Euproctus montanus ,42.516667,9.333333,NA,Manuscript,ECAM5,Campitello,"Bisconti, R., Canestrelli, D., Salvi, D. and Nascetti, G. (2013), A geographic mosaic of evolutionary lineages within the insular endemic newt Euproctus montanus. Mol Ecol, 22: 143-156. https://doi-org.libproxy.unm.edu/10.1111/mec.12085"
JX626655.1 Euproctus montanus ,42.516667,9.333333,NA,Manuscript,ECAM20,Campitello,"Bisconti, R., Canestrelli, D., Salvi, D. and Nascetti, G. (2013), A geographic mosaic of evolutionary lineages within the insular endemic newt Euproctus montanus. Mol Ecol, 22: 143-156. https://doi-org.libproxy.unm.edu/10.1111/mec.12085"
JX626645.1 Euproctus montanus ,42.516667,9.333333,NA,Manuscript,ECAM10,Campitello,"Bisconti, R., Canestrelli, D., Salvi, D. and Nascetti, G. (2013), A geographic mosaic of evolutionary lineages within the insular endemic newt Euproctus montanus. Mol Ecol, 22: 143-156. https://doi-org.libproxy.unm.edu/10.1111/mec.12085"
JX626657.1 Euproctus montanus ,42.516667,9.333333,NA,Manuscript,ECAM22,Campitello,"Bisconti, R., Canestrelli, D., Salvi, D. and Nascetti, G. (2013), A geographic mosaic of evolutionary lineages within the insular endemic newt Euproctus montanus. Mol Ecol, 22: 143-156. https://doi-org.libproxy.unm.edu/10.1111/mec.12085"
JX626650.1 Euproctus montanus,42.516667,9.333333,NA,Manuscript,ECAM15,Campitello,"Bisconti, R., Canestrelli, D., Salvi, D. and Nascetti, G. (2013), A geographic mosaic of evolutionary lineages within the insular endemic newt Euproctus montanus. Mol Ecol, 22: 143-156. https://doi-org.libproxy.unm.edu/10.1111/mec.12085"
JX626664.1 Euproctus montanus,42.516667,9.333333,NA,Manuscript,ECAM8 ,Campitello,"Bisconti, R., Canestrelli, D., Salvi, D. and Nascetti, G. (2013), A geographic mosaic of evolutionary lineages within the insular endemic newt Euproctus montanus. Mol Ecol, 22: 143-156. https://doi-org.libproxy.unm.edu/10.1111/mec.12085"
JX626663.1 Euproctus montanus ,42.516667,9.333333,NA,Manuscript,ECAM7,Campitello,"Bisconti, R., Canestrelli, D., Salvi, D. and Nascetti, G. (2013), A geographic mosaic of evolutionary lineages within the insular endemic newt Euproctus montanus. Mol Ecol, 22: 143-156. https://doi-org.libproxy.unm.edu/10.1111/mec.12085"
JX626660.1 Euproctus montanus ,42.516667,9.333333,NA,Manuscript,ECAM4,Campitello,"Bisconti, R., Canestrelli, D., Salvi, D. and Nascetti, G. (2013), A geographic mosaic of evolutionary lineages within the insular endemic newt Euproctus montanus. Mol Ecol, 22: 143-156. https://doi-org.libproxy.unm.edu/10.1111/mec.12085"
JX626658.1 Euproctus montanus ,42.516667,9.333333,NA,Manuscript,ECAM2,Campitello,"Bisconti, R., Canestrelli, D., Salvi, D. and Nascetti, G. (2013), A geographic mosaic of evolutionary lineages within the insular endemic newt Euproctus montanus. Mol Ecol, 22: 143-156. https://doi-org.libproxy.unm.edu/10.1111/mec.12085"
JX626656.1 Euproctus montanus ,42.516667,9.333333,NA,Manuscript,ECAM21,Campitello,"Bisconti, R., Canestrelli, D., Salvi, D. and Nascetti, G. (2013), A geographic mosaic of evolutionary lineages within the insular endemic newt Euproctus montanus. Mol Ecol, 22: 143-156. https://doi-org.libproxy.unm.edu/10.1111/mec.12085"
JX626654.1 Euproctus montanus ,42.516667,9.333333,NA,Manuscript,ECAM1,Campitello,"Bisconti, R., Canestrelli, D., Salvi, D. and Nascetti, G. (2013), A geographic mosaic of evolutionary lineages within the insular endemic newt Euproctus montanus. Mol Ecol, 22: 143-156. https://doi-org.libproxy.unm.edu/10.1111/mec.12085"
JX626653.1 Euproctus montanus ,42.516667,9.333333,NA,Manuscript,ECAM18,Campitello,"Bisconti, R., Canestrelli, D., Salvi, D. and Nascetti, G. (2013), A geographic mosaic of evolutionary lineages within the insular endemic newt Euproctus montanus. Mol Ecol, 22: 143-156. https://doi-org.libproxy.unm.edu/10.1111/mec.12085"
JX626652.1 Euproctus montanus ,42.516667,9.333333,NA,Manuscript,ECAM17,Campitello,"Bisconti, R., Canestrelli, D., Salvi, D. and Nascetti, G. (2013), A geographic mosaic of evolutionary lineages within the insular endemic newt Euproctus montanus. Mol Ecol, 22: 143-156. https://doi-org.libproxy.unm.edu/10.1111/mec.12085"
JX626651.1 Euproctus montanus ,42.516667,9.333333,NA,Manuscript,ECAM16,Campitello,"Bisconti, R., Canestrelli, D., Salvi, D. and Nascetti, G. (2013), A geographic mosaic of evolutionary lineages within the insular endemic newt Euproctus montanus. Mol Ecol, 22: 143-156. https://doi-org.libproxy.unm.edu/10.1111/mec.12085"
JX626649.1 Euproctus montanus ,42.516667,9.333333,NA,Manuscript,ECAM14,Campitello,"Bisconti, R., Canestrelli, D., Salvi, D. and Nascetti, G. (2013), A geographic mosaic of evolutionary lineages within the insular endemic newt Euproctus montanus. Mol Ecol, 22: 143-156. https://doi-org.libproxy.unm.edu/10.1111/mec.12085"
JX626648.1 Euproctus montanus ,42.516667,9.333333,NA,Manuscript,ECAM13,Campitello,"Bisconti, R., Canestrelli, D., Salvi, D. and Nascetti, G. (2013), A geographic mosaic of evolutionary lineages within the insular endemic newt Euproctus montanus. Mol Ecol, 22: 143-156. https://doi-org.libproxy.unm.edu/10.1111/mec.12085"
JX626647.1 Euproctus montanus ,42.516667,9.333333,NA,Manuscript,ECAM12,Campitello,"Bisconti, R., Canestrelli, D., Salvi, D. and Nascetti, G. (2013), A geographic mosaic of evolutionary lineages within the insular endemic newt Euproctus montanus. Mol Ecol, 22: 143-156. https://doi-org.libproxy.unm.edu/10.1111/mec.12085"
JX626646.1 Euproctus montanus ,42.516667,9.333333,NA,Manuscript,ECAM11,Campitello,"Bisconti, R., Canestrelli, D., Salvi, D. and Nascetti, G. (2013), A geographic mosaic of evolutionary lineages within the insular endemic newt Euproctus montanus. Mol Ecol, 22: 143-156. https://doi-org.libproxy.unm.edu/10.1111/mec.12085"
JX626700.1 Euproctus montanus ,42.55,9.05,NA,Manuscript,ECOS5,Bocca Capanna,"Bisconti, R., Canestrelli, D., Salvi, D. and Nascetti, G. (2013), A geographic mosaic of evolutionary lineages within the insular endemic newt Euproctus montanus. Mol Ecol, 22: 143-156. https://doi-org.libproxy.unm.edu/10.1111/mec.12085"
JX626701.1 Euproctus montanus ,42.55,9.05,NA,Manuscript,ECOS6 ,Bocca Capanna,"Bisconti, R., Canestrelli, D., Salvi, D. and Nascetti, G. (2013), A geographic mosaic of evolutionary lineages within the insular endemic newt Euproctus montanus. Mol Ecol, 22: 143-156. https://doi-org.libproxy.unm.edu/10.1111/mec.12085"
JX626698.1 Euproctus montanus ,42.55,9.05,NA,Manuscript,ECOS2,Bocca Capanna,"Bisconti, R., Canestrelli, D., Salvi, D. and Nascetti, G. (2013), A geographic mosaic of evolutionary lineages within the insular endemic newt Euproctus montanus. Mol Ecol, 22: 143-156. https://doi-org.libproxy.unm.edu/10.1111/mec.12085"
JX626729.1 Euproctus montanus,41.6666666666667,9.18333333333333,NA,Manuscript,EOSP7 ,Agnarone,"Bisconti, R., Canestrelli, D., Salvi, D. and Nascetti, G. (2013), A geographic mosaic of evolutionary lineages within the insular endemic newt Euproctus montanus. Mol Ecol, 22: 143-156. https://doi-org.libproxy.unm.edu/10.1111/mec.12085"
JX626726.1 Euproctus montanus ,41.6666666666667,9.18333333333333,NA,Manuscript,EOSP4,Agnarone,"Bisconti, R., Canestrelli, D., Salvi, D. and Nascetti, G. (2013), A geographic mosaic of evolutionary lineages within the insular endemic newt Euproctus montanus. Mol Ecol, 22: 143-156. https://doi-org.libproxy.unm.edu/10.1111/mec.12085"
JX626723.1 Euproctus montanus ,41.6666666666667,9.18333333333333,NA,Manuscript,EOSP1,Agnarone,"Bisconti, R., Canestrelli, D., Salvi, D. and Nascetti, G. (2013), A geographic mosaic of evolutionary lineages within the insular endemic newt Euproctus montanus. Mol Ecol, 22: 143-156. https://doi-org.libproxy.unm.edu/10.1111/mec.12085"
JX626722.1 Euproctus montanus ,41.6666666666667,9.18333333333333,NA,Manuscript,EOSP16,Agnarone,"Bisconti, R., Canestrelli, D., Salvi, D. and Nascetti, G. (2013), A geographic mosaic of evolutionary lineages within the insular endemic newt Euproctus montanus. Mol Ecol, 22: 143-156. https://doi-org.libproxy.unm.edu/10.1111/mec.12085"
JX626786.1 Euproctus montanus ,41.7666666666667,9.21666666666667,NA,Manuscript,EZON7,Spartu,"Bisconti, R., Canestrelli, D., Salvi, D. and Nascetti, G. (2013), A geographic mosaic of evolutionary lineages within the insular endemic newt Euproctus montanus. Mol Ecol, 22: 143-156. https://doi-org.libproxy.unm.edu/10.1111/mec.12085"
JX626787.1 Euproctus montanus ,41.7666666666667,9.21666666666667,NA,Manuscript,EZON8,Spartu,"Bisconti, R., Canestrelli, D., Salvi, D. and Nascetti, G. (2013), A geographic mosaic of evolutionary lineages within the insular endemic newt Euproctus montanus. Mol Ecol, 22: 143-156. https://doi-org.libproxy.unm.edu/10.1111/mec.12085"
JX626774.1 Euproctus montanus ,41.7666666666667,9.21666666666667,NA,Manuscript,EZON12,Spartu,"Bisconti, R., Canestrelli, D., Salvi, D. and Nascetti, G. (2013), A geographic mosaic of evolutionary lineages within the insular endemic newt Euproctus montanus. Mol Ecol, 22: 143-156. https://doi-org.libproxy.unm.edu/10.1111/mec.12085"
JX626606.1 Euproctus montanus ,41.8,9.23333333333333,NA,Manuscript,EALZ1,Col de Bavella,"Bisconti, R., Canestrelli, D., Salvi, D. and Nascetti, G. (2013), A geographic mosaic of evolutionary lineages within the insular endemic newt Euproctus montanus. Mol Ecol, 22: 143-156. https://doi-org.libproxy.unm.edu/10.1111/mec.12085"
JX626613.1 Euproctus montanus ,41.8,9.23333333333333,NA,Manuscript,EALZ8,Col de Bavella,"Bisconti, R., Canestrelli, D., Salvi, D. and Nascetti, G. (2013), A geographic mosaic of evolutionary lineages within the insular endemic newt Euproctus montanus. Mol Ecol, 22: 143-156. https://doi-org.libproxy.unm.edu/10.1111/mec.12085"
JX626598.1 Euproctus montanus,41.8,9.23333333333333,NA,Manuscript,EALZ12,Col de Bavella,"Bisconti, R., Canestrelli, D., Salvi, D. and Nascetti, G. (2013), A geographic mosaic of evolutionary lineages within the insular endemic newt Euproctus montanus. Mol Ecol, 22: 143-156. https://doi-org.libproxy.unm.edu/10.1111/mec.12085"
JX626769.1 Euproctus montanus ,42.1166666666667,9.13333333333333,NA,Manuscript,EVIZ7,Vizzavona,"Bisconti, R., Canestrelli, D., Salvi, D. and Nascetti, G. (2013), A geographic mosaic of evolutionary lineages within the insular endemic newt Euproctus montanus. Mol Ecol, 22: 143-156. https://doi-org.libproxy.unm.edu/10.1111/mec.12085"
JX626767.1 Euproctus montanus ,42.1166666666667,9.13333333333333,NA,Manuscript,EVIZ5,Vizzavona,"Bisconti, R., Canestrelli, D., Salvi, D. and Nascetti, G. (2013), A geographic mosaic of evolutionary lineages within the insular endemic newt Euproctus montanus. Mol Ecol, 22: 143-156. https://doi-org.libproxy.unm.edu/10.1111/mec.12085"
JX626765.1 Euproctus montanus ,42.1166666666667,9.13333333333333,NA,Manuscript,EVIZ2,Vizzavona,"Bisconti, R., Canestrelli, D., Salvi, D. and Nascetti, G. (2013), A geographic mosaic of evolutionary lineages within the insular endemic newt Euproctus montanus. Mol Ecol, 22: 143-156. https://doi-org.libproxy.unm.edu/10.1111/mec.12085"
JX626759.1 Euproctus montanus ,42.1166666666667,9.13333333333333,NA,Manuscript,EVIZ16,Vizzavona,"Bisconti, R., Canestrelli, D., Salvi, D. and Nascetti, G. (2013), A geographic mosaic of evolutionary lineages within the insular endemic newt Euproctus montanus. Mol Ecol, 22: 143-156. https://doi-org.libproxy.unm.edu/10.1111/mec.12085"
JX626693.1 Euproctus montanus ,42.0333333333333,9.18333333333333,NA,Manuscript,ECOL6,Col de Verde,"Bisconti, R., Canestrelli, D., Salvi, D. and Nascetti, G. (2013), A geographic mosaic of evolutionary lineages within the insular endemic newt Euproctus montanus. Mol Ecol, 22: 143-156. https://doi-org.libproxy.unm.edu/10.1111/mec.12085"
JX626692.1 Euproctus montanus ,42.0333333333333,9.18333333333333,NA,Manuscript,ECOL5,Col de Verde,"Bisconti, R., Canestrelli, D., Salvi, D. and Nascetti, G. (2013), A geographic mosaic of evolutionary lineages within the insular endemic newt Euproctus montanus. Mol Ecol, 22: 143-156. https://doi-org.libproxy.unm.edu/10.1111/mec.12085"
JX626691.1 Euproctus montanus ,42.0333333333333,9.18333333333333,NA,Manuscript,ECOL4,Col de Verde,"Bisconti, R., Canestrelli, D., Salvi, D. and Nascetti, G. (2013), A geographic mosaic of evolutionary lineages within the insular endemic newt Euproctus montanus. Mol Ecol, 22: 143-156. https://doi-org.libproxy.unm.edu/10.1111/mec.12085"
JX626688.1 Euproctus montanus ,42.0333333333333,9.18333333333333,NA,Manuscript,ECOL1,Col de Verde,"Bisconti, R., Canestrelli, D., Salvi, D. and Nascetti, G. (2013), A geographic mosaic of evolutionary lineages within the insular endemic newt Euproctus montanus. Mol Ecol, 22: 143-156. https://doi-org.libproxy.unm.edu/10.1111/mec.12085"
JX626686.1 Euproctus montanus ,42.0333333333333,9.18333333333333,NA,Manuscript,ECOL17,Col de Verde,"Bisconti, R., Canestrelli, D., Salvi, D. and Nascetti, G. (2013), A geographic mosaic of evolutionary lineages within the insular endemic newt Euproctus montanus. Mol Ecol, 22: 143-156. https://doi-org.libproxy.unm.edu/10.1111/mec.12085"
JX626684.1 Euproctus montanus ,42.0333333333333,9.18333333333333,NA,Manuscript,ECOL15,Col de Verde,"Bisconti, R., Canestrelli, D., Salvi, D. and Nascetti, G. (2013), A geographic mosaic of evolutionary lineages within the insular endemic newt Euproctus montanus. Mol Ecol, 22: 143-156. https://doi-org.libproxy.unm.edu/10.1111/mec.12085"
JX626681.1 Euproctus montanus ,42.0333333333333,9.18333333333333,NA,Manuscript,ECOL12,Col de Verde,"Bisconti, R., Canestrelli, D., Salvi, D. and Nascetti, G. (2013), A geographic mosaic of evolutionary lineages within the insular endemic newt Euproctus montanus. Mol Ecol, 22: 143-156. https://doi-org.libproxy.unm.edu/10.1111/mec.12085"
JX626680.1 Euproctus montanus ,42.0333333333333,9.18333333333333,NA,Manuscript,ECOL11,Col de Verde,"Bisconti, R., Canestrelli, D., Salvi, D. and Nascetti, G. (2013), A geographic mosaic of evolutionary lineages within the insular endemic newt Euproctus montanus. Mol Ecol, 22: 143-156. https://doi-org.libproxy.unm.edu/10.1111/mec.12085"
JX626610.1 Euproctus montanus ,41.8,9.23333333333333,NA,Manuscript,EALZ5,Col de Bavella,"Bisconti, R., Canestrelli, D., Salvi, D. and Nascetti, G. (2013), A geographic mosaic of evolutionary lineages within the insular endemic newt Euproctus montanus. Mol Ecol, 22: 143-156. https://doi-org.libproxy.unm.edu/10.1111/mec.12085"
JX626609.1 Euproctus montanus ,41.8,9.23333333333333,NA,Manuscript,EALZ4,Col de Bavella,"Bisconti, R., Canestrelli, D., Salvi, D. and Nascetti, G. (2013), A geographic mosaic of evolutionary lineages within the insular endemic newt Euproctus montanus. Mol Ecol, 22: 143-156. https://doi-org.libproxy.unm.edu/10.1111/mec.12085"
JX626599.1 Euproctus montanus ,41.8,9.23333333333333,NA,Manuscript,EALZ13,Col de Bavella,"Bisconti, R., Canestrelli, D., Salvi, D. and Nascetti, G. (2013), A geographic mosaic of evolutionary lineages within the insular endemic newt Euproctus montanus. Mol Ecol, 22: 143-156. https://doi-org.libproxy.unm.edu/10.1111/mec.12085"
JX626687.1 Euproctus montanus ,42.0333333333333,9.18333333333333,NA,Manuscript,ECOL18,Col de Verde,"Bisconti, R., Canestrelli, D., Salvi, D. and Nascetti, G. (2013), A geographic mosaic of evolutionary lineages within the insular endemic newt Euproctus montanus. Mol Ecol, 22: 143-156. https://doi-org.libproxy.unm.edu/10.1111/mec.12085"
JX626685.1 Euproctus montanus ,42.0333333333333,9.18333333333333,NA,Manuscript,ECOL16,Col de Verde,"Bisconti, R., Canestrelli, D., Salvi, D. and Nascetti, G. (2013), A geographic mosaic of evolutionary lineages within the insular endemic newt Euproctus montanus. Mol Ecol, 22: 143-156. https://doi-org.libproxy.unm.edu/10.1111/mec.12085"
JX626683.1 Euproctus montanus ,42.0333333333333,9.18333333333333,NA,Manuscript,ECOL14,Col de Verde,"Bisconti, R., Canestrelli, D., Salvi, D. and Nascetti, G. (2013), A geographic mosaic of evolutionary lineages within the insular endemic newt Euproctus montanus. Mol Ecol, 22: 143-156. https://doi-org.libproxy.unm.edu/10.1111/mec.12085"
JX626679.1 Euproctus montanus ,42.0333333333333,9.18333333333333,NA,Manuscript,ECOL10,Col de Verde,"Bisconti, R., Canestrelli, D., Salvi, D. and Nascetti, G. (2013), A geographic mosaic of evolutionary lineages within the insular endemic newt Euproctus montanus. Mol Ecol, 22: 143-156. https://doi-org.libproxy.unm.edu/10.1111/mec.12085"
JX626783.1 Euproctus montanus ,41.7666666666667,9.21666666666667,NA,Manuscript,EZON3,Spartu,"Bisconti, R., Canestrelli, D., Salvi, D. and Nascetti, G. (2013), A geographic mosaic of evolutionary lineages within the insular endemic newt Euproctus montanus. Mol Ecol, 22: 143-156. https://doi-org.libproxy.unm.edu/10.1111/mec.12085"
JX626773.1 Euproctus montanus ,41.7666666666667,9.21666666666667,NA,Manuscript,EZON11,Spartu,"Bisconti, R., Canestrelli, D., Salvi, D. and Nascetti, G. (2013), A geographic mosaic of evolutionary lineages within the insular endemic newt Euproctus montanus. Mol Ecol, 22: 143-156. https://doi-org.libproxy.unm.edu/10.1111/mec.12085"
JX626695.1 Euproctus montanus ,42.0333333333333,9.18333333333333,NA,Manuscript,ECOL8,Col de Verde,"Bisconti, R., Canestrelli, D., Salvi, D. and Nascetti, G. (2013), A geographic mosaic of evolutionary lineages within the insular endemic newt Euproctus montanus. Mol Ecol, 22: 143-156. https://doi-org.libproxy.unm.edu/10.1111/mec.12085"
JX626597.1 Euproctus montanus ,41.8,9.23333333333333,NA,Manuscript,EALZ11,Col de Bavella,"Bisconti, R., Canestrelli, D., Salvi, D. and Nascetti, G. (2013), A geographic mosaic of evolutionary lineages within the insular endemic newt Euproctus montanus. Mol Ecol, 22: 143-156. https://doi-org.libproxy.unm.edu/10.1111/mec.12085"
JX626777.1 Euproctus montanus ,41.7666666666667,9.21666666666667,NA,Manuscript,EZON17,Spartu,"Bisconti, R., Canestrelli, D., Salvi, D. and Nascetti, G. (2013), A geographic mosaic of evolutionary lineages within the insular endemic newt Euproctus montanus. Mol Ecol, 22: 143-156. https://doi-org.libproxy.unm.edu/10.1111/mec.12085"
JX626788.1 Euproctus montanus ,41.7666666666667,9.21666666666667,NA,Manuscript,EZON9,Spartu,"Bisconti, R., Canestrelli, D., Salvi, D. and Nascetti, G. (2013), A geographic mosaic of evolutionary lineages within the insular endemic newt Euproctus montanus. Mol Ecol, 22: 143-156. https://doi-org.libproxy.unm.edu/10.1111/mec.12085"
JX626785.1 Euproctus montanus ,41.7666666666667,9.21666666666667,NA,Manuscript,EZON6,Spartu,"Bisconti, R., Canestrelli, D., Salvi, D. and Nascetti, G. (2013), A geographic mosaic of evolutionary lineages within the insular endemic newt Euproctus montanus. Mol Ecol, 22: 143-156. https://doi-org.libproxy.unm.edu/10.1111/mec.12085"
JX626781.1 Euproctus montanus ,41.7666666666667,9.21666666666667,NA,Manuscript,EZON20,Spartu,"Bisconti, R., Canestrelli, D., Salvi, D. and Nascetti, G. (2013), A geographic mosaic of evolutionary lineages within the insular endemic newt Euproctus montanus. Mol Ecol, 22: 143-156. https://doi-org.libproxy.unm.edu/10.1111/mec.12085"
JX626780.1 Euproctus montanus ,41.7666666666667,9.21666666666667,NA,Manuscript,EZON1,Spartu,"Bisconti, R., Canestrelli, D., Salvi, D. and Nascetti, G. (2013), A geographic mosaic of evolutionary lineages within the insular endemic newt Euproctus montanus. Mol Ecol, 22: 143-156. https://doi-org.libproxy.unm.edu/10.1111/mec.12085"
JX626779.1 Euproctus montanus ,41.7666666666667,9.21666666666667,NA,Manuscript,EZON19,Spartu,"Bisconti, R., Canestrelli, D., Salvi, D. and Nascetti, G. (2013), A geographic mosaic of evolutionary lineages within the insular endemic newt Euproctus montanus. Mol Ecol, 22: 143-156. https://doi-org.libproxy.unm.edu/10.1111/mec.12085"
JX626776.1 Euproctus montanus ,41.7666666666667,9.21666666666667,NA,Manuscript,EZON16,Spartu,"Bisconti, R., Canestrelli, D., Salvi, D. and Nascetti, G. (2013), A geographic mosaic of evolutionary lineages within the insular endemic newt Euproctus montanus. Mol Ecol, 22: 143-156. https://doi-org.libproxy.unm.edu/10.1111/mec.12085"
JX626775.1 Euproctus montanus ,41.7666666666667,9.21666666666667,NA,Manuscript,EZON13,Spartu,"Bisconti, R., Canestrelli, D., Salvi, D. and Nascetti, G. (2013), A geographic mosaic of evolutionary lineages within the insular endemic newt Euproctus montanus. Mol Ecol, 22: 143-156. https://doi-org.libproxy.unm.edu/10.1111/mec.12085"
JX626772.1 Euproctus montanus ,41.7666666666667,9.21666666666667,NA,Manuscript,EZON10,Spartu,"Bisconti, R., Canestrelli, D., Salvi, D. and Nascetti, G. (2013), A geographic mosaic of evolutionary lineages within the insular endemic newt Euproctus montanus. Mol Ecol, 22: 143-156. https://doi-org.libproxy.unm.edu/10.1111/mec.12085"
JX626731.1 Euproctus montanus ,41.95,9.18333333333333,NA,Manuscript,EPAL1,Scrivano,"Bisconti, R., Canestrelli, D., Salvi, D. and Nascetti, G. (2013), A geographic mosaic of evolutionary lineages within the insular endemic newt Euproctus montanus. Mol Ecol, 22: 143-156. https://doi-org.libproxy.unm.edu/10.1111/mec.12085"
JX626728.1 Euproctus montanus ,41.6666666666667,9.18333333333333,NA,Manuscript,EOSP6,Agnarone,"Bisconti, R., Canestrelli, D., Salvi, D. and Nascetti, G. (2013), A geographic mosaic of evolutionary lineages within the insular endemic newt Euproctus montanus. Mol Ecol, 22: 143-156. https://doi-org.libproxy.unm.edu/10.1111/mec.12085"
JX626725.1 Euproctus montanus ,41.6666666666667,9.18333333333333,NA,Manuscript,EOSP3,Agnarone,"Bisconti, R., Canestrelli, D., Salvi, D. and Nascetti, G. (2013), A geographic mosaic of evolutionary lineages within the insular endemic newt Euproctus montanus. Mol Ecol, 22: 143-156. https://doi-org.libproxy.unm.edu/10.1111/mec.12085"
JX626724.1 Euproctus montanus ,41.6666666666667,9.18333333333333,NA,Manuscript,EOSP2,Agnarone,"Bisconti, R., Canestrelli, D., Salvi, D. and Nascetti, G. (2013), A geographic mosaic of evolutionary lineages within the insular endemic newt Euproctus montanus. Mol Ecol, 22: 143-156. https://doi-org.libproxy.unm.edu/10.1111/mec.12085"
JX626721.1 Euproctus montanus ,41.6666666666667,9.18333333333333,NA,Manuscript,EOSP15,Agnarone,"Bisconti, R., Canestrelli, D., Salvi, D. and Nascetti, G. (2013), A geographic mosaic of evolutionary lineages within the insular endemic newt Euproctus montanus. Mol Ecol, 22: 143-156. https://doi-org.libproxy.unm.edu/10.1111/mec.12085"
JX626720.1 Euproctus montanus ,41.6666666666667,9.18333333333333,NA,Manuscript,EOSP14,Agnarone,"Bisconti, R., Canestrelli, D., Salvi, D. and Nascetti, G. (2013), A geographic mosaic of evolutionary lineages within the insular endemic newt Euproctus montanus. Mol Ecol, 22: 143-156. https://doi-org.libproxy.unm.edu/10.1111/mec.12085"
JX626719.1 Euproctus montanus ,41.6666666666667,9.18333333333333,NA,Manuscript,EOSP13,Agnarone,"Bisconti, R., Canestrelli, D., Salvi, D. and Nascetti, G. (2013), A geographic mosaic of evolutionary lineages within the insular endemic newt Euproctus montanus. Mol Ecol, 22: 143-156. https://doi-org.libproxy.unm.edu/10.1111/mec.12085"
JX626718.1 Euproctus montanus ,41.6666666666667,9.18333333333333,NA,Manuscript,EOSP12,Agnarone,"Bisconti, R., Canestrelli, D., Salvi, D. and Nascetti, G. (2013), A geographic mosaic of evolutionary lineages within the insular endemic newt Euproctus montanus. Mol Ecol, 22: 143-156. https://doi-org.libproxy.unm.edu/10.1111/mec.12085"
JX626717.1 Euproctus montanus ,41.6666666666667,9.18333333333333,NA,Manuscript,EOSP11,Agnarone,"Bisconti, R., Canestrelli, D., Salvi, D. and Nascetti, G. (2013), A geographic mosaic of evolutionary lineages within the insular endemic newt Euproctus montanus. Mol Ecol, 22: 143-156. https://doi-org.libproxy.unm.edu/10.1111/mec.12085"
JX626696.1 Euproctus montanus ,42.0333333333333,9.18333333333333,NA,Manuscript,ECOL9,Col de Verde,"Bisconti, R., Canestrelli, D., Salvi, D. and Nascetti, G. (2013), A geographic mosaic of evolutionary lineages within the insular endemic newt Euproctus montanus. Mol Ecol, 22: 143-156. https://doi-org.libproxy.unm.edu/10.1111/mec.12085"
JX626690.1 Euproctus montanus ,42.0333333333333,9.18333333333333,NA,Manuscript,ECOL3,Col de Verde,"Bisconti, R., Canestrelli, D., Salvi, D. and Nascetti, G. (2013), A geographic mosaic of evolutionary lineages within the insular endemic newt Euproctus montanus. Mol Ecol, 22: 143-156. https://doi-org.libproxy.unm.edu/10.1111/mec.12085"
JX626689.1 Euproctus montanus ,42.0333333333333,9.18333333333333,NA,Manuscript,ECOL2,Col de Verde,"Bisconti, R., Canestrelli, D., Salvi, D. and Nascetti, G. (2013), A geographic mosaic of evolutionary lineages within the insular endemic newt Euproctus montanus. Mol Ecol, 22: 143-156. https://doi-org.libproxy.unm.edu/10.1111/mec.12085"
JX626682.1 Euproctus montanus ,42.0333333333333,9.18333333333333,NA,Manuscript,ECOL13,Col de Verde,"Bisconti, R., Canestrelli, D., Salvi, D. and Nascetti, G. (2013), A geographic mosaic of evolutionary lineages within the insular endemic newt Euproctus montanus. Mol Ecol, 22: 143-156. https://doi-org.libproxy.unm.edu/10.1111/mec.12085"
JX626612.1 Euproctus montanus ,41.8,9.23333333333333,NA,Manuscript,EALZ7,Col de Bavella,"Bisconti, R., Canestrelli, D., Salvi, D. and Nascetti, G. (2013), A geographic mosaic of evolutionary lineages within the insular endemic newt Euproctus montanus. Mol Ecol, 22: 143-156. https://doi-org.libproxy.unm.edu/10.1111/mec.12085"
JX626611.1 Euproctus montanus ,41.8,9.23333333333333,NA,Manuscript,EALZ6,Col de Bavella,"Bisconti, R., Canestrelli, D., Salvi, D. and Nascetti, G. (2013), A geographic mosaic of evolutionary lineages within the insular endemic newt Euproctus montanus. Mol Ecol, 22: 143-156. https://doi-org.libproxy.unm.edu/10.1111/mec.12085"
JX626608.1 Euproctus montanus ,41.8,9.23333333333333,NA,Manuscript,EALZ3,Col de Bavella,"Bisconti, R., Canestrelli, D., Salvi, D. and Nascetti, G. (2013), A geographic mosaic of evolutionary lineages within the insular endemic newt Euproctus montanus. Mol Ecol, 22: 143-156. https://doi-org.libproxy.unm.edu/10.1111/mec.12085"
JX626607.1 Euproctus montanus ,41.8,9.23333333333333,NA,Manuscript,EALZ2,Col de Bavella,"Bisconti, R., Canestrelli, D., Salvi, D. and Nascetti, G. (2013), A geographic mosaic of evolutionary lineages within the insular endemic newt Euproctus montanus. Mol Ecol, 22: 143-156. https://doi-org.libproxy.unm.edu/10.1111/mec.12085"
JX626605.1 Euproctus montanus ,41.8,9.23333333333333,NA,Manuscript,EALZ19,Col de Bavella,"Bisconti, R., Canestrelli, D., Salvi, D. and Nascetti, G. (2013), A geographic mosaic of evolutionary lineages within the insular endemic newt Euproctus montanus. Mol Ecol, 22: 143-156. https://doi-org.libproxy.unm.edu/10.1111/mec.12085"
JX626602.1 Euproctus montanus ,41.8,9.23333333333333,NA,Manuscript,EALZ16,Col de Bavella,"Bisconti, R., Canestrelli, D., Salvi, D. and Nascetti, G. (2013), A geographic mosaic of evolutionary lineages within the insular endemic newt Euproctus montanus. Mol Ecol, 22: 143-156. https://doi-org.libproxy.unm.edu/10.1111/mec.12085"
JX626601.1 Euproctus montanus ,41.8,9.23333333333333,NA,Manuscript,EALZ15,Col de Bavella,"Bisconti, R., Canestrelli, D., Salvi, D. and Nascetti, G. (2013), A geographic mosaic of evolutionary lineages within the insular endemic newt Euproctus montanus. Mol Ecol, 22: 143-156. https://doi-org.libproxy.unm.edu/10.1111/mec.12085"
JX626600.1 Euproctus montanus ,41.8,9.23333333333333,NA,Manuscript,EALZ14,Col de Bavella,"Bisconti, R., Canestrelli, D., Salvi, D. and Nascetti, G. (2013), A geographic mosaic of evolutionary lineages within the insular endemic newt Euproctus montanus. Mol Ecol, 22: 143-156. https://doi-org.libproxy.unm.edu/10.1111/mec.12085"
JX626730.1 Euproctus montanus ,41.6666666666667,9.18333333333333,NA,Manuscript,EOSP9,Agnarone,"Bisconti, R., Canestrelli, D., Salvi, D. and Nascetti, G. (2013), A geographic mosaic of evolutionary lineages within the insular endemic newt Euproctus montanus. Mol Ecol, 22: 143-156. https://doi-org.libproxy.unm.edu/10.1111/mec.12085"
JX626716.1 Euproctus montanus ,41.6666666666667,9.18333333333333,NA,Manuscript,EOSP10,Agnarone,"Bisconti, R., Canestrelli, D., Salvi, D. and Nascetti, G. (2013), A geographic mosaic of evolutionary lineages within the insular endemic newt Euproctus montanus. Mol Ecol, 22: 143-156. https://doi-org.libproxy.unm.edu/10.1111/mec.12085"
JX626641.1 Euproctus montanus ,41.5666666666667,9.08333333333333,NA,Manuscript,ECAG9,Naseo,"Bisconti, R., Canestrelli, D., Salvi, D. and Nascetti, G. (2013), A geographic mosaic of evolutionary lineages within the insular endemic newt Euproctus montanus. Mol Ecol, 22: 143-156. https://doi-org.libproxy.unm.edu/10.1111/mec.12085"
JX626638.1 Euproctus montanus ,41.5666666666667,9.08333333333333,NA,Manuscript,ECAG6,Naseo,"Bisconti, R., Canestrelli, D., Salvi, D. and Nascetti, G. (2013), A geographic mosaic of evolutionary lineages within the insular endemic newt Euproctus montanus. Mol Ecol, 22: 143-156. https://doi-org.libproxy.unm.edu/10.1111/mec.12085"
JX626637.1 Euproctus montanus ,41.5666666666667,9.08333333333333,NA,Manuscript,ECAG5,Naseo,"Bisconti, R., Canestrelli, D., Salvi, D. and Nascetti, G. (2013), A geographic mosaic of evolutionary lineages within the insular endemic newt Euproctus montanus. Mol Ecol, 22: 143-156. https://doi-org.libproxy.unm.edu/10.1111/mec.12085"
JX626636.1 Euproctus montanus ,41.5666666666667,9.08333333333333,NA,Manuscript,ECAG4,Naseo,"Bisconti, R., Canestrelli, D., Salvi, D. and Nascetti, G. (2013), A geographic mosaic of evolutionary lineages within the insular endemic newt Euproctus montanus. Mol Ecol, 22: 143-156. https://doi-org.libproxy.unm.edu/10.1111/mec.12085"
JX626634.1 Euproctus montanus ,41.5666666666667,9.08333333333333,NA,Manuscript,ECAG2,Naseo,"Bisconti, R., Canestrelli, D., Salvi, D. and Nascetti, G. (2013), A geographic mosaic of evolutionary lineages within the insular endemic newt Euproctus montanus. Mol Ecol, 22: 143-156. https://doi-org.libproxy.unm.edu/10.1111/mec.12085"
JX626633.1 Euproctus montanus ,41.5666666666667,9.08333333333333,NA,Manuscript,ECAG1,Naseo,"Bisconti, R., Canestrelli, D., Salvi, D. and Nascetti, G. (2013), A geographic mosaic of evolutionary lineages within the insular endemic newt Euproctus montanus. Mol Ecol, 22: 143-156. https://doi-org.libproxy.unm.edu/10.1111/mec.12085"
JX626631.1 Euproctus montanus ,41.5666666666667,9.08333333333333,NA,Manuscript,ECAG10,Naseo,"Bisconti, R., Canestrelli, D., Salvi, D. and Nascetti, G. (2013), A geographic mosaic of evolutionary lineages within the insular endemic newt Euproctus montanus. Mol Ecol, 22: 143-156. https://doi-org.libproxy.unm.edu/10.1111/mec.12085"
JX626640.1 Euproctus montanus ,41.5666666666667,9.08333333333333,NA,Manuscript,ECAG8,Naseo,"Bisconti, R., Canestrelli, D., Salvi, D. and Nascetti, G. (2013), A geographic mosaic of evolutionary lineages within the insular endemic newt Euproctus montanus. Mol Ecol, 22: 143-156. https://doi-org.libproxy.unm.edu/10.1111/mec.12085"
JX626639.1 Euproctus montanus ,41.5666666666667,9.08333333333333,NA,Manuscript,ECAG7,Naseo,"Bisconti, R., Canestrelli, D., Salvi, D. and Nascetti, G. (2013), A geographic mosaic of evolutionary lineages within the insular endemic newt Euproctus montanus. Mol Ecol, 22: 143-156. https://doi-org.libproxy.unm.edu/10.1111/mec.12085"
JX626635.1 Euproctus montanus ,41.5666666666667,9.08333333333333,NA,Manuscript,ECAG3,Naseo,"Bisconti, R., Canestrelli, D., Salvi, D. and Nascetti, G. (2013), A geographic mosaic of evolutionary lineages within the insular endemic newt Euproctus montanus. Mol Ecol, 22: 143-156. https://doi-org.libproxy.unm.edu/10.1111/mec.12085"
JX626632.1 Euproctus montanus ,41.5666666666667,9.08333333333333,NA,Manuscript,ECAG11,Naseo,"Bisconti, R., Canestrelli, D., Salvi, D. and Nascetti, G. (2013), A geographic mosaic of evolutionary lineages within the insular endemic newt Euproctus montanus. Mol Ecol, 22: 143-156. https://doi-org.libproxy.unm.edu/10.1111/mec.12085"
JX626604.1 Euproctus montanus ,41.8,9.23333333333333,NA,Manuscript,EALZ18,Col de Bavella,"Bisconti, R., Canestrelli, D., Salvi, D. and Nascetti, G. (2013), A geographic mosaic of evolutionary lineages within the insular endemic newt Euproctus montanus. Mol Ecol, 22: 143-156. https://doi-org.libproxy.unm.edu/10.1111/mec.12085"
JX626782.1 Euproctus montanus ,41.7666666666667,9.21666666666667,NA,Manuscript,EZON2,Spartu,"Bisconti, R., Canestrelli, D., Salvi, D. and Nascetti, G. (2013), A geographic mosaic of evolutionary lineages within the insular endemic newt Euproctus montanus. Mol Ecol, 22: 143-156. https://doi-org.libproxy.unm.edu/10.1111/mec.12085"
JX626614.1 Euproctus montanus ,41.8,9.23333333333333,NA,Manuscript,EALZ9,Col de Bavella,"Bisconti, R., Canestrelli, D., Salvi, D. and Nascetti, G. (2013), A geographic mosaic of evolutionary lineages within the insular endemic newt Euproctus montanus. Mol Ecol, 22: 143-156. https://doi-org.libproxy.unm.edu/10.1111/mec.12085"
JX626603.1 Euproctus montanus ,41.8,9.23333333333333,NA,Manuscript,EALZ17,Col de Bavella,"Bisconti, R., Canestrelli, D., Salvi, D. and Nascetti, G. (2013), A geographic mosaic of evolutionary lineages within the insular endemic newt Euproctus montanus. Mol Ecol, 22: 143-156. https://doi-org.libproxy.unm.edu/10.1111/mec.12085"
EU880316.1 Euproctus montanus ,41.583332,9.283333,2250,MVZ Data Base,TP-MVZ04,Corsica,"Zhang P, Papenfuss TJ, Wake MH, Qu L, Wake DB. Phylogeny and biogeography of the family Salamandridae (Amphibia: Caudata) inferred from complete mitochondrial genomes. Mol Phylogenet Evol. 2008 Nov;49(2):586-97. doi: 10.1016/j.ympev.2008.08.020."
JX626596.1 Euproctus montanus ,41.8,9.23333333333333,NA,Manuscript,EALZ10,Col de Bavella,"Bisconti, R., Canestrelli, D., Salvi, D. and Nascetti, G. (2013), A geographic mosaic of evolutionary lineages within the insular endemic newt Euproctus montanus. Mol Ecol, 22: 143-156. https://doi-org.libproxy.unm.edu/10.1111/mec.12085"
DQ821199.1 Euproctus montanus ,42,9,4500,GeoLocate,No Voucher,Corsica,"Steinfartz, S., Vicario, S., Arntzen, J.W. and Caccone, A. (2007), A Bayesian approach on molecules and behavior: reconsidering phylogenetic and evolutionary patterns of the Salamandridae with emphasis on Triturus newts. J. Exp. Zool., 308B: 139-162. https://doi-org.libproxy.unm.edu/10.1002/jez.b.21119"
JX626784.1 Euproctus montanus ,41.7666666666667,9.21666666666667,NA,Manuscript,EZON5,Spartu,"Bisconti, R., Canestrelli, D., Salvi, D. and Nascetti, G. (2013), A geographic mosaic of evolutionary lineages within the insular endemic newt Euproctus montanus. Mol Ecol, 22: 143-156. https://doi-org.libproxy.unm.edu/10.1111/mec.12085"
JX626778.1 Euproctus montanus ,41.7666666666667,9.21666666666667,NA,Manuscript,EZON18,Spartu,"Bisconti, R., Canestrelli, D., Salvi, D. and Nascetti, G. (2013), A geographic mosaic of evolutionary lineages within the insular endemic newt Euproctus montanus. Mol Ecol, 22: 143-156. https://doi-org.libproxy.unm.edu/10.1111/mec.12085"
JX626727.1 Euproctus montanus ,41.6666666666667,9.18333333333333,NA,Manuscript,EOSP5,Agnarone,"Bisconti, R., Canestrelli, D., Salvi, D. and Nascetti, G. (2013), A geographic mosaic of evolutionary lineages within the insular endemic newt Euproctus montanus. Mol Ecol, 22: 143-156. https://doi-org.libproxy.unm.edu/10.1111/mec.12085"
JX626762.1 Euproctus montanus ,42.1166666666667,9.13333333333333,NA,Manuscript,EVIZ19,Vizzavona,"Bisconti, R., Canestrelli, D., Salvi, D. and Nascetti, G. (2013), A geographic mosaic of evolutionary lineages within the insular endemic newt Euproctus montanus. Mol Ecol, 22: 143-156. https://doi-org.libproxy.unm.edu/10.1111/mec.12085"
JX626750.1 Euproctus montanus ,42.2666666666667,9.08333333333333,NA,Manuscript,EVAL5,Gorges de la Restonica,"Bisconti, R., Canestrelli, D., Salvi, D. and Nascetti, G. (2013), A geographic mosaic of evolutionary lineages within the insular endemic newt Euproctus montanus. Mol Ecol, 22: 143-156. https://doi-org.libproxy.unm.edu/10.1111/mec.12085"
JX626694.1 Euproctus montanus ,42.0333333333333,9.18333333333333,NA,Manuscript,ECOL7,Col de Verde,"Bisconti, R., Canestrelli, D., Salvi, D. and Nascetti, G. (2013), A geographic mosaic of evolutionary lineages within the insular endemic newt Euproctus montanus. Mol Ecol, 22: 143-156. https://doi-org.libproxy.unm.edu/10.1111/mec.12085"
JX626751.1 Euproctus montanus ,42.2666666666667,9.08333333333333,NA,Manuscript,EVAL6,Gorges de la Restonica,"Bisconti, R., Canestrelli, D., Salvi, D. and Nascetti, G. (2013), A geographic mosaic of evolutionary lineages within the insular endemic newt Euproctus montanus. Mol Ecol, 22: 143-156. https://doi-org.libproxy.unm.edu/10.1111/mec.12085"
JX626748.1 Euproctus montanus ,42.2666666666667,9.08333333333333,NA,Manuscript,EVAL3,Gorges de la Restonica,"Bisconti, R., Canestrelli, D., Salvi, D. and Nascetti, G. (2013), A geographic mosaic of evolutionary lineages within the insular endemic newt Euproctus montanus. Mol Ecol, 22: 143-156. https://doi-org.libproxy.unm.edu/10.1111/mec.12085"
JX626746.1 Euproctus montanus ,42.2666666666667,9.08333333333333,NA,Manuscript,EVAL1,Gorges de la Restonica,"Bisconti, R., Canestrelli, D., Salvi, D. and Nascetti, G. (2013), A geographic mosaic of evolutionary lineages within the insular endemic newt Euproctus montanus. Mol Ecol, 22: 143-156. https://doi-org.libproxy.unm.edu/10.1111/mec.12085"
JX626743.1 Euproctus montanus ,42.2666666666667,9.08333333333333,NA,Manuscript,EVAL12,Gorges de la Restonica,"Bisconti, R., Canestrelli, D., Salvi, D. and Nascetti, G. (2013), A geographic mosaic of evolutionary lineages within the insular endemic newt Euproctus montanus. Mol Ecol, 22: 143-156. https://doi-org.libproxy.unm.edu/10.1111/mec.12085"
JX626705.1 Euproctus montanus ,42.25,8.83333333333333,NA,Manuscript,EONE12,Aitone,"Bisconti, R., Canestrelli, D., Salvi, D. and Nascetti, G. (2013), A geographic mosaic of evolutionary lineages within the insular endemic newt Euproctus montanus. Mol Ecol, 22: 143-156. https://doi-org.libproxy.unm.edu/10.1111/mec.12085"
JX626752.1 Euproctus montanus ,42.2666666666667,9.08333333333333,NA,Manuscript,EVAL7,Gorges de la Restonica,"Bisconti, R., Canestrelli, D., Salvi, D. and Nascetti, G. (2013), A geographic mosaic of evolutionary lineages within the insular endemic newt Euproctus montanus. Mol Ecol, 22: 143-156. https://doi-org.libproxy.unm.edu/10.1111/mec.12085"
JX626749.1 Euproctus montanus ,42.2666666666667,9.08333333333333,NA,Manuscript,EVAL4,Gorges de la Restonica,"Bisconti, R., Canestrelli, D., Salvi, D. and Nascetti, G. (2013), A geographic mosaic of evolutionary lineages within the insular endemic newt Euproctus montanus. Mol Ecol, 22: 143-156. https://doi-org.libproxy.unm.edu/10.1111/mec.12085"
JX626742.1 Euproctus montanus ,42.2666666666667,9.08333333333333,NA,Manuscript,EVAL11,Gorges de la Restonica,"Bisconti, R., Canestrelli, D., Salvi, D. and Nascetti, G. (2013), A geographic mosaic of evolutionary lineages within the insular endemic newt Euproctus montanus. Mol Ecol, 22: 143-156. https://doi-org.libproxy.unm.edu/10.1111/mec.12085"
JX626711.1 Euproctus montanus ,42.25,8.83333333333333,NA,Manuscript,EONE3,Aitone,"Bisconti, R., Canestrelli, D., Salvi, D. and Nascetti, G. (2013), A geographic mosaic of evolutionary lineages within the insular endemic newt Euproctus montanus. Mol Ecol, 22: 143-156. https://doi-org.libproxy.unm.edu/10.1111/mec.12085"
JX626715.1 Euproctus montanus ,42.25,8.83333333333333,NA,Manuscript,EONE9,Aitone,"Bisconti, R., Canestrelli, D., Salvi, D. and Nascetti, G. (2013), A geographic mosaic of evolutionary lineages within the insular endemic newt Euproctus montanus. Mol Ecol, 22: 143-156. https://doi-org.libproxy.unm.edu/10.1111/mec.12085"
JX626714.1 Euproctus montanus ,42.25,8.83333333333333,NA,Manuscript,EONE7,Aitone,"Bisconti, R., Canestrelli, D., Salvi, D. and Nascetti, G. (2013), A geographic mosaic of evolutionary lineages within the insular endemic newt Euproctus montanus. Mol Ecol, 22: 143-156. https://doi-org.libproxy.unm.edu/10.1111/mec.12085"
JX626713.1 Euproctus montanus ,42.25,8.83333333333333,NA,Manuscript,EONE6,Aitone,"Bisconti, R., Canestrelli, D., Salvi, D. and Nascetti, G. (2013), A geographic mosaic of evolutionary lineages within the insular endemic newt Euproctus montanus. Mol Ecol, 22: 143-156. https://doi-org.libproxy.unm.edu/10.1111/mec.12085"
JX626712.1 Euproctus montanus ,42.25,8.83333333333333,NA,Manuscript,EONE4,Aitone,"Bisconti, R., Canestrelli, D., Salvi, D. and Nascetti, G. (2013), A geographic mosaic of evolutionary lineages within the insular endemic newt Euproctus montanus. Mol Ecol, 22: 143-156. https://doi-org.libproxy.unm.edu/10.1111/mec.12085"
JX626707.1 Euproctus montanus ,42.25,8.83333333333333,NA,Manuscript,EONE14,Aitone,"Bisconti, R., Canestrelli, D., Salvi, D. and Nascetti, G. (2013), A geographic mosaic of evolutionary lineages within the insular endemic newt Euproctus montanus. Mol Ecol, 22: 143-156. https://doi-org.libproxy.unm.edu/10.1111/mec.12085"
JX626704.1 Euproctus montanus ,42.25,8.83333333333333,NA,Manuscript,EONE11,Aitone,"Bisconti, R., Canestrelli, D., Salvi, D. and Nascetti, G. (2013), A geographic mosaic of evolutionary lineages within the insular endemic newt Euproctus montanus. Mol Ecol, 22: 143-156. https://doi-org.libproxy.unm.edu/10.1111/mec.12085"
JX626710.1 Euproctus montanus ,42.25,8.83333333333333,NA,Manuscript,EONE2,Aitone,"Bisconti, R., Canestrelli, D., Salvi, D. and Nascetti, G. (2013), A geographic mosaic of evolutionary lineages within the insular endemic newt Euproctus montanus. Mol Ecol, 22: 143-156. https://doi-org.libproxy.unm.edu/10.1111/mec.12085"
JX626709.1 Euproctus montanus ,42.25,8.83333333333333,NA,Manuscript,EONE11,Aitone,"Bisconti, R., Canestrelli, D., Salvi, D. and Nascetti, G. (2013), A geographic mosaic of evolutionary lineages within the insular endemic newt Euproctus montanus. Mol Ecol, 22: 143-156. https://doi-org.libproxy.unm.edu/10.1111/mec.12085"
JX626708.1 Euproctus montanus ,42.25,8.83333333333333,NA,Manuscript,EONE19,Aitone,"Bisconti, R., Canestrelli, D., Salvi, D. and Nascetti, G. (2013), A geographic mosaic of evolutionary lineages within the insular endemic newt Euproctus montanus. Mol Ecol, 22: 143-156. https://doi-org.libproxy.unm.edu/10.1111/mec.12085"
JX626703.1 Euproctus montanus ,42.25,8.83333333333333,NA,Manuscript,EONE10,Aitone,"Bisconti, R., Canestrelli, D., Salvi, D. and Nascetti, G. (2013), A geographic mosaic of evolutionary lineages within the insular endemic newt Euproctus montanus. Mol Ecol, 22: 143-156. https://doi-org.libproxy.unm.edu/10.1111/mec.12085"
JX626706.1 Euproctus montanus ,42.25,8.83333333333333,NA,Manuscript,EONE13,Aitone,"Bisconti, R., Canestrelli, D., Salvi, D. and Nascetti, G. (2013), A geographic mosaic of evolutionary lineages within the insular endemic newt Euproctus montanus. Mol Ecol, 22: 143-156. https://doi-org.libproxy.unm.edu/10.1111/mec.12085"
JX626770.1 Euproctus montanus ,42.1166666666667,9.13333333333333,NA,Manuscript,EVIZ8,Vizzavona,"Bisconti, R., Canestrelli, D., Salvi, D. and Nascetti, G. (2013), A geographic mosaic of evolutionary lineages within the insular endemic newt Euproctus montanus. Mol Ecol, 22: 143-156. https://doi-org.libproxy.unm.edu/10.1111/mec.12085"
JX626758.1 Euproctus montanus ,42.1166666666667,9.13333333333333,NA,Manuscript,EVIZ15,Vizzavona,"Bisconti, R., Canestrelli, D., Salvi, D. and Nascetti, G. (2013), A geographic mosaic of evolutionary lineages within the insular endemic newt Euproctus montanus. Mol Ecol, 22: 143-156. https://doi-org.libproxy.unm.edu/10.1111/mec.12085"
JX626755.1 Euproctus montanus ,42.1166666666667,9.13333333333333,NA,Manuscript,EVIZ12,Vizzavona,"Bisconti, R., Canestrelli, D., Salvi, D. and Nascetti, G. (2013), A geographic mosaic of evolutionary lineages within the insular endemic newt Euproctus montanus. Mol Ecol, 22: 143-156. https://doi-org.libproxy.unm.edu/10.1111/mec.12085"
JX626764.1 Euproctus montanus ,42.1166666666667,9.13333333333333,NA,Manuscript,EVIZ20,Vizzavona,"Bisconti, R., Canestrelli, D., Salvi, D. and Nascetti, G. (2013), A geographic mosaic of evolutionary lineages within the insular endemic newt Euproctus montanus. Mol Ecol, 22: 143-156. https://doi-org.libproxy.unm.edu/10.1111/mec.12085"
JX626753.1 Euproctus montanus ,42.2666666666667,9.08333333333333,NA,Manuscript,EVAL9,Gorges de la Restonica,"Bisconti, R., Canestrelli, D., Salvi, D. and Nascetti, G. (2013), A geographic mosaic of evolutionary lineages within the insular endemic newt Euproctus montanus. Mol Ecol, 22: 143-156. https://doi-org.libproxy.unm.edu/10.1111/mec.12085"
JX626747.1 Euproctus montanus ,42.2666666666667,9.08333333333333,NA,Manuscript,EVAL2,Gorges de la Restonica,"Bisconti, R., Canestrelli, D., Salvi, D. and Nascetti, G. (2013), A geographic mosaic of evolutionary lineages within the insular endemic newt Euproctus montanus. Mol Ecol, 22: 143-156. https://doi-org.libproxy.unm.edu/10.1111/mec.12085"
JX626745.1 Euproctus montanus ,42.2666666666667,9.08333333333333,NA,Manuscript,EVAL14,Gorges de la Restonica,"Bisconti, R., Canestrelli, D., Salvi, D. and Nascetti, G. (2013), A geographic mosaic of evolutionary lineages within the insular endemic newt Euproctus montanus. Mol Ecol, 22: 143-156. https://doi-org.libproxy.unm.edu/10.1111/mec.12085"
JX626744.1 Euproctus montanus ,42.2666666666667,9.08333333333333,NA,Manuscript,EVAL13,Gorges de la Restonica,"Bisconti, R., Canestrelli, D., Salvi, D. and Nascetti, G. (2013), A geographic mosaic of evolutionary lineages within the insular endemic newt Euproctus montanus. Mol Ecol, 22: 143-156. https://doi-org.libproxy.unm.edu/10.1111/mec.12085"
JX626741.1 Euproctus montanus ,42.2666666666667,9.08333333333333,NA,Manuscript,EVAL10,Gorges de la Restonica,"Bisconti, R., Canestrelli, D., Salvi, D. and Nascetti, G. (2013), A geographic mosaic of evolutionary lineages within the insular endemic newt Euproctus montanus. Mol Ecol, 22: 143-156. https://doi-org.libproxy.unm.edu/10.1111/mec.12085"
JX626771.1 Euproctus montanus ,42.1166666666667,9.13333333333333,NA,Manuscript,EVIZ9,Vizzavona,"Bisconti, R., Canestrelli, D., Salvi, D. and Nascetti, G. (2013), A geographic mosaic of evolutionary lineages within the insular endemic newt Euproctus montanus. Mol Ecol, 22: 143-156. https://doi-org.libproxy.unm.edu/10.1111/mec.12085"
JX626768.1 Euproctus montanus ,42.1166666666667,9.13333333333333,NA,Manuscript,EVIZ6,Vizzavona,"Bisconti, R., Canestrelli, D., Salvi, D. and Nascetti, G. (2013), A geographic mosaic of evolutionary lineages within the insular endemic newt Euproctus montanus. Mol Ecol, 22: 143-156. https://doi-org.libproxy.unm.edu/10.1111/mec.12085"
JX626766.1 Euproctus montanus ,42.1166666666667,9.13333333333333,NA,Manuscript,EVIZ4,Vizzavona,"Bisconti, R., Canestrelli, D., Salvi, D. and Nascetti, G. (2013), A geographic mosaic of evolutionary lineages within the insular endemic newt Euproctus montanus. Mol Ecol, 22: 143-156. https://doi-org.libproxy.unm.edu/10.1111/mec.12085"
JX626763.1 Euproctus montanus ,42.1166666666667,9.13333333333333,NA,Manuscript,EVIZ1,Vizzavona,"Bisconti, R., Canestrelli, D., Salvi, D. and Nascetti, G. (2013), A geographic mosaic of evolutionary lineages within the insular endemic newt Euproctus montanus. Mol Ecol, 22: 143-156. https://doi-org.libproxy.unm.edu/10.1111/mec.12085"
JX626761.1 Euproctus montanus ,42.1166666666667,9.13333333333333,NA,Manuscript,EVIZ18,Vizzavona,"Bisconti, R., Canestrelli, D., Salvi, D. and Nascetti, G. (2013), A geographic mosaic of evolutionary lineages within the insular endemic newt Euproctus montanus. Mol Ecol, 22: 143-156. https://doi-org.libproxy.unm.edu/10.1111/mec.12085"
JX626760.1 Euproctus montanus ,42.1166666666667,9.13333333333333,NA,Manuscript,EVIZ17,Vizzavona,"Bisconti, R., Canestrelli, D., Salvi, D. and Nascetti, G. (2013), A geographic mosaic of evolutionary lineages within the insular endemic newt Euproctus montanus. Mol Ecol, 22: 143-156. https://doi-org.libproxy.unm.edu/10.1111/mec.12085"
JX626757.1 Euproctus montanus ,42.1166666666667,9.13333333333333,NA,Manuscript,EVIZ14,Vizzavona,"Bisconti, R., Canestrelli, D., Salvi, D. and Nascetti, G. (2013), A geographic mosaic of evolutionary lineages within the insular endemic newt Euproctus montanus. Mol Ecol, 22: 143-156. https://doi-org.libproxy.unm.edu/10.1111/mec.12085"
JX626756.1 Euproctus montanus ,42.1166666666667,9.13333333333333,NA,Manuscript,EVIZ13,Vizzavona,"Bisconti, R., Canestrelli, D., Salvi, D. and Nascetti, G. (2013), A geographic mosaic of evolutionary lineages within the insular endemic newt Euproctus montanus. Mol Ecol, 22: 143-156. https://doi-org.libproxy.unm.edu/10.1111/mec.12085"
JX626754.1 Euproctus montanus ,42.1166666666667,9.13333333333333,NA,Manuscript,EVIZ10,Vizzavona,"Bisconti, R., Canestrelli, D., Salvi, D. and Nascetti, G. (2013), A geographic mosaic of evolutionary lineages within the insular endemic newt Euproctus montanus. Mol Ecol, 22: 143-156. https://doi-org.libproxy.unm.edu/10.1111/mec.12085"
JX626699.1 Euproctus montanus ,42.55,9.05,NA,Manuscript,ECOS3,Bocca Capanna,"Bisconti, R., Canestrelli, D., Salvi, D. and Nascetti, G. (2013), A geographic mosaic of evolutionary lineages within the insular endemic newt Euproctus montanus. Mol Ecol, 22: 143-156. https://doi-org.libproxy.unm.edu/10.1111/mec.12085"
JX626697.1 Euproctus montanus ,42.55,9.05,NA,Manuscript,ECOS1,Bocca Capanna,"Bisconti, R., Canestrelli, D., Salvi, D. and Nascetti, G. (2013), A geographic mosaic of evolutionary lineages within the insular endemic newt Euproctus montanus. Mol Ecol, 22: 143-156. https://doi-org.libproxy.unm.edu/10.1111/mec.12085"
JX626702.1 Euproctus montanus ,42.55,9.05,NA,Manuscript,ECOS7,Bocca Capanna,"Bisconti, R., Canestrelli, D., Salvi, D. and Nascetti, G. (2013), A geographic mosaic of evolutionary lineages within the insular endemic newt Euproctus montanus. Mol Ecol, 22: 143-156. https://doi-org.libproxy.unm.edu/10.1111/mec.12085"
JX626643.1 Euproctus montanus ,42.4166666666667,8.95,NA,Manuscript,ECAL2,Forêt Communale d'Asco,"Bisconti, R., Canestrelli, D., Salvi, D. and Nascetti, G. (2013), A geographic mosaic of evolutionary lineages within the insular endemic newt Euproctus montanus. Mol Ecol, 22: 143-156. https://doi-org.libproxy.unm.edu/10.1111/mec.12085"
JX626642.1 Euproctus montanus ,42.4166666666667,8.95,NA,Manuscript,ECAL1,Forêt Communale d'Asco,"Bisconti, R., Canestrelli, D., Salvi, D. and Nascetti, G. (2013), A geographic mosaic of evolutionary lineages within the insular endemic newt Euproctus montanus. Mol Ecol, 22: 143-156. https://doi-org.libproxy.unm.edu/10.1111/mec.12085"
JX626644.1 Euproctus montanus ,42.4166666666667,8.95,NA,Manuscript,ECAL3,Forêt Communale d'Asco,"Bisconti, R., Canestrelli, D., Salvi, D. and Nascetti, G. (2013), A geographic mosaic of evolutionary lineages within the insular endemic newt Euproctus montanus. Mol Ecol, 22: 143-156. https://doi-org.libproxy.unm.edu/10.1111/mec.12085"
