"value","Lat","Lon","Error_km","Method","Museum_Field_Number","Notes","Reference"
"JQ920643_cytb E. paludicola",31.615979,-94.615867,18325,"GeoLocate","DAB725","Correspond to a different species, E. paludicola (Wray et al., 2017), called western lineage in Lamb and Beamer, 2012 (the reference indicated in GenBank)","Wray, K.P., Means, D.B., Steppan, S.J. (2017). ""Revision of the Eurycea quadridigitata (Holbrook 1842) complex of dwarf salamanders (Caudata: Plethodontidae: Hemidactyliinae) with a description of two new species,"" Herpetological Monographs, 31(1), 18-46."
"JQ920644_cytb E. paludicola",30.786309,-93.744741,14200,"GeoLocate","DAB770","Correspond to a different species, E. paludicola (Wray et al., 2017), called western lineage in Lamb and Beamer, 2012 (the reference indicated in GenBank)","Wray, K.P., Means, D.B., Steppan, S.J. (2017). ""Revision of the Eurycea quadridigitata (Holbrook 1842) complex of dwarf salamanders (Caudata: Plethodontidae: Hemidactyliinae) with a description of two new species,"" Herpetological Monographs, 31(1), 18-46."
"JQ920659_cytb E. paludicola",31.72354,-93.096243,11675,"GeoLocate","DAB4190","Correspond to a different species, E. paludicola (Wray et al., 2017), called western lineage in Lamb and Beamer, 2012 (the reference indicated in GenBank)","Wray, K.P., Means, D.B., Steppan, S.J. (2017). ""Revision of the Eurycea quadridigitata (Holbrook 1842) complex of dwarf salamanders (Caudata: Plethodontidae: Hemidactyliinae) with a description of two new species,"" Herpetological Monographs, 31(1), 18-46."
"JQ920657_cytb E. paludicola",30.786309,-93.744741,14200,"GeoLocate","DAB775","Correspond to a different species, E. paludicola (Wray et al., 2017), called western lineage in Lamb and Beamer, 2012 (the reference indicated in GenBank)","Wray, K.P., Means, D.B., Steppan, S.J. (2017). ""Revision of the Eurycea quadridigitata (Holbrook 1842) complex of dwarf salamanders (Caudata: Plethodontidae: Hemidactyliinae) with a description of two new species,"" Herpetological Monographs, 31(1), 18-46."
"JQ920658_cytb E. paludicola",30.786309,-93.744741,14200,"GeoLocate","DAB779","Correspond to a different species, E. paludicola (Wray et al., 2017), called western lineage in Lamb and Beamer, 2012 (the reference indicated in GenBank)","Wray, K.P., Means, D.B., Steppan, S.J. (2017). ""Revision of the Eurycea quadridigitata (Holbrook 1842) complex of dwarf salamanders (Caudata: Plethodontidae: Hemidactyliinae) with a description of two new species,"" Herpetological Monographs, 31(1), 18-46."
"JQ920655_cytb E. paludicola",31.666168,-91.847072,15443,"GeoLocate","DAB2435","Correspond to a different species, E. paludicola (Wray et al., 2017), called western lineage in Lamb and Beamer, 2012 (the reference indicated in GenBank)","Wray, K.P., Means, D.B., Steppan, S.J. (2017). ""Revision of the Eurycea quadridigitata (Holbrook 1842) complex of dwarf salamanders (Caudata: Plethodontidae: Hemidactyliinae) with a description of two new species,"" Herpetological Monographs, 31(1), 18-46."
"JQ920649_cytb E. paludicola",30.579534,-95.166901,10838,"GeoLocate","DAB262","Correspond to a different species, E. paludicola (Wray et al., 2017), called western lineage in Lamb and Beamer, 2012 (the reference indicated in GenBank)","Wray, K.P., Means, D.B., Steppan, S.J. (2017). ""Revision of the Eurycea quadridigitata (Holbrook 1842) complex of dwarf salamanders (Caudata: Plethodontidae: Hemidactyliinae) with a description of two new species,"" Herpetological Monographs, 31(1), 18-46."
"JQ920650_cytb E. paludicola",31.599704,-92.55952,13668,"GeoLocate","DAB652","Correspond to a different species, E. paludicola (Wray et al., 2017), called western lineage in Lamb and Beamer, 2012 (the reference indicated in GenBank)","Wray, K.P., Means, D.B., Steppan, S.J. (2017). ""Revision of the Eurycea quadridigitata (Holbrook 1842) complex of dwarf salamanders (Caudata: Plethodontidae: Hemidactyliinae) with a description of two new species,"" Herpetological Monographs, 31(1), 18-46."
"AY528401_cytb probably E. paludicola",32.35126,-95.301062,7059,"GeoLocate","UTA_56412","Texas, Tyler. Locality find in a different paper (Bonett and Chippindale, 2004) than mentioned in Genbank (Wiens et al., 2006)","Bonett, R.M., Chippindale, P.T. (2004). Molecular Ecology (2004) 13 , 1189–1203 doi: 10.1111/j.1365-294X.2004.02130.x"
"JQ920652_cytb E. paludicola",30.626653,-90.40568,15696,"GeoLocate","DAB2182","Correspond to a different species, E. paludicola (Wray et al., 2017), called western lineage in Lamb and Beamer, 2012 (the reference indicated in GenBank)","Wray, K.P., Means, D.B., Steppan, S.J. (2017). ""Revision of the Eurycea quadridigitata (Holbrook 1842) complex of dwarf salamanders (Caudata: Plethodontidae: Hemidactyliinae) with a description of two new species,"" Herpetological Monographs, 31(1), 18-46."
"JQ920653_cytb E. paludicola",30.879773,-91.420029,13068,"GeoLocate","DAB2218","Correspond to a different species, E. paludicola (Wray et al., 2017), called western lineage in Lamb and Beamer, 2012 (the reference indicated in GenBank)","Wray, K.P., Means, D.B., Steppan, S.J. (2017). ""Revision of the Eurycea quadridigitata (Holbrook 1842) complex of dwarf salamanders (Caudata: Plethodontidae: Hemidactyliinae) with a description of two new species,"" Herpetological Monographs, 31(1), 18-46."
"KY502653 Eurycea paludicola",31.04,-94.28,"Manuscript","KW0956","Jasper, TX","Wray, K.P., Means, D.B., Steppan, S.J. (2017). ""Revision of the Eurycea quadridigitata (Holbrook 1842) complex of dwarf salamanders (Caudata: Plethodontidae: Hemidactyliinae) with a description of two new species,"" Herpetological Monographs, 31(1), 18-46.",
"JQ920654_cytb E. paludicola",30.407843,-89.954633,16873,"GeoLocate","DAB2539","Correspond to a different species, E. paludicola (Wray et al., 2017), called western lineage in Lamb and Beamer, 2012 (the reference indicated in GenBank)","Wray, K.P., Means, D.B., Steppan, S.J. (2017). ""Revision of the Eurycea quadridigitata (Holbrook 1842) complex of dwarf salamanders (Caudata: Plethodontidae: Hemidactyliinae) with a description of two new species,"" Herpetological Monographs, 31(1), 18-46."
"MN649029 Eurycea paludicola",30.876015,-90.512039,1675,"GeoLocate","NOPK2","Tangipahoa Parish, LA","Wen F., Ljustina O., Vicknair W., Perrera B., Lamb J.Y. 2021. Reproductive Phenology and the Larval Period of the Western Dwarf Salamander (Eurycea paludicola) in Southeastern Louisiana. Southeastern Naturalist, 20(1), 37-50."
"JQ920646_cytb E. paludicola",31.72354,-93.096243,11675,"GeoLocate","DAB4208","Correspond to a different species, E. paludicola (Wray et al., 2017), called western lineage in Lamb and Beamer, 2012 (the reference indicated in GenBank)","Wray, K.P., Means, D.B., Steppan, S.J. (2017). ""Revision of the Eurycea quadridigitata (Holbrook 1842) complex of dwarf salamanders (Caudata: Plethodontidae: Hemidactyliinae) with a description of two new species,"" Herpetological Monographs, 31(1), 18-46."
"KF562558_Cytb probably E. paludicola",33.375119,-92.402847,6684,"GeoLocate","RMB3665","AR: Calhoun, Hurricane Crk. ","Bonett, R. M., Steffen, M. A., Lambert, S. M., Wiens, J. J., & Chippindale, P. T. (2014). Evolution of paedomorphosis in plethodontid salamanders: Ecological correlates and re-evolution of metamorphosis. Evolution, 68(2), 466-482. https://doi.org/10.1111/evo.12274"
"JQ920648_cytb E. paludicola",33.593355,-92.881934,12162,"GeoLocate","DAB4225","Correspond to a different species, E. paludicola (Wray et al., 2017), called western lineage in Lamb and Beamer, 2012 (the reference indicated in GenBank)","Wray, K.P., Means, D.B., Steppan, S.J. (2017). ""Revision of the Eurycea quadridigitata (Holbrook 1842) complex of dwarf salamanders (Caudata: Plethodontidae: Hemidactyliinae) with a description of two new species,"" Herpetological Monographs, 31(1), 18-46."
"JQ920642_cytb E. paludicola",30.786309,-93.744741,14200,"GeoLocate","DAB778","Correspond to a different species, E. paludicola (Wray et al., 2017), called western lineage in Lamb and Beamer, 2012 (the reference indicated in GenBank)","Wray, K.P., Means, D.B., Steppan, S.J. (2017). ""Revision of the Eurycea quadridigitata (Holbrook 1842) complex of dwarf salamanders (Caudata: Plethodontidae: Hemidactyliinae) with a description of two new species,"" Herpetological Monographs, 31(1), 18-46."
"JQ920640_cytb E. paludicola",30.786309,-93.744741,14200,"GeoLocate","DAB776","Correspond to a different species, E. paludicola (Wray et al., 2017), called western lineage in Lamb and Beamer, 2012 (the reference indicated in GenBank)","Wray, K.P., Means, D.B., Steppan, S.J. (2017). ""Revision of the Eurycea quadridigitata (Holbrook 1842) complex of dwarf salamanders (Caudata: Plethodontidae: Hemidactyliinae) with a description of two new species,"" Herpetological Monographs, 31(1), 18-46."
"JQ920641_cytb E. paludicola",30.786309,-93.744741,14200,"GeoLocate","DAB777","Correspond to a different species, E. paludicola (Wray et al., 2017), called western lineage in Lamb and Beamer, 2012 (the reference indicated in GenBank)","Wray, K.P., Means, D.B., Steppan, S.J. (2017). ""Revision of the Eurycea quadridigitata (Holbrook 1842) complex of dwarf salamanders (Caudata: Plethodontidae: Hemidactyliinae) with a description of two new species,"" Herpetological Monographs, 31(1), 18-46."
"JQ920639_cytb E. paludicola",30.771232,-94.376594,13587,"GeoLocate","DAB765","Correspond to a different species, E. paludicola (Wray et al., 2017), called western lineage in Lamb and Beamer, 2012 (the reference indicated in GenBank)","Wray, K.P., Means, D.B., Steppan, S.J. (2017). ""Revision of the Eurycea quadridigitata (Holbrook 1842) complex of dwarf salamanders (Caudata: Plethodontidae: Hemidactyliinae) with a description of two new species,"" Herpetological Monographs, 31(1), 18-46."
"KY502652 Eurycea paludicola",31.36,-93.73,"NA","Manuscript","KW0951","Sabine, TX","Wray, K.P., Means, D.B., Steppan, S.J. (2017). ""Revision of the Eurycea quadridigitata (Holbrook 1842) complex of dwarf salamanders (Caudata: Plethodontidae: Hemidactyliinae) with a description of two new species,"" Herpetological Monographs, 31(1), 18-46."
"KY502651 Eurycea paludicola",31.33,-94.22,"NA","Manuscript","KW0030, specimen voucher UF178855","San Augustine, TX","Wray, K.P., Means, D.B., Steppan, S.J. (2017). ""Revision of the Eurycea quadridigitata (Holbrook 1842) complex of dwarf salamanders (Caudata: Plethodontidae: Hemidactyliinae) with a description of two new species,"" Herpetological Monographs, 31(1), 18-46."
