"value","species","Lat","Lon","Max error (m)","original coordinate units","coordinate source"
"KY613182_cytb","Eurycea braggi",35.872852,-91.754032,4084,"Independence_AR","geo-locate.org"
"KY613193_cytb","Eurycea braggi",35.872852,-91.754032,4084,"Independence_AR","geo-locate.org"
"KY613205_cytb","Eurycea braggi",36.278959,-92.994618,90,"Boone_AR","geo-locate.org"
"KY613207_cytb","Eurycea braggi",36.234585,-93.683321,5035,"WhipwillCv_Madison_AR","geo-locate.org"
"KY613370_cytb","Eurycea braggi",36.270071,-93.036564,90,"Boone_AR","geo-locate.org"
"KY613206_cytb","Eurycea braggi",36.270071,-93.036564,90,"Boone_AR","geo-locate.org"
"KY613186_cytb","Eurycea braggi",36.312292,-92.897116,90,"Boone_AR","geo-locate.org"
"KY613187_cytb","Eurycea braggi",36.312292,-92.897116,90,"Boone_AR","geo-locate.org"
"KY613320_cytb","Eurycea braggi",36.267852,-93.941031,301,"Benton_AR","geo-locate.org"
"KY613319_cytb","Eurycea braggi",36.267852,-93.941031,301,"Benton_AR","geo-locate.org"
"KY613321_cytb","Eurycea braggi",36.267852,-93.941031,301,"Benton_AR","geo-locate.org"
"KY613323_cytb","Eurycea braggi",36.267852,-93.941031,301,"Benton_AR","geo-locate.org"
"KY613322_cytb","Eurycea braggi",36.267852,-93.941031,301,"Benton_AR","geo-locate.org"
"KY613342_cytb","Eurycea braggi",36.237608,-93.800575,301,"Madison_AR","geo-locate.org"
"KY613183_cytb","Eurycea braggi",36.237608,-93.800575,301,"Madison_AR","geo-locate.org"
"KY613185_cytb","Eurycea braggi",36.237608,-93.800575,301,"Madison_AR","geo-locate.org"
"KY613184_cytb","Eurycea braggi",36.237608,-93.800575,301,"Madison_AR","geo-locate.org"
