"value","Lat","Lon","Error_km","Method","MuseumFieldNumber","Notes","Reference"
"FJ866188_cytb",33.110396,-86.584149,4375,"GeoLocate","NA","NA","NA"
"FJ866187_cytb",32.601136,-85.355563,15031,"GeoLocate","NA","NA","NA"
"FJ866191_cytb",33.4333,-86.1,18677,"GeoLocate","NA","NA","NA"
"FJ866204_cytb",32.046649,-84.551053,16935,"GeoLocate","NA","NA","NA"
"FJ866190_cytb",31.153188,-85.302528,17480,"GeoLocate","NA","NA","NA"
"FJ866201_cytb",31.943049,-85.408303,13065,"GeoLocate","NA","NA","NA"
"FJ866197_cytb",32.111593,-87.782903,1013,"GeoLocate","NA","NA","NA"
"FJ866198_cytb",32.111593,-87.782903,1013,"GeoLocate","NA","NA","NA"
"FJ866202_cytb",35.35,-83.8,18456,"GeoLocate","NA","NA","NA"
"FJ866207_cytb",38.297652,-78.466877,15078,"GeoLocate","NA","NA","NA"
