"value","Lat","Lon","Error_km","Method","Museum_Field_Number","Notes","Reference"
"JQ920716_cytb E. hillisi",32.385974,-85.692669,15317,"GeoLocate","DAB2333","Alabama, Macon. Correspond to a different species, E. hillisi (Wray et al., 2017), called central lineage in Lamb and Beamer, 2012 (the reference indicated in GenBank)","Wray, K.P., Means, D.B., Steppan, S.J. (2017). ""Revision of the Eurycea quadridigitata (Holbrook 1842) complex of dwarf salamanders (Caudata: Plethodontidae: Hemidactyliinae) with a description of two new species,"" Herpetological Monographs, 31(1), 18-46."
"JQ920717_cytb E. hillisi",32.589762,-82.301708,16571,"GeoLocate","DAB9996","Georgia, Emanuel. Correspond to a different species, E. hillisi (Wray et al., 2017), called central lineage in Lamb and Beamer, 2012 (the reference indicated in GenBank)","Wray, K.P., Means, D.B., Steppan, S.J. (2017). ""Revision of the Eurycea quadridigitata (Holbrook 1842) complex of dwarf salamanders (Caudata: Plethodontidae: Hemidactyliinae) with a description of two new species,"" Herpetological Monographs, 31(1), 18-46."
"JQ920718_cytb E. hillisi",32.699486,-84.53301,15902,"GeoLocate","DAB2326","Georgia, Talbot. Correspond to a different species, E. hillisi (Wray et al., 2017), called central lineage in Lamb and Beamer, 2012 (the reference indicated in GenBank)","Wray, K.P., Means, D.B., Steppan, S.J. (2017). ""Revision of the Eurycea quadridigitata (Holbrook 1842) complex of dwarf salamanders (Caudata: Plethodontidae: Hemidactyliinae) with a description of two new species,"" Herpetological Monographs, 31(1), 18-46."
"JQ920719_cytb E. hillisi",32.353378,-84.524638,17229,"GeoLocate","DAB2447","Georgia, Marion. Correspond to a different species, E. hillisi (Wray et al., 2017), called central lineage in Lamb and Beamer, 2012 (the reference indicated in GenBank)","Wray, K.P., Means, D.B., Steppan, S.J. (2017). ""Revision of the Eurycea quadridigitata (Holbrook 1842) complex of dwarf salamanders (Caudata: Plethodontidae: Hemidactyliinae) with a description of two new species,"" Herpetological Monographs, 31(1), 18-46."
"JQ920720_cytb E. hillisi",32.699486,-84.53301,15902,"GeoLocate","JCM011","Georgia, Talbot. Correspond to a different species, E. hillisi (Wray et al., 2017), called central lineage in Lamb and Beamer, 2012 (the reference indicated in GenBank)","Wray, K.P., Means, D.B., Steppan, S.J. (2017). ""Revision of the Eurycea quadridigitata (Holbrook 1842) complex of dwarf salamanders (Caudata: Plethodontidae: Hemidactyliinae) with a description of two new species,"" Herpetological Monographs, 31(1), 18-46."
"JQ920710_cytb E. hillisi",31.429267,-86.993681,17939,"GeoLocate","AU37783","Alabama, Conecuh. Correspond to a different species, E. hillisi (Wray et al., 2017), called central lineage in Lamb and Beamer, 2012 (the reference indicated in GenBank)","Wray, K.P., Means, D.B., Steppan, S.J. (2017). ""Revision of the Eurycea quadridigitata (Holbrook 1842) complex of dwarf salamanders (Caudata: Plethodontidae: Hemidactyliinae) with a description of two new species,"" Herpetological Monographs, 31(1), 18-46."
"JQ920711_cytb E. hillisi",31.429267,-86.993681,17939,"GeoLocate","DAB2327","Alabama, Conecuh. Correspond to a different species, E. hillisi (Wray et al., 2017), called central lineage in Lamb and Beamer, 2012 (the reference indicated in GenBank)","Wray, K.P., Means, D.B., Steppan, S.J. (2017). ""Revision of the Eurycea quadridigitata (Holbrook 1842) complex of dwarf salamanders (Caudata: Plethodontidae: Hemidactyliinae) with a description of two new species,"" Herpetological Monographs, 31(1), 18-46."
"JQ920712_cytb E. hillisi",32.100554,-85.715697,16460,"GeoLocate","DAB2328","Alabama, Bullock. Correspond to a different species, E. hillisi (Wray et al., 2017), called central lineage in Lamb and Beamer, 2012 (the reference indicated in GenBank)","Wray, K.P., Means, D.B., Steppan, S.J. (2017). ""Revision of the Eurycea quadridigitata (Holbrook 1842) complex of dwarf salamanders (Caudata: Plethodontidae: Hemidactyliinae) with a description of two new species,"" Herpetological Monographs, 31(1), 18-46."
"JQ920713_cytb E. hillisi",32.15475,-86.650108,17044,"GeoLocate","DAB2345","Alabama, Lowndes. Correspond to a different species, E. hillisi (Wray et al., 2017), called central lineage in Lamb and Beamer, 2012 (the reference indicated in GenBank)","Wray, K.P., Means, D.B., Steppan, S.J. (2017). ""Revision of the Eurycea quadridigitata (Holbrook 1842) complex of dwarf salamanders (Caudata: Plethodontidae: Hemidactyliinae) with a description of two new species,"" Herpetological Monographs, 31(1), 18-46."
"JQ920714_cytb E. hillisi",30.610592,-85.665329,14625,"GeoLocate","DAB4652","Florida, Washington. Correspond to a different species, E. hillisi (Wray et al., 2017), called central lineage in Lamb and Beamer, 2012 (the reference indicated in GenBank)","Wray, K.P., Means, D.B., Steppan, S.J. (2017). ""Revision of the Eurycea quadridigitata (Holbrook 1842) complex of dwarf salamanders (Caudata: Plethodontidae: Hemidactyliinae) with a description of two new species,"" Herpetological Monographs, 31(1), 18-46."
