value,Lat,Lon,Error_km,Method,Museum_Field_Number,Notes,Reference
AF252375_cytochrome-b,32.825051,-79.896811,10802,GeoLocate,NA,"USA: South Carolina, high error","Chippindale, P. T., Price, A. H., Wiens, J. J., & Hillis, D. M. (2000). Phylogenetic relationships and systematic revision of central Texas hemidactline plethodontid salamanders. Herpetological Monographs, (14), 1-80. https://doi.org/10.2307/1467045"
JQ920661_cytb ,31.752585,-81.745767,12890,GeoLocate,DAB269 ,"Georgia, Long","Lamb T, Beamer DA (2012) Digits Lost or Gained? Evidence for Pedal Evolution in the Dwarf Salamander Complex (Eurycea, Plethodontidae). PLoS ONE 7(5): e37544. https://doi.org/10.1371/journal.pone.0037544"
JQ920662_cytb,31.752585,-81.745767,12890,GeoLocate,DAB850,"Georgia, Long","Lamb T, Beamer DA (2012) Digits Lost or Gained? Evidence for Pedal Evolution in the Dwarf Salamander Complex (Eurycea, Plethodontidae). PLoS ONE 7(5): e37544. https://doi.org/10.1371/journal.pone.0037544"
JQ920663_cytb,31.213242,-81.493698,13454,GeoLocate,DAB2568,"Georgia, Glynn","Lamb T, Beamer DA (2012) Digits Lost or Gained? Evidence for Pedal Evolution in the Dwarf Salamander Complex (Eurycea, Plethodontidae). PLoS ONE 7(5): e37544. https://doi.org/10.1371/journal.pone.0037544"
JQ920664_cytb,31.549272,-82.849201,13823,GeoLocate,DAB1369,"Georgia, Coffee","Lamb T, Beamer DA (2012) Digits Lost or Gained? Evidence for Pedal Evolution in the Dwarf Salamander Complex (Eurycea, Plethodontidae). PLoS ONE 7(5): e37544. https://doi.org/10.1371/journal.pone.0037544"
JQ920665_cytb,31.549272,-82.849201,13823,GeoLocate,ACL002,"Georgia, Coffee","Lamb T, Beamer DA (2012) Digits Lost or Gained? Evidence for Pedal Evolution in the Dwarf Salamander Complex (Eurycea, Plethodontidae). PLoS ONE 7(5): e37544. https://doi.org/10.1371/journal.pone.0037544"
JQ920666_cytb,31.551433,-81.916759,15576,GeoLocate,DAB2473,"Georgia, Wayne","Lamb T, Beamer DA (2012) Digits Lost or Gained? Evidence for Pedal Evolution in the Dwarf Salamander Complex (Eurycea, Plethodontidae). PLoS ONE 7(5): e37544. https://doi.org/10.1371/journal.pone.0037544"
JQ920667_cytb,30.914947,-82.706237,16829,GeoLocate,DAB2471,"Georgia, Clinch","Lamb T, Beamer DA (2012) Digits Lost or Gained? Evidence for Pedal Evolution in the Dwarf Salamander Complex (Eurycea, Plethodontidae). PLoS ONE 7(5): e37544. https://doi.org/10.1371/journal.pone.0037544"
JQ920668_cytb,30.402978,-81.790831,15005,GeoLocate,DAB2453 ,"Florida, Duval","Lamb T, Beamer DA (2012) Digits Lost or Gained? Evidence for Pedal Evolution in the Dwarf Salamander Complex (Eurycea, Plethodontidae). PLoS ONE 7(5): e37544. https://doi.org/10.1371/journal.pone.0037544"
JQ920669_cytb,31.153188,-85.302528,17081,GeoLocate,DAB2442,"Alabama, Houston","Lamb T, Beamer DA (2012) Digits Lost or Gained? Evidence for Pedal Evolution in the Dwarf Salamander Complex (Eurycea, Plethodontidae). PLoS ONE 7(5): e37544. https://doi.org/10.1371/journal.pone.0037544"
JQ920671_cytb,30.610592,-85.665329,14625,GeoLocate,DAB4653,"Florida, Washington","Lamb T, Beamer DA (2012) Digits Lost or Gained? Evidence for Pedal Evolution in the Dwarf Salamander Complex (Eurycea, Plethodontidae). PLoS ONE 7(5): e37544. https://doi.org/10.1371/journal.pone.0037544"
JQ920672_cytb,30.405474,-89.962873,11432,GeoLocate,DAB2546,"Louisiana, St. Tammany","Lamb T, Beamer DA (2012) Digits Lost or Gained? Evidence for Pedal Evolution in the Dwarf Salamander Complex (Eurycea, Plethodontidae). PLoS ONE 7(5): e37544. https://doi.org/10.1371/journal.pone.0037544"
JQ920673_cytb,30.241363,-84.882911,14982,GeoLocate,DAB790,"Florida, Liberty","Lamb T, Beamer DA (2012) Digits Lost or Gained? Evidence for Pedal Evolution in the Dwarf Salamander Complex (Eurycea, Plethodontidae). PLoS ONE 7(5): e37544. https://doi.org/10.1371/journal.pone.0037544"
JQ920675_cytb,29.608635,-81.744304,13642,GeoLocate,DAB1563,"Florida, Putnam","Lamb T, Beamer DA (2012) Digits Lost or Gained? Evidence for Pedal Evolution in the Dwarf Salamander Complex (Eurycea, Plethodontidae). PLoS ONE 7(5): e37544. https://doi.org/10.1371/journal.pone.0037544"
JQ920677_cytb,34.024388,-79.702821,16537,GeoLocate,DAB2103,"South Carolina, Florence","Lamb T, Beamer DA (2012) Digits Lost or Gained? Evidence for Pedal Evolution in the Dwarf Salamander Complex (Eurycea, Plethodontidae). PLoS ONE 7(5): e37544. https://doi.org/10.1371/journal.pone.0037544"
JQ920678_cytb,33.665806,-80.216405,17542,GeoLocate,DAB3753,"South Carolina, Clarendon","Lamb T, Beamer DA (2012) Digits Lost or Gained? Evidence for Pedal Evolution in the Dwarf Salamander Complex (Eurycea, Plethodontidae). PLoS ONE 7(5): e37544. https://doi.org/10.1371/journal.pone.0037544"
JQ920679_cytb,34.024388,-79.702821,16537,GeoLocate,DAB3878,"South Carolina, Florence","Lamb T, Beamer DA (2012) Digits Lost or Gained? Evidence for Pedal Evolution in the Dwarf Salamander Complex (Eurycea, Plethodontidae). PLoS ONE 7(5): e37544. https://doi.org/10.1371/journal.pone.0037544"
JQ920681_cytb,34.024388,-79.702821,16537,GeoLocate,DAB995,"South Carolina, Florence","Lamb T, Beamer DA (2012) Digits Lost or Gained? Evidence for Pedal Evolution in the Dwarf Salamander Complex (Eurycea, Plethodontidae). PLoS ONE 7(5): e37544. https://doi.org/10.1371/journal.pone.0037544"
JQ920682_cytb,34.332352,-79.957694,17551,GeoLocate,DAB2271,"South Carolina, Darlington","Lamb T, Beamer DA (2012) Digits Lost or Gained? Evidence for Pedal Evolution in the Dwarf Salamander Complex (Eurycea, Plethodontidae). PLoS ONE 7(5): e37544. https://doi.org/10.1371/journal.pone.0037544"
JQ920683_cytb,33.438991,-80.8003,13664,GeoLocate,DAB2849,"South Carolina, Orangeburg","Lamb T, Beamer DA (2012) Digits Lost or Gained? Evidence for Pedal Evolution in the Dwarf Salamander Complex (Eurycea, Plethodontidae). PLoS ONE 7(5): e37544. https://doi.org/10.1371/journal.pone.0037544"
JQ920685_cytb,33.214771,-81.054234,14073,GeoLocate,DAB2752,"South Carolina, Bamberg","Lamb T, Beamer DA (2012) Digits Lost or Gained? Evidence for Pedal Evolution in the Dwarf Salamander Complex (Eurycea, Plethodontidae). PLoS ONE 7(5): e37544. https://doi.org/10.1371/journal.pone.0037544"
JQ920686_cytb,32.776276,-81.140702,13612,GeoLocate,DAB1794,"South Carolina, Hampton","Lamb T, Beamer DA (2012) Digits Lost or Gained? Evidence for Pedal Evolution in the Dwarf Salamander Complex (Eurycea, Plethodontidae). PLoS ONE 7(5): e37544. https://doi.org/10.1371/journal.pone.0037544"
JQ920687_cytb,32.421954,-81.023265,16710,GeoLocate,DAB1946,"South Carolina, Jasper","Lamb T, Beamer DA (2012) Digits Lost or Gained? Evidence for Pedal Evolution in the Dwarf Salamander Complex (Eurycea, Plethodontidae). PLoS ONE 7(5): e37544. https://doi.org/10.1371/journal.pone.0037544"
JQ920689_cytb,31.974022,-81.092425,16998,GeoLocate,DAB2510 ,"Georgia, Chatham","Lamb T, Beamer DA (2012) Digits Lost or Gained? Evidence for Pedal Evolution in the Dwarf Salamander Complex (Eurycea, Plethodontidae). PLoS ONE 7(5): e37544. https://doi.org/10.1371/journal.pone.0037544"
JQ920690_cytb,32.421954,-81.023265,16710,GeoLocate,DAB1792,"South Carolina, Jasper","Lamb T, Beamer DA (2012) Digits Lost or Gained? Evidence for Pedal Evolution in the Dwarf Salamander Complex (Eurycea, Plethodontidae). PLoS ONE 7(5): e37544. https://doi.org/10.1371/journal.pone.0037544"
JQ920692_cytb,32.421954,-81.023265,16710,GeoLocate,DAB3706,"South Carolina, Jasper","Lamb T, Beamer DA (2012) Digits Lost or Gained? Evidence for Pedal Evolution in the Dwarf Salamander Complex (Eurycea, Plethodontidae). PLoS ONE 7(5): e37544. https://doi.org/10.1371/journal.pone.0037544"
KF562559_Cytb,30.964625,-89.940849,4195,GeoLocate,RMB3117,"LA: Washington, Stubbs Crk.","Bonett, R. M., Steffen, M. A., Lambert, S. M., Wiens, J. J., & Chippindale, P. T. (2014). Evolution of paedomorphosis in plethodontid salamanders: Ecological correlates and re-evolution of metamorphosis. Evolution, 68(2), 466-482. https://doi.org/10.1111/evo.12274"
KY072993_cytb,30.6479278,-84.2517389,NA,Manuscript,"KW0004, specimen voucher UF:178833, Neotype of E.quadridigitata","Leon, FL","Wray, K.P. and Steppan, S.J. (2017), Ecological opportunity, historical biogeography and diversification in a major lineage of salamanders. J. Biogeogr., 44: 797-809. https://doi-org.libproxy.unm.edu/10.1111/jbi.12931"
KY072994_cytb,29.8397222,-82.1644444,NA,Manuscript,"KW0016, specimen voucher UF:178845","Bradford, FL","Wray, K.P. and Steppan, S.J. (2017), Ecological opportunity, historical biogeography and diversification in a major lineage of salamanders. J. Biogeogr., 44: 797-809. https://doi-org.libproxy.unm.edu/10.1111/jbi.12931"
KY072995_cytb,29.0791667,-81.1347222,NA,Manuscript,"KW0026, specimen voucher UF:178852","Volusia, FL","Wray, K.P. and Steppan, S.J. (2017), Ecological opportunity, historical biogeography and diversification in a major lineage of salamanders. J. Biogeogr., 44: 797-809. https://doi-org.libproxy.unm.edu/10.1111/jbi.12931"
KY072996_cytb,30.5362278,-85.8600528,NA,Manuscript,"KW0053, specimen voucher UF:178872","Washington, FL","Wray, K.P. and Steppan, S.J. (2017), Ecological opportunity, historical biogeography and diversification in a major lineage of salamanders. J. Biogeogr., 44: 797-809. https://doi-org.libproxy.unm.edu/10.1111/jbi.12931"
KY072997_cytb,30.5362278,-85.8600528,NA,Manuscript,"KW0054, specimen voucher UF:178873","Washington, FL","Wray, K.P. and Steppan, S.J. (2017), Ecological opportunity, historical biogeography and diversification in a major lineage of salamanders. J. Biogeogr., 44: 797-809. https://doi-org.libproxy.unm.edu/10.1111/jbi.12931"
KY072998_cytb,30.4547222,-85.5094444,NA,Manuscript,"KW0064, specimen voucher UF:178882","Washington, FL","Wray, K.P. and Steppan, S.J. (2017), Ecological opportunity, historical biogeography and diversification in a major lineage of salamanders. J. Biogeogr., 44: 797-809. https://doi-org.libproxy.unm.edu/10.1111/jbi.12931"
KY072999_cytb,30.8405556,-86.9433333,NA,Manuscript,"KW0076, specimen voucher UF:178974","Santa Rosa, FL","Wray, K.P. and Steppan, S.J. (2017), Ecological opportunity, historical biogeography and diversification in a major lineage of salamanders. J. Biogeogr., 44: 797-809. https://doi-org.libproxy.unm.edu/10.1111/jbi.12931"
KY073000_cytb,31.0477778,-88.1922222,NA,Manuscript,"KW0088, specimen voucher UF:178896","Mobile, AL","Wray, K.P. and Steppan, S.J. (2017), Ecological opportunity, historical biogeography and diversification in a major lineage of salamanders. J. Biogeogr., 44: 797-809. https://doi-org.libproxy.unm.edu/10.1111/jbi.12931"
KY073001_cytb,32.6461111,-84.3772833,NA,Manuscript,KW0090,"Taylor, GA","Wray, K.P. and Steppan, S.J. (2017), Ecological opportunity, historical biogeography and diversification in a major lineage of salamanders. J. Biogeogr., 44: 797-809. https://doi-org.libproxy.unm.edu/10.1111/jbi.12931"
KY073002_cytb,33.2108806,-79.4761417,NA,Manuscript,"KW0124, specimen voucher UF:178910","Berkeley, SC","Wray, K.P. and Steppan, S.J. (2017), Ecological opportunity, historical biogeography and diversification in a major lineage of salamanders. J. Biogeogr., 44: 797-809. https://doi-org.libproxy.unm.edu/10.1111/jbi.12931"
KY073003_cytb,33.2687,-81.6065778,NA,Manuscript,"KW0141, specimen voucher UF:178927","Barnwell, SC","Wray, K.P. and Steppan, S.J. (2017), Ecological opportunity, historical biogeography and diversification in a major lineage of salamanders. J. Biogeogr., 44: 797-809. https://doi-org.libproxy.unm.edu/10.1111/jbi.12931"
KY073004_cytb,30.1773167,-84.6835111,NA,Manuscript,"KW0144, specimen voucher UF:178930","Liberty, FL","Wray, K.P. and Steppan, S.J. (2017), Ecological opportunity, historical biogeography and diversification in a major lineage of salamanders. J. Biogeogr., 44: 797-809. https://doi-org.libproxy.unm.edu/10.1111/jbi.12931"
KY073005_cytb,31.3627778,-93.7280556,NA,Manuscript,KW0951,"Sabine, TX","Wray, K.P. and Steppan, S.J. (2017), Ecological opportunity, historical biogeography and diversification in a major lineage of salamanders. J. Biogeogr., 44: 797-809. https://doi-org.libproxy.unm.edu/10.1111/jbi.12931"
KY073006_cytb,31.4473194,-88.9740167,NA,Manuscript,KW0965,"Jones, MS","Wray, K.P. and Steppan, S.J. (2017), Ecological opportunity, historical biogeography and diversification in a major lineage of salamanders. J. Biogeogr., 44: 797-809. https://doi-org.libproxy.unm.edu/10.1111/jbi.12931"
KY502610_cytochrome-b,30.6479278,-84.2517389,NA,Manuscript,"KW0003, specimen voucher UF178832","Leon, FL","Wray, K.P., Means, D.B., Steppan, S.J. (2017). ""Revision of the Eurycea quadridigitata (Holbrook 1842) complex of dwarf salamanders (Caudata: Plethodontidae: Hemidactyliinae) with a description of two new species,"" Herpetological Monographs, 31(1), 18-46."
KY502612_cytochrome-b,30.6479278,-84.2517389,NA,Manuscript,"KW0005, specimen voucher UF178834","Leon, FL","Wray, K.P., Means, D.B., Steppan, S.J. (2017). ""Revision of the Eurycea quadridigitata (Holbrook 1842) complex of dwarf salamanders (Caudata: Plethodontidae: Hemidactyliinae) with a description of two new species,"" Herpetological Monographs, 31(1), 18-46."
KY502613_cytochrome-b,30.6479278,-84.2517389,NA,Manuscript,"KW0006, specimen voucher UF178835","Leon, FL","Wray, K.P., Means, D.B., Steppan, S.J. (2017). ""Revision of the Eurycea quadridigitata (Holbrook 1842) complex of dwarf salamanders (Caudata: Plethodontidae: Hemidactyliinae) with a description of two new species,"" Herpetological Monographs, 31(1), 18-46."
KY502614_cytochrome-b,30.6479278,-84.2517389,NA,Manuscript,"KW0007, specimen voucher UF178836","Leon, FL","Wray, K.P., Means, D.B., Steppan, S.J. (2017). ""Revision of the Eurycea quadridigitata (Holbrook 1842) complex of dwarf salamanders (Caudata: Plethodontidae: Hemidactyliinae) with a description of two new species,"" Herpetological Monographs, 31(1), 18-46."
KY502615_cytochrome-b,30.6,-83.89,NA,Manuscript,"KW0009, specimen voucher UF178838","Jefferson, FL","Wray, K.P., Means, D.B., Steppan, S.J. (2017). ""Revision of the Eurycea quadridigitata (Holbrook 1842) complex of dwarf salamanders (Caudata: Plethodontidae: Hemidactyliinae) with a description of two new species,"" Herpetological Monographs, 31(1), 18-46."
KY502617_cytochrome-b,29.8397222,-82.1644444,NA,Manuscript,"KW0017, specimen voucher UF178846","Bradford, FL","Wray, K.P., Means, D.B., Steppan, S.J. (2017). ""Revision of the Eurycea quadridigitata (Holbrook 1842) complex of dwarf salamanders (Caudata: Plethodontidae: Hemidactyliinae) with a description of two new species,"" Herpetological Monographs, 31(1), 18-46."
KY502618_cytochrome-b,30.58,-83.62,NA,Manuscript,"KW0019, specimen voucher UF178847","Jefferson, FL","Wray, K.P., Means, D.B., Steppan, S.J. (2017). ""Revision of the Eurycea quadridigitata (Holbrook 1842) complex of dwarf salamanders (Caudata: Plethodontidae: Hemidactyliinae) with a description of two new species,"" Herpetological Monographs, 31(1), 18-46."
KY502619_cytochrome-b,30.59,-84.36,NA,Manuscript,"KW0020, specimen voucher UF178848","Leon, FL","Wray, K.P., Means, D.B., Steppan, S.J. (2017). ""Revision of the Eurycea quadridigitata (Holbrook 1842) complex of dwarf salamanders (Caudata: Plethodontidae: Hemidactyliinae) with a description of two new species,"" Herpetological Monographs, 31(1), 18-46."
KY502620_cytochrome-b,27.21,-82.24,NA,Manuscript,"KW0023, specimen voucher","Sarasota, FL","Wray, K.P., Means, D.B., Steppan, S.J. (2017). ""Revision of the Eurycea quadridigitata (Holbrook 1842) complex of dwarf salamanders (Caudata: Plethodontidae: Hemidactyliinae) with a description of two new species,"" Herpetological Monographs, 31(1), 18-46."
KY502622_cytochrome-b,31.93,-82.28,NA,Manuscript,"KW0035, specimen voucher UF178858","Appling, GA","Wray, K.P., Means, D.B., Steppan, S.J. (2017). ""Revision of the Eurycea quadridigitata (Holbrook 1842) complex of dwarf salamanders (Caudata: Plethodontidae: Hemidactyliinae) with a description of two new species,"" Herpetological Monographs, 31(1), 18-46."
KY502623_cytochrome-b,31.49,-81.85,NA,Manuscript,"KW0041, specimen voucher UF178862","Wayne, GA","Wray, K.P., Means, D.B., Steppan, S.J. (2017). ""Revision of the Eurycea quadridigitata (Holbrook 1842) complex of dwarf salamanders (Caudata: Plethodontidae: Hemidactyliinae) with a description of two new species,"" Herpetological Monographs, 31(1), 18-46."
KY502624_cytochrome-b,31.04,-82.88,NA,Manuscript,"KW0051, specimen voucher UF178870","Clinch, GA","Wray, K.P., Means, D.B., Steppan, S.J. (2017). ""Revision of the Eurycea quadridigitata (Holbrook 1842) complex of dwarf salamanders (Caudata: Plethodontidae: Hemidactyliinae) with a description of two new species,"" Herpetological Monographs, 31(1), 18-46."
KY502627_cytochrome-b,31.9,-81.78,NA,Manuscript,"KW0066, specimen voucher UF178883","Long, GA","Wray, K.P., Means, D.B., Steppan, S.J. (2017). ""Revision of the Eurycea quadridigitata (Holbrook 1842) complex of dwarf salamanders (Caudata: Plethodontidae: Hemidactyliinae) with a description of two new species,"" Herpetological Monographs, 31(1), 18-46."
KY502628_cytochrome-b,30.84,-84.01,NA,Manuscript,KW0078,"Thomas, GA","Wray, K.P., Means, D.B., Steppan, S.J. (2017). ""Revision of the Eurycea quadridigitata (Holbrook 1842) complex of dwarf salamanders (Caudata: Plethodontidae: Hemidactyliinae) with a description of two new species,"" Herpetological Monographs, 31(1), 18-46."
KY502629_cytochrome-b,30.84,-84.01,NA,Manuscript,KW0079,"Thomas, GA","Wray, K.P., Means, D.B., Steppan, S.J. (2017). ""Revision of the Eurycea quadridigitata (Holbrook 1842) complex of dwarf salamanders (Caudata: Plethodontidae: Hemidactyliinae) with a description of two new species,"" Herpetological Monographs, 31(1), 18-46."
KY502630_cytochrome-b,29.92,-84.97,NA,Manuscript,KW0083,"Liberty, FL","Wray, K.P., Means, D.B., Steppan, S.J. (2017). ""Revision of the Eurycea quadridigitata (Holbrook 1842) complex of dwarf salamanders (Caudata: Plethodontidae: Hemidactyliinae) with a description of two new species,"" Herpetological Monographs, 31(1), 18-46."
KY502631_cytochrome-b,30.12,-85.02,NA,Manuscript,"KW0112, specimen voucher UF178903","Liberty, FL","Wray, K.P., Means, D.B., Steppan, S.J. (2017). ""Revision of the Eurycea quadridigitata (Holbrook 1842) complex of dwarf salamanders (Caudata: Plethodontidae: Hemidactyliinae) with a description of two new species,"" Herpetological Monographs, 31(1), 18-46."
KY502632_cytochrome-b,30.36,-84.68,NA,Manuscript,"KW0113, specimen voucher UF178904","Leon, FL","Wray, K.P., Means, D.B., Steppan, S.J. (2017). ""Revision of the Eurycea quadridigitata (Holbrook 1842) complex of dwarf salamanders (Caudata: Plethodontidae: Hemidactyliinae) with a description of two new species,"" Herpetological Monographs, 31(1), 18-46."
KY502633_cytochrome-b,30.36,-84.68,NA,Manuscript,KW0114,"Leon, FL","Wray, K.P., Means, D.B., Steppan, S.J. (2017). ""Revision of the Eurycea quadridigitata (Holbrook 1842) complex of dwarf salamanders (Caudata: Plethodontidae: Hemidactyliinae) with a description of two new species,"" Herpetological Monographs, 31(1), 18-46."
KY502634_cytochrome-b,30.36,-84.68,NA,Manuscript,KW0115 ,"Leon, FL","Wray, K.P., Means, D.B., Steppan, S.J. (2017). ""Revision of the Eurycea quadridigitata (Holbrook 1842) complex of dwarf salamanders (Caudata: Plethodontidae: Hemidactyliinae) with a description of two new species,"" Herpetological Monographs, 31(1), 18-46."
KY502636_cytochrome-b,30.76,-84.02,NA,Manuscript,"KW0132, specimen voucher UF178918","Thomas, GA","Wray, K.P., Means, D.B., Steppan, S.J. (2017). ""Revision of the Eurycea quadridigitata (Holbrook 1842) complex of dwarf salamanders (Caudata: Plethodontidae: Hemidactyliinae) with a description of two new species,"" Herpetological Monographs, 31(1), 18-46."
KY502637_cytochrome-b,30.37,-82.4,NA,Manuscript,"KW0134, specimen voucher UF178920","Baker, FL","Wray, K.P., Means, D.B., Steppan, S.J. (2017). ""Revision of the Eurycea quadridigitata (Holbrook 1842) complex of dwarf salamanders (Caudata: Plethodontidae: Hemidactyliinae) with a description of two new species,"" Herpetological Monographs, 31(1), 18-46."
KY502638_cytochrome-b,32.49,-81.17,NA,Manuscript,"KW0135, specimen voucher UF178921","Jasper, SC","Wray, K.P., Means, D.B., Steppan, S.J. (2017). ""Revision of the Eurycea quadridigitata (Holbrook 1842) complex of dwarf salamanders (Caudata: Plethodontidae: Hemidactyliinae) with a description of two new species,"" Herpetological Monographs, 31(1), 18-46."
KY502639_cytochrome-b,33.25,-81.75,NA,Manuscript,"KW0137, specimen voucher UF178923","Aiken, SC","Wray, K.P., Means, D.B., Steppan, S.J. (2017). ""Revision of the Eurycea quadridigitata (Holbrook 1842) complex of dwarf salamanders (Caudata: Plethodontidae: Hemidactyliinae) with a description of two new species,"" Herpetological Monographs, 31(1), 18-46."
KY502641_cytochrome-b,33.26,-81.64,NA,Manuscript,"KW0143, specimen voucher UF178929","Barnwell, SC","Wray, K.P., Means, D.B., Steppan, S.J. (2017). ""Revision of the Eurycea quadridigitata (Holbrook 1842) complex of dwarf salamanders (Caudata: Plethodontidae: Hemidactyliinae) with a description of two new species,"" Herpetological Monographs, 31(1), 18-46."
