"value","accession","Lat","Lon","Error","voucher","Locality"
"KJ372376_1145583614","KJ372376",34.4355899991,-92.93279,,,
"Eurycea.subfluvicola.","KJ372369",34.427035,-92.922118,3115,"MAS-0823","AR, Hot Spring, Lake Catherine SP "
"KJ372373_1145583652","KJ372373",34.4355899991,-92.93279,,,
"Eurycea.subfluvicola.","KJ372374",34.427035,-92.922118,3115,"MAS-0828","AR, Hot Spring, Lake Catherine SP "
"Eurycea.subfluvicola.","KJ372375",34.427035,-92.922118,3115,"MAS-0829","AR, Hot Spring, Lake Catherine SP "
"KJ372372_1145583667","KJ372372",34.4355899991,-92.93279,,,
"Eurycea.subfluvicola.","KJ372377",34.427035,-92.922118,3115,"MAS-0830","AR, Hot Spring, Lake Catherine SP "
"Eurycea.subfluvicola.","KJ372378",34.427035,-92.922118,3115,"MAS-0831","AR, Hot Spring, Lake Catherine SP "
"Eurycea.subfluvicola.","KJ372379",34.427035,-92.922118,3115,"MAS-0832","AR, Hot Spring, Lake Catherine SP "
"Eurycea.subfluvicola.","KJ372380",34.427035,-92.922118,3115,"MAS-0835","AR, Hot Spring, Lake Catherine SP "
"Eurycea.subfluvicola.","KJ372381",34.427035,-92.922118,3115,"MAS-0837","AR, Hot Spring, Lake Catherine SP "
"KJ372386_1145583640","KJ372386",34.4355899991,-92.93279,,,
"Eurycea.subfluvicola.","KJ372387",34.427035,-92.922118,3115,"MAS-0847","AR, Hot Spring, Lake Catherine SP "
"Eurycea.subfluvicola.","KJ372388",34.427035,-92.922118,3115,"MAS-0834","AR, Hot Spring, Lake Catherine SP "
