"value","Lat","Lon","Error_km","Method","Museum_Field_Number","Notes","Reference"
"AY528345_cytb",35.195564,-92.529512,2923,"GeoLocate","UTA 56372","AR: Conway Co., Cypress Creek","Bonett, R. M., and P. T. Chippindale. 2004. Speciation, phylogeography and evolution of life history and morphology in plethodontid salamanders of the Eurycea multiplicata complex. Molecular Ecology 13: 1189–1203."
"AY528346_cytb",35.81591,-92.55044,1843,"GeoLocate","UTA 56373","AR: Searcy Co., near Noahs","Bonett, R. M., and P. T. Chippindale. 2004. Speciation, phylogeography and evolution of life history and morphology in plethodontid salamanders of the Eurycea multiplicata complex. Molecular Ecology 13: 1189–1203."
"AY528347_cytb",35.650075,-92.292427,1099,"GeoLocate","UTA 56374","AR: Van Buren Co., Weaver Creek","Bonett, R. M., and P. T. Chippindale. 2004. Speciation, phylogeography and evolution of life history and morphology in plethodontid salamanders of the Eurycea multiplicata complex. Molecular Ecology 13: 1189–1203."
"AY528348_cytb",35.322948,-91.791182,3649,"GeoLocate","UTA 56375","AR: White Co., Little Creek","Bonett, R. M., and P. T. Chippindale. 2004. Speciation, phylogeography and evolution of life history and morphology in plethodontid salamanders of the Eurycea multiplicata complex. Molecular Ecology 13: 1189–1203."
"AY528349_cytb",35.588134,-91.927924,1205,"GeoLocate","UTA 56376","AR: Clerburne Co., near Ida","Bonett, R. M., and P. T. Chippindale. 2004. Speciation, phylogeography and evolution of life history and morphology in plethodontid salamanders of the Eurycea multiplicata complex. Molecular Ecology 13: 1189–1203."
"AY528350_cytb",36.138126,-92.321268,90,"GeoLocate","UTA 56377","AR: Baxter Co., Farris Spring","Bonett, R. M., and P. T. Chippindale. 2004. Speciation, phylogeography and evolution of life history and morphology in plethodontid salamanders of the Eurycea multiplicata complex. Molecular Ecology 13: 1189–1203."
"AY528351_cytb",35.527578,-92.611828,1666,"GeoLocate","UTA 56378","AR: Van Buren Co., near Scotland","Bonett, R. M., and P. T. Chippindale. 2004. Speciation, phylogeography and evolution of life history and morphology in plethodontid salamanders of the Eurycea multiplicata complex. Molecular Ecology 13: 1189–1203."
"AY528352_cytb",35.396748,-91.786252,1618,"GeoLocate","UTA 56379","AR: White Co., near Clay","Bonett, R. M., and P. T. Chippindale. 2004. Speciation, phylogeography and evolution of life history and morphology in plethodontid salamanders of the Eurycea multiplicata complex. Molecular Ecology 13: 1189–1203."
"AY528353_cytb",35.910903,-92.699488,14713,"GeoLocate","UTA 56380","AR: Searcy Co., Glenco Spring","Bonett, R. M., and P. T. Chippindale. 2004. Speciation, phylogeography and evolution of life history and morphology in plethodontid salamanders of the Eurycea multiplicata complex. Molecular Ecology 13: 1189–1203."
"AY528354_cytb",36.171182,-92.682665,1579,"GeoLocate","UTA 56381","AR: Marion Co., Gray Spring","Bonett, R. M., and P. T. Chippindale. 2004. Speciation, phylogeography and evolution of life history and morphology in plethodontid salamanders of the Eurycea multiplicata complex. Molecular Ecology 13: 1189–1203."
"AY528355_cytb",36.1,-92.6167,1904,"GeoLocate","UTA 56382","AR: Marion Co., Caney Cave","Bonett, R. M., and P. T. Chippindale. 2004. Speciation, phylogeography and evolution of life history and morphology in plethodontid salamanders of the Eurycea multiplicata complex. Molecular Ecology 13: 1189–1203."
"AY528356_cytb",35.847024,-93.189065,90,"GeoLocate","UTA 56383","AR: Newton Co, near Norton Gap","Bonett, R. M., and P. T. Chippindale. 2004. Speciation, phylogeography and evolution of life history and morphology in plethodontid salamanders of the Eurycea multiplicata complex. Molecular Ecology 13: 1189–1203."
"AY528357_cytb",35.604071,-93.16767,12079,"GeoLocate","No voucher","AR: Pope Co., Trib. to Big Piney Creek","Bonett, R. M., and P. T. Chippindale. 2004. Speciation, phylogeography and evolution of life history and morphology in plethodontid salamanders of the Eurycea multiplicata complex. Molecular Ecology 13: 1189–1203."
"AY528358_cytb",35.529254,-94.276877,5714,"GeoLocate","UTA 56384","AR: Crawford Co., Cedar Creek","Bonett, R. M., and P. T. Chippindale. 2004. Speciation, phylogeography and evolution of life history and morphology in plethodontid salamanders of the Eurycea multiplicata complex. Molecular Ecology 13: 1189–1203."
"AY528359_cytb",35.979067,-94.215579,20615,"GeoLocate","UTA 56385","AR: Washington Co., Iron Bridge","Bonett, R. M., and P. T. Chippindale. 2004. Speciation, phylogeography and evolution of life history and morphology in plethodontid salamanders of the Eurycea multiplicata complex. Molecular Ecology 13: 1189–1203."
"AY528360_cytb",36.4329949523797,-94.18037,"NA","Google Maps","UTA 56386","AR: Benton Co, Spakner Creek","Bonett, R. M., and P. T. Chippindale. 2004. Speciation, phylogeography and evolution of life history and morphology in plethodontid salamanders of the Eurycea multiplicata complex. Molecular Ecology 13: 1189–1203."
"AY528361_cytb",36.3333,-94.3333,14374,"GeoLocate","UTA 56387","AR: Benton Co., Ashmore Creek","Bonett, R. M., and P. T. Chippindale. 2004. Speciation, phylogeography and evolution of life history and morphology in plethodontid salamanders of the Eurycea multiplicata complex. Molecular Ecology 13: 1189–1203."
"AY528362_cytb",36.282017,-93.672969,1896,"GeoLocate","UTA 56388","AR: Madison Co., near Rockhouse","Bonett, R. M., and P. T. Chippindale. 2004. Speciation, phylogeography and evolution of life history and morphology in plethodontid salamanders of the Eurycea multiplicata complex. Molecular Ecology 13: 1189–1203."
"AY528363_cytb",36.002306,-93.315798,1484,"GeoLocate","UTA 56389","AR: Newton Co., Low Gap Springs","Bonett, R. M., and P. T. Chippindale. 2004. Speciation, phylogeography and evolution of life history and morphology in plethodontid salamanders of the Eurycea multiplicata complex. Molecular Ecology 13: 1189–1203."
"AY528364_cytb",36.008132,-93.186566,1957,"GeoLocate","UTA 56390","AR: Newton Co., near Jasper","Bonett, R. M., and P. T. Chippindale. 2004. Speciation, phylogeography and evolution of life history and morphology in plethodontid salamanders of the Eurycea multiplicata complex. Molecular Ecology 13: 1189–1203."
"AY528365_cytb",35.670637,-93.448516,2289,"GeoLocate","UTA 56391","AR: Johnson Co., Ozone Rec. Area","Bonett, R. M., and P. T. Chippindale. 2004. Speciation, phylogeography and evolution of life history and morphology in plethodontid salamanders of the Eurycea multiplicata complex. Molecular Ecology 13: 1189–1203."
"AY528366_cytb",35.529403,-95.117181,3812,"GeoLocate","UTA 56398","OK: Sequoyah Co., 10 mi NE of Gore","Bonett, R. M., and P. T. Chippindale. 2004. Speciation, phylogeography and evolution of life history and morphology in plethodontid salamanders of the Eurycea multiplicata complex. Molecular Ecology 13: 1189–1203."
"AY528367_cytb",35.710926,-94.919952,301,"GeoLocate","UTA 56399","OK: Sequoyah Co., near Cookson","Bonett, R. M., and P. T. Chippindale. 2004. Speciation, phylogeography and evolution of life history and morphology in plethodontid salamanders of the Eurycea multiplicata complex. Molecular Ecology 13: 1189–1203."
"AY528368_cytb",35.486627,-94.770701,210,"GeoLocate","UTA 56402","OK: Sequoyah Co., Tin Cup Creek","Bonett, R. M., and P. T. Chippindale. 2004. Speciation, phylogeography and evolution of life history and morphology in plethodontid salamanders of the Eurycea multiplicata complex. Molecular Ecology 13: 1189–1203."
"AY528369_cytb",35.406203,-94.598831,1746,"GeoLocate","UTA 56403","OK: Sequoyah Co., near Muldrow","Bonett, R. M., and P. T. Chippindale. 2004. Speciation, phylogeography and evolution of life history and morphology in plethodontid salamanders of the Eurycea multiplicata complex. Molecular Ecology 13: 1189–1203."
"AY528370_cytb",35.490937,-95.809438,3490,"GeoLocate","UTA 56400","OK: Sequoyah Co., Pole Cat Creek","Bonett, R. M., and P. T. Chippindale. 2004. Speciation, phylogeography and evolution of life history and morphology in plethodontid salamanders of the Eurycea multiplicata complex. Molecular Ecology 13: 1189–1203."
"AY528371_cytb",35.906626,-94.999664,15407,"GeoLocate","UTA 56408","OK: Cherokee Co., McLeeland Spring","Bonett, R. M., and P. T. Chippindale. 2004. Speciation, phylogeography and evolution of life history and morphology in plethodontid salamanders of the Eurycea multiplicata complex. Molecular Ecology 13: 1189–1203."
"AY528372_cytb",35.906626,-94.999664,15407,"GeoLocate","UTA 56409","OK: Cherokee Co., N. McLeeland Spring","Bonett, R. M., and P. T. Chippindale. 2004. Speciation, phylogeography and evolution of life history and morphology in plethodontid salamanders of the Eurycea multiplicata complex. Molecular Ecology 13: 1189–1203."
"AY528373_cytb",37.9,-92.05,30,"GeoLocate","UT 56512","MO: Pulaski Co., Mud Cave","Bonett, R. M., and P. T. Chippindale. 2004. Speciation, phylogeography and evolution of life history and morphology in plethodontid salamanders of the Eurycea multiplicata complex. Molecular Ecology 13: 1189–1203."
"AY528374_cytb",35.122042,-94.644113,661,"GeoLocate","UTA 53860","OK: Cherokee Co., Rock Creek","Bonett, R. M., and P. T. Chippindale. 2004. Speciation, phylogeography and evolution of life history and morphology in plethodontid salamanders of the Eurycea multiplicata complex. Molecular Ecology 13: 1189–1203."
"AY528376_cytb",35.988974,-94.650502,239,"GeoLocate","UTA 56407","OK: Adir Co, near Strawberry Springs","Bonett, R. M., and P. T. Chippindale. 2004. Speciation, phylogeography and evolution of life history and morphology in plethodontid salamanders of the Eurycea multiplicata complex. Molecular Ecology 13: 1189–1203."
"AY528377_cytb",35.889807,-94.614111,1755,"GeoLocate","UTA 56405","OK: Adir Co., Peavine Creek","Bonett, R. M., and P. T. Chippindale. 2004. Speciation, phylogeography and evolution of life history and morphology in plethodontid salamanders of the Eurycea multiplicata complex. Molecular Ecology 13: 1189–1203."
"AY528378_cytb",36.094527,-94.589388,1509,"GeoLocate","UTA 56401","OK: Adir Co., Ballard Creek","Bonett, R. M., and P. T. Chippindale. 2004. Speciation, phylogeography and evolution of life history and morphology in plethodontid salamanders of the Eurycea multiplicata complex. Molecular Ecology 13: 1189–1203."
"AY528379_cytb",36.179438,-95.103987,1678,"GeoLocate","UTA 56406","OK: Mayes Co., Snake Creek","Bonett, R. M., and P. T. Chippindale. 2004. Speciation, phylogeography and evolution of life history and morphology in plethodontid salamanders of the Eurycea multiplicata complex. Molecular Ecology 13: 1189–1203."
"AY528380_cytb",36.264249,-94.693001,1927,"GeoLocate","UTA 56410","OK: Delaware Co., Spring near Colcord","Bonett, R. M., and P. T. Chippindale. 2004. Speciation, phylogeography and evolution of life history and morphology in plethodontid salamanders of the Eurycea multiplicata complex. Molecular Ecology 13: 1189–1203."
"AY528381_cytb",36.55071,-94.478762,458,"GeoLocate","UTA 56392","MO: McDonald Co., Mill Creek","Bonett, R. M., and P. T. Chippindale. 2004. Speciation, phylogeography and evolution of life history and morphology in plethodontid salamanders of the Eurycea multiplicata complex. Molecular Ecology 13: 1189–1203."
"AY528382_cytb",36.628674,-94.348359,14196,"GeoLocate","UTA 56393","MO: McDonald Co., Mike’s Creek","Bonett, R. M., and P. T. Chippindale. 2004. Speciation, phylogeography and evolution of life history and morphology in plethodontid salamanders of the Eurycea multiplicata complex. Molecular Ecology 13: 1189–1203."
"AY528383_cytb",36.623083,-94.31083,6495,"GeoLocate","UTA 56394","MO: McDonald Co., Big Sugar Creek","Bonett, R. M., and P. T. Chippindale. 2004. Speciation, phylogeography and evolution of life history and morphology in plethodontid salamanders of the Eurycea multiplicata complex. Molecular Ecology 13: 1189–1203."
"AY528384_cytb",36.812231,-93.466117,1608,"GeoLocate","UTA 56395","MO: Stone Co., Pine Run","Bonett, R. M., and P. T. Chippindale. 2004. Speciation, phylogeography and evolution of life history and morphology in plethodontid salamanders of the Eurycea multiplicata complex. Molecular Ecology 13: 1189–1203."
"AY528385_cytb",36.8631437461073,-93.2367,"NA","Google Maps","Not catalogued","MO: Christian Co., Buseik S.F.","Bonett, R. M., and P. T. Chippindale. 2004. Speciation, phylogeography and evolution of life history and morphology in plethodontid salamanders of the Eurycea multiplicata complex. Molecular Ecology 13: 1189–1203."
"AY528386_cytb",36.528954,-92.858783,301,"GeoLocate","UTA 56396","MO: Taney Co., Protem","Bonett, R. M., and P. T. Chippindale. 2004. Speciation, phylogeography and evolution of life history and morphology in plethodontid salamanders of the Eurycea multiplicata complex. Molecular Ecology 13: 1189–1203."
"AY528387_cytb",35.563539,-94.532717,1518,"GeoLocate","UTA 56404","OK: Sequoyah Co., Little Lee Creek","Bonett, R. M., and P. T. Chippindale. 2004. Speciation, phylogeography and evolution of life history and morphology in plethodontid salamanders of the Eurycea multiplicata complex. Molecular Ecology 13: 1189–1203."
"DQ359006_cob",35.588134,-91.927924,1194,"GeoLocate","UTA_57119","AR: Clerburne Co., stream near Ida","Bonett, R. M., and P. T. Chippindale. 2006. Streambed microstructure predicts evolution of development and life history mode in the plethodontid salamander Eurycea tynerensis. BMC biology, 4, 6. https://doi.org/10.1186/1741-7007-4-6"
"DQ359007_cob",35.591467,-92.460436,7094,"GeoLocate","UTA_57120","AR: Van Buren Co., Bradley Brook, near Clinton","Bonett, R. M., and P. T. Chippindale. 2006. Streambed microstructure predicts evolution of development and life history mode in the plethodontid salamander Eurycea tynerensis. BMC biology, 4, 6. https://doi.org/10.1186/1741-7007-4-6"
"DQ359008_cob",35.364936,-92.313703,6820,"GeoLocate","UTA 57118","AR: Van Buren Co., stream near Cardon Cr.","Bonett, R. M., and P. T. Chippindale. 2006. Streambed microstructure predicts evolution of development and life history mode in the plethodontid salamander Eurycea tynerensis. BMC biology, 4, 6. https://doi.org/10.1186/1741-7007-4-6"
"DQ359009_cob",35.964534,-94.771028,1812,"GeoLocate","UTA 57121","OK: Cherokee Co., Tyner Creek","Bonett, R. M., and P. T. Chippindale. 2006. Streambed microstructure predicts evolution of development and life history mode in the plethodontid salamander Eurycea tynerensis. BMC biology, 4, 6. https://doi.org/10.1186/1741-7007-4-6"
"DQ359010_cob",36.104263,-95.094651,514,"GeoLocate","UTA 57161","OK: Cherokee Co., Cave spring, near Peggs","Bonett, R. M., and P. T. Chippindale. 2006. Streambed microstructure predicts evolution of development and life history mode in the plethodontid salamander Eurycea tynerensis. BMC biology, 4, 6. https://doi.org/10.1186/1741-7007-4-6"
"DQ359011_cob",36.344601,-94.576104,955,"GeoLocate","no voucher","AR: Benton Co., Spavinaw Creek, at Rt 43.","Bonett, R. M., and P. T. Chippindale. 2006. Streambed microstructure predicts evolution of development and life history mode in the plethodontid salamander Eurycea tynerensis. BMC biology, 4, 6. https://doi.org/10.1186/1741-7007-4-6"
"DQ359012_cob",36.8631437461073,-93.2367,"NA","Google Maps","no voucher","MO: Christian Co., Buseik S.F.","Bonett, R. M., and P. T. Chippindale. 2006. Streambed microstructure predicts evolution of development and life history mode in the plethodontid salamander Eurycea tynerensis. BMC biology, 4, 6. https://doi.org/10.1186/1741-7007-4-6"
"DQ682625_cytb",36.861531,-93.225792,5293,"GeoLocate","NN1920","MO: Christian Co., Trib. Camp Creek","McKnight, M. L., and N. A. Nelson. 2007. Life History and Color Variants in a Matriline of Oklahoma Salamander (Eurycea tynerensis). Southeastern Naturalist, 6(4), 727-736."
"DQ682626_cytb",36.861531,-93.225792,5293,"GeoLocate","NN1921","MO: Christian Co., Trib. Camp Creek","McKnight, M. L., and N. A. Nelson. 2007. Life History and Color Variants in a Matriline of Oklahoma Salamander (Eurycea tynerensis). Southeastern Naturalist, 6(4), 727-736."
"DQ682627_cytb",36.861531,-93.225792,5293,"GeoLocate","NN1922","MO: Christian Co., Trib. Camp Creek","McKnight, M. L., and N. A. Nelson. 2007. Life History and Color Variants in a Matriline of Oklahoma Salamander (Eurycea tynerensis). Southeastern Naturalist, 6(4), 727-736."
"DQ682628_cytb",36.861531,-93.225792,5293,"GeoLocate","NN1923","MO: Christian Co., Trib. Camp Creek","McKnight, M. L., and N. A. Nelson. 2007. Life History and Color Variants in a Matriline of Oklahoma Salamander (Eurycea tynerensis). Southeastern Naturalist, 6(4), 727-736."
"DQ682629_cytb",36.699594,-93.764052,90,"GeoLocate","NN1924","Galena Spring, Barry County, MO","McKnight, M. L., and N. A. Nelson. 2007. Life History and Color Variants in a Matriline of Oklahoma Salamander (Eurycea tynerensis). Southeastern Naturalist, 6(4), 727-736."
"DQ682630_cytb",36.699594,-93.764052,90,"GeoLocate","NN1925","Galena Spring, Barry County, MO","McKnight, M. L., and N. A. Nelson. 2007. Life History and Color Variants in a Matriline of Oklahoma Salamander (Eurycea tynerensis). Southeastern Naturalist, 6(4), 727-736."
"DQ682631_cytb",36.699594,-93.764052,90,"GeoLocate","NN1926","Galena Spring, Barry County, MO","McKnight, M. L., and N. A. Nelson. 2007. Life History and Color Variants in a Matriline of Oklahoma Salamander (Eurycea tynerensis). Southeastern Naturalist, 6(4), 727-736."
"DQ682632_cytb",36.699594,-93.764052,90,"GeoLocate","NN1927","Galena Spring, Barry County, MO","McKnight, M. L., and N. A. Nelson. 2007. Life History and Color Variants in a Matriline of Oklahoma Salamander (Eurycea tynerensis). Southeastern Naturalist, 6(4), 727-736."
"DQ682633_cytb",36.699594,-93.764052,90,"GeoLocate","NN1928","Galena Spring, Barry County, MO","McKnight, M. L., and N. A. Nelson. 2007. Life History and Color Variants in a Matriline of Oklahoma Salamander (Eurycea tynerensis). Southeastern Naturalist, 6(4), 727-736."
"DQ682634_cytb",35.994636,-94.751329,2141,"GeoLocate","NN1929","Tyner Creek, Adair County, OK","McKnight, M. L., and N. A. Nelson. 2007. Life History and Color Variants in a Matriline of Oklahoma Salamander (Eurycea tynerensis). Southeastern Naturalist, 6(4), 727-736."
"DQ682635_cytb",35.994636,-94.751329,2141,"GeoLocate","NN1930","Tyner Creek, Adair County, OK","McKnight, M. L., and N. A. Nelson. 2007. Life History and Color Variants in a Matriline of Oklahoma Salamander (Eurycea tynerensis). Southeastern Naturalist, 6(4), 727-736."
"DQ682636_cytb",35.994636,-94.751329,2141,"GeoLocate","NN1931","Tyner Creek, Adair County, OK","McKnight, M. L., and N. A. Nelson. 2007. Life History and Color Variants in a Matriline of Oklahoma Salamander (Eurycea tynerensis). Southeastern Naturalist, 6(4), 727-736."
"DQ682637_cytb",35.994636,-94.751329,2141,"GeoLocate","NN1932","Tyner Creek, Adair County, OK","McKnight, M. L., and N. A. Nelson. 2007. Life History and Color Variants in a Matriline of Oklahoma Salamander (Eurycea tynerensis). Southeastern Naturalist, 6(4), 727-736."
"DQ682638_cytb",35.994636,-94.751329,2141,"GeoLocate","NN1933","Tyner Creek, Adair County, OK","McKnight, M. L., and N. A. Nelson. 2007. Life History and Color Variants in a Matriline of Oklahoma Salamander (Eurycea tynerensis). Southeastern Naturalist, 6(4), 727-736."
"DQ682639_cytb",36.880027,-93.27948,1643,"GeoLocate","NN1935","Camp Creek, Christian County, MO","McKnight, M. L., and N. A. Nelson. 2007. Life History and Color Variants in a Matriline of Oklahoma Salamander (Eurycea tynerensis). Southeastern Naturalist, 6(4), 727-736."
"DQ682640_cytb",36.880027,-93.27948,1643,"GeoLocate","NN1936","Camp Creek, Christian County, MO","McKnight, M. L., and N. A. Nelson. 2007. Life History and Color Variants in a Matriline of Oklahoma Salamander (Eurycea tynerensis). Southeastern Naturalist, 6(4), 727-736."
"DQ682641_cytb",36.880027,-93.27948,1643,"GeoLocate","NN1937","Camp Creek, Christian County, MO","McKnight, M. L., and N. A. Nelson. 2007. Life History and Color Variants in a Matriline of Oklahoma Salamander (Eurycea tynerensis). Southeastern Naturalist, 6(4), 727-736."
"DQ682642_cytb",36.880027,-93.27948,1643,"GeoLocate","NN1938","Camp Creek, Christian County, MO","McKnight, M. L., and N. A. Nelson. 2007. Life History and Color Variants in a Matriline of Oklahoma Salamander (Eurycea tynerensis). Southeastern Naturalist, 6(4), 727-736."
"DQ682643_cytb",36.880027,-93.27948,1643,"GeoLocate","NN1941","Camp Creek, Christian County, MO","McKnight, M. L., and N. A. Nelson. 2007. Life History and Color Variants in a Matriline of Oklahoma Salamander (Eurycea tynerensis). Southeastern Naturalist, 6(4), 727-736."
"DQ682644_cytb",36.880027,-93.27948,1643,"GeoLocate","NN1942","Camp Creek, Christian County, MO","McKnight, M. L., and N. A. Nelson. 2007. Life History and Color Variants in a Matriline of Oklahoma Salamander (Eurycea tynerensis). Southeastern Naturalist, 6(4), 727-736."
"DQ682645_cytb",36.880027,-93.27948,1643,"GeoLocate","NN1943","Camp Creek, Christian County, MO","McKnight, M. L., and N. A. Nelson. 2007. Life History and Color Variants in a Matriline of Oklahoma Salamander (Eurycea tynerensis). Southeastern Naturalist, 6(4), 727-736."
"JF768746_cytochrome-b",36.1383,-92.3214,"NA","Manuscript","RMB_2537","Farris spring, 3 mi S. of Lone Rock, AR Baxter","Emel, S.L., and Bonett, R.M. 2011. Considering alternative life history modes and genetic divergence in conservation: a case study of the Oklahoma salamander. Conserv Genet 12, 1243–1259. https://doi-org.libproxy.unm.edu/10.1007/s10592-011-0226-9"
"JF768747_cytochrome-b",36.4496,-93.9697,"NA","Manuscript","RMB2240","Ashmore Cr, Garfield, AR Benton","Emel, S.L., and Bonett, R.M. 2011. Considering alternative life history modes and genetic divergence in conservation: a case study of the Oklahoma salamander. Conserv Genet 12, 1243–1259. https://doi-org.libproxy.unm.edu/10.1007/s10592-011-0226-9"
"JF768748_cytochrome-b",36.4496,-93.9697,"NA","Manuscript","RMB2241","Ashmore Cr, Garfield, AR Benton","Emel, S.L., and Bonett, R.M. 2011. Considering alternative life history modes and genetic divergence in conservation: a case study of the Oklahoma salamander. Conserv Genet 12, 1243–1259. https://doi-org.libproxy.unm.edu/10.1007/s10592-011-0226-9"
"JF768749_cytochrome-b",36.4496,-93.9697,"NA","Manuscript","RMB2243","Ashmore Cr, Garfield, AR Benton","Emel, S.L., and Bonett, R.M. 2011. Considering alternative life history modes and genetic divergence in conservation: a case study of the Oklahoma salamander. Conserv Genet 12, 1243–1259. https://doi-org.libproxy.unm.edu/10.1007/s10592-011-0226-9"
"JF768750_cytochrome-b",36.4496,-93.9697,"NA","Manuscript","RMB2895","Ashmore Cr, Garfield, AR Benton","Emel, S.L., and Bonett, R.M. 2011. Considering alternative life history modes and genetic divergence in conservation: a case study of the Oklahoma salamander. Conserv Genet 12, 1243–1259. https://doi-org.libproxy.unm.edu/10.1007/s10592-011-0226-9"
"JF768751_cytochrome-b",36.4305,-94.1797,"NA","Manuscript","RMB2230","AR, Benton, Spring off of Spakner Cr. Rd","Emel, S.L., and Bonett, R.M. 2011. Considering alternative life history modes and genetic divergence in conservation: a case study of the Oklahoma salamander. Conserv Genet 12, 1243–1259. https://doi-org.libproxy.unm.edu/10.1007/s10592-011-0226-9"
"JF768752_cytochrome-b",36.3426,-94.588,"NA","Manuscript","RMB2712","AR, Benton, Spavinaw Cr., Rt 43, 5 mi S. of Maysville","Emel, S.L., and Bonett, R.M. 2011. Considering alternative life history modes and genetic divergence in conservation: a case study of the Oklahoma salamander. Conserv Genet 12, 1243–1259. https://doi-org.libproxy.unm.edu/10.1007/s10592-011-0226-9"
"JF768753_cytochrome-b",36.3426,-94.588,"NA","Manuscript","RMB2715","AR, Benton, Spavinaw Cr., Rt 43, 5 mi S. of Maysville","Emel, S.L., and Bonett, R.M. 2011. Considering alternative life history modes and genetic divergence in conservation: a case study of the Oklahoma salamander. Conserv Genet 12, 1243–1259. https://doi-org.libproxy.unm.edu/10.1007/s10592-011-0226-9"
"JF768754_cytochrome-b",36.3426,-94.588,"NA","Manuscript","RMB2716","AR, Benton, Spavinaw Cr., Rt 43, 5 mi S. of Maysville","Emel, S.L., and Bonett, R.M. 2011. Considering alternative life history modes and genetic divergence in conservation: a case study of the Oklahoma salamander. Conserv Genet 12, 1243–1259. https://doi-org.libproxy.unm.edu/10.1007/s10592-011-0226-9"
"JF768755_cytochrome-b",36.3426,-94.588,"NA","Manuscript","RMB2890","AR, Benton, Spavinaw Cr., Rt 43, 5 mi S. of Maysville","Emel, S.L., and Bonett, R.M. 2011. Considering alternative life history modes and genetic divergence in conservation: a case study of the Oklahoma salamander. Conserv Genet 12, 1243–1259. https://doi-org.libproxy.unm.edu/10.1007/s10592-011-0226-9"
"JF768756_cytochrome-b",36.3426,-94.588,"NA","Manuscript","RMB2891","AR, Benton, Spavinaw Cr., Rt 43, 5 mi S. of Maysville","Emel, S.L., and Bonett, R.M. 2011. Considering alternative life history modes and genetic divergence in conservation: a case study of the Oklahoma salamander. Conserv Genet 12, 1243–1259. https://doi-org.libproxy.unm.edu/10.1007/s10592-011-0226-9"
"JF768757_cytochrome-b",36.3426,-94.588,"NA","Manuscript","RMB2892","AR, Benton, Spavinaw Cr., Rt 43, 5 mi S. of Maysville","Emel, S.L., and Bonett, R.M. 2011. Considering alternative life history modes and genetic divergence in conservation: a case study of the Oklahoma salamander. Conserv Genet 12, 1243–1259. https://doi-org.libproxy.unm.edu/10.1007/s10592-011-0226-9"
"JF768758_cytochrome-b",36.3057,-93.7739,"NA","Manuscript","RMB2244","AR, Carroll, 5mi S. of Eureka Springs","Emel, S.L., and Bonett, R.M. 2011. Considering alternative life history modes and genetic divergence in conservation: a case study of the Oklahoma salamander. Conserv Genet 12, 1243–1259. https://doi-org.libproxy.unm.edu/10.1007/s10592-011-0226-9"
"JF768759_cytochrome-b",35.4703,-92.0398,"NA","Manuscript","RMB2314","AR, Clerburne, Bridal Veil Falls, Heber Springs","Emel, S.L., and Bonett, R.M. 2011. Considering alternative life history modes and genetic divergence in conservation: a case study of the Oklahoma salamander. Conserv Genet 12, 1243–1259. https://doi-org.libproxy.unm.edu/10.1007/s10592-011-0226-9"
"JF768760_cytochrome-b",35.4703,-92.0398,"NA","Manuscript","RMB2315","AR, Clerburne, Bridal Veil Falls, Heber Springs","Emel, S.L., and Bonett, R.M. 2011. Considering alternative life history modes and genetic divergence in conservation: a case study of the Oklahoma salamander. Conserv Genet 12, 1243–1259. https://doi-org.libproxy.unm.edu/10.1007/s10592-011-0226-9"
"JF768761_cytochrome-b",35.6401,-94.4223,"NA","Manuscript","RMB2657","AR, Crawford, 3 mi NE of Barcelona, Ozark N.F. ","Emel, S.L., and Bonett, R.M. 2011. Considering alternative life history modes and genetic divergence in conservation: a case study of the Oklahoma salamander. Conserv Genet 12, 1243–1259. https://doi-org.libproxy.unm.edu/10.1007/s10592-011-0226-9"
"JF768762_cytochrome-b",35.6401,-94.4223,"NA","Manuscript","RMB2658","AR, Crawford, 3 mi NE of Barcelona, Ozark N.F. ","Emel, S.L., and Bonett, R.M. 2011. Considering alternative life history modes and genetic divergence in conservation: a case study of the Oklahoma salamander. Conserv Genet 12, 1243–1259. https://doi-org.libproxy.unm.edu/10.1007/s10592-011-0226-9"
"JF768763_cytochrome-b",35.6202,-94.4532,"NA","Manuscript","RMB3264b","AR, Crawford, 3 mi NE of Barcelona, Ozark N.F. ","Emel, S.L., and Bonett, R.M. 2011. Considering alternative life history modes and genetic divergence in conservation: a case study of the Oklahoma salamander. Conserv Genet 12, 1243–1259. https://doi-org.libproxy.unm.edu/10.1007/s10592-011-0226-9"
"JF768764_cytochrome-b",35.6202,-94.4532,"NA","Manuscript","RMB3275","AR, Crawford, 3 mi NE of Barcelona, Ozark N.F. ","Emel, S.L., and Bonett, R.M. 2011. Considering alternative life history modes and genetic divergence in conservation: a case study of the Oklahoma salamander. Conserv Genet 12, 1243–1259. https://doi-org.libproxy.unm.edu/10.1007/s10592-011-0226-9"
"JF768765_cytochrome-b",35.6202,-94.4532,"NA","Manuscript","RMB3276","AR, Crawford, 3 mi NE of Barcelona, Ozark N.F. ","Emel, S.L., and Bonett, R.M. 2011. Considering alternative life history modes and genetic divergence in conservation: a case study of the Oklahoma salamander. Conserv Genet 12, 1243–1259. https://doi-org.libproxy.unm.edu/10.1007/s10592-011-0226-9"
"JF768766_cytochrome-b",35.6202,-94.4532,"NA","Manuscript","RMB3277","AR, Crawford, 3 mi NE of Barcelona, Ozark N.F. ","Emel, S.L., and Bonett, R.M. 2011. Considering alternative life history modes and genetic divergence in conservation: a case study of the Oklahoma salamander. Conserv Genet 12, 1243–1259. https://doi-org.libproxy.unm.edu/10.1007/s10592-011-0226-9"
"JF768767_cytochrome-b",35.5653,-94.2046,"NA","Manuscript","RMB2210","AR, Crawford, 5 mi S of Mountinburg","Emel, S.L., and Bonett, R.M. 2011. Considering alternative life history modes and genetic divergence in conservation: a case study of the Oklahoma salamander. Conserv Genet 12, 1243–1259. https://doi-org.libproxy.unm.edu/10.1007/s10592-011-0226-9"
"JF768768_cytochrome-b",35.5653,-94.2046,"NA","Manuscript","RMB2211","AR, Crawford, 5 mi S of Mountinburg","Emel, S.L., and Bonett, R.M. 2011. Considering alternative life history modes and genetic divergence in conservation: a case study of the Oklahoma salamander. Conserv Genet 12, 1243–1259. https://doi-org.libproxy.unm.edu/10.1007/s10592-011-0226-9"
"JF768769_cytochrome-b",35.4774,-94.3898,"NA","Manuscript","RMB2661","AR, Crawford, Pine Hollow Rd, 1.5mi NW of Van Buren","Emel, S.L., and Bonett, R.M. 2011. Considering alternative life history modes and genetic divergence in conservation: a case study of the Oklahoma salamander. Conserv Genet 12, 1243–1259. https://doi-org.libproxy.unm.edu/10.1007/s10592-011-0226-9"
"JF768770_cytochrome-b",35.4774,-94.3898,"NA","Manuscript","RMB2662","AR, Crawford, Pine Hollow Rd, 1.5mi NW of Van Buren","Emel, S.L., and Bonett, R.M. 2011. Considering alternative life history modes and genetic divergence in conservation: a case study of the Oklahoma salamander. Conserv Genet 12, 1243–1259. https://doi-org.libproxy.unm.edu/10.1007/s10592-011-0226-9"
"JF768771_cytochrome-b",35.6131,-94.3565,"NA","Manuscript","RMB2664","AR, Crawford, Rt 220, 2mi NE of Rt 59, Ozark N.F.","Emel, S.L., and Bonett, R.M. 2011. Considering alternative life history modes and genetic divergence in conservation: a case study of the Oklahoma salamander. Conserv Genet 12, 1243–1259. https://doi-org.libproxy.unm.edu/10.1007/s10592-011-0226-9"
"JF768772_cytochrome-b",35.6892,-94.4315,"NA","Manuscript","RMB2674","AR, Crawford, Trib. to Mt Fork Cr., 5 mi N of Natural Dam","Emel, S.L., and Bonett, R.M. 2011. Considering alternative life history modes and genetic divergence in conservation: a case study of the Oklahoma salamander. Conserv Genet 12, 1243–1259. https://doi-org.libproxy.unm.edu/10.1007/s10592-011-0226-9"
"JF768773_cytochrome-b",35.6506,-93.5934,"NA","Manuscript","RMB2818","AR, Johnson, Washita Cr., N of Yarbough Gap","Emel, S.L., and Bonett, R.M. 2011. Considering alternative life history modes and genetic divergence in conservation: a case study of the Oklahoma salamander. Conserv Genet 12, 1243–1259. https://doi-org.libproxy.unm.edu/10.1007/s10592-011-0226-9"
"JF768774_cytochrome-b",36.2206,-93.7715,"NA","Manuscript","RMB2251","AR, Madison, Spring off of CR42, 2mi E. Clifty","Emel, S.L., and Bonett, R.M. 2011. Considering alternative life history modes and genetic divergence in conservation: a case study of the Oklahoma salamander. Conserv Genet 12, 1243–1259. https://doi-org.libproxy.unm.edu/10.1007/s10592-011-0226-9"
"JF768775_cytochrome-b",36.2547,-93.6769,"NA","Manuscript","RMB2263","AR, Madison, Mr. Lang’s, 2 mi S of Rockhouse","Emel, S.L., and Bonett, R.M. 2011. Considering alternative life history modes and genetic divergence in conservation: a case study of the Oklahoma salamander. Conserv Genet 12, 1243–1259. https://doi-org.libproxy.unm.edu/10.1007/s10592-011-0226-9"
"JF768776_cytochrome-b",36.1718,-92.6809,"NA","Manuscript","RMB2885","AR, Marion, Grey Springs, off of CR502, 0.5 mi E of Ralph","Emel, S.L., and Bonett, R.M. 2011. Considering alternative life history modes and genetic divergence in conservation: a case study of the Oklahoma salamander. Conserv Genet 12, 1243–1259. https://doi-org.libproxy.unm.edu/10.1007/s10592-011-0226-9"
"JF768777_cytochrome-b",35.9881,-93.233,"NA","Manuscript","RMB2273","AR, Newton, Larry's Cave, 1.5 mi S of Jasper","Emel, S.L., and Bonett, R.M. 2011. Considering alternative life history modes and genetic divergence in conservation: a case study of the Oklahoma salamander. Conserv Genet 12, 1243–1259. https://doi-org.libproxy.unm.edu/10.1007/s10592-011-0226-9"
"JF768778_cytochrome-b",35.9881,-93.233,"NA","Manuscript","RMB2274","AR, Newton, Larry's Cave, 1.5 mi S of Jasper","Emel, S.L., and Bonett, R.M. 2011. Considering alternative life history modes and genetic divergence in conservation: a case study of the Oklahoma salamander. Conserv Genet 12, 1243–1259. https://doi-org.libproxy.unm.edu/10.1007/s10592-011-0226-9"
"JF768779_cytochrome-b",35.9881,-93.233,"NA","Manuscript","RMB2275","AR, Newton, Larry's Cave, 1.5 mi S of Jasper","Emel, S.L., and Bonett, R.M. 2011. Considering alternative life history modes and genetic divergence in conservation: a case study of the Oklahoma salamander. Conserv Genet 12, 1243–1259. https://doi-org.libproxy.unm.edu/10.1007/s10592-011-0226-9"
"JF768780_cytochrome-b",35.9881,-93.233,"NA","Manuscript","RMB2276","AR, Newton, Larry's Cave, 1.5 mi S of Jasper","Emel, S.L., and Bonett, R.M. 2011. Considering alternative life history modes and genetic divergence in conservation: a case study of the Oklahoma salamander. Conserv Genet 12, 1243–1259. https://doi-org.libproxy.unm.edu/10.1007/s10592-011-0226-9"
"JF768781_cytochrome-b",35.9881,-93.233,"NA","Manuscript","RMB2277","AR, Newton, Larry's Cave, 1.5 mi S of Jasper","Emel, S.L., and Bonett, R.M. 2011. Considering alternative life history modes and genetic divergence in conservation: a case study of the Oklahoma salamander. Conserv Genet 12, 1243–1259. https://doi-org.libproxy.unm.edu/10.1007/s10592-011-0226-9"
"JF768782_cytochrome-b",36.0021,-93.3171,"NA","Manuscript","RMB2271","AR, Newton, Low Gap Springs","Emel, S.L., and Bonett, R.M. 2011. Considering alternative life history modes and genetic divergence in conservation: a case study of the Oklahoma salamander. Conserv Genet 12, 1243–1259. https://doi-org.libproxy.unm.edu/10.1007/s10592-011-0226-9"
"JF768783_cytochrome-b",35.7313,-92.5212,"NA","Manuscript","RMB2157","AR, Van Buren, Denard","Emel, S.L., and Bonett, R.M. 2011. Considering alternative life history modes and genetic divergence in conservation: a case study of the Oklahoma salamander. Conserv Genet 12, 1243–1259. https://doi-org.libproxy.unm.edu/10.1007/s10592-011-0226-9"
"JF768784_cytochrome-b",35.8281,-94.3871,"NA","Manuscript","RMB3243","AR, Washington, Garrett Hollow Cave","Emel, S.L., and Bonett, R.M. 2011. Considering alternative life history modes and genetic divergence in conservation: a case study of the Oklahoma salamander. Conserv Genet 12, 1243–1259. https://doi-org.libproxy.unm.edu/10.1007/s10592-011-0226-9"
"JF768785_cytochrome-b",35.9543,-94.3738,"NA","Manuscript","RMB2669","AR, Washington, Rt 62, 3 mi SW of Prairie Grove, vet clinic","Emel, S.L., and Bonett, R.M. 2011. Considering alternative life history modes and genetic divergence in conservation: a case study of the Oklahoma salamander. Conserv Genet 12, 1243–1259. https://doi-org.libproxy.unm.edu/10.1007/s10592-011-0226-9"
"JF768786_cytochrome-b",35.7671,-94.2732,"NA","Manuscript","RMB2666","AR, Washington, Trib. to Lee Cr., Rt 220, 2 mi S of Devil’s Den S. P.","Emel, S.L., and Bonett, R.M. 2011. Considering alternative life history modes and genetic divergence in conservation: a case study of the Oklahoma salamander. Conserv Genet 12, 1243–1259. https://doi-org.libproxy.unm.edu/10.1007/s10592-011-0226-9"
"JF768787_cytochrome-b",35.7671,-94.2732,"NA","Manuscript","RMB2667","AR, Washington, Trib. to Lee Cr., Rt 220, 2 mi S of Devil’s Den S. P.","Emel, S.L., and Bonett, R.M. 2011. Considering alternative life history modes and genetic divergence in conservation: a case study of the Oklahoma salamander. Conserv Genet 12, 1243–1259. https://doi-org.libproxy.unm.edu/10.1007/s10592-011-0226-9"
"JF768788_cytochrome-b",35.8068,-94.1315,"NA","Manuscript","RMB2215","AR, Washington, Winslow","Emel, S.L., and Bonett, R.M. 2011. Considering alternative life history modes and genetic divergence in conservation: a case study of the Oklahoma salamander. Conserv Genet 12, 1243–1259. https://doi-org.libproxy.unm.edu/10.1007/s10592-011-0226-9"
"JF768789_cytochrome-b",35.8068,-94.1315,"NA","Manuscript","RMB2217","AR, Washington, Winslow","Emel, S.L., and Bonett, R.M. 2011. Considering alternative life history modes and genetic divergence in conservation: a case study of the Oklahoma salamander. Conserv Genet 12, 1243–1259. https://doi-org.libproxy.unm.edu/10.1007/s10592-011-0226-9"
"JF768790_cytochrome-b",35.8068,-94.1315,"NA","Manuscript","RMB2218","AR, Washington, Winslow","Emel, S.L., and Bonett, R.M. 2011. Considering alternative life history modes and genetic divergence in conservation: a case study of the Oklahoma salamander. Conserv Genet 12, 1243–1259. https://doi-org.libproxy.unm.edu/10.1007/s10592-011-0226-9"
"JF768791_cytochrome-b",35.3487,-91.8832,"NA","Manuscript","RMB2317","AR, White, Little Cr., 4.2 mi W. of Letona","Emel, S.L., and Bonett, R.M. 2011. Considering alternative life history modes and genetic divergence in conservation: a case study of the Oklahoma salamander. Conserv Genet 12, 1243–1259. https://doi-org.libproxy.unm.edu/10.1007/s10592-011-0226-9"
"JF768792_cytochrome-b",35.3487,-91.8832,"NA","Manuscript","RMB2318","AR, White, Little Cr., 4.2 mi W. of Letona","Emel, S.L., and Bonett, R.M. 2011. Considering alternative life history modes and genetic divergence in conservation: a case study of the Oklahoma salamander. Conserv Genet 12, 1243–1259. https://doi-org.libproxy.unm.edu/10.1007/s10592-011-0226-9"
"JF768793_cytochrome-b",35.3487,-91.8832,"NA","Manuscript","RMB2319","AR, White, Little Cr., 4.2 mi W. of Letona","Emel, S.L., and Bonett, R.M. 2011. Considering alternative life history modes and genetic divergence in conservation: a case study of the Oklahoma salamander. Conserv Genet 12, 1243–1259. https://doi-org.libproxy.unm.edu/10.1007/s10592-011-0226-9"
"JF768794_cytochrome-b",35.3487,-91.8832,"NA","Manuscript","RMB2320","AR, White, Little Cr., 4.2 mi W. of Letona","Emel, S.L., and Bonett, R.M. 2011. Considering alternative life history modes and genetic divergence in conservation: a case study of the Oklahoma salamander. Conserv Genet 12, 1243–1259. https://doi-org.libproxy.unm.edu/10.1007/s10592-011-0226-9"
"JF768795_cytochrome-b",35.3487,-91.8832,"NA","Manuscript","RMB2561","AR, White, Little Cr., 4.2 mi W. of Letona","Emel, S.L., and Bonett, R.M. 2011. Considering alternative life history modes and genetic divergence in conservation: a case study of the Oklahoma salamander. Conserv Genet 12, 1243–1259. https://doi-org.libproxy.unm.edu/10.1007/s10592-011-0226-9"
"JF768796_cytochrome-b",35.3487,-91.8832,"NA","Manuscript","RMB2562","AR, White, Little Cr., 4.2 mi W. of Letona","Emel, S.L., and Bonett, R.M. 2011. Considering alternative life history modes and genetic divergence in conservation: a case study of the Oklahoma salamander. Conserv Genet 12, 1243–1259. https://doi-org.libproxy.unm.edu/10.1007/s10592-011-0226-9"
"JF768797_cytochrome-b",35.3487,-91.8832,"NA","Manuscript","RMB2564","AR, White, Little Cr., 4.2 mi W. of Letona","Emel, S.L., and Bonett, R.M. 2011. Considering alternative life history modes and genetic divergence in conservation: a case study of the Oklahoma salamander. Conserv Genet 12, 1243–1259. https://doi-org.libproxy.unm.edu/10.1007/s10592-011-0226-9"
"JF768798_cytochrome-b",35.4161,-91.7666,"NA","Manuscript","RMB2567","AR, White, Seep off of Rt 305 between Clay and Dewey","Emel, S.L., and Bonett, R.M. 2011. Considering alternative life history modes and genetic divergence in conservation: a case study of the Oklahoma salamander. Conserv Genet 12, 1243–1259. https://doi-org.libproxy.unm.edu/10.1007/s10592-011-0226-9"
"JF768799_cytochrome-b",36.8628,-93.2304,"NA","Manuscript","RMB2776","MO, Christian, Camp Cr., Rt 65., 5 mi S of Spokane","Emel, S.L., and Bonett, R.M. 2011. Considering alternative life history modes and genetic divergence in conservation: a case study of the Oklahoma salamander. Conserv Genet 12, 1243–1259. https://doi-org.libproxy.unm.edu/10.1007/s10592-011-0226-9"
"JF768800_cytochrome-b",36.8628,-93.2304,"NA","Manuscript","RMB2780","MO, Christian, Camp Cr., Rt 65., 5 mi S of Spokane","Emel, S.L., and Bonett, R.M. 2011. Considering alternative life history modes and genetic divergence in conservation: a case study of the Oklahoma salamander. Conserv Genet 12, 1243–1259. https://doi-org.libproxy.unm.edu/10.1007/s10592-011-0226-9"
"JF768801_cytochrome-b",36.5754,-94.1416,"NA","Manuscript","RMB2761","MO, McDonald, Big Sugar Cr., Rt 90, near intersection with KK","Emel, S.L., and Bonett, R.M. 2011. Considering alternative life history modes and genetic divergence in conservation: a case study of the Oklahoma salamander. Conserv Genet 12, 1243–1259. https://doi-org.libproxy.unm.edu/10.1007/s10592-011-0226-9"
"JF768802_cytochrome-b",36.7225,-94.566,"NA","Manuscript","RMB2747","MO, McDonald, Buffalo Cr., just N. of Owens Bluff, 5 mi NE of Tiff City","Emel, S.L., and Bonett, R.M. 2011. Considering alternative life history modes and genetic divergence in conservation: a case study of the Oklahoma salamander. Conserv Genet 12, 1243–1259. https://doi-org.libproxy.unm.edu/10.1007/s10592-011-0226-9"
"JF768803_cytochrome-b",36.5217,-94.44,"NA","Manuscript","RMB2709","MO, McDonald, Mill Cr., 4 mi SE of Noel","Emel, S.L., and Bonett, R.M. 2011. Considering alternative life history modes and genetic divergence in conservation: a case study of the Oklahoma salamander. Conserv Genet 12, 1243–1259. https://doi-org.libproxy.unm.edu/10.1007/s10592-011-0226-9"
"JF768804_cytochrome-b",36.5217,-94.44,"NA","Manuscript","RMB2710","MO, McDonald, Mill Cr., 4 mi SE of Noel","Emel, S.L., and Bonett, R.M. 2011. Considering alternative life history modes and genetic divergence in conservation: a case study of the Oklahoma salamander. Conserv Genet 12, 1243–1259. https://doi-org.libproxy.unm.edu/10.1007/s10592-011-0226-9"
"JF768805_cytochrome-b",36.5912,-94.3779,"NA","Manuscript","RMB3278","MO, McDonald, Pineville, Dundee’s site","Emel, S.L., and Bonett, R.M. 2011. Considering alternative life history modes and genetic divergence in conservation: a case study of the Oklahoma salamander. Conserv Genet 12, 1243–1259. https://doi-org.libproxy.unm.edu/10.1007/s10592-011-0226-9"
"JF768806_cytochrome-b",36.5912,-94.3779,"NA","Manuscript","RMB3279","MO, McDonald, Pineville, Dundee’s site","Emel, S.L., and Bonett, R.M. 2011. Considering alternative life history modes and genetic divergence in conservation: a case study of the Oklahoma salamander. Conserv Genet 12, 1243–1259. https://doi-org.libproxy.unm.edu/10.1007/s10592-011-0226-9"
"JF768807_cytochrome-b",36.8116,-93.4743,"NA","Manuscript","RMB2771","MO, Stone, Pine Run, Rt 13/ Rt 265, Galena","Emel, S.L., and Bonett, R.M. 2011. Considering alternative life history modes and genetic divergence in conservation: a case study of the Oklahoma salamander. Conserv Genet 12, 1243–1259. https://doi-org.libproxy.unm.edu/10.1007/s10592-011-0226-9"
"JF768808_cytochrome-b",36.7962,-93.3948,"NA","Manuscript","RMB2774","MO, Stone, Trib. to Railey Cr., KK 4 mi S of Abesville","Emel, S.L., and Bonett, R.M. 2011. Considering alternative life history modes and genetic divergence in conservation: a case study of the Oklahoma salamander. Conserv Genet 12, 1243–1259. https://doi-org.libproxy.unm.edu/10.1007/s10592-011-0226-9"
"JF768809_cytochrome-b",35.7158,-94.6393,"NA","Manuscript","RMB2683","OK, Cherokee, Spring 1 mi S of Cherry Tree, Rd to landfill","Emel, S.L., and Bonett, R.M. 2011. Considering alternative life history modes and genetic divergence in conservation: a case study of the Oklahoma salamander. Conserv Genet 12, 1243–1259. https://doi-org.libproxy.unm.edu/10.1007/s10592-011-0226-9"
"JF768810_cytochrome-b",35.9955,-94.7502,"NA","Manuscript","RMB2726","OK, Adair, Tyner Cr, ~3 mi upstream from the Rt 62 Bridge","Emel, S.L., and Bonett, R.M. 2011. Considering alternative life history modes and genetic divergence in conservation: a case study of the Oklahoma salamander. Conserv Genet 12, 1243–1259. https://doi-org.libproxy.unm.edu/10.1007/s10592-011-0226-9"
"JF768811_cytochrome-b",35.9955,-94.7502,"NA","Manuscript","RMB2921","OK, Adair, Tyner Cr, ~3 mi upstream from the Rt 62 Bridge","Emel, S.L., and Bonett, R.M. 2011. Considering alternative life history modes and genetic divergence in conservation: a case study of the Oklahoma salamander. Conserv Genet 12, 1243–1259. https://doi-org.libproxy.unm.edu/10.1007/s10592-011-0226-9"
"JF768812_cytochrome-b",35.9955,-94.7502,"NA","Manuscript","RMB2922","OK, Adair, Tyner Cr, ~3 mi upstream from the Rt 62 Bridge","Emel, S.L., and Bonett, R.M. 2011. Considering alternative life history modes and genetic divergence in conservation: a case study of the Oklahoma salamander. Conserv Genet 12, 1243–1259. https://doi-org.libproxy.unm.edu/10.1007/s10592-011-0226-9"
"JF768813_cytochrome-b",35.9955,-94.7502,"NA","Manuscript","RMB2923","OK, Adair, Tyner Cr, ~3 mi upstream from the Rt 62 Bridge","Emel, S.L., and Bonett, R.M. 2011. Considering alternative life history modes and genetic divergence in conservation: a case study of the Oklahoma salamander. Conserv Genet 12, 1243–1259. https://doi-org.libproxy.unm.edu/10.1007/s10592-011-0226-9"
"JF768814_cytochrome-b",35.9955,-94.7502,"NA","Manuscript","RMB2924","OK, Adair, Tyner Cr, ~3 mi upstream from the Rt 62 Bridge","Emel, S.L., and Bonett, R.M. 2011. Considering alternative life history modes and genetic divergence in conservation: a case study of the Oklahoma salamander. Conserv Genet 12, 1243–1259. https://doi-org.libproxy.unm.edu/10.1007/s10592-011-0226-9"
"JF768815_cytochrome-b",35.9606,-94.8167,"NA","Manuscript","RMB2481","OK, Adair, Trib of Tyner Cr.","Emel, S.L., and Bonett, R.M. 2011. Considering alternative life history modes and genetic divergence in conservation: a case study of the Oklahoma salamander. Conserv Genet 12, 1243–1259. https://doi-org.libproxy.unm.edu/10.1007/s10592-011-0226-9"
"JF768816_cytochrome-b",35.7562,-94.9711,"NA","Manuscript","16/05/03","OK, Cherokee, Balint Bridge","Emel, S.L., and Bonett, R.M. 2011. Considering alternative life history modes and genetic divergence in conservation: a case study of the Oklahoma salamander. Conserv Genet 12, 1243–1259. https://doi-org.libproxy.unm.edu/10.1007/s10592-011-0226-9"
"JF768817_cytochrome-b",35.7562,-94.9711,"NA","Manuscript","16/05/06","OK, Cherokee, Balint Bridge","Emel, S.L., and Bonett, R.M. 2011. Considering alternative life history modes and genetic divergence in conservation: a case study of the Oklahoma salamander. Conserv Genet 12, 1243–1259. https://doi-org.libproxy.unm.edu/10.1007/s10592-011-0226-9"
"JF768818_cytochrome-b",35.7562,-94.9711,"NA","Manuscript","02/05/08","OK, Cherokee, Balint Bridge","Emel, S.L., and Bonett, R.M. 2011. Considering alternative life history modes and genetic divergence in conservation: a case study of the Oklahoma salamander. Conserv Genet 12, 1243–1259. https://doi-org.libproxy.unm.edu/10.1007/s10592-011-0226-9"
"JF768819_cytochrome-b",36.1047,-95.0955,"NA","Manuscript","RMB2698","OK, Cherokee, Cave Spring, 1.5 mi N of Peggs","Emel, S.L., and Bonett, R.M. 2011. Considering alternative life history modes and genetic divergence in conservation: a case study of the Oklahoma salamander. Conserv Genet 12, 1243–1259. https://doi-org.libproxy.unm.edu/10.1007/s10592-011-0226-9"
"JF768820_cytochrome-b",36.1047,-95.0955,"NA","Manuscript","RMB2926","OK, Cherokee, Cave Spring, 1.5 mi N of Peggs","Emel, S.L., and Bonett, R.M. 2011. Considering alternative life history modes and genetic divergence in conservation: a case study of the Oklahoma salamander. Conserv Genet 12, 1243–1259. https://doi-org.libproxy.unm.edu/10.1007/s10592-011-0226-9"
"JF768821_cytochrome-b",36.1047,-95.0955,"NA","Manuscript","RMB2927","OK, Cherokee, Cave Spring, 1.5 mi N of Peggs","Emel, S.L., and Bonett, R.M. 2011. Considering alternative life history modes and genetic divergence in conservation: a case study of the Oklahoma salamander. Conserv Genet 12, 1243–1259. https://doi-org.libproxy.unm.edu/10.1007/s10592-011-0226-9"
"JF768822_cytochrome-b",36.1047,-95.0955,"NA","Manuscript","RMB2928","OK, Cherokee, Cave Spring, 1.5 mi N of Peggs","Emel, S.L., and Bonett, R.M. 2011. Considering alternative life history modes and genetic divergence in conservation: a case study of the Oklahoma salamander. Conserv Genet 12, 1243–1259. https://doi-org.libproxy.unm.edu/10.1007/s10592-011-0226-9"
"JF768823_cytochrome-b",36.0881,-95.0192,"NA","Manuscript","RMB2930","OK, Cherokee, Spring Cr., ~3 mi upstream from Cave Spring","Emel, S.L., and Bonett, R.M. 2011. Considering alternative life history modes and genetic divergence in conservation: a case study of the Oklahoma salamander. Conserv Genet 12, 1243–1259. https://doi-org.libproxy.unm.edu/10.1007/s10592-011-0226-9"
"JF768824_cytochrome-b",36.0881,-95.0192,"NA","Manuscript","RMB2931","OK, Cherokee, Spring Cr., ~3 mi upstream from Cave Spring","Emel, S.L., and Bonett, R.M. 2011. Considering alternative life history modes and genetic divergence in conservation: a case study of the Oklahoma salamander. Conserv Genet 12, 1243–1259. https://doi-org.libproxy.unm.edu/10.1007/s10592-011-0226-9"
"JF768825_cytochrome-b",36.0001,-94.8951,"NA","Manuscript","CH10","OK, Cherokee, Cedar Hollow in Nickel Preserve","Emel, S.L., and Bonett, R.M. 2011. Considering alternative life history modes and genetic divergence in conservation: a case study of the Oklahoma salamander. Conserv Genet 12, 1243–1259. https://doi-org.libproxy.unm.edu/10.1007/s10592-011-0226-9"
"JF768826_cytochrome-b",36.0001,-94.8951,"NA","Manuscript","CH11","OK, Cherokee, Cedar Hollow in Nickel Preserve","Emel, S.L., and Bonett, R.M. 2011. Considering alternative life history modes and genetic divergence in conservation: a case study of the Oklahoma salamander. Conserv Genet 12, 1243–1259. https://doi-org.libproxy.unm.edu/10.1007/s10592-011-0226-9"
"JF768827_cytochrome-b",36.0001,-94.8951,"NA","Manuscript","CH12","OK, Cherokee, Cedar Hollow in Nickel Preserve","Emel, S.L., and Bonett, R.M. 2011. Considering alternative life history modes and genetic divergence in conservation: a case study of the Oklahoma salamander. Conserv Genet 12, 1243–1259. https://doi-org.libproxy.unm.edu/10.1007/s10592-011-0226-9"
"JF768828_cytochrome-b",36.0001,-94.8951,"NA","Manuscript","CH13","OK, Cherokee, Cedar Hollow in Nickel Preserve","Emel, S.L., and Bonett, R.M. 2011. Considering alternative life history modes and genetic divergence in conservation: a case study of the Oklahoma salamander. Conserv Genet 12, 1243–1259. https://doi-org.libproxy.unm.edu/10.1007/s10592-011-0226-9"
"JF768829_cytochrome-b",36.0001,-94.8951,"NA","Manuscript","CH14","OK, Cherokee, Cedar Hollow in Nickel Preserve","Emel, S.L., and Bonett, R.M. 2011. Considering alternative life history modes and genetic divergence in conservation: a case study of the Oklahoma salamander. Conserv Genet 12, 1243–1259. https://doi-org.libproxy.unm.edu/10.1007/s10592-011-0226-9"
"JF768830_cytochrome-b",36.0001,-94.8951,"NA","Manuscript","CH2","OK, Cherokee, Cedar Hollow in Nickel Preserve","Emel, S.L., and Bonett, R.M. 2011. Considering alternative life history modes and genetic divergence in conservation: a case study of the Oklahoma salamander. Conserv Genet 12, 1243–1259. https://doi-org.libproxy.unm.edu/10.1007/s10592-011-0226-9"
"JF768831_cytochrome-b",36.0001,-94.8951,"NA","Manuscript","CH3","OK, Cherokee, Cedar Hollow in Nickel Preserve","Emel, S.L., and Bonett, R.M. 2011. Considering alternative life history modes and genetic divergence in conservation: a case study of the Oklahoma salamander. Conserv Genet 12, 1243–1259. https://doi-org.libproxy.unm.edu/10.1007/s10592-011-0226-9"
"JF768832_cytochrome-b",36.0001,-94.8951,"NA","Manuscript","CH5","OK, Cherokee, Cedar Hollow in Nickel Preserve","Emel, S.L., and Bonett, R.M. 2011. Considering alternative life history modes and genetic divergence in conservation: a case study of the Oklahoma salamander. Conserv Genet 12, 1243–1259. https://doi-org.libproxy.unm.edu/10.1007/s10592-011-0226-9"
"JF768833_cytochrome-b",35.9958,-94.8705,"NA","Manuscript","TuH12","OK, Cherokee, Tulley Hollow in Nickel Preserve","Emel, S.L., and Bonett, R.M. 2011. Considering alternative life history modes and genetic divergence in conservation: a case study of the Oklahoma salamander. Conserv Genet 12, 1243–1259. https://doi-org.libproxy.unm.edu/10.1007/s10592-011-0226-9"
"JF768834_cytochrome-b",35.9861,-94.876,"NA","Manuscript","TuH18","OK, Cherokee, Tulley Hollow in Nickel Preserve","Emel, S.L., and Bonett, R.M. 2011. Considering alternative life history modes and genetic divergence in conservation: a case study of the Oklahoma salamander. Conserv Genet 12, 1243–1259. https://doi-org.libproxy.unm.edu/10.1007/s10592-011-0226-9"
"JF768835_cytochrome-b",35.9932,-94.868,"NA","Manuscript","TuH22","OK, Cherokee, Tulley Hollow in Nickel Preserve","Emel, S.L., and Bonett, R.M. 2011. Considering alternative life history modes and genetic divergence in conservation: a case study of the Oklahoma salamander. Conserv Genet 12, 1243–1259. https://doi-org.libproxy.unm.edu/10.1007/s10592-011-0226-9"
"JF768836_cytochrome-b",36.0581,-94.8509,"NA","Manuscript","DH10","OK, Cherokee, Dog Hollow in Nickel Preserve","Emel, S.L., and Bonett, R.M. 2011. Considering alternative life history modes and genetic divergence in conservation: a case study of the Oklahoma salamander. Conserv Genet 12, 1243–1259. https://doi-org.libproxy.unm.edu/10.1007/s10592-011-0226-9"
"JF768837_cytochrome-b",36.0581,-94.8509,"NA","Manuscript","DH12","OK, Cherokee, Dog Hollow in Nickel Preserve","Emel, S.L., and Bonett, R.M. 2011. Considering alternative life history modes and genetic divergence in conservation: a case study of the Oklahoma salamander. Conserv Genet 12, 1243–1259. https://doi-org.libproxy.unm.edu/10.1007/s10592-011-0226-9"
"JF768838_cytochrome-b",36.0581,-94.8509,"NA","Manuscript","DH13","OK, Cherokee, Dog Hollow in Nickel Preserve","Emel, S.L., and Bonett, R.M. 2011. Considering alternative life history modes and genetic divergence in conservation: a case study of the Oklahoma salamander. Conserv Genet 12, 1243–1259. https://doi-org.libproxy.unm.edu/10.1007/s10592-011-0226-9"
"JF768839_cytochrome-b",36.0581,-94.8509,"NA","Manuscript","DH14","OK, Cherokee, Dog Hollow in Nickel Preserve","Emel, S.L., and Bonett, R.M. 2011. Considering alternative life history modes and genetic divergence in conservation: a case study of the Oklahoma salamander. Conserv Genet 12, 1243–1259. https://doi-org.libproxy.unm.edu/10.1007/s10592-011-0226-9"
"JF768840_cytochrome-b",36.0581,-94.8509,"NA","Manuscript","DH15","OK, Cherokee, Dog Hollow in Nickel Preserve","Emel, S.L., and Bonett, R.M. 2011. Considering alternative life history modes and genetic divergence in conservation: a case study of the Oklahoma salamander. Conserv Genet 12, 1243–1259. https://doi-org.libproxy.unm.edu/10.1007/s10592-011-0226-9"
"JF768841_cytochrome-b",36.0581,-94.8509,"NA","Manuscript","DH18","OK, Cherokee, Dog Hollow in Nickel Preserve","Emel, S.L., and Bonett, R.M. 2011. Considering alternative life history modes and genetic divergence in conservation: a case study of the Oklahoma salamander. Conserv Genet 12, 1243–1259. https://doi-org.libproxy.unm.edu/10.1007/s10592-011-0226-9"
"JF768842_cytochrome-b",36.0581,-94.8509,"NA","Manuscript","DH3","OK, Cherokee, Dog Hollow in Nickel Preserve","Emel, S.L., and Bonett, R.M. 2011. Considering alternative life history modes and genetic divergence in conservation: a case study of the Oklahoma salamander. Conserv Genet 12, 1243–1259. https://doi-org.libproxy.unm.edu/10.1007/s10592-011-0226-9"
"JF768843_cytochrome-b",36.0581,-94.8509,"NA","Manuscript","DH5","OK, Cherokee, Dog Hollow in Nickel Preserve","Emel, S.L., and Bonett, R.M. 2011. Considering alternative life history modes and genetic divergence in conservation: a case study of the Oklahoma salamander. Conserv Genet 12, 1243–1259. https://doi-org.libproxy.unm.edu/10.1007/s10592-011-0226-9"
"JF768844_cytochrome-b",36.052,-94.8119,"NA","Manuscript","SMH1","OK, Cherokee, Sawmill Hollow in Nickel Preserve","Emel, S.L., and Bonett, R.M. 2011. Considering alternative life history modes and genetic divergence in conservation: a case study of the Oklahoma salamander. Conserv Genet 12, 1243–1259. https://doi-org.libproxy.unm.edu/10.1007/s10592-011-0226-9"
"JF768845_cytochrome-b",36.052,-94.8119,"NA","Manuscript","SMH2","OK, Cherokee, Sawmill Hollow in Nickel Preserve","Emel, S.L., and Bonett, R.M. 2011. Considering alternative life history modes and genetic divergence in conservation: a case study of the Oklahoma salamander. Conserv Genet 12, 1243–1259. https://doi-org.libproxy.unm.edu/10.1007/s10592-011-0226-9"
"JF768846_cytochrome-b",36.0576,-94.8149,"NA","Manuscript","SMH20","OK, Cherokee, Sawmill Hollow in Nickel Preserve","Emel, S.L., and Bonett, R.M. 2011. Considering alternative life history modes and genetic divergence in conservation: a case study of the Oklahoma salamander. Conserv Genet 12, 1243–1259. https://doi-org.libproxy.unm.edu/10.1007/s10592-011-0226-9"
"JF768847_cytochrome-b",36.052,-94.8119,"NA","Manuscript","SMH3","OK, Cherokee, Sawmill Hollow in Nickel Preserve","Emel, S.L., and Bonett, R.M. 2011. Considering alternative life history modes and genetic divergence in conservation: a case study of the Oklahoma salamander. Conserv Genet 12, 1243–1259. https://doi-org.libproxy.unm.edu/10.1007/s10592-011-0226-9"
"JF768848_cytochrome-b",36.0355,-94.8722,"NA","Manuscript","TeH1","OK, Cherokee, Telamay Hollow in Nickel Preserve","Emel, S.L., and Bonett, R.M. 2011. Considering alternative life history modes and genetic divergence in conservation: a case study of the Oklahoma salamander. Conserv Genet 12, 1243–1259. https://doi-org.libproxy.unm.edu/10.1007/s10592-011-0226-9"
"JF768849_cytochrome-b",35.7249,-94.9078,"NA","Manuscript","RMB2592","OK, Cherokee, Trib. of Elk Cr., 2 mi N of Cookson","Emel, S.L., and Bonett, R.M. 2011. Considering alternative life history modes and genetic divergence in conservation: a case study of the Oklahoma salamander. Conserv Genet 12, 1243–1259. https://doi-org.libproxy.unm.edu/10.1007/s10592-011-0226-9"
"JF768850_cytochrome-b",35.7249,-94.9078,"NA","Manuscript","RMB2593","OK, Cherokee, Trib. of Elk Cr., 2 mi N of Cookson","Emel, S.L., and Bonett, R.M. 2011. Considering alternative life history modes and genetic divergence in conservation: a case study of the Oklahoma salamander. Conserv Genet 12, 1243–1259. https://doi-org.libproxy.unm.edu/10.1007/s10592-011-0226-9"
"JF768851_cytochrome-b",35.7249,-94.9078,"NA","Manuscript","RMB2594","OK, Cherokee, Trib. of Elk Cr., 2 mi N of Cookson","Emel, S.L., and Bonett, R.M. 2011. Considering alternative life history modes and genetic divergence in conservation: a case study of the Oklahoma salamander. Conserv Genet 12, 1243–1259. https://doi-org.libproxy.unm.edu/10.1007/s10592-011-0226-9"
"JF768852_cytochrome-b",35.7268,-94.9065,"NA","Manuscript","RMB3037","OK, Cherokee, Trib. of Elk Cr., 2 mi N of Cookson","Emel, S.L., and Bonett, R.M. 2011. Considering alternative life history modes and genetic divergence in conservation: a case study of the Oklahoma salamander. Conserv Genet 12, 1243–1259. https://doi-org.libproxy.unm.edu/10.1007/s10592-011-0226-9"
"JF768853_cytochrome-b",35.9786,-94.9276,"NA","Manuscript","RMB2728","OK, Cherokee, McLeeland Spr, 2 mi S of Eagles Bluff","Emel, S.L., and Bonett, R.M. 2011. Considering alternative life history modes and genetic divergence in conservation: a case study of the Oklahoma salamander. Conserv Genet 12, 1243–1259. https://doi-org.libproxy.unm.edu/10.1007/s10592-011-0226-9"
"JF768854_cytochrome-b",36.07,-94.8843,"NA","Manuscript","RMB2693","OK, Cherokee, Peavine Cr., at Hanging Rock","Emel, S.L., and Bonett, R.M. 2011. Considering alternative life history modes and genetic divergence in conservation: a case study of the Oklahoma salamander. Conserv Genet 12, 1243–1259. https://doi-org.libproxy.unm.edu/10.1007/s10592-011-0226-9"
"JF768855_cytochrome-b",35.9605,-94.8172,"NA","Manuscript","RMB2019","OK, Cherokee, Rock Creek, Camp Egan","Emel, S.L., and Bonett, R.M. 2011. Considering alternative life history modes and genetic divergence in conservation: a case study of the Oklahoma salamander. Conserv Genet 12, 1243–1259. https://doi-org.libproxy.unm.edu/10.1007/s10592-011-0226-9"
"JF768856_cytochrome-b",35.9605,-94.8172,"NA","Manuscript","RMB2020","OK, Cherokee, Rock Creek, Camp Egan","Emel, S.L., and Bonett, R.M. 2011. Considering alternative life history modes and genetic divergence in conservation: a case study of the Oklahoma salamander. Conserv Genet 12, 1243–1259. https://doi-org.libproxy.unm.edu/10.1007/s10592-011-0226-9"
"JF768857_cytochrome-b",35.9605,-94.8172,"NA","Manuscript","RMB2021","OK, Cherokee, Rock Creek, Camp Egan","Emel, S.L., and Bonett, R.M. 2011. Considering alternative life history modes and genetic divergence in conservation: a case study of the Oklahoma salamander. Conserv Genet 12, 1243–1259. https://doi-org.libproxy.unm.edu/10.1007/s10592-011-0226-9"
"JF768858_cytochrome-b",35.9629,-94.819,"NA","Manuscript","RMB3263","OK, Cherokee, Rock Creek, Camp Egan","Emel, S.L., and Bonett, R.M. 2011. Considering alternative life history modes and genetic divergence in conservation: a case study of the Oklahoma salamander. Conserv Genet 12, 1243–1259. https://doi-org.libproxy.unm.edu/10.1007/s10592-011-0226-9"
"JF768859_cytochrome-b",35.9629,-94.819,"NA","Manuscript","RMB3264","OK, Cherokee, Rock Creek, Camp Egan","Emel, S.L., and Bonett, R.M. 2011. Considering alternative life history modes and genetic divergence in conservation: a case study of the Oklahoma salamander. Conserv Genet 12, 1243–1259. https://doi-org.libproxy.unm.edu/10.1007/s10592-011-0226-9"
"JF768860_cytochrome-b",35.9629,-94.819,"NA","Manuscript","RMB3266","OK, Cherokee, Rock Creek, Camp Egan","Emel, S.L., and Bonett, R.M. 2011. Considering alternative life history modes and genetic divergence in conservation: a case study of the Oklahoma salamander. Conserv Genet 12, 1243–1259. https://doi-org.libproxy.unm.edu/10.1007/s10592-011-0226-9"
"JF768861_cytochrome-b",36.3219,-94.7097,"NA","Manuscript","RMB2970","OK, Delaware, Confluence of Spavinaw Cr & January/Stansbury Cave stream","Emel, S.L., and Bonett, R.M. 2011. Considering alternative life history modes and genetic divergence in conservation: a case study of the Oklahoma salamander. Conserv Genet 12, 1243–1259. https://doi-org.libproxy.unm.edu/10.1007/s10592-011-0226-9"
"JF768862_cytochrome-b",36.3219,-94.7097,"NA","Manuscript","RMB2971","OK, Delaware, Confluence of Spavinaw Cr & January/Stansbury Cave stream","Emel, S.L., and Bonett, R.M. 2011. Considering alternative life history modes and genetic divergence in conservation: a case study of the Oklahoma salamander. Conserv Genet 12, 1243–1259. https://doi-org.libproxy.unm.edu/10.1007/s10592-011-0226-9"
"JF768863_cytochrome-b",36.3154,-94.9833,"NA","Manuscript","RMB2705","OK, Delaware, Saline Cr., 0.5 mi E of Kenwood","Emel, S.L., and Bonett, R.M. 2011. Considering alternative life history modes and genetic divergence in conservation: a case study of the Oklahoma salamander. Conserv Genet 12, 1243–1259. https://doi-org.libproxy.unm.edu/10.1007/s10592-011-0226-9"
"JF768864_cytochrome-b",36.317,-94.8357,"NA","Manuscript","RMB2706","OK, Delaware, Spring Cr., just E of Runaway Hollow","Emel, S.L., and Bonett, R.M. 2011. Considering alternative life history modes and genetic divergence in conservation: a case study of the Oklahoma salamander. Conserv Genet 12, 1243–1259. https://doi-org.libproxy.unm.edu/10.1007/s10592-011-0226-9"
"JF768865_cytochrome-b",36.2642,-94.7228,"NA","Manuscript","RMB2898","OK, Delaware, Spring off of Rt 116, 2 mi W of Colcord","Emel, S.L., and Bonett, R.M. 2011. Considering alternative life history modes and genetic divergence in conservation: a case study of the Oklahoma salamander. Conserv Genet 12, 1243–1259. https://doi-org.libproxy.unm.edu/10.1007/s10592-011-0226-9"
"JF768866_cytochrome-b",36.2642,-94.7228,"NA","Manuscript","RMB2899","OK, Delaware, Spring off of Rt 116, 2 mi W of Colcord","Emel, S.L., and Bonett, R.M. 2011. Considering alternative life history modes and genetic divergence in conservation: a case study of the Oklahoma salamander. Conserv Genet 12, 1243–1259. https://doi-org.libproxy.unm.edu/10.1007/s10592-011-0226-9"
"JF768867_cytochrome-b",36.2642,-94.7228,"NA","Manuscript","RMB2900","OK, Delaware, Spring off of Rt 116, 2 mi W of Colcord","Emel, S.L., and Bonett, R.M. 2011. Considering alternative life history modes and genetic divergence in conservation: a case study of the Oklahoma salamander. Conserv Genet 12, 1243–1259. https://doi-org.libproxy.unm.edu/10.1007/s10592-011-0226-9"
"JF768868_cytochrome-b",36.2642,-94.7228,"NA","Manuscript","RMB2901","OK, Delaware, Spring off of Rt 116, 2 mi W of Colcord","Emel, S.L., and Bonett, R.M. 2011. Considering alternative life history modes and genetic divergence in conservation: a case study of the Oklahoma salamander. Conserv Genet 12, 1243–1259. https://doi-org.libproxy.unm.edu/10.1007/s10592-011-0226-9"
"JF768869_cytochrome-b",36.2642,-94.7228,"NA","Manuscript","RMB2902","OK, Delaware, Spring off of Rt 116, 2 mi W of Colcord","Emel, S.L., and Bonett, R.M. 2011. Considering alternative life history modes and genetic divergence in conservation: a case study of the Oklahoma salamander. Conserv Genet 12, 1243–1259. https://doi-org.libproxy.unm.edu/10.1007/s10592-011-0226-9"
"JF768870_cytochrome-b",36.5349,-94.7606,"NA","Manuscript","RMB2707","OK, Delaware, White Water Cr., 1 mi N of Grand Lake O' the Cherokees","Emel, S.L., and Bonett, R.M. 2011. Considering alternative life history modes and genetic divergence in conservation: a case study of the Oklahoma salamander. Conserv Genet 12, 1243–1259. https://doi-org.libproxy.unm.edu/10.1007/s10592-011-0226-9"
"JF768871_cytochrome-b",36.2666,-95.0994,"NA","Manuscript","RMB2630","OK, Mayes, Trib. of Saline Cr., just N of Chimney Rock Lake","Emel, S.L., and Bonett, R.M. 2011. Considering alternative life history modes and genetic divergence in conservation: a case study of the Oklahoma salamander. Conserv Genet 12, 1243–1259. https://doi-org.libproxy.unm.edu/10.1007/s10592-011-0226-9"
"JF768872_cytochrome-b",36.7212,-94.7301,"NA","Manuscript","RMB3292","OK, Ottawa, Council Hollow, Stream off of Rt. 10","Emel, S.L., and Bonett, R.M. 2011. Considering alternative life history modes and genetic divergence in conservation: a case study of the Oklahoma salamander. Conserv Genet 12, 1243–1259. https://doi-org.libproxy.unm.edu/10.1007/s10592-011-0226-9"
"JF768873_cytochrome-b",36.7212,-94.7301,"NA","Manuscript","RMB3293","OK, Ottawa, Council Hollow, Stream off of Rt. 10","Emel, S.L., and Bonett, R.M. 2011. Considering alternative life history modes and genetic divergence in conservation: a case study of the Oklahoma salamander. Conserv Genet 12, 1243–1259. https://doi-org.libproxy.unm.edu/10.1007/s10592-011-0226-9"
"JF768874_cytochrome-b",36.7212,-94.7301,"NA","Manuscript","RMB3294","OK, Ottawa, Council Hollow, Stream off of Rt. 10","Emel, S.L., and Bonett, R.M. 2011. Considering alternative life history modes and genetic divergence in conservation: a case study of the Oklahoma salamander. Conserv Genet 12, 1243–1259. https://doi-org.libproxy.unm.edu/10.1007/s10592-011-0226-9"
"JF768875_cytochrome-b",36.7212,-94.7301,"NA","Manuscript","RMB3296","OK, Ottawa, Council Hollow, Stream off of Rt. 10","Emel, S.L., and Bonett, R.M. 2011. Considering alternative life history modes and genetic divergence in conservation: a case study of the Oklahoma salamander. Conserv Genet 12, 1243–1259. https://doi-org.libproxy.unm.edu/10.1007/s10592-011-0226-9"
"JF768876_cytochrome-b",36.7212,-94.7301,"NA","Manuscript","RMB3297","OK, Ottawa, Council Hollow, Stream off of Rt. 10","Emel, S.L., and Bonett, R.M. 2011. Considering alternative life history modes and genetic divergence in conservation: a case study of the Oklahoma salamander. Conserv Genet 12, 1243–1259. https://doi-org.libproxy.unm.edu/10.1007/s10592-011-0226-9"
"JF768877_cytochrome-b",36.7212,-94.7301,"NA","Manuscript","RMB3321","OK, Ottawa, Council Hollow, Stream off of Rt. 10","Emel, S.L., and Bonett, R.M. 2011. Considering alternative life history modes and genetic divergence in conservation: a case study of the Oklahoma salamander. Conserv Genet 12, 1243–1259. https://doi-org.libproxy.unm.edu/10.1007/s10592-011-0226-9"
"JF768878_cytochrome-b",36.7213,-94.7303,"NA","Manuscript","02 – May – 05","OK, Ottawa, Council Hollow, Stream off of Rt. 10","Emel, S.L., and Bonett, R.M. 2011. Considering alternative life history modes and genetic divergence in conservation: a case study of the Oklahoma salamander. Conserv Genet 12, 1243–1259. https://doi-org.libproxy.unm.edu/10.1007/s10592-011-0226-9"
"JF768879_cytochrome-b",36.7681,-94.6926,"NA","Manuscript","RMB2737","OK, Ottawa, Sycamore Cr., Rt 10., 3 mi SE of Wyandotte","Emel, S.L., and Bonett, R.M. 2011. Considering alternative life history modes and genetic divergence in conservation: a case study of the Oklahoma salamander. Conserv Genet 12, 1243–1259. https://doi-org.libproxy.unm.edu/10.1007/s10592-011-0226-9"
"JF768880_cytochrome-b",36.7681,-94.6926,"NA","Manuscript","RMB2739","OK, Ottawa, Sycamore Cr., Rt 10., 3 mi SE of Wyandotte","Emel, S.L., and Bonett, R.M. 2011. Considering alternative life history modes and genetic divergence in conservation: a case study of the Oklahoma salamander. Conserv Genet 12, 1243–1259. https://doi-org.libproxy.unm.edu/10.1007/s10592-011-0226-9"
"JF768881_cytochrome-b",36.7681,-94.6926,"NA","Manuscript","RMB2740","OK, Ottawa, Sycamore Cr., Rt 10., 3 mi SE of Wyandotte","Emel, S.L., and Bonett, R.M. 2011. Considering alternative life history modes and genetic divergence in conservation: a case study of the Oklahoma salamander. Conserv Genet 12, 1243–1259. https://doi-org.libproxy.unm.edu/10.1007/s10592-011-0226-9"
"JF768882_cytochrome-b",36.7681,-94.6926,"NA","Manuscript","RMB2741","OK, Ottawa, Sycamore Cr., Rt 10., 3 mi SE of Wyandotte","Emel, S.L., and Bonett, R.M. 2011. Considering alternative life history modes and genetic divergence in conservation: a case study of the Oklahoma salamander. Conserv Genet 12, 1243–1259. https://doi-org.libproxy.unm.edu/10.1007/s10592-011-0226-9"
"JF768883_cytochrome-b",36.7681,-94.6926,"NA","Manuscript","RMB2743","OK, Ottawa, Sycamore Cr., Rt 10., 3 mi SE of Wyandotte","Emel, S.L., and Bonett, R.M. 2011. Considering alternative life history modes and genetic divergence in conservation: a case study of the Oklahoma salamander. Conserv Genet 12, 1243–1259. https://doi-org.libproxy.unm.edu/10.1007/s10592-011-0226-9"
"JF768884_cytochrome-b",36.7681,-94.6926,"NA","Manuscript","RMB2744","OK, Ottawa, Sycamore Cr., Rt 10., 3 mi SE of Wyandotte","Emel, S.L., and Bonett, R.M. 2011. Considering alternative life history modes and genetic divergence in conservation: a case study of the Oklahoma salamander. Conserv Genet 12, 1243–1259. https://doi-org.libproxy.unm.edu/10.1007/s10592-011-0226-9"
"JF768885_cytochrome-b",35.6287,-94.9789,"NA","Manuscript","RMB2582","OK, Sequoyah, Trib. of Lake Tenkiller, 10.5 mi NE of Gore","Emel, S.L., and Bonett, R.M. 2011. Considering alternative life history modes and genetic divergence in conservation: a case study of the Oklahoma salamander. Conserv Genet 12, 1243–1259. https://doi-org.libproxy.unm.edu/10.1007/s10592-011-0226-9"
"JF768886_cytochrome-b",35.6287,-94.9789,"NA","Manuscript","RMB2583","OK, Sequoyah, Trib. of Lake Tenkiller, 10.5 mi NE of Gore","Emel, S.L., and Bonett, R.M. 2011. Considering alternative life history modes and genetic divergence in conservation: a case study of the Oklahoma salamander. Conserv Genet 12, 1243–1259. https://doi-org.libproxy.unm.edu/10.1007/s10592-011-0226-9"
"JF768887_cytochrome-b",35.6287,-94.9789,"NA","Manuscript","RMB2585","OK, Sequoyah, Trib. of Lake Tenkiller, 10.5 mi NE of Gore","Emel, S.L., and Bonett, R.M. 2011. Considering alternative life history modes and genetic divergence in conservation: a case study of the Oklahoma salamander. Conserv Genet 12, 1243–1259. https://doi-org.libproxy.unm.edu/10.1007/s10592-011-0226-9"
"JF768888_cytochrome-b",35.6287,-94.9789,"NA","Manuscript","RMB2586","OK, Sequoyah, Trib. of Lake Tenkiller, 10.5 mi NE of Gore","Emel, S.L., and Bonett, R.M. 2011. Considering alternative life history modes and genetic divergence in conservation: a case study of the Oklahoma salamander. Conserv Genet 12, 1243–1259. https://doi-org.libproxy.unm.edu/10.1007/s10592-011-0226-9"
"JF768889_cytochrome-b",35.6287,-94.9789,"NA","Manuscript","RMB2587","OK, Sequoyah, Trib. of Lake Tenkiller, 10.5 mi NE of Gore","Emel, S.L., and Bonett, R.M. 2011. Considering alternative life history modes and genetic divergence in conservation: a case study of the Oklahoma salamander. Conserv Genet 12, 1243–1259. https://doi-org.libproxy.unm.edu/10.1007/s10592-011-0226-9"
"JF768890_cytochrome-b",35.6287,-94.9789,"NA","Manuscript","RMB2588","OK, Sequoyah, Trib. of Lake Tenkiller, 10.5 mi NE of Gore","Emel, S.L., and Bonett, R.M. 2011. Considering alternative life history modes and genetic divergence in conservation: a case study of the Oklahoma salamander. Conserv Genet 12, 1243–1259. https://doi-org.libproxy.unm.edu/10.1007/s10592-011-0226-9"
"JF768891_cytochrome-b",35.5786,-94.5574,"NA","Manuscript","RMB2652","OK, Sequoyah, Little Lee Cr., off of Rt 101","Emel, S.L., and Bonett, R.M. 2011. Considering alternative life history modes and genetic divergence in conservation: a case study of the Oklahoma salamander. Conserv Genet 12, 1243–1259. https://doi-org.libproxy.unm.edu/10.1007/s10592-011-0226-9"
"JF768892_cytochrome-b",35.5786,-94.5574,"NA","Manuscript","RMB2653","OK, Sequoyah, Little Lee Cr., off of Rt 101","Emel, S.L., and Bonett, R.M. 2011. Considering alternative life history modes and genetic divergence in conservation: a case study of the Oklahoma salamander. Conserv Genet 12, 1243–1259. https://doi-org.libproxy.unm.edu/10.1007/s10592-011-0226-9"
"JF768893_cytochrome-b",35.5786,-94.5574,"NA","Manuscript","RMB2654","OK, Sequoyah, Little Lee Cr., off of Rt 101","Emel, S.L., and Bonett, R.M. 2011. Considering alternative life history modes and genetic divergence in conservation: a case study of the Oklahoma salamander. Conserv Genet 12, 1243–1259. https://doi-org.libproxy.unm.edu/10.1007/s10592-011-0226-9"
"JF768894_cytochrome-b",35.5786,-94.5574,"NA","Manuscript","RMB2655","OK, Sequoyah, Little Lee Cr., off of Rt 101","Emel, S.L., and Bonett, R.M. 2011. Considering alternative life history modes and genetic divergence in conservation: a case study of the Oklahoma salamander. Conserv Genet 12, 1243–1259. https://doi-org.libproxy.unm.edu/10.1007/s10592-011-0226-9"
"JF768895_cytochrome-b",35.5668,-94.7357,"NA","Manuscript","RMB3033","OK, Sequoyah, Stream crossing Rt E1000, W of Brushy","Emel, S.L., and Bonett, R.M. 2011. Considering alternative life history modes and genetic divergence in conservation: a case study of the Oklahoma salamander. Conserv Genet 12, 1243–1259. https://doi-org.libproxy.unm.edu/10.1007/s10592-011-0226-9"
"JF768896_cytochrome-b",35.5582,-94.5674,"NA","Manuscript","RMB2619","OK, Sequoyah, Polecat Cr., off of Rt 101","Emel, S.L., and Bonett, R.M. 2011. Considering alternative life history modes and genetic divergence in conservation: a case study of the Oklahoma salamander. Conserv Genet 12, 1243–1259. https://doi-org.libproxy.unm.edu/10.1007/s10592-011-0226-9"
"JF768897_cytochrome-b",35.5582,-94.5674,"NA","Manuscript","RMB2620","OK, Sequoyah, Polecat Cr., off of Rt 101","Emel, S.L., and Bonett, R.M. 2011. Considering alternative life history modes and genetic divergence in conservation: a case study of the Oklahoma salamander. Conserv Genet 12, 1243–1259. https://doi-org.libproxy.unm.edu/10.1007/s10592-011-0226-9"
"JF768898_cytochrome-b",35.5582,-94.5674,"NA","Manuscript","RMB2621","OK, Sequoyah, Polecat Cr., off of Rt 101","Emel, S.L., and Bonett, R.M. 2011. Considering alternative life history modes and genetic divergence in conservation: a case study of the Oklahoma salamander. Conserv Genet 12, 1243–1259. https://doi-org.libproxy.unm.edu/10.1007/s10592-011-0226-9"
"JF768899_cytochrome-b",35.5582,-94.5674,"NA","Manuscript","RMB2622","OK, Sequoyah, Polecat Cr., off of Rt 101","Emel, S.L., and Bonett, R.M. 2011. Considering alternative life history modes and genetic divergence in conservation: a case study of the Oklahoma salamander. Conserv Genet 12, 1243–1259. https://doi-org.libproxy.unm.edu/10.1007/s10592-011-0226-9"
"JF768900_cytochrome-b",35.5582,-94.5674,"NA","Manuscript","RMB2623","OK, Sequoyah, Polecat Cr., off of Rt 101","Emel, S.L., and Bonett, R.M. 2011. Considering alternative life history modes and genetic divergence in conservation: a case study of the Oklahoma salamander. Conserv Genet 12, 1243–1259. https://doi-org.libproxy.unm.edu/10.1007/s10592-011-0226-9"
"JF768901_cytochrome-b",35.5582,-94.5674,"NA","Manuscript","RMB2624","OK, Sequoyah, Polecat Cr., off of Rt 101","Emel, S.L., and Bonett, R.M. 2011. Considering alternative life history modes and genetic divergence in conservation: a case study of the Oklahoma salamander. Conserv Genet 12, 1243–1259. https://doi-org.libproxy.unm.edu/10.1007/s10592-011-0226-9"
"JF768902_cytochrome-b",35.5582,-94.5674,"NA","Manuscript","RMB2625","OK, Sequoyah, Polecat Cr., off of Rt 101","Emel, S.L., and Bonett, R.M. 2011. Considering alternative life history modes and genetic divergence in conservation: a case study of the Oklahoma salamander. Conserv Genet 12, 1243–1259. https://doi-org.libproxy.unm.edu/10.1007/s10592-011-0226-9"
"JF768903_cytochrome-b",35.5582,-94.5674,"NA","Manuscript","RMB2626","OK, Sequoyah, Polecat Cr., off of Rt 101","Emel, S.L., and Bonett, R.M. 2011. Considering alternative life history modes and genetic divergence in conservation: a case study of the Oklahoma salamander. Conserv Genet 12, 1243–1259. https://doi-org.libproxy.unm.edu/10.1007/s10592-011-0226-9"
"JF768904_cytochrome-b",35.5582,-94.5674,"NA","Manuscript","RMB2627","OK, Sequoyah, Polecat Cr., off of Rt 101","Emel, S.L., and Bonett, R.M. 2011. Considering alternative life history modes and genetic divergence in conservation: a case study of the Oklahoma salamander. Conserv Genet 12, 1243–1259. https://doi-org.libproxy.unm.edu/10.1007/s10592-011-0226-9"
"JF768905_cytochrome-b",35.5068,-94.7434,"NA","Manuscript","RMB3027","OK, Sequoyah, Tin Cup Cr., 5 mi NE of Sallisaw","Emel, S.L., and Bonett, R.M. 2011. Considering alternative life history modes and genetic divergence in conservation: a case study of the Oklahoma salamander. Conserv Genet 12, 1243–1259. https://doi-org.libproxy.unm.edu/10.1007/s10592-011-0226-9"
"JF768906_cytochrome-b",35.5068,-94.7434,"NA","Manuscript","RMB3028","OK, Sequoyah, Tin Cup Cr., 5 mi NE of Sallisaw","Emel, S.L., and Bonett, R.M. 2011. Considering alternative life history modes and genetic divergence in conservation: a case study of the Oklahoma salamander. Conserv Genet 12, 1243–1259. https://doi-org.libproxy.unm.edu/10.1007/s10592-011-0226-9"
"JF768907_cytochrome-b",35.5068,-94.7434,"NA","Manuscript","RMB3029","OK, Sequoyah, Tin Cup Cr., 5 mi NE of Sallisaw","Emel, S.L., and Bonett, R.M. 2011. Considering alternative life history modes and genetic divergence in conservation: a case study of the Oklahoma salamander. Conserv Genet 12, 1243–1259. https://doi-org.libproxy.unm.edu/10.1007/s10592-011-0226-9"
"JF768908_cytochrome-b",35.5068,-94.7434,"NA","Manuscript","RMB2633","OK, Sequoyah, Tin Cup Cr., 5 mi NE of Sallisaw","Emel, S.L., and Bonett, R.M. 2011. Considering alternative life history modes and genetic divergence in conservation: a case study of the Oklahoma salamander. Conserv Genet 12, 1243–1259. https://doi-org.libproxy.unm.edu/10.1007/s10592-011-0226-9"
"JF768909_cytochrome-b",35.5068,-94.7434,"NA","Manuscript","RMB2634","OK, Sequoyah, Tin Cup Cr., 5 mi NE of Sallisaw","Emel, S.L., and Bonett, R.M. 2011. Considering alternative life history modes and genetic divergence in conservation: a case study of the Oklahoma salamander. Conserv Genet 12, 1243–1259. https://doi-org.libproxy.unm.edu/10.1007/s10592-011-0226-9"
"JF768910_cytochrome-b",35.4156,-94.5856,"NA","Manuscript","RMB2645","OK, Sequoyah, Stream off of Weaver Loop, 2 mi NE of Muldrow","Emel, S.L., and Bonett, R.M. 2011. Considering alternative life history modes and genetic divergence in conservation: a case study of the Oklahoma salamander. Conserv Genet 12, 1243–1259. https://doi-org.libproxy.unm.edu/10.1007/s10592-011-0226-9"
"JF768911_cytochrome-b",35.4156,-94.5856,"NA","Manuscript","RMB2646","OK, Sequoyah, Stream off of Weaver Loop, 2 mi NE of Muldrow","Emel, S.L., and Bonett, R.M. 2011. Considering alternative life history modes and genetic divergence in conservation: a case study of the Oklahoma salamander. Conserv Genet 12, 1243–1259. https://doi-org.libproxy.unm.edu/10.1007/s10592-011-0226-9"
"JF768912_cytochrome-b",35.9629,-94.819,"NA","Manuscript","RMB3267","OK, Cherokee, Rock Creek, Camp Egan","Emel, S.L., and Bonett, R.M. 2011. Considering alternative life history modes and genetic divergence in conservation: a case study of the Oklahoma salamander. Conserv Genet 12, 1243–1259. https://doi-org.libproxy.unm.edu/10.1007/s10592-011-0226-9"
"JF768913_cytochrome-b",36.5754,-94.1416,"NA","Manuscript","RMB2760","MO, McDonald, Big Sugar Cr., Rt 90, near intersection with KK","Emel, S.L., and Bonett, R.M. 2011. Considering alternative life history modes and genetic divergence in conservation: a case study of the Oklahoma salamander. Conserv Genet 12, 1243–1259. https://doi-org.libproxy.unm.edu/10.1007/s10592-011-0226-9"
"JF768914_cytochrome-b",35.5653,-94.2046,"NA","Manuscript","RMB2213","AR, Crawford, 5 mi S of Mountinburg","Emel, S.L., and Bonett, R.M. 2011. Considering alternative life history modes and genetic divergence in conservation: a case study of the Oklahoma salamander. Conserv Genet 12, 1243–1259. https://doi-org.libproxy.unm.edu/10.1007/s10592-011-0226-9"
"JF768915_cytochrome-b",35.8068,-94.1315,"NA","Manuscript","RMB2216","AR, Washington, Winslow","Emel, S.L., and Bonett, R.M. 2011. Considering alternative life history modes and genetic divergence in conservation: a case study of the Oklahoma salamander. Conserv Genet 12, 1243–1259. https://doi-org.libproxy.unm.edu/10.1007/s10592-011-0226-9"
"JF768916_cytochrome-b",35.9629,-94.819,"NA","Manuscript","RMB3262","OK, Cherokee, Rock Creek, Camp Egan","Emel, S.L., and Bonett, R.M. 2011. Considering alternative life history modes and genetic divergence in conservation: a case study of the Oklahoma salamander. Conserv Genet 12, 1243–1259. https://doi-org.libproxy.unm.edu/10.1007/s10592-011-0226-9"
"JF768917_cytochrome-b",35.7062,-94.3178,"NA","Manuscript","RMB2665","AR, Crawford, Rt 220, S of FR1716, Ozark N.F.","Emel, S.L., and Bonett, R.M. 2011. Considering alternative life history modes and genetic divergence in conservation: a case study of the Oklahoma salamander. Conserv Genet 12, 1243–1259. https://doi-org.libproxy.unm.edu/10.1007/s10592-011-0226-9"
"JF768918_cytochrome-b",35.8866,-94.1683,"NA","Manuscript","RMB2223","AR, Washington, Seeps along Rt 71, Woolsey","Emel, S.L., and Bonett, R.M. 2011. Considering alternative life history modes and genetic divergence in conservation: a case study of the Oklahoma salamander. Conserv Genet 12, 1243–1259. https://doi-org.libproxy.unm.edu/10.1007/s10592-011-0226-9"
"JF768919_cytochrome-b",36.4496,-93.9697,"NA","Manuscript","RMB2896","AR, Benton, Ashmore Cr, Garfield","Emel, S.L., and Bonett, R.M. 2011. Considering alternative life history modes and genetic divergence in conservation: a case study of the Oklahoma salamander. Conserv Genet 12, 1243–1259. https://doi-org.libproxy.unm.edu/10.1007/s10592-011-0226-9"
