"value","Lat","Lon","Error_km","Method","MuseumFieldNumber","Notes","Reference"
"KT794531_cytochrome-b",34.785,-87.98083,"NA","Manuscript","USNM_317756","NA","Kuchta et al., 2016  http://wileyonlinelibrary.com/journal/jbi 639 doi:10.1111/jbi.12668"
"KT794549_cytochrome-b",35.759722,-84.451944,"NA","Manuscript","USNM_317754","NA","Kuchta et al., 2016  http://wileyonlinelibrary.com/journal/jbi 639 doi:10.1111/jbi.12668"
"EU336370_cytb",35.749512,-84.454377,489,"GeoLocate","NA","NA","NA"
"KF562571_Cytb",36.531921,-86.799528,269,"GeoLocate","NA","NA","NA"
"EU336372_cytb",35.6833,-83.7167,343,"GeoLocate","NA","NA","NA"
"EU336373_cytb",36.531921,-86.799528,269,"GeoLocate","NA","NA","NA"
"EU336374_cytb",35.95,-83.8667,169,"GeoLocate","NA","NA","NA"
"KY073013_cytb",35.993216,-83.937087,16408,"GeoLocate","KW1161","NA","NA"
"EU336375_cytb",35.831839,-85.468631,939,"GeoLocate","NA","NA","NA"
"KY073014_cytb",35.993216,-83.937087,16408,"GeoLocate","KW1164","NA","NA"
