"value","Lat","Lon","Method","Error_km","Museum_Field_Number","Notes","Reference"
"KT794543 Gyrinophilus porphyriticus",34.7625,-84.0778,"iDigBio",0,"USNM_524376","Found on iDigBio","https://www.gbif.org/occurrence/1322922901"
"KT794542 Gyrinophilus porphyriticus",34.6522,-84.0325,"iDigBio",0,"USNM_524374","Found on iDigBio","https://www.gbif.org/occurrence/1317905307"
"KT794541 Gyrinophilus porphyriticus",34.9417,-83.545,"iDigBio",0,"USNM_524363","Found on iDigBio","https://www.gbif.org/occurrence/1322284761"
"KT794544 Gyrinophilus porphyriticus",35.0803,-83.1417,"iDigBio",0,"USNM_525020","Found on iDigBio","https://www.gbif.org/occurrence/1317374218"
"KT794547 Gyrinophilus porphyriticus",37.8172,-83.6808,"iDigBio",0,"USNM_524968","Found on iDigBio","https://www.gbif.org/occurrence/1320025905"
"KT794551 Gyrinophilus porphyriticus",36.6636,-83.2431,"iDigBio",0,"USNM_525240","Found on iDigBio","https://www.gbif.org/occurrence/1321601830"
"KT794437 Gyrinophilus porphyriticus",36.62,-83.2183,"iDigBio",0,"USNM_525243","Found on iDigBio","https://www.gbif.org/occurrence/1321245689"
"KT794469 Gyrinophilus porphyriticus",38.7708,-78.1539,"iDigBio",0,"USNM_525251","Found on iDigBio","https://www.gbif.org/occurrence/1319893647"
"KT794468 Gyrinophilus porphyriticus",38.7708,-78.1539,"iDigBio",0,"USNM_525250","Found on iDigBio","https://www.gbif.org/occurrence/1320827035"
"KT794467 Gyrinophilus porphyriticus",38.7728,-78.16,"iDigBio",0,"USNM_525256","Found on iDigBio","https://www.gbif.org/occurrence/1317759389"
"KT794466 Gyrinophilus porphyriticus",38.7717,-78.1556,"iDigBio",0,"USNM_525259","Found on iDigBio","https://www.gbif.org/occurrence/1322617398"
"KT794464 Gyrinophilus porphyriticus",37.7556,-80.5542,"iDigBio",0,"USNM_525276","Found on iDigBio","https://www.gbif.org/occurrence/1318311686"
"KT794463 Gyrinophilus porphyriticus",37.7556,-80.5542,"iDigBio",0,"USNM_525274","Found on iDigBio","https://www.gbif.org/occurrence/1321095163"
"KT794522 Gyrinophilus porphyriticus",36.1606,-81.6906,"iDigBio",0,"USNM_525100","Found on iDigBio","https://www.gbif.org/occurrence/1318330993"
"KT794521 Gyrinophilus porphyriticus",36.4558,-81.0806,"iDigBio",0,"USNM_524972","Found on iDigBio","https://www.gbif.org/occurrence/1321569716"
"KT794518 Gyrinophilus porphyriticus",36.0892,-81.8183,"iDigBio",0,"USNM_524980","Found on iDigBio","https://www.gbif.org/occurrence/1321695291"
"KT794536 Gyrinophilus porphyriticus",34.7422,-82.8431,"iDigBio",0,"USNM_525182","Found on iDigBio","https://www.gbif.org/occurrence/1318285925"
"KT794539 Gyrinophilus porphyriticus",35.5967,-82.3153,"iDigBio",0,"USNM_524989","Found on iDigBio","https://www.gbif.org/occurrence/1318425748"
"KT794538 Gyrinophilus porphyriticus",35.5172,-82.2578,"iDigBio",0,"USNM_524990","Found on iDigBio","https://www.gbif.org/occurrence/1318203462"
"KT794523 Gyrinophilus porphyriticus",35.3758,-84.0139,"iDigBio",0,"USNM_525192","Found on iDigBio","https://www.gbif.org/occurrence/1321376223"
"KT794530 Gyrinophilus porphyriticus",35.3406,-84.2017,"iDigBio",0,"USNM_525199","Found on iDigBio","https://www.gbif.org/occurrence/1322478825"
"KT794524 Gyrinophilus porphyriticus",35.3231,-84.1689,"iDigBio",0,"USNM_525193","Found on iDigBio","https://www.gbif.org/occurrence/1318160748"
"KT794534 Gyrinophilus porphyriticus",35.3261,-84.0425,"iDigBio",0,"USNM_525202","Found on iDigBio","https://www.gbif.org/occurrence/1317925651"
"KT794533 Gyrinophilus porphyriticus",35.3272,-84.0486,"iDigBio",0,"USNM_525201","Found on iDigBio","https://www.gbif.org/occurrence/1317935524"
"KT794532 Gyrinophilus porphyriticus",34.4861,-85.5117,"iDigBio",0,"USNM_524354","Found on iDigBio","https://www.gbif.org/occurrence/1319552110"
"KT794535 Gyrinophilus porphyriticus",35.3811,-83.9842,"iDigBio",0,"USNM_525000","Found on iDigBio","https://www.gbif.org/occurrence/1317790890"
