value,Lat,Lon,Method,Error_km,Museum_Field_Number,Notes,Reference,locality
ON524112 Gyrinophilus subterraneus,37.75556,-80.55417,paper,NA,"RH70301, USNM525271",NA,https://doi.org/10.1007/s10592-022-01445-7,"distance into cave unknown m, General Davis Cave, Greenbrier County, WV"
KF562582 Gyrinophilus subterraneus,37.7562,-80.5526,paper,NA,MLN551,DUPLICATE same sample as ON524113,https://doi.org/10.1111/evo.12274 and https://doi.org/10.1007/s10592-022-01445-7,
ON524161 Gyrinophilus subterraneus,37.7562,-80.5526,paper,NA,GS02,NA,https://doi.org/10.1007/s10592-022-01445-7,"distance into cave 397 m, General Davis Cave, Greenbrier County, WV"
ON524160 Gyrinophilus subterraneus,37.7562,-80.5526,paper,NA,GS03,NA,https://doi.org/10.1007/s10592-022-01445-7,"distance into cave 310 m, General Davis Cave, Greenbrier County, WV"
ON524159 Gyrinophilus subterraneus,37.7562,-80.5526,paper,NA,GS04,NA,https://doi.org/10.1007/s10592-022-01445-7,"distance into cave 411 m, General Davis Cave, Greenbrier County, WV"
ON524158 Gyrinophilus subterraneus,37.7562,-80.5526,paper,NA,GS05,NA,https://doi.org/10.1007/s10592-022-01445-7,"distance into cave 144 m, General Davis Cave, Greenbrier County, WV"
ON524157 Gyrinophilus subterraneus,37.75573,-80.55378,paper,NA,JGP346,NA,https://doi.org/10.1007/s10592-022-01445-7,"distance into cave over 350 m, General Davis Cave, Greenbrier County, WV"
ON524156 Gyrinophilus subterraneus,37.75573,-80.55378,paper,NA,JGP347,NA,https://doi.org/10.1007/s10592-022-01445-7,"distance into cave 30-250 m, General Davis Cave, Greenbrier County, WV"
ON524155 Gyrinophilus subterraneus,37.75573,-80.55378,paper,NA,JGP348,NA,https://doi.org/10.1007/s10592-022-01445-7,"distance into cave over 350 m, General Davis Cave, Greenbrier County, WV"
ON524152 Gyrinophilus subterraneus,37.75573,-80.55378,paper,NA,JGP352,NA,https://doi.org/10.1007/s10592-022-01445-7,"distance into cave 30-250 m, General Davis Cave, Greenbrier County, WV"
ON524151 Gyrinophilus subterraneus,37.75573,-80.55378,paper,NA,JGP354,NA,https://doi.org/10.1007/s10592-022-01445-7,"distance into cave 30-250 m, General Davis Cave, Greenbrier County, WV"
ON524150 Gyrinophilus subterraneus,37.75573,-80.55378,paper,NA,JGP355,NA,https://doi.org/10.1007/s10592-022-01445-7,"distance into cave 30-250 m, General Davis Cave, Greenbrier County, WV"
ON524148 Gyrinophilus subterraneus,37.7562,-80.5526,paper,NA,MLN121,NA,https://doi.org/10.1007/s10592-022-01445-7,"distance into cave 66 m, General Davis Cave, Greenbrier County, WV"
ON524145 Gyrinophilus subterraneus,37.7562,-80.5526,paper,NA,MLN124,NA,https://doi.org/10.1007/s10592-022-01445-7,"distance into cave 62 m, General Davis Cave, Greenbrier County, WV"
ON524141 Gyrinophilus subterraneus,37.7562,-80.5526,paper,NA,MLN130,NA,https://doi.org/10.1007/s10592-022-01445-7,"distance into cave 170 m, General Davis Cave, Greenbrier County, WV"
ON524138 Gyrinophilus subterraneus,37.7562,-80.5526,paper,NA,MLN139,NA,https://doi.org/10.1007/s10592-022-01445-7,"distance into cave 1 m, General Davis Cave, Greenbrier County, WV"
ON524135 Gyrinophilus subterraneus,37.7562,-80.5526,paper,NA,MLN145,NA,https://doi.org/10.1007/s10592-022-01445-7,"distance into cave 151 m, General Davis Cave, Greenbrier County, WV"
ON524134 Gyrinophilus subterraneus,37.7562,-80.5526,paper,NA,MLN146,NA,https://doi.org/10.1007/s10592-022-01445-7,"distance into cave 391 m, General Davis Cave, Greenbrier County, WV"
ON524133 Gyrinophilus subterraneus,37.7562,-80.5526,paper,NA,MLN148,NA,https://doi.org/10.1007/s10592-022-01445-7,"distance into cave 290 m, General Davis Cave, Greenbrier County, WV"
ON524131 Gyrinophilus subterraneus,37.7562,-80.5526,paper,NA,MLN160,NA,https://doi.org/10.1007/s10592-022-01445-7,"distance into cave 80 m, General Davis Cave, Greenbrier County, WV"
ON524128 Gyrinophilus subterraneus,37.7562,-80.5526,paper,NA,MLN174,NA,https://doi.org/10.1007/s10592-022-01445-7,"distance into cave 291 m, General Davis Cave, Greenbrier County, WV"
ON524126 Gyrinophilus subterraneus,37.7562,-80.5526,paper,NA,MLN179,NA,https://doi.org/10.1007/s10592-022-01445-7,"distance into cave 297 m, General Davis Cave, Greenbrier County, WV"
ON524125 Gyrinophilus subterraneus,37.7562,-80.5526,paper,NA,MLN180,NA,https://doi.org/10.1007/s10592-022-01445-7,"distance into cave 385 m, General Davis Cave, Greenbrier County, WV"
ON524124 Gyrinophilus subterraneus,37.7562,-80.5526,paper,NA,MLN181,NA,https://doi.org/10.1007/s10592-022-01445-7,"distance into cave 169 m, General Davis Cave, Greenbrier County, WV"
ON524123 Gyrinophilus subterraneus,37.7562,-80.5526,paper,NA,MLN189,NA,https://doi.org/10.1007/s10592-022-01445-7,"distance into cave 275 m, General Davis Cave, Greenbrier County, WV"
ON524122 Gyrinophilus subterraneus,37.7562,-80.5526,paper,NA,MLN196,NA,https://doi.org/10.1007/s10592-022-01445-7,"distance into cave 3 m, General Davis Cave, Greenbrier County, WV"
ON524120 Gyrinophilus subterraneus,37.7562,-80.5526,paper,NA,MLN480,NA,https://doi.org/10.1007/s10592-022-01445-7,"distance into cave 81 m, General Davis Cave, Greenbrier County, WV"
ON524118 Gyrinophilus subterraneus,37.7562,-80.5526,paper,NA,MLN512,NA,https://doi.org/10.1007/s10592-022-01445-7,"distance into cave 355 m, General Davis Cave, Greenbrier County, WV"
ON524117 Gyrinophilus subterraneus,37.7562,-80.5526,paper,NA,MLN527,NA,https://doi.org/10.1007/s10592-022-01445-7,"distance into cave 355 m, General Davis Cave, Greenbrier County, WV"
ON524115 Gyrinophilus subterraneus,37.7562,-80.5526,paper,NA,MLN543,NA,https://doi.org/10.1007/s10592-022-01445-7,"distance into cave 355 m, General Davis Cave, Greenbrier County, WV"
ON524114 Gyrinophilus subterraneus,37.7562,-80.5526,paper,NA,MLN545,NA,https://doi.org/10.1007/s10592-022-01445-7,"distance into cave 370 m, General Davis Cave, Greenbrier County, WV"
ON524106 Gyrinophilus subterraneus,37.75556,-80.55417,paper,NA,"RH70310, USNM 525280",NA,https://doi.org/10.1007/s10592-022-01445-7,"distance into cave unknown m, General Davis Cave, Greenbrier County, WV"
ON524139 Gyrinophilus subterraneus,37.7562,-80.5526,paper,NA,MLN133,NA,https://doi.org/10.1007/s10592-022-01445-7,"distance into cave 145 m, General Davis Cave, Greenbrier County, WV"
ON524127 Gyrinophilus subterraneus,37.7562,-80.5526,paper,NA,MLN175,NA,https://doi.org/10.1007/s10592-022-01445-7,"distance into cave 133 m, General Davis Cave, Greenbrier County, WV"
