"value","Lat","Lon","Error","Method","Museum_Field_Number","Notes","Reference","locality"
"EU336365_cytb",34.76309,-86.550207,18974,"GeoLocate","haplotype 11","two individuals in locality so unsure the exact specimen","https://doi.org/10.1111/j.1365-294x.2008.03750.x","Guffey Cave (AMD317), Madison County, AL"
"KY073015_cytb",35.154961,-86.092175,18312,"GeoLocate","KW1158","Franklin, TN","https://doi.org/10.1111/jbi.12931","Franklin County, TN"
"KY073016_cytb",35.154961,-86.092175,18312,"GeoLocate","KW1163","Franklin, TN","https://doi.org/10.1111/jbi.12931","Franklin County, TN"
"EU336354_cytb",35.015327,-85.965977,2866,"GeoLocate","haplotype 01","haplotype associated with two different localities, unsure which one","https://doi.org/10.1111/j.1365-294x.2008.03750.x",
"EU336355_cytb",35.066314,-85.996052,861,"GeoLocate","haplotype 02","haplotype associated with two different localities, unsure which one","https://doi.org/10.1111/j.1365-294x.2008.03750.x",
"EU336364_cytb",35.299115,-85.839096,1137,"GeoLocate","haplotype 10","three individuals in locality so unsure the exact specimen","https://doi.org/10.1111/j.1365-294x.2008.03750.x","Smith Hollow Cave no. 2 (TGD64), Grundy County, TN"
"EU336363_cytb",35.4167,-85.9,1198,"GeoLocate","haplotype 09","three individuals in locality so unsure the exact specimen","https://doi.org/10.1111/j.1365-294x.2008.03750.x","Lusk Cave (TCF8), Coffee County, TN"
"EU336362_cytb",35.35869,-85.893591,545,"GeoLocate","haplotype 08","haplotype associated with multiple different localities, unsure which one","https://doi.org/10.1111/j.1365-294x.2008.03750.x",
"EU336361_cytb",35.6667,-86.1667,301,"GeoLocate","haplotype 07","NA","https://doi.org/10.1111/j.1365-294x.2008.03750.x","Gallagher Cave (TMS23), Marshall County, TN"
"EU336360_cytb",35.6667,-86.1667,301,"GeoLocate","haplotype 06","two individuals in locality so unsure the exact specimen","https://doi.org/10.1111/j.1365-294x.2008.03750.x","Pompie Cave (TMU19), Maurie County, TN"
"EU336359_cytb",35.8333,-85.4667,301,"GeoLocate","haplotype 05","haplotype associated with two different localities, unsure which one","https://doi.org/10.1111/j.1365-294x.2008.03750.x",
"EU336358_cytb",35.840119,-85.45949,846,"GeoLocate","haplotype 04","NA","https://doi.org/10.1111/j.1365-294x.2008.03750.x","Sugarcookie Cave (TWR301), Warren County, TN"
"EU336356_cytb",35.35869,-85.893591,545,"GeoLocate","haplotype 03","haplotype associated with multiple different localities, unsure which one","https://doi.org/10.1111/j.1365-294x.2008.03750.x",
