value,Lat,Lon,Method,Error_km,Museum_Field_Number,Notes,Reference
MG242240 Hydromantes samweli,40.87072,-122.21905,linked specimen on Arctos,0.031395,MVZ:Herp:275684,NA,https://wakelab.berkeley.edu/wp-content/uploads/sites/50/2020/11/424def_Hydromantes_Harvard-MCZ-Bulletin_161_10-2018.pdf
MG242239 Hydromantes samweli,40.87072,-122.21905,linked specimen on Arctos,0.031395,MVZ:Herp:275683,NA,https://wakelab.berkeley.edu/wp-content/uploads/sites/50/2020/11/424def_Hydromantes_Harvard-MCZ-Bulletin_161_10-2018.pdf
MG242237 Hydromantes samweli,40.92028,-122.23778,linked specimen on Arctos,0.241,MVZ:Herp:230648,NA,https://wakelab.berkeley.edu/wp-content/uploads/sites/50/2020/11/424def_Hydromantes_Harvard-MCZ-Bulletin_161_10-2018.pdf
MG242236 Hydromantes samweli,41.11811,-122.0503,linked specimen on Arctos,0.031395,MVZ:Herp:275686,NA,https://wakelab.berkeley.edu/wp-content/uploads/sites/50/2020/11/424def_Hydromantes_Harvard-MCZ-Bulletin_161_10-2018.pdf
MG242238 Hydromantes samweli,40.87736,-122.13836,linked specimen on Arctos,0.031395,MVZ:Herp:275695,NA,https://wakelab.berkeley.edu/wp-content/uploads/sites/50/2020/11/424def_Hydromantes_Harvard-MCZ-Bulletin_161_10-2018.pdf
MG242232 Hydromantes samweli,40.81753,-122.2715,linked specimen on Arctos,0.031395,MVZ:Herp:275689,NA,https://wakelab.berkeley.edu/wp-content/uploads/sites/50/2020/11/424def_Hydromantes_Harvard-MCZ-Bulletin_161_10-2018.pdf
MG242228 Hydromantes samweli,40.81753,-122.2715,linked specimen on Arctos,0.031395,MVZ:Herp:275690,NA,https://wakelab.berkeley.edu/wp-content/uploads/sites/50/2020/11/424def_Hydromantes_Harvard-MCZ-Bulletin_161_10-2018.pdf
MG242230 Hydromantes samweli,40.84906,-122.23597,linked specimen on Arctos,0.031395,MVZ:Herp:275692,NA,NA
MG242229 Hydromantes samweli,40.84906,-122.23597,linked specimen on Arctos,0.031395,MVZ:Herp:275691,NA,NA
MG242226 Hydromantes samweli,40.8743442,-122.2412159,linked specimen on Arctos,0.00361,MVZ:Herp:230646,NA,NA
MG242227 Hydromantes samweli,40.9152874,-122.2523053,linked specimen on Arctos,0.00457,MVZ:Herp:230644,NA,NA
MG242231 Hydromantes samweli,40.78203,-122.41537,linked specimen on Arctos,0.031395,MVZ:Herp:275687,NA,NA
MG242233 Hydromantes samweli,40.78203,-122.41537,linked specimen on Arctos,0.031395,MVZ:Herp:275688,NA,NA
MG242235 Hydromantes samweli,40.752781,-122.447229,linked specimen on Arctos,0.65,MVZ:Herp:250507,NA,NA
MG242234 Hydromantes samweli,40.752781,-122.447229,linked specimen on Arctos,0.65,MVZ:Herp:250506,NA,NA
