value,Lat,Lon,Method,Error_km,Museum_Field_Number,Notes,Reference,,,
LC436366 Hynobius setoi,35.49888,134.23333,"GeoLocate; ""Tottori City, Tottori Prefecture"", Country=Japan, manually chose point in Tottori city, adjusted error.",5.25,KUHE 24666,"H83; n=1; Tottori (Tottori-shi); A1b; ""Tottori City, Tottori Prefecture""","Masafumi Matsui, Hiroshi Okawa, Kanto Nishikawa, Gen Aoki, Koshiro Eto, Natsuhiko Yoshikawa, Shingo Tanabe, Yasuchika Misawa, Atsushi Tominaga ""Systematics of the Widely Distributed Japanese Clouded Salamander, Hynobius nebulosus (Amphibia: Caudata: Hynobiidae), and Its Closest Relatives,"" Current Herpetology, 38(1), 32-90, (1 February 2019)",,,
LC605082 Hynobius setoi,35.64051,134.48488,"GoogleMaps; ""Tai, Shinonsen Town, Hyogo Prefecture""",2.5,NA,"Tai, Shinonsen Town, Hyogo Prefecture (Table S1)",10.3390/ani11082187,,,
LC605086 Hynobius setoi,35.50079,134.24906,"GoogleMaps; ""Uemachi, Tottori City, Tottori Prefecture""",2,NA,"Uemachi, Tottori City, Tottori Prefecture",10.3390/ani11082187,,,
LC605083 Hynobius setoi,35.58497,134.34979,GoogleMaps,2.7,NA,"Makidani, Iwami Town, Tottori Prefecture",10.3390/ani11082187,,,
LC605089 Hynobius setoi,35.45952,134.06069,GoogleMaps,4,NA,"Shikanocho Shikano, Tottori City, Tottori Prefecture",10.3390/ani11082187,,,
LC605088 Hynobius setoi,35.49119,134.16029,GoogleMaps,2.6,NA,"Takazumi, Tottori City, Tottori Prefecture",10.3390/ani11082187,,,
LC605087 Hynobius setoi,35.5084,134.24211,GoogleMaps,2.3,NA,"Higashimachi, Tottori City, Tottori Prefecture",10.3390/ani11082187,,,
LC605084 Hynobius setoi,35.55714,134.28768,GoogleMaps,3,NA,"Fukubecho Hosogawa, Tottori City, Tottori Prefecture",10.3390/ani11082187,,,
LC605090 Hynobius setoi,35.40837,134.2547,GoogleMaps,2.5,NA,"Koge, Yazu Town, Tottori Prefecture",10.3390/ani11082187,,,
LC605085 Hynobius setoi,35.54057,134.2824,GoogleMaps,1.6,NA,"Fukubecho Takae, Tottori City, Tottori Prefecture*",10.3390/ani11082187,,,
LC605093 Hynobius setoi,35.47202,133.44937,GoogleMaps,1.5,NA,"Muki, Daisen Town, Tottori Prefecture",10.3390/ani11082187,,,
LC605091 Hynobius setoi,35.47155,133.85838,GoogleMaps,2.3,NA,"Seidani, Kurayoshi City, Tottori Prefecture",10.3390/ani11082187,,,
LC605092 Hynobius setoi,35.42705,133.8215,GoogleMaps,1.2,NA,"Nakanocho, Kurayoshi City, Tottori Prefecture",10.3390/ani11082187,,,
LC436444 Hynobius setoi,35.33121,133.20056,GoogleMaps,28,KUHE OU0558,"H84; n=1; Shimane (Yasugi-shi); Yasugi City, Shimane Prefecture","Masafumi Matsui, Hiroshi Okawa, Kanto Nishikawa, Gen Aoki, Koshiro Eto, Natsuhiko Yoshikawa, Shingo Tanabe, Yasuchika Misawa, Atsushi Tominaga ""Systematics of the Widely Distributed Japanese Clouded Salamander, Hynobius nebulosus (Amphibia: Caudata: Hynobiidae), and Its Closest Relatives,"" Current Herpetology, 38(1), 32-90, (1 February 2019)",,,
LC605104 Hynobius setoi,35.42274,133.17542,GoogleMaps,5.4,NA,"Higashiizumocho Shimoito, Matsue City, Shimane Prefecture ",10.3390/ani11082187,,,
LC605103 Hynobius setoi,35.42125,133.20413,GoogleMaps,2,NA,"Kujiracho, Yasugi City, Shimane Prefecture",10.3390/ani11082187,,,
LC605105 Hynobius setoi,35.42213,133.15325,GoogleMaps,6.3,NA,"Higashiizumocho Iya, Matsue City, Shimane Prefecture ",10.3390/ani11082187,,,
LC632871 Hynobius setoi,35.32241,133.34746,GoogleMaps,17,NA,"Japan: Tottori, Nambu",couldn't find, GenBank locality,,
LC632875 Hynobius setoi,35.33121,133.20056,GoogleMaps,28,NA,"Japan: Shimane, Yasugi",couldn't find, GenBank locality,,
LC632874 Hynobius setoi,35.33121,133.20056,GoogleMaps,28,NA,"Japan: Shimane, Yasugi",couldn't find, GenBank locality,,
LC632870 Hynobius setoi,35.32241,133.34746,GoogleMaps,17,NA,"Japan: Tottori, Nambu",couldn't find, GenBank locality,,
LC632869 Hynobius setoi,35.32241,133.34746,GoogleMaps,17,NA,"Japan: Tottori, Nambu",couldn't find, GenBank locality,,
LC436445 Hynobius setoi,35.33121,133.20056,GoogleMaps,28,KUHE OU0557,H85, n=3, Shimane (Yasugi-shi),"Masafumi Matsui, Hiroshi Okawa, Kanto Nishikawa, Gen Aoki, Koshiro Eto, Natsuhiko Yoshikawa, Shingo Tanabe, Yasuchika Misawa, Atsushi Tominaga ""Systematics of the Widely Distributed Japanese Clouded Salamander, Hynobius nebulosus (Amphibia: Caudata: Hynobiidae), and Its Closest Relatives,"" Current Herpetology, 38(1), 32-90, (1 February 2019)",
LC632873 Hynobius setoi,35.33121,133.20056,GoogleMaps,28,NA,"Japan: Shimane, Yasugi",couldn't find, GenBank locality,,
LC632872 Hynobius setoi,35.33121,133.20056,GoogleMaps,28,NA,"Japan: Shimane, Yasugi",couldn't find, GenBank locality,,
LC605098 Hynobius setoi,35.30527,133.2897,GoogleMaps,4.2,NA,"Hakutacho Suyamafukudome, Yasugi City, Shimane Prefecture",NA,,,
LC605097 Hynobius setoi,35.31091,133.30598,GoogleMaps,1.6,NA,"Kirikui, Nanbu Town, Tottori Prefecture",NA,,,
LC605095 Hynobius setoi,35.51613,133.24358,GoogleMaps,1.3,NA,"Takamatsucho, Sakaiminato City, Tottori Prefecture",NA,,,
LC632868 Hynobius setoi,35.32241,133.34746,GoogleMaps,17,NA,"Japan: Tottori, Nambu",couldn't find, GenBank locality,,
LC605096 Hynobius setoi,35.35255,133.39168,GoogleMaps,3.3,NA,"Asakane, Nanbu Town, Tottori Prefecture",NA,,,
LC605094 Hynobius setoi,35.42555,133.32566,GoogleMaps,0.8,NA,"Kumecho, Yonago City, Tottori Prefecture",NA,,,
LC605099 Hynobius setoi,35.36873,133.25787,GoogleMaps,4,NA,"Otsukacho, Yasugi City, Shimane Prefecture",NA,,,
LC605102 Hynobius setoi,35.40335,133.23463,GoogleMaps,1.7,NA,"Akasakicho, Yasugi City, Shimane Prefecture",NA,,,
LC605101 Hynobius setoi,35.42608,133.24917,GoogleMaps,3,NA,"Yasugicho, Yasugi City, Shimane Prefecture",NA,,,
LC605100 Hynobius setoi,35.35107,133.22458,GoogleMaps,4.7,NA,"Kamiyoshidacho, Yasugi City, Shimane Prefecture",NA,,,
LC436445.2 Hynobius setoi,35.33121,133.20056,GoogleMaps,28,KUHE OU0557,ADDED SEQUENCE, H85, n=3, Shimane (Yasugi-shi),"Masafumi Matsui, Hiroshi Okawa, Kanto Nishikawa, Gen Aoki, Koshiro Eto, Natsuhiko Yoshikawa, Shingo Tanabe, Yasuchika Misawa, Atsushi Tominaga ""Systematics of the Widely Distributed Japanese Clouded Salamander, Hynobius nebulosus (Amphibia: Caudata: Hynobiidae), and Its Closest Relatives,"" Current Herpetology, 38(1), 32-90, (1 February 2019)"
LC436445.3 Hynobius setoi,35.33121,133.20056,GoogleMaps,28,KUHE OU0557,ADDED SEQUENCE, H85, n=3, Shimane (Yasugi-shi),"Masafumi Matsui, Hiroshi Okawa, Kanto Nishikawa, Gen Aoki, Koshiro Eto, Natsuhiko Yoshikawa, Shingo Tanabe, Yasuchika Misawa, Atsushi Tominaga ""Systematics of the Widely Distributed Japanese Clouded Salamander, Hynobius nebulosus (Amphibia: Caudata: Hynobiidae), and Its Closest Relatives,"" Current Herpetology, 38(1), 32-90, (1 February 2019)"
