"value","Lat","Lon","Error_km","Method","voucher","Notes","Reference"
"LC518923 Hynobius utsunomiyaorum",35.340379,132.761722,3494,"GeoLocate","SSN024 ND6","Hynobius kunibiki Izumo city","Sugawara, H., Iwata, T., Yamashita, H., & Nagano, M. (2021). Taxonomic Reassessment of the Izumo Lineage of Hynobius utsunomiyaorum: Description of a New Species from Chugoku, Japan. Animals : an open access journal from MDPI, 11(8), 2187. https://doi.org/10.3390/ani11082187"
"LC518919 Hynobius utsunomiyaorum",35.340379,132.761722,3494,"GeoLocate","SSN020 ND6","Hynobius kunibiki Izumo city","Sugawara, H., Iwata, T., Yamashita, H., & Nagano, M. (2021). Taxonomic Reassessment of the Izumo Lineage of Hynobius utsunomiyaorum: Description of a New Species from Chugoku, Japan. Animals : an open access journal from MDPI, 11(8), 2187. https://doi.org/10.3390/ani11082187"
"LC518918 Hynobius utsunomiyaorum",35.2667,132.6167,1495,"GeoLocate","SSN019 ND6","Hynobius kunibiki","Sugawara, H., Iwata, T., Yamashita, H., & Nagano, M. (2021). Taxonomic Reassessment of the Izumo Lineage of Hynobius utsunomiyaorum: Description of a New Species from Chugoku, Japan. Animals : an open access journal from MDPI, 11(8), 2187. https://doi.org/10.3390/ani11082187"
"LC436378 Hynobius utsunomiyaorum",35.335699,133.197607,2306,"GeoLocate","KUHE:OU0487","Shimane (Yasugi-shi) probably kunibiki","Matsui et al., 2019, Current herpetology doi 10.5358/hsj.38.32"
"LC518945 Hynobius utsunomiyaorum",35.309523,132.87706,3036,"GeoLocate","SSN046","Hynobius kunibiki","Sugawara, H., Iwata, T., Yamashita, H., & Nagano, M. (2021). Taxonomic Reassessment of the Izumo Lineage of Hynobius utsunomiyaorum: Description of a New Species from Chugoku, Japan. Animals : an open access journal from MDPI, 11(8), 2187. https://doi.org/10.3390/ani11082187"
"LC518944 Hynobius utsunomiyaorum",35.309523,132.87706,3036,"GeoLocate","SSN045","Hynobius kunibiki","Sugawara, H., Iwata, T., Yamashita, H., & Nagano, M. (2021). Taxonomic Reassessment of the Izumo Lineage of Hynobius utsunomiyaorum: Description of a New Species from Chugoku, Japan. Animals : an open access journal from MDPI, 11(8), 2187. https://doi.org/10.3390/ani11082187"
"LC518933 Hynobius utsunomiyaorum",35.309523,132.87706,3036,"GeoLocate","SSN034","Hynobius kunibiki","Sugawara, H., Iwata, T., Yamashita, H., & Nagano, M. (2021). Taxonomic Reassessment of the Izumo Lineage of Hynobius utsunomiyaorum: Description of a New Species from Chugoku, Japan. Animals : an open access journal from MDPI, 11(8), 2187. https://doi.org/10.3390/ani11082187"
"LC518932 Hynobius utsunomiyaorum",35.309523,132.87706,3036,"GeoLocate","SSN033","Hynobius kunibiki","Sugawara, H., Iwata, T., Yamashita, H., & Nagano, M. (2021). Taxonomic Reassessment of the Izumo Lineage of Hynobius utsunomiyaorum: Description of a New Species from Chugoku, Japan. Animals : an open access journal from MDPI, 11(8), 2187. https://doi.org/10.3390/ani11082187"
"LC518931 Hynobius utsunomiyaorum",35.309523,132.87706,3036,"GeoLocate","SSN032","Hynobius kunibiki","Sugawara, H., Iwata, T., Yamashita, H., & Nagano, M. (2021). Taxonomic Reassessment of the Izumo Lineage of Hynobius utsunomiyaorum: Description of a New Species from Chugoku, Japan. Animals : an open access journal from MDPI, 11(8), 2187. https://doi.org/10.3390/ani11082187"
"LC518930 Hynobius utsunomiyaorum",35.309523,132.87706,3036,"GeoLocate","SSN031","Hynobius kunibiki","Sugawara, H., Iwata, T., Yamashita, H., & Nagano, M. (2021). Taxonomic Reassessment of the Izumo Lineage of Hynobius utsunomiyaorum: Description of a New Species from Chugoku, Japan. Animals : an open access journal from MDPI, 11(8), 2187. https://doi.org/10.3390/ani11082187"
"LC518906 Hynobius utsunomiyaorum",35.43333,132.81667,"NA","https://www.mindat.org/","SSN007","Hynobius kunibiki Izumo (Hirata)","Sugawara, H., Iwata, T., Yamashita, H., & Nagano, M. (2021). Taxonomic Reassessment of the Izumo Lineage of Hynobius utsunomiyaorum: Description of a New Species from Chugoku, Japan. Animals : an open access journal from MDPI, 11(8), 2187. https://doi.org/10.3390/ani11082187"
"LC518905 Hynobius utsunomiyaorum",35.43333,132.81667,"NA","https://www.mindat.org/","SSN006","Hynobius kunibiki Izumo (Hirata)","Sugawara, H., Iwata, T., Yamashita, H., & Nagano, M. (2021). Taxonomic Reassessment of the Izumo Lineage of Hynobius utsunomiyaorum: Description of a New Species from Chugoku, Japan. Animals : an open access journal from MDPI, 11(8), 2187. https://doi.org/10.3390/ani11082187"
"LC518904 Hynobius utsunomiyaorum",35.43333,132.81667,"NA","https://www.mindat.org/","SSN005","Hynobius kunibiki Izumo (Hirata)","Sugawara, H., Iwata, T., Yamashita, H., & Nagano, M. (2021). Taxonomic Reassessment of the Izumo Lineage of Hynobius utsunomiyaorum: Description of a New Species from Chugoku, Japan. Animals : an open access journal from MDPI, 11(8), 2187. https://doi.org/10.3390/ani11082187"
"LC436377 Hynobius utsunomiyaorum",35.417757,133.26644,1693,"GeoLocate","NA","Hynobius kunibiki","NA"
"LC518922 Hynobius utsunomiyaorum",35.340379,132.761722,3494,"GeoLocate","SSN023 ND6","Hynobius kunibiki Izumo city","Sugawara, H., Iwata, T., Yamashita, H., & Nagano, M. (2021). Taxonomic Reassessment of the Izumo Lineage of Hynobius utsunomiyaorum: Description of a New Species from Chugoku, Japan. Animals : an open access journal from MDPI, 11(8), 2187. https://doi.org/10.3390/ani11082187"
"LC518940 Hynobius utsunomiyaorum",35.487946,133.056351,2703,"GeoLocate","SSN041 ND6","Hynobius kunibiki","Sugawara, H., Iwata, T., Yamashita, H., & Nagano, M. (2021). Taxonomic Reassessment of the Izumo Lineage of Hynobius utsunomiyaorum: Description of a New Species from Chugoku, Japan. Animals : an open access journal from MDPI, 11(8), 2187. https://doi.org/10.3390/ani11082187"
"LC518935 Hynobius utsunomiyaorum",35.477709,133.095196,3430,"GeoLocate","SSN036","Hynobius kunibiki","NA"
"LC518934 Hynobius utsunomiyaorum",35.477709,133.095196,3430,"GeoLocate","SSN035","Hynobius kunibiki","NA"
"LC518924 Hynobius utsunomiyaorum",35.36827,132.871117,2530,"GeoLocate","SSN025","Hynobius kunibiki","NA"
"LC518921 Hynobius utsunomiyaorum",35.29568,132.669963,2353,"GeoLocate","SSN022","Hynobius kunibiki Izumo (Koryo)","Sugawara, H., Iwata, T., Yamashita, H., & Nagano, M. (2021). Taxonomic Reassessment of the Izumo Lineage of Hynobius utsunomiyaorum: Description of a New Species from Chugoku, Japan. Animals : an open access journal from MDPI, 11(8), 2187. https://doi.org/10.3390/ani11082187"
"LC518920 Hynobius utsunomiyaorum",35.29568,132.669963,2353,"GeoLocate","SSN021","Hynobius kunibiki Izumo (Koryo)","Sugawara, H., Iwata, T., Yamashita, H., & Nagano, M. (2021). Taxonomic Reassessment of the Izumo Lineage of Hynobius utsunomiyaorum: Description of a New Species from Chugoku, Japan. Animals : an open access journal from MDPI, 11(8), 2187. https://doi.org/10.3390/ani11082187"
