"value","Lat","Lon","Method","Error_km","Museum_Field_Number","Notes","Reference"
"AB297552 Hynobius stejnegeri",33.655,132.902778,"Google Earth - article",500,"F1","Kumakogen-cho (formerly Omogo-mura), Ehime Pref","https://unmm-my.sharepoint.com/personal/laamador_unm_edu/_layouts/15/onedrive.aspx?ct=1703091087130&or=OWA%2DNT&cid=4901f1e4%2D134c%2D3dba%2D1040%2Ddcc94a7f0c20&fromShare=true&ga=1&isAscending=true&id=%2Fpersonal%2Flaamador%5Funm%5Fedu%2FDocuments%2FSpecies%5Ffastas%5Fassignment%5FCaudata%2Freferences%2FHynobius%5Fstejnegeri%5FDLFW&sortField=LinkFilename"
"AB297551 Hynobius stejnegeri",33.540278,132.666944,"Google Earth - article",200,"E1","Uchiko-cho (formerly Oda-cho), Ehime Pref","https://unmm-my.sharepoint.com/personal/laamador_unm_edu/_layouts/15/onedrive.aspx?ct=1703091087130&or=OWA%2DNT&cid=4901f1e4%2D134c%2D3dba%2D1040%2Ddcc94a7f0c20&fromShare=true&ga=1&isAscending=true&id=%2Fpersonal%2Flaamador%5Funm%5Fedu%2FDocuments%2FSpecies%5Ffastas%5Fassignment%5FCaudata%2Freferences%2FHynobius%5Fstejnegeri%5FDLFW&sortField=LinkFilename"
"AB297510 Hynobius stejnegeri",33.87,130.906667,"Google Earth - article",20,"A9","Kokura-ku, Kitakyushu-shi, Fukuoka Pref","https://unmm-my.sharepoint.com/personal/laamador_unm_edu/_layouts/15/onedrive.aspx?ct=1703091087130&or=OWA%2DNT&cid=4901f1e4%2D134c%2D3dba%2D1040%2Ddcc94a7f0c20&fromShare=true&ga=1&isAscending=true&id=%2Fpersonal%2Flaamador%5Funm%5Fedu%2FDocuments%2FSpecies%5Ffastas%5Fassignment%5FCaudata%2Freferences%2FHynobius%5Fstejnegeri%5FDLFW&sortField=LinkFilename"
"AB297509 Hynobius stejnegeri",33.87,130.906667,"Google Earth - article",20,"A8","Kokura-ku, Kitakyushu-shi, Fukuoka Pref","https://unmm-my.sharepoint.com/personal/laamador_unm_edu/_layouts/15/onedrive.aspx?ct=1703091087130&or=OWA%2DNT&cid=4901f1e4%2D134c%2D3dba%2D1040%2Ddcc94a7f0c20&fromShare=true&ga=1&isAscending=true&id=%2Fpersonal%2Flaamador%5Funm%5Fedu%2FDocuments%2FSpecies%5Ffastas%5Fassignment%5FCaudata%2Freferences%2FHynobius%5Fstejnegeri%5FDLFW&sortField=LinkFilename"
"AB297511 Hynobius stejnegeri",33.87,130.906667,"Google Earth - article",20,"A10","Kokura-ku, Kitakyushu-shi, Fukuoka Pref","https://unmm-my.sharepoint.com/personal/laamador_unm_edu/_layouts/15/onedrive.aspx?ct=1703091087130&or=OWA%2DNT&cid=4901f1e4%2D134c%2D3dba%2D1040%2Ddcc94a7f0c20&fromShare=true&ga=1&isAscending=true&id=%2Fpersonal%2Flaamador%5Funm%5Fedu%2FDocuments%2FSpecies%5Ffastas%5Fassignment%5FCaudata%2Freferences%2FHynobius%5Fstejnegeri%5FDLFW&sortField=LinkFilename"
"AB297508 Hynobius stejnegeri",33.87,130.906667,"Google Earth - article",20,"A7","Kokura-ku, Kitakyushu-shi, Fukuoka Pref","https://unmm-my.sharepoint.com/personal/laamador_unm_edu/_layouts/15/onedrive.aspx?ct=1703091087130&or=OWA%2DNT&cid=4901f1e4%2D134c%2D3dba%2D1040%2Ddcc94a7f0c20&fromShare=true&ga=1&isAscending=true&id=%2Fpersonal%2Flaamador%5Funm%5Fedu%2FDocuments%2FSpecies%5Ffastas%5Fassignment%5FCaudata%2Freferences%2FHynobius%5Fstejnegeri%5FDLFW&sortField=LinkFilename"
"AB297507 Hynobius stejnegeri",33.87,130.906667,"Google Earth - article",20,"A6","Kokura-ku, Kitakyushu-shi, Fukuoka Pref","https://unmm-my.sharepoint.com/personal/laamador_unm_edu/_layouts/15/onedrive.aspx?ct=1703091087130&or=OWA%2DNT&cid=4901f1e4%2D134c%2D3dba%2D1040%2Ddcc94a7f0c20&fromShare=true&ga=1&isAscending=true&id=%2Fpersonal%2Flaamador%5Funm%5Fedu%2FDocuments%2FSpecies%5Ffastas%5Fassignment%5FCaudata%2Freferences%2FHynobius%5Fstejnegeri%5FDLFW&sortField=LinkFilename"
"AB297506 Hynobius stejnegeri",33.87,130.906667,"Google Earth - article",20,"A5","Kokura-ku, Kitakyushu-shi, Fukuoka Pref","https://unmm-my.sharepoint.com/personal/laamador_unm_edu/_layouts/15/onedrive.aspx?ct=1703091087130&or=OWA%2DNT&cid=4901f1e4%2D134c%2D3dba%2D1040%2Ddcc94a7f0c20&fromShare=true&ga=1&isAscending=true&id=%2Fpersonal%2Flaamador%5Funm%5Fedu%2FDocuments%2FSpecies%5Ffastas%5Fassignment%5FCaudata%2Freferences%2FHynobius%5Fstejnegeri%5FDLFW&sortField=LinkFilename"
"AB297505 Hynobius stejnegeri",33.856667,130.806944,"Google Earth - article",30,"A4","Yahata-ku, Kitakyushu-shi, Fukuoka Pref.","https://unmm-my.sharepoint.com/personal/laamador_unm_edu/_layouts/15/onedrive.aspx?ct=1703091087130&or=OWA%2DNT&cid=4901f1e4%2D134c%2D3dba%2D1040%2Ddcc94a7f0c20&fromShare=true&ga=1&isAscending=true&id=%2Fpersonal%2Flaamador%5Funm%5Fedu%2FDocuments%2FSpecies%5Ffastas%5Fassignment%5FCaudata%2Freferences%2FHynobius%5Fstejnegeri%5FDLFW&sortField=LinkFilename"
"AB297504 Hynobius stejnegeri",33.753333,130.766944,"Google Earth - article",60,"A3","Nogata-shi, Fukuoka Pref.","https://unmm-my.sharepoint.com/personal/laamador_unm_edu/_layouts/15/onedrive.aspx?ct=1703091087130&or=OWA%2DNT&cid=4901f1e4%2D134c%2D3dba%2D1040%2Ddcc94a7f0c20&fromShare=true&ga=1&isAscending=true&id=%2Fpersonal%2Flaamador%5Funm%5Fedu%2FDocuments%2FSpecies%5Ffastas%5Fassignment%5FCaudata%2Freferences%2FHynobius%5Fstejnegeri%5FDLFW&sortField=LinkFilename"
"AB297503 Hynobius stejnegeri",33.753333,130.766944,"Google Earth - article",60,"A2","Nogata-shi, Fukuoka Pref.","https://unmm-my.sharepoint.com/personal/laamador_unm_edu/_layouts/15/onedrive.aspx?ct=1703091087130&or=OWA%2DNT&cid=4901f1e4%2D134c%2D3dba%2D1040%2Ddcc94a7f0c20&fromShare=true&ga=1&isAscending=true&id=%2Fpersonal%2Flaamador%5Funm%5Fedu%2FDocuments%2FSpecies%5Ffastas%5Fassignment%5FCaudata%2Freferences%2FHynobius%5Fstejnegeri%5FDLFW&sortField=LinkFilename"
"AB297515 Hynobius stejnegeri",33.247778,130.786667,"Google Earth - article",100,"A14","Hoshino-mura, Fukuoka Pref.","https://unmm-my.sharepoint.com/personal/laamador_unm_edu/_layouts/15/onedrive.aspx?ct=1703091087130&or=OWA%2DNT&cid=4901f1e4%2D134c%2D3dba%2D1040%2Ddcc94a7f0c20&fromShare=true&ga=1&isAscending=true&id=%2Fpersonal%2Flaamador%5Funm%5Fedu%2FDocuments%2FSpecies%5Ffastas%5Fassignment%5FCaudata%2Freferences%2FHynobius%5Fstejnegeri%5FDLFW&sortField=LinkFilename"
"AB297517 Hynobius stejnegeri",33.4275,130.671667,"Google Earth - article",200,"A16","Asakura-shi (formerly Amagi-shi), Fukuoka Pref.","https://unmm-my.sharepoint.com/personal/laamador_unm_edu/_layouts/15/onedrive.aspx?ct=1703091087130&or=OWA%2DNT&cid=4901f1e4%2D134c%2D3dba%2D1040%2Ddcc94a7f0c20&fromShare=true&ga=1&isAscending=true&id=%2Fpersonal%2Flaamador%5Funm%5Fedu%2FDocuments%2FSpecies%5Ffastas%5Fassignment%5FCaudata%2Freferences%2FHynobius%5Fstejnegeri%5FDLFW&sortField=LinkFilename"
"AB297516 Hynobius stejnegeri",33.247778,130.786667,"Google Earth - article",100,"A15","Hoshino-mura, Fukuoka Pref.","https://unmm-my.sharepoint.com/personal/laamador_unm_edu/_layouts/15/onedrive.aspx?ct=1703091087130&or=OWA%2DNT&cid=4901f1e4%2D134c%2D3dba%2D1040%2Ddcc94a7f0c20&fromShare=true&ga=1&isAscending=true&id=%2Fpersonal%2Flaamador%5Funm%5Fedu%2FDocuments%2FSpecies%5Ffastas%5Fassignment%5FCaudata%2Freferences%2FHynobius%5Fstejnegeri%5FDLFW&sortField=LinkFilename"
"AB297514 Hynobius stejnegeri",33.856667,130.806944,"Google Earth - article",30,"A13","Yahata-ku, Kitakyushu-shi, Fukuoka Pref.","https://unmm-my.sharepoint.com/personal/laamador_unm_edu/_layouts/15/onedrive.aspx?ct=1703091087130&or=OWA%2DNT&cid=4901f1e4%2D134c%2D3dba%2D1040%2Ddcc94a7f0c20&fromShare=true&ga=1&isAscending=true&id=%2Fpersonal%2Flaamador%5Funm%5Fedu%2FDocuments%2FSpecies%5Ffastas%5Fassignment%5FCaudata%2Freferences%2FHynobius%5Fstejnegeri%5FDLFW&sortField=LinkFilename"
"AB297513 Hynobius stejnegeri",33.856667,130.806944,"Google Earth - article",30,"A12","Yahata-ku, Kitakyushu-shi, Fukuoka Pref.","https://unmm-my.sharepoint.com/personal/laamador_unm_edu/_layouts/15/onedrive.aspx?ct=1703091087130&or=OWA%2DNT&cid=4901f1e4%2D134c%2D3dba%2D1040%2Ddcc94a7f0c20&fromShare=true&ga=1&isAscending=true&id=%2Fpersonal%2Flaamador%5Funm%5Fedu%2FDocuments%2FSpecies%5Ffastas%5Fassignment%5FCaudata%2Freferences%2FHynobius%5Fstejnegeri%5FDLFW&sortField=LinkFilename"
"AB297512 Hynobius stejnegeri",33.856667,130.806944,"Google Earth - article",30,"A11","Yahata-ku, Kitakyushu-shi, Fukuoka Pref.","https://unmm-my.sharepoint.com/personal/laamador_unm_edu/_layouts/15/onedrive.aspx?ct=1703091087130&or=OWA%2DNT&cid=4901f1e4%2D134c%2D3dba%2D1040%2Ddcc94a7f0c20&fromShare=true&ga=1&isAscending=true&id=%2Fpersonal%2Flaamador%5Funm%5Fedu%2FDocuments%2FSpecies%5Ffastas%5Fassignment%5FCaudata%2Freferences%2FHynobius%5Fstejnegeri%5FDLFW&sortField=LinkFilename"
"AB297502 Hynobius stejnegeri",33.856667,130.806944,"Google Earth - article",30,"A1","Yahata-ku, Kitakyushu-shi, Fukuoka Pref.","https://unmm-my.sharepoint.com/personal/laamador_unm_edu/_layouts/15/onedrive.aspx?ct=1703091087130&or=OWA%2DNT&cid=4901f1e4%2D134c%2D3dba%2D1040%2Ddcc94a7f0c20&fromShare=true&ga=1&isAscending=true&id=%2Fpersonal%2Flaamador%5Funm%5Fedu%2FDocuments%2FSpecies%5Ffastas%5Fassignment%5FCaudata%2Freferences%2FHynobius%5Fstejnegeri%5FDLFW&sortField=LinkFilename"
"AB297521 Hynobius stejnegeri",32.681667,130.991111,"Google Earth - article",300,"B3","Yamato-cho (formerly Yabe-machi), Kumamoto Pref.","https://unmm-my.sharepoint.com/personal/laamador_unm_edu/_layouts/15/onedrive.aspx?ct=1703091087130&or=OWA%2DNT&cid=4901f1e4%2D134c%2D3dba%2D1040%2Ddcc94a7f0c20&fromShare=true&ga=1&isAscending=true&id=%2Fpersonal%2Flaamador%5Funm%5Fedu%2FDocuments%2FSpecies%5Ffastas%5Fassignment%5FCaudata%2Freferences%2FHynobius%5Fstejnegeri%5FDLFW&sortField=LinkFilename"
"AB297520 Hynobius stejnegeri",32.492778,130.643333,"Google Earth - article",500,"B2","Yatsushiro-shi (formerly Izumi-mura), Kumamoto Pref","https://unmm-my.sharepoint.com/personal/laamador_unm_edu/_layouts/15/onedrive.aspx?ct=1703091087130&or=OWA%2DNT&cid=4901f1e4%2D134c%2D3dba%2D1040%2Ddcc94a7f0c20&fromShare=true&ga=1&isAscending=true&id=%2Fpersonal%2Flaamador%5Funm%5Fedu%2FDocuments%2FSpecies%5Ffastas%5Fassignment%5FCaudata%2Freferences%2FHynobius%5Fstejnegeri%5FDLFW&sortField=LinkFilename"
"AB297519 Hynobius stejnegeri",32.296111,130.834167,"Google Earth - article",100,"B1","Sagara-mura, Kumamoto Pref.","https://unmm-my.sharepoint.com/personal/laamador_unm_edu/_layouts/15/onedrive.aspx?ct=1703091087130&or=OWA%2DNT&cid=4901f1e4%2D134c%2D3dba%2D1040%2Ddcc94a7f0c20&fromShare=true&ga=1&isAscending=true&id=%2Fpersonal%2Flaamador%5Funm%5Fedu%2FDocuments%2FSpecies%5Ffastas%5Fassignment%5FCaudata%2Freferences%2FHynobius%5Fstejnegeri%5FDLFW&sortField=LinkFilename"
"AB297529 Hynobius stejnegeri",31.901944,131.341389,"Google Earth - article",300,"B11","Miyazaki-shi (formerly Tano-cho), Miyazaki Pref.","https://unmm-my.sharepoint.com/personal/laamador_unm_edu/_layouts/15/onedrive.aspx?ct=1703091087130&or=OWA%2DNT&cid=4901f1e4%2D134c%2D3dba%2D1040%2Ddcc94a7f0c20&fromShare=true&ga=1&isAscending=true&id=%2Fpersonal%2Flaamador%5Funm%5Fedu%2FDocuments%2FSpecies%5Ffastas%5Fassignment%5FCaudata%2Freferences%2FHynobius%5Fstejnegeri%5FDLFW&sortField=LinkFilename"
"AB297528 Hynobius stejnegeri",31.901944,131.341389,"Google Earth - article",300,"B10","Miyazaki-shi (formerly Tano-cho), Miyazaki Pref.","https://unmm-my.sharepoint.com/personal/laamador_unm_edu/_layouts/15/onedrive.aspx?ct=1703091087130&or=OWA%2DNT&cid=4901f1e4%2D134c%2D3dba%2D1040%2Ddcc94a7f0c20&fromShare=true&ga=1&isAscending=true&id=%2Fpersonal%2Flaamador%5Funm%5Fedu%2FDocuments%2FSpecies%5Ffastas%5Fassignment%5FCaudata%2Freferences%2FHynobius%5Fstejnegeri%5FDLFW&sortField=LinkFilename"
"AB297527 Hynobius stejnegeri",31.901944,131.341389,"Google Earth - article",300,"B9","Miyazaki-shi (formerly Tano-cho), Miyazaki Pref.","https://unmm-my.sharepoint.com/personal/laamador_unm_edu/_layouts/15/onedrive.aspx?ct=1703091087130&or=OWA%2DNT&cid=4901f1e4%2D134c%2D3dba%2D1040%2Ddcc94a7f0c20&fromShare=true&ga=1&isAscending=true&id=%2Fpersonal%2Flaamador%5Funm%5Fedu%2FDocuments%2FSpecies%5Ffastas%5Fassignment%5FCaudata%2Freferences%2FHynobius%5Fstejnegeri%5FDLFW&sortField=LinkFilename"
"AB297526 Hynobius stejnegeri",31.901944,131.341389,"Google Earth - article",300,"B8","Miyazaki-shi (formerly Tano-cho), Miyazaki Pref.","https://unmm-my.sharepoint.com/personal/laamador_unm_edu/_layouts/15/onedrive.aspx?ct=1703091087130&or=OWA%2DNT&cid=4901f1e4%2D134c%2D3dba%2D1040%2Ddcc94a7f0c20&fromShare=true&ga=1&isAscending=true&id=%2Fpersonal%2Flaamador%5Funm%5Fedu%2FDocuments%2FSpecies%5Ffastas%5Fassignment%5FCaudata%2Freferences%2FHynobius%5Fstejnegeri%5FDLFW&sortField=LinkFilename"
"AB297525 Hynobius stejnegeri",31.901944,131.341389,"Google Earth - article",300,"B7","Miyazaki-shi (formerly Tano-cho), Miyazaki Pref.","https://unmm-my.sharepoint.com/personal/laamador_unm_edu/_layouts/15/onedrive.aspx?ct=1703091087130&or=OWA%2DNT&cid=4901f1e4%2D134c%2D3dba%2D1040%2Ddcc94a7f0c20&fromShare=true&ga=1&isAscending=true&id=%2Fpersonal%2Flaamador%5Funm%5Fedu%2FDocuments%2FSpecies%5Ffastas%5Fassignment%5FCaudata%2Freferences%2FHynobius%5Fstejnegeri%5FDLFW&sortField=LinkFilename"
"AB297524 Hynobius stejnegeri",31.418333,130.84,"Google Earth - article",300,"B6","Kanoya-shi, Kagoshima Pref.","https://unmm-my.sharepoint.com/personal/laamador_unm_edu/_layouts/15/onedrive.aspx?ct=1703091087130&or=OWA%2DNT&cid=4901f1e4%2D134c%2D3dba%2D1040%2Ddcc94a7f0c20&fromShare=true&ga=1&isAscending=true&id=%2Fpersonal%2Flaamador%5Funm%5Fedu%2FDocuments%2FSpecies%5Ffastas%5Fassignment%5FCaudata%2Freferences%2FHynobius%5Fstejnegeri%5FDLFW&sortField=LinkFilename"
"AB297532 Hynobius stejnegeri",32.406667,130.837778,"Google Earth - article",230,"C3","Itsuki-mura, Kumamoto Pref","https://unmm-my.sharepoint.com/personal/laamador_unm_edu/_layouts/15/onedrive.aspx?ct=1703091087130&or=OWA%2DNT&cid=4901f1e4%2D134c%2D3dba%2D1040%2Ddcc94a7f0c20&fromShare=true&ga=1&isAscending=true&id=%2Fpersonal%2Flaamador%5Funm%5Fedu%2FDocuments%2FSpecies%5Ffastas%5Fassignment%5FCaudata%2Freferences%2FHynobius%5Fstejnegeri%5FDLFW&sortField=LinkFilename"
"AB297523 Hynobius stejnegeri",32.053056,131.016389,"Google Earth - article",350,"B5","Kobayashi-shi (formerly Suki-son), Miyazaki Pref.","https://unmm-my.sharepoint.com/personal/laamador_unm_edu/_layouts/15/onedrive.aspx?ct=1703091087130&or=OWA%2DNT&cid=4901f1e4%2D134c%2D3dba%2D1040%2Ddcc94a7f0c20&fromShare=true&ga=1&isAscending=true&id=%2Fpersonal%2Flaamador%5Funm%5Fedu%2FDocuments%2FSpecies%5Ffastas%5Fassignment%5FCaudata%2Freferences%2FHynobius%5Fstejnegeri%5FDLFW&sortField=LinkFilename"
"AB297522 Hynobius stejnegeri",32.725278,131.306944,"Google Earth - article",250,"B4","Takachiho-cho, Miyazaki Pref.","https://unmm-my.sharepoint.com/personal/laamador_unm_edu/_layouts/15/onedrive.aspx?ct=1703091087130&or=OWA%2DNT&cid=4901f1e4%2D134c%2D3dba%2D1040%2Ddcc94a7f0c20&fromShare=true&ga=1&isAscending=true&id=%2Fpersonal%2Flaamador%5Funm%5Fedu%2FDocuments%2FSpecies%5Ffastas%5Fassignment%5FCaudata%2Freferences%2FHynobius%5Fstejnegeri%5FDLFW&sortField=LinkFilename"
"AB297531 Hynobius stejnegeri",32.406667,130.837778,"Google Earth - article",230,"C2","Itsuki-mura, Kumamoto Pref.","https://unmm-my.sharepoint.com/personal/laamador_unm_edu/_layouts/15/onedrive.aspx?ct=1703091087130&or=OWA%2DNT&cid=4901f1e4%2D134c%2D3dba%2D1040%2Ddcc94a7f0c20&fromShare=true&ga=1&isAscending=true&id=%2Fpersonal%2Flaamador%5Funm%5Fedu%2FDocuments%2FSpecies%5Ffastas%5Fassignment%5FCaudata%2Freferences%2FHynobius%5Fstejnegeri%5FDLFW&sortField=LinkFilename"
"AB297530 Hynobius stejnegeri",32.406667,130.837778,"Google Earth - article",230,"C1","Itsuki-mura, Kumamoto Pref.","https://unmm-my.sharepoint.com/personal/laamador_unm_edu/_layouts/15/onedrive.aspx?ct=1703091087130&or=OWA%2DNT&cid=4901f1e4%2D134c%2D3dba%2D1040%2Ddcc94a7f0c20&fromShare=true&ga=1&isAscending=true&id=%2Fpersonal%2Flaamador%5Funm%5Fedu%2FDocuments%2FSpecies%5Ffastas%5Fassignment%5FCaudata%2Freferences%2FHynobius%5Fstejnegeri%5FDLFW&sortField=LinkFilename"
"AB297550 Hynobius stejnegeri",32.053056,131.016389,"Google Earth - article",350,"D18","Kobayashi-shi (formerly Suki-son), Miyazaki Pref.","https://unmm-my.sharepoint.com/personal/laamador_unm_edu/_layouts/15/onedrive.aspx?ct=1703091087130&or=OWA%2DNT&cid=4901f1e4%2D134c%2D3dba%2D1040%2Ddcc94a7f0c20&fromShare=true&ga=1&isAscending=true&id=%2Fpersonal%2Flaamador%5Funm%5Fedu%2FDocuments%2FSpecies%5Ffastas%5Fassignment%5FCaudata%2Freferences%2FHynobius%5Fstejnegeri%5FDLFW&sortField=LinkFilename"
"AB297549 Hynobius stejnegeri",32.406667,130.837778,"Google Earth - article",230,"D17","Itsuki-mura, Kumamoto Pref","https://unmm-my.sharepoint.com/personal/laamador_unm_edu/_layouts/15/onedrive.aspx?ct=1703091087130&or=OWA%2DNT&cid=4901f1e4%2D134c%2D3dba%2D1040%2Ddcc94a7f0c20&fromShare=true&ga=1&isAscending=true&id=%2Fpersonal%2Flaamador%5Funm%5Fedu%2FDocuments%2FSpecies%5Ffastas%5Fassignment%5FCaudata%2Freferences%2FHynobius%5Fstejnegeri%5FDLFW&sortField=LinkFilename"
"AB921166 Hynobius stejnegeri",32.681667,130.991111,"Google Earth - article",300,"KUHE:28011","Kumamoto, Yamato, Yabe","https://unmm-my.sharepoint.com/personal/laamador_unm_edu/_layouts/15/onedrive.aspx?sortField=LinkFilename&isAscending=true&ct=1703091087130&or=OWA%2DNT&cid=4901f1e4%2D134c%2D3dba%2D1040%2Ddcc94a7f0c20&fromShare=true&ga=1&id=%2Fpersonal%2Flaamador%5Funm%5Fedu%2FDocuments%2FSpecies%5Ffastas%5Fassignment%5FCaudata%2Freferences%2FHynobius%5Fdunni%5FDLFW%2F974947%2Epdf&parent=%2Fpersonal%2Flaamador%5Funm%5Fedu%2FDocuments%2FSpecies%5Ffastas%5Fassignment%5FCaudata%2Freferences%2FHynobius%5Fdunni%5FDLFW"
"AB297534 Hynobius stejnegeri",32.681667,130.991111,"Google Earth - article",300,"D2","Yamato-cho (formerly Yabe-machi), Kumamoto Pref.","https://unmm-my.sharepoint.com/personal/laamador_unm_edu/_layouts/15/onedrive.aspx?ct=1703091087130&or=OWA%2DNT&cid=4901f1e4%2D134c%2D3dba%2D1040%2Ddcc94a7f0c20&fromShare=true&ga=1&isAscending=true&id=%2Fpersonal%2Flaamador%5Funm%5Fedu%2FDocuments%2FSpecies%5Ffastas%5Fassignment%5FCaudata%2Freferences%2FHynobius%5Fstejnegeri%5FDLFW&sortField=LinkFilename"
"AB297547 Hynobius stejnegeri",32.163889,131.473333,"Google Earth - article",150,"D15","Kijyo-cho, Miyazaki Pref.","https://unmm-my.sharepoint.com/personal/laamador_unm_edu/_layouts/15/onedrive.aspx?ct=1703091087130&or=OWA%2DNT&cid=4901f1e4%2D134c%2D3dba%2D1040%2Ddcc94a7f0c20&fromShare=true&ga=1&isAscending=true&id=%2Fpersonal%2Flaamador%5Funm%5Fedu%2FDocuments%2FSpecies%5Ffastas%5Fassignment%5FCaudata%2Freferences%2FHynobius%5Fstejnegeri%5FDLFW&sortField=LinkFilename"
"AB297546 Hynobius stejnegeri",32.4675,131.156944,"Google Earth - article",600,"D14","Shiba-son, Miyazaki Pref","https://unmm-my.sharepoint.com/personal/laamador_unm_edu/_layouts/15/onedrive.aspx?ct=1703091087130&or=OWA%2DNT&cid=4901f1e4%2D134c%2D3dba%2D1040%2Ddcc94a7f0c20&fromShare=true&ga=1&isAscending=true&id=%2Fpersonal%2Flaamador%5Funm%5Fedu%2FDocuments%2FSpecies%5Ffastas%5Fassignment%5FCaudata%2Freferences%2FHynobius%5Fstejnegeri%5FDLFW&sortField=LinkFilename"
"AB297533 Hynobius stejnegeri",32.053056,131.016389,"Google Earth - article",350,"D1","Kobayashi-shi (formerly Suki-son), Miyazaki Pref.","https://unmm-my.sharepoint.com/personal/laamador_unm_edu/_layouts/15/onedrive.aspx?ct=1703091087130&or=OWA%2DNT&cid=4901f1e4%2D134c%2D3dba%2D1040%2Ddcc94a7f0c20&fromShare=true&ga=1&isAscending=true&id=%2Fpersonal%2Flaamador%5Funm%5Fedu%2FDocuments%2FSpecies%5Ffastas%5Fassignment%5FCaudata%2Freferences%2FHynobius%5Fstejnegeri%5FDLFW&sortField=LinkFilename"
"AB297548 Hynobius stejnegeri",32.053056,131.016389,"Google Earth - article",350,"D16","Kobayashi-shi (formerly Suki-son), Miyazaki Pref.","https://unmm-my.sharepoint.com/personal/laamador_unm_edu/_layouts/15/onedrive.aspx?ct=1703091087130&or=OWA%2DNT&cid=4901f1e4%2D134c%2D3dba%2D1040%2Ddcc94a7f0c20&fromShare=true&ga=1&isAscending=true&id=%2Fpersonal%2Flaamador%5Funm%5Fedu%2FDocuments%2FSpecies%5Ffastas%5Fassignment%5FCaudata%2Freferences%2FHynobius%5Fstejnegeri%5FDLFW&sortField=LinkFilename"
"AB297545 Hynobius stejnegeri",32.681667,130.991111,"Google Earth - article",300,"D13","Yamato-cho (formerly Soyo-cho), Kumamoto Pref.","https://unmm-my.sharepoint.com/personal/laamador_unm_edu/_layouts/15/onedrive.aspx?ct=1703091087130&or=OWA%2DNT&cid=4901f1e4%2D134c%2D3dba%2D1040%2Ddcc94a7f0c20&fromShare=true&ga=1&isAscending=true&id=%2Fpersonal%2Flaamador%5Funm%5Fedu%2FDocuments%2FSpecies%5Ffastas%5Fassignment%5FCaudata%2Freferences%2FHynobius%5Fstejnegeri%5FDLFW&sortField=LinkFilename"
"AB297544 Hynobius stejnegeri",32.296111,130.834167,"Google Earth - article",100,"D12","Sagara-mura, Kumamoto Pref.","https://unmm-my.sharepoint.com/personal/laamador_unm_edu/_layouts/15/onedrive.aspx?ct=1703091087130&or=OWA%2DNT&cid=4901f1e4%2D134c%2D3dba%2D1040%2Ddcc94a7f0c20&fromShare=true&ga=1&isAscending=true&id=%2Fpersonal%2Flaamador%5Funm%5Fedu%2FDocuments%2FSpecies%5Ffastas%5Fassignment%5FCaudata%2Freferences%2FHynobius%5Fstejnegeri%5FDLFW&sortField=LinkFilename"
"AB297543 Hynobius stejnegeri",32.681667,130.991111,"Google Earth - article",300,"D11","Yamato-cho (formerly Soyo-cho), Kumamoto Pref.","https://unmm-my.sharepoint.com/personal/laamador_unm_edu/_layouts/15/onedrive.aspx?ct=1703091087130&or=OWA%2DNT&cid=4901f1e4%2D134c%2D3dba%2D1040%2Ddcc94a7f0c20&fromShare=true&ga=1&isAscending=true&id=%2Fpersonal%2Flaamador%5Funm%5Fedu%2FDocuments%2FSpecies%5Ffastas%5Fassignment%5FCaudata%2Freferences%2FHynobius%5Fstejnegeri%5FDLFW&sortField=LinkFilename"
"AB297542 Hynobius stejnegeri",32.296111,130.834167,"Google Earth - article",100,"D10","Sagara-mura, Kumamoto Pref.","https://unmm-my.sharepoint.com/personal/laamador_unm_edu/_layouts/15/onedrive.aspx?ct=1703091087130&or=OWA%2DNT&cid=4901f1e4%2D134c%2D3dba%2D1040%2Ddcc94a7f0c20&fromShare=true&ga=1&isAscending=true&id=%2Fpersonal%2Flaamador%5Funm%5Fedu%2FDocuments%2FSpecies%5Ffastas%5Fassignment%5FCaudata%2Freferences%2FHynobius%5Fstejnegeri%5FDLFW&sortField=LinkFilename"
"AB297541 Hynobius stejnegeri",32.4675,131.156944,"Google Earth - article",600,"D9","Shiba-son, Miyazaki Pref.","https://unmm-my.sharepoint.com/personal/laamador_unm_edu/_layouts/15/onedrive.aspx?ct=1703091087130&or=OWA%2DNT&cid=4901f1e4%2D134c%2D3dba%2D1040%2Ddcc94a7f0c20&fromShare=true&ga=1&isAscending=true&id=%2Fpersonal%2Flaamador%5Funm%5Fedu%2FDocuments%2FSpecies%5Ffastas%5Fassignment%5FCaudata%2Freferences%2FHynobius%5Fstejnegeri%5FDLFW&sortField=LinkFilename"
"AB297540 Hynobius stejnegeri",32.4675,131.156944,"Google Earth - article",600,"D8","Shiba-son, Miyazaki Pref.","https://unmm-my.sharepoint.com/personal/laamador_unm_edu/_layouts/15/onedrive.aspx?ct=1703091087130&or=OWA%2DNT&cid=4901f1e4%2D134c%2D3dba%2D1040%2Ddcc94a7f0c20&fromShare=true&ga=1&isAscending=true&id=%2Fpersonal%2Flaamador%5Funm%5Fedu%2FDocuments%2FSpecies%5Ffastas%5Fassignment%5FCaudata%2Freferences%2FHynobius%5Fstejnegeri%5FDLFW&sortField=LinkFilename"
"AB297539 Hynobius stejnegeri",32.492778,130.643333,"Google Earth - article",500,"D7","Yatsushiro-shi (formerly Izumi-mura), Kumamoto Pref.","https://unmm-my.sharepoint.com/personal/laamador_unm_edu/_layouts/15/onedrive.aspx?ct=1703091087130&or=OWA%2DNT&cid=4901f1e4%2D134c%2D3dba%2D1040%2Ddcc94a7f0c20&fromShare=true&ga=1&isAscending=true&id=%2Fpersonal%2Flaamador%5Funm%5Fedu%2FDocuments%2FSpecies%5Ffastas%5Fassignment%5FCaudata%2Freferences%2FHynobius%5Fstejnegeri%5FDLFW&sortField=LinkFilename"
"AB297538 Hynobius stejnegeri",32.492778,130.643333,"Google Earth - article",500,"D6","Yatsushiro-shi (formerly Izumi-mura), Kumamoto Pref.","https://unmm-my.sharepoint.com/personal/laamador_unm_edu/_layouts/15/onedrive.aspx?ct=1703091087130&or=OWA%2DNT&cid=4901f1e4%2D134c%2D3dba%2D1040%2Ddcc94a7f0c20&fromShare=true&ga=1&isAscending=true&id=%2Fpersonal%2Flaamador%5Funm%5Fedu%2FDocuments%2FSpecies%5Ffastas%5Fassignment%5FCaudata%2Freferences%2FHynobius%5Fstejnegeri%5FDLFW&sortField=LinkFilename"
"AB297537 Hynobius stejnegeri",32.681667,130.991111,"Google Earth - article",300,"D5","Yamato-cho (formerly Yabe-machi), Kumamoto Pref.","https://unmm-my.sharepoint.com/personal/laamador_unm_edu/_layouts/15/onedrive.aspx?ct=1703091087130&or=OWA%2DNT&cid=4901f1e4%2D134c%2D3dba%2D1040%2Ddcc94a7f0c20&fromShare=true&ga=1&isAscending=true&id=%2Fpersonal%2Flaamador%5Funm%5Fedu%2FDocuments%2FSpecies%5Ffastas%5Fassignment%5FCaudata%2Freferences%2FHynobius%5Fstejnegeri%5FDLFW&sortField=LinkFilename"
"AB297536 Hynobius stejnegeri",32.681667,130.991111,"Google Earth - article",300,"D4","Yamato-cho (formerly Yabe-machi), Kumamoto Pref.","https://unmm-my.sharepoint.com/personal/laamador_unm_edu/_layouts/15/onedrive.aspx?ct=1703091087130&or=OWA%2DNT&cid=4901f1e4%2D134c%2D3dba%2D1040%2Ddcc94a7f0c20&fromShare=true&ga=1&isAscending=true&id=%2Fpersonal%2Flaamador%5Funm%5Fedu%2FDocuments%2FSpecies%5Ffastas%5Fassignment%5FCaudata%2Freferences%2FHynobius%5Fstejnegeri%5FDLFW&sortField=LinkFilename"
"AB297535 Hynobius stejnegeri",32.681667,130.991111,"Google Earth - article",300,"D3","Yamato-cho (formerly Yabe-machi), Kumamoto Pref.","https://unmm-my.sharepoint.com/personal/laamador_unm_edu/_layouts/15/onedrive.aspx?ct=1703091087130&or=OWA%2DNT&cid=4901f1e4%2D134c%2D3dba%2D1040%2Ddcc94a7f0c20&fromShare=true&ga=1&isAscending=true&id=%2Fpersonal%2Flaamador%5Funm%5Fedu%2FDocuments%2FSpecies%5Ffastas%5Fassignment%5FCaudata%2Freferences%2FHynobius%5Fstejnegeri%5FDLFW&sortField=LinkFilename"
