"value","Lat","Lon","Method","Error_km","Museum_Field_Number","Notes","Reference"
"DQ652214 Hynobius sonani",24.033333,121.266667,"Article","uncertain which samples from which area though",100,"TC12","Assuming TC means Tianchih, but not sure. Tianchih, Mt. Nenggao, Nantou Co., Taiwan"
"DQ652215 Hynobius sonani",24.033333,121.266667,"Article","uncertain which samples from which area though",100,"TC15","Assuming TC means Tianchih, but not sure. Tianchih, Mt. Nenggao, Nantou Co., Taiwan"
"DQ652209 Hynobius sonani",24.133333,121.266667,"Article","uncertain which samples from which area though",100,"HH15","Assuming HH means Mt. Hohuan, but not sure. Song-syue-lou, Mt. Hohuan, Nantou Co., Taiwan"
"DQ652208 Hynobius sonani",24.133333,121.266667,"Article","uncertain which samples from which area though",100,"HH13","Assuming TC means Tianchih, but not sure. Tianchih, Mt. Nenggao, Nantou Co., Taiwan"
"DQ652205 Hynobius sonani",24.183333,121.3,"Article","NA","NTNUB 201726","Specifically listed catalog number to locality",
"DQ652207 Hynobius sonani",24.133333,121.266667,"Article","uncertain which samples from which area though",100,"HH12","Assuming HH means Mt. Hohuan, but not sure. Song-syue-lou, Mt. Hohuan, Nantou Co., Taiwan"
"DQ652210 Hynobius sonani",24.133333,121.266667,"Article","uncertain which samples from which area though",100,"HH17","Assuming HH means Mt. Hohuan, but not sure. Song-syue-lou, Mt. Hohuan, Nantou Co., Taiwan"
"DQ652211 Hynobius sonani",24.133333,121.266667,"Article","uncertain which samples from which area though",100,"HH19","Assuming HH means Mt. Hohuan, but not sure. Song-syue-lou, Mt. Hohuan, Nantou Co., Taiwan"
"DQ652206 Hynobius sonani",24.133333,121.266667,"Article","uncertain which samples from which area though",100,"HH11","Assuming HH means Mt. Hohuan, but not sure. Song-syue-lou, Mt. Hohuan, Nantou Co., Taiwan"
"DQ652213 Hynobius sonani",24.033333,121.266667,"Article","uncertain which samples from which area though",100,"TC11","Assuming TC means Tianchih, but not sure. Tianchih, Mt. Nenggao, Nantou Co., Taiwan"
