"value","Lat","Lon","Method","Error_km","Museum_Field_Number","Notes","Reference"
"DQ652224 Hynobius arisanensis",23.266667,120.966667,"Appendix at the bottom of publication","NTNUB 201650","Wukou, Taitung Co","https://bioone-org.libproxy.unm.edu/search?term=(%22Two+new+Hynobius+%22)&startYear=2008&endYear=2008",
"DQ652218 Hynobius arisanensis",23.516667,120.8,"Appendix at the bottom of publication","NTNUB 201669","Alishan, Chiayi Co","https://bioone-org.libproxy.unm.edu/search?term=(%22Two+new+Hynobius+%22)&startYear=2008&endYear=2008",
"DQ652217 Hynobius arisanensis",23.516667,120.8,"Appendix at the bottom of publication","NTNUB 201663","Alishan, Chiayi Co","https://bioone-org.libproxy.unm.edu/search?term=(%22Two+new+Hynobius+%22)&startYear=2008&endYear=2008",
"DQ652219 Hynobius arisanensis",23.516667,120.8,"Appendix at the bottom of publication","NTNUB 201673","Alishan, Chiayi Co","https://bioone-org.libproxy.unm.edu/search?term=(%22Two+new+Hynobius+%22)&startYear=2008&endYear=2008",
"DQ652216 Hynobius arisanensis",23.516667,120.8,"Appendix at the bottom of publication","NTNUB 201662","Alishan, Chiayi Co","https://bioone-org.libproxy.unm.edu/search?term=(%22Two+new+Hynobius+%22)&startYear=2008&endYear=2008",
