"value","Lat","Lon","Error_km","Method","Museum_Field_Number","Notes","Reference"
"AB266631 Hynobius tokyoensis",37.077687,140.78606,3036,"GeoLocate","KUHE 18393","NA","Matsui M, Tominaga A, Hayashi T, Misawa Y, Tanabe S. Phylogenetic relationships and phylogeography of Hynobius tokyoensis (Amphibia: Caudata) using complete sequences of cytochrome b and control region genes of mitochondrial DNA. Mol Phylogenet Evol. 2007 Jul;44(1):204-16. doi: 10.1016/j.ympev.2006.11.031. Epub 2006 Dec 13. PMID: 17254807."
"AB266632 Hynobius tokyoensis",37.077687,140.78606,3036,"GeoLocate","KUHE 21563","NA","Matsui M, Tominaga A, Hayashi T, Misawa Y, Tanabe S. Phylogenetic relationships and phylogeography of Hynobius tokyoensis (Amphibia: Caudata) using complete sequences of cytochrome b and control region genes of mitochondrial DNA. Mol Phylogenet Evol. 2007 Jul;44(1):204-16. doi: 10.1016/j.ympev.2006.11.031. Epub 2006 Dec 13. PMID: 17254807."
"AB266633 Hynobius tokyoensis",37.077687,140.78606,3036,"GeoLocate","KUHE 21564","NA","Matsui M, Tominaga A, Hayashi T, Misawa Y, Tanabe S. Phylogenetic relationships and phylogeography of Hynobius tokyoensis (Amphibia: Caudata) using complete sequences of cytochrome b and control region genes of mitochondrial DNA. Mol Phylogenet Evol. 2007 Jul;44(1):204-16. doi: 10.1016/j.ympev.2006.11.031. Epub 2006 Dec 13. PMID: 17254807."
"AB266634 Hynobius tokyoensis",36.648361,140.505357,3036,"GeoLocate","KUHE 8105","NA","Matsui M, Tominaga A, Hayashi T, Misawa Y, Tanabe S. Phylogenetic relationships and phylogeography of Hynobius tokyoensis (Amphibia: Caudata) using complete sequences of cytochrome b and control region genes of mitochondrial DNA. Mol Phylogenet Evol. 2007 Jul;44(1):204-16. doi: 10.1016/j.ympev.2006.11.031. Epub 2006 Dec 13. PMID: 17254807."
"AB266635 Hynobius tokyoensis",36.648361,140.505357,3036,"GeoLocate","KUHE 8124","NA","Matsui M, Tominaga A, Hayashi T, Misawa Y, Tanabe S. Phylogenetic relationships and phylogeography of Hynobius tokyoensis (Amphibia: Caudata) using complete sequences of cytochrome b and control region genes of mitochondrial DNA. Mol Phylogenet Evol. 2007 Jul;44(1):204-16. doi: 10.1016/j.ympev.2006.11.031. Epub 2006 Dec 13. PMID: 17254807."
"LC043286 Hynobius tokyoensis",35.368141,139.458989,1431,"GeoLocate","NA","H 1685","NA"
"AB266656 Hynobius tokyoensis",36.366665,139.58639,301,"GeoLocate","KUHE 13005","NA","Matsui M, Tominaga A, Hayashi T, Misawa Y, Tanabe S. Phylogenetic relationships and phylogeography of Hynobius tokyoensis (Amphibia: Caudata) using complete sequences of cytochrome b and control region genes of mitochondrial DNA. Mol Phylogenet Evol. 2007 Jul;44(1):204-16. doi: 10.1016/j.ympev.2006.11.031. Epub 2006 Dec 13. PMID: 17254807."
"AB266657 Hynobius tokyoensis",36.366665,139.58639,301,"GeoLocate","KUHE 13006","NA","Matsui M, Tominaga A, Hayashi T, Misawa Y, Tanabe S. Phylogenetic relationships and phylogeography of Hynobius tokyoensis (Amphibia: Caudata) using complete sequences of cytochrome b and control region genes of mitochondrial DNA. Mol Phylogenet Evol. 2007 Jul;44(1):204-16. doi: 10.1016/j.ympev.2006.11.031. Epub 2006 Dec 13. PMID: 17254807."
"AB266658 Hynobius tokyoensis",36.596878,139.886574,3036,"GeoLocate","KUHE 14613","NA","Matsui M, Tominaga A, Hayashi T, Misawa Y, Tanabe S. Phylogenetic relationships and phylogeography of Hynobius tokyoensis (Amphibia: Caudata) using complete sequences of cytochrome b and control region genes of mitochondrial DNA. Mol Phylogenet Evol. 2007 Jul;44(1):204-16. doi: 10.1016/j.ympev.2006.11.031. Epub 2006 Dec 13. PMID: 17254807."
"AB266659 Hynobius tokyoensis",36.596878,139.886574,3036,"GeoLocate","KUHE 14618","NA","Matsui M, Tominaga A, Hayashi T, Misawa Y, Tanabe S. Phylogenetic relationships and phylogeography of Hynobius tokyoensis (Amphibia: Caudata) using complete sequences of cytochrome b and control region genes of mitochondrial DNA. Mol Phylogenet Evol. 2007 Jul;44(1):204-16. doi: 10.1016/j.ympev.2006.11.031. Epub 2006 Dec 13. PMID: 17254807."
"AB266646 Hynobius tokyoensis",35.263033,140.024059,3036,"GeoLocate","KUHE 10796","NA","Matsui M, Tominaga A, Hayashi T, Misawa Y, Tanabe S. Phylogenetic relationships and phylogeography of Hynobius tokyoensis (Amphibia: Caudata) using complete sequences of cytochrome b and control region genes of mitochondrial DNA. Mol Phylogenet Evol. 2007 Jul;44(1):204-16. doi: 10.1016/j.ympev.2006.11.031. Epub 2006 Dec 13. PMID: 17254807."
"AB266647 Hynobius tokyoensis",35.263033,140.024059,3036,"GeoLocate","KUHE 10797","NA","Matsui M, Tominaga A, Hayashi T, Misawa Y, Tanabe S. Phylogenetic relationships and phylogeography of Hynobius tokyoensis (Amphibia: Caudata) using complete sequences of cytochrome b and control region genes of mitochondrial DNA. Mol Phylogenet Evol. 2007 Jul;44(1):204-16. doi: 10.1016/j.ympev.2006.11.031. Epub 2006 Dec 13. PMID: 17254807."
"AB266641 Hynobius tokyoensis",35.659834,139.287656,3036,"GeoLocate","KUHE 25837","NA","Matsui M, Tominaga A, Hayashi T, Misawa Y, Tanabe S. Phylogenetic relationships and phylogeography of Hynobius tokyoensis (Amphibia: Caudata) using complete sequences of cytochrome b and control region genes of mitochondrial DNA. Mol Phylogenet Evol. 2007 Jul;44(1):204-16. doi: 10.1016/j.ympev.2006.11.031. Epub 2006 Dec 13. PMID: 17254807."
"AB266638 Hynobius tokyoensis",35.987757,139.333856,3036,"GeoLocate","KUHE 8169","NA","Matsui M, Tominaga A, Hayashi T, Misawa Y, Tanabe S. Phylogenetic relationships and phylogeography of Hynobius tokyoensis (Amphibia: Caudata) using complete sequences of cytochrome b and control region genes of mitochondrial DNA. Mol Phylogenet Evol. 2007 Jul;44(1):204-16. doi: 10.1016/j.ympev.2006.11.031. Epub 2006 Dec 13. PMID: 17254807."
"LC043280 Hynobius tokyoensis",35.12982,140.077685,3036,"GeoLocate","NA","H 0068","NA"
"LC043282 Hynobius tokyoensis",35.239199,139.914742,4157,"GeoLocate","NA","h 0064","Matsui M, Misawa Y, Yoshikawa N, Nishikawa K. Taxonomic reappraisal of Hynobius tokyoensis, with description of a new species from northeastern Honshu, Japan (Amphibia: Caudata). Zootaxa. 2022 Jul 21;5168(2):207-221. doi: 10.11646/zootaxa.5168.2.7. PMID: 36101289."
"AB266653 Hynobius tokyoensis",35.12982,140.077685,3036,"GeoLocate","KUHE 16929","NA","Matsui M, Tominaga A, Hayashi T, Misawa Y, Tanabe S. Phylogenetic relationships and phylogeography of Hynobius tokyoensis (Amphibia: Caudata) using complete sequences of cytochrome b and control region genes of mitochondrial DNA. Mol Phylogenet Evol. 2007 Jul;44(1):204-16. doi: 10.1016/j.ympev.2006.11.031. Epub 2006 Dec 13. PMID: 17254807."
"LC043281 Hynobius tokyoensis",35.036574,139.928466,3036,"GeoLocate","NA","H 0061","NA"
"AB266652 Hynobius tokyoensis",35.12982,140.077685,3036,"GeoLocate","KUHE 16927","NA","Matsui M, Tominaga A, Hayashi T, Misawa Y, Tanabe S. Phylogenetic relationships and phylogeography of Hynobius tokyoensis (Amphibia: Caudata) using complete sequences of cytochrome b and control region genes of mitochondrial DNA. Mol Phylogenet Evol. 2007 Jul;44(1):204-16. doi: 10.1016/j.ympev.2006.11.031. Epub 2006 Dec 13. PMID: 17254807."
"AB266639 Hynobius tokyoensis",35.987757,139.333856,3036,"GeoLocate","KUHE 8170","NA","Matsui M, Tominaga A, Hayashi T, Misawa Y, Tanabe S. Phylogenetic relationships and phylogeography of Hynobius tokyoensis (Amphibia: Caudata) using complete sequences of cytochrome b and control region genes of mitochondrial DNA. Mol Phylogenet Evol. 2007 Jul;44(1):204-16. doi: 10.1016/j.ympev.2006.11.031. Epub 2006 Dec 13. PMID: 17254807."
"AB266655 Hynobius tokyoensis",35.713033,140.554206,1252,"GeoLocate","KUHE UNL","NA","Matsui M, Tominaga A, Hayashi T, Misawa Y, Tanabe S. Phylogenetic relationships and phylogeography of Hynobius tokyoensis (Amphibia: Caudata) using complete sequences of cytochrome b and control region genes of mitochondrial DNA. Mol Phylogenet Evol. 2007 Jul;44(1):204-16. doi: 10.1016/j.ympev.2006.11.031. Epub 2006 Dec 13. PMID: 17254807."
"AB266654 Hynobius tokyoensis",35.713033,140.554206,1252,"GeoLocate","KUHE 16912","NA","Matsui M, Tominaga A, Hayashi T, Misawa Y, Tanabe S. Phylogenetic relationships and phylogeography of Hynobius tokyoensis (Amphibia: Caudata) using complete sequences of cytochrome b and control region genes of mitochondrial DNA. Mol Phylogenet Evol. 2007 Jul;44(1):204-16. doi: 10.1016/j.ympev.2006.11.031. Epub 2006 Dec 13. PMID: 17254807."
"AB266648 Hynobius tokyoensis",35.263033,140.024059,3036,"GeoLocate","KUHE 28432","NA","Matsui M, Tominaga A, Hayashi T, Misawa Y, Tanabe S. Phylogenetic relationships and phylogeography of Hynobius tokyoensis (Amphibia: Caudata) using complete sequences of cytochrome b and control region genes of mitochondrial DNA. Mol Phylogenet Evol. 2007 Jul;44(1):204-16. doi: 10.1016/j.ympev.2006.11.031. Epub 2006 Dec 13. PMID: 17254807."
"AB266649 Hynobius tokyoensis",35.263033,140.024059,3036,"GeoLocate","KUHE 28444","NA","Matsui M, Tominaga A, Hayashi T, Misawa Y, Tanabe S. Phylogenetic relationships and phylogeography of Hynobius tokyoensis (Amphibia: Caudata) using complete sequences of cytochrome b and control region genes of mitochondrial DNA. Mol Phylogenet Evol. 2007 Jul;44(1):204-16. doi: 10.1016/j.ympev.2006.11.031. Epub 2006 Dec 13. PMID: 17254807."
"AB266650 Hynobius tokyoensis",35.424841,140.137249,1883,"GeoLocate","KUHE UNL","NA","Matsui M, Tominaga A, Hayashi T, Misawa Y, Tanabe S. Phylogenetic relationships and phylogeography of Hynobius tokyoensis (Amphibia: Caudata) using complete sequences of cytochrome b and control region genes of mitochondrial DNA. Mol Phylogenet Evol. 2007 Jul;44(1):204-16. doi: 10.1016/j.ympev.2006.11.031. Epub 2006 Dec 13. PMID: 17254807."
"AB266651 Hynobius tokyoensis",35.424841,140.137249,1883,"GeoLocate","KUHE UNL","NA","Matsui M, Tominaga A, Hayashi T, Misawa Y, Tanabe S. Phylogenetic relationships and phylogeography of Hynobius tokyoensis (Amphibia: Caudata) using complete sequences of cytochrome b and control region genes of mitochondrial DNA. Mol Phylogenet Evol. 2007 Jul;44(1):204-16. doi: 10.1016/j.ympev.2006.11.031. Epub 2006 Dec 13. PMID: 17254807."
"AB266642 Hynobius tokyoensis",35.748599,139.245428,1736,"GeoLocate","KUHE 8154","NA","Matsui M, Tominaga A, Hayashi T, Misawa Y, Tanabe S. Phylogenetic relationships and phylogeography of Hynobius tokyoensis (Amphibia: Caudata) using complete sequences of cytochrome b and control region genes of mitochondrial DNA. Mol Phylogenet Evol. 2007 Jul;44(1):204-16. doi: 10.1016/j.ympev.2006.11.031. Epub 2006 Dec 13. PMID: 17254807."
"AB266643 Hynobius tokyoensis",35.748599,139.245428,1736,"GeoLocate","KUHE 8163","NA","Matsui M, Tominaga A, Hayashi T, Misawa Y, Tanabe S. Phylogenetic relationships and phylogeography of Hynobius tokyoensis (Amphibia: Caudata) using complete sequences of cytochrome b and control region genes of mitochondrial DNA. Mol Phylogenet Evol. 2007 Jul;44(1):204-16. doi: 10.1016/j.ympev.2006.11.031. Epub 2006 Dec 13. PMID: 17254807."
"AB266640 Hynobius tokyoensis",35.655998,139.253581,3036,"GeoLocate","KUHE 25836","NA","Matsui M, Tominaga A, Hayashi T, Misawa Y, Tanabe S. Phylogenetic relationships and phylogeography of Hynobius tokyoensis (Amphibia: Caudata) using complete sequences of cytochrome b and control region genes of mitochondrial DNA. Mol Phylogenet Evol. 2007 Jul;44(1):204-16. doi: 10.1016/j.ympev.2006.11.031. Epub 2006 Dec 13. PMID: 17254807."
"AB266644 Hynobius tokyoensis",35.733895,139.216921,1702,"GeoLocate","KUHE 8126","NA","Matsui M, Tominaga A, Hayashi T, Misawa Y, Tanabe S. Phylogenetic relationships and phylogeography of Hynobius tokyoensis (Amphibia: Caudata) using complete sequences of cytochrome b and control region genes of mitochondrial DNA. Mol Phylogenet Evol. 2007 Jul;44(1):204-16. doi: 10.1016/j.ympev.2006.11.031. Epub 2006 Dec 13. PMID: 17254807."
"AB266645 Hynobius tokyoensis",35.733895,139.216921,1702,"GeoLocate","KUHE 8127","NA","Matsui M, Tominaga A, Hayashi T, Misawa Y, Tanabe S. Phylogenetic relationships and phylogeography of Hynobius tokyoensis (Amphibia: Caudata) using complete sequences of cytochrome b and control region genes of mitochondrial DNA. Mol Phylogenet Evol. 2007 Jul;44(1):204-16. doi: 10.1016/j.ympev.2006.11.031. Epub 2006 Dec 13. PMID: 17254807."
"AB266661 Hynobius tokyoensis",35.249854,139.660326,3036,"GeoLocate","KUHE 14401","NA","Matsui M, Tominaga A, Hayashi T, Misawa Y, Tanabe S. Phylogenetic relationships and phylogeography of Hynobius tokyoensis (Amphibia: Caudata) using complete sequences of cytochrome b and control region genes of mitochondrial DNA. Mol Phylogenet Evol. 2007 Jul;44(1):204-16. doi: 10.1016/j.ympev.2006.11.031. Epub 2006 Dec 13. PMID: 17254807."
"AB266660 Hynobius tokyoensis",35.249854,139.660326,3036,"GeoLocate","KUHE 14394","NA","Matsui M, Tominaga A, Hayashi T, Misawa Y, Tanabe S. Phylogenetic relationships and phylogeography of Hynobius tokyoensis (Amphibia: Caudata) using complete sequences of cytochrome b and control region genes of mitochondrial DNA. Mol Phylogenet Evol. 2007 Jul;44(1):204-16. doi: 10.1016/j.ympev.2006.11.031. Epub 2006 Dec 13. PMID: 17254807."
"AB266637 Hynobius tokyoensis",36.047827,139.314677,3036,"GeoLocate","KUHE 14622","NA","Matsui M, Tominaga A, Hayashi T, Misawa Y, Tanabe S. Phylogenetic relationships and phylogeography of Hynobius tokyoensis (Amphibia: Caudata) using complete sequences of cytochrome b and control region genes of mitochondrial DNA. Mol Phylogenet Evol. 2007 Jul;44(1):204-16. doi: 10.1016/j.ympev.2006.11.031. Epub 2006 Dec 13. PMID: 17254807."
"AB266636 Hynobius tokyoensis",36.047827,139.314677,3036,"GeoLocate","KUHE 14621","NA","Matsui M, Tominaga A, Hayashi T, Misawa Y, Tanabe S. Phylogenetic relationships and phylogeography of Hynobius tokyoensis (Amphibia: Caudata) using complete sequences of cytochrome b and control region genes of mitochondrial DNA. Mol Phylogenet Evol. 2007 Jul;44(1):204-16. doi: 10.1016/j.ympev.2006.11.031. Epub 2006 Dec 13. PMID: 17254807."
