value,Lat,Lon,Error_km,Method,Museum_Field_Number,Notes,Reference
LC495184 Hynobius vandenburghi,35.459478,136.26203,6615,Geolocate,tobakami9,"Shiga, Nagahama",NA
LC495190 Hynobius vandenburghi,35.459478,136.26203,6615,Geolocate,Hogo34,"Shiga, Nagahama",NA
LC436439 Hynobius vandenburghi,34.331149,135.235214,2131,Geolocate,KUHE:18553,"H77, Osaka, Hannan-shi","Matsui, M., Okawa, H., Nishikawa, K., Aoki, G., Eto, K., Yoshikawa, N., Tanabe, S., Misawa, Y., Tominaga, A. 2019. Systematics of the Widely Distributed Japanese Clouded Salamander, Hynobius nebulosus (Amphibia: Caudata: Hynobiidae), and Its Closest Relatives, Current Herpetology, 38(1), 32-90."
LC436438 Hynobius vandenburghi,34.708698,135.709628,3036,Geolocate,KUHE:26462,"H76, Nara, Ikoma-shi","Matsui, M., Okawa, H., Nishikawa, K., Aoki, G., Eto, K., Yoshikawa, N., Tanabe, S., Misawa, Y., Tominaga, A. 2019. Systematics of the Widely Distributed Japanese Clouded Salamander, Hynobius nebulosus (Amphibia: Caudata: Hynobiidae), and Its Closest Relatives, Current Herpetology, 38(1), 32-90."
LC485188 Hynobius vandenburghi,35.213806,136.62443,3036,Geolocate,2017-Kaizu-U1,"Gifu, Kaizu","Sakai Y, Kusakabe A, Tsuchida K, et al. Discovery of an unrecorded population of Yamato salamander (Hynobius vandenburghi) by GIS and eDNA analysis. Environmental DNA. 2019; 1: 281–289. https://doi.org/10.1002/edn3.31"
LC485187 Hynobius vandenburghi,35.213806,136.62443,3036,Geolocate,2017-Kaizu-N1,"Gifu, Kaizu","Sakai Y, Kusakabe A, Tsuchida K, et al. Discovery of an unrecorded population of Yamato salamander (Hynobius vandenburghi) by GIS and eDNA analysis. Environmental DNA. 2019; 1: 281–289. https://doi.org/10.1002/edn3.31"
LC436435 Hynobius vandenburghi,34.666667,137.266667,3036,Geolocate,KUHE:24863,"H72, Aichi, Tahara-shi","Matsui, M., Okawa, H., Nishikawa, K., Aoki, G., Eto, K., Yoshikawa, N., Tanabe, S., Misawa, Y., Tominaga, A. 2019. Systematics of the Widely Distributed Japanese Clouded Salamander, Hynobius nebulosus (Amphibia: Caudata: Hynobiidae), and Its Closest Relatives, Current Herpetology, 38(1), 32-90."
LC485192 Hynobius vandenburghi,35.503527,136.912473,3036,Geolocate,2017-Seki,"Gifu, Seki","Sakai Y, Kusakabe A, Tsuchida K, et al. Discovery of an unrecorded population of Yamato salamander (Hynobius vandenburghi) by GIS and eDNA analysis. Environmental DNA. 2019; 1: 281–289. https://doi.org/10.1002/edn3.31"
LC485189 Hynobius vandenburghi,35.433333,136.783333,3036,Geolocate,2017-Gifu-A,"Gifu, Gifu","Sakai Y, Kusakabe A, Tsuchida K, et al. Discovery of an unrecorded population of Yamato salamander (Hynobius vandenburghi) by GIS and eDNA analysis. Environmental DNA. 2019; 1: 281–289. https://doi.org/10.1002/edn3.31"
LC485191 Hynobius vandenburghi,35.433333,136.783333,3036,Geolocate,2017-Kaizu-U1,"Gifu, Gifu","Sakai Y, Kusakabe A, Tsuchida K, et al. Discovery of an unrecorded population of Yamato salamander (Hynobius vandenburghi) by GIS and eDNA analysis. Environmental DNA. 2019; 1: 281–289. https://doi.org/10.1002/edn3.31"
LC485190 Hynobius vandenburghi,35.433333,136.783333,3036,Geolocate,2017-Gifu-A,"Gifu, Gifu","Sakai Y, Kusakabe A, Tsuchida K, et al. Discovery of an unrecorded population of Yamato salamander (Hynobius vandenburghi) by GIS and eDNA analysis. Environmental DNA. 2019; 1: 281–289. https://doi.org/10.1002/edn3.31"
LC436437 Hynobius vandenburghi,34.766122,136.002446,3036,Geolocate,KUHE:9300,"H75, Kyoto, Minamiyamashiro-mura","Matsui, M., Okawa, H., Nishikawa, K., Aoki, G., Eto, K., Yoshikawa, N., Tanabe, S., Misawa, Y., Tominaga, A. 2019. Systematics of the Widely Distributed Japanese Clouded Salamander, Hynobius nebulosus (Amphibia: Caudata: Hynobiidae), and Its Closest Relatives, Current Herpetology, 38(1), 32-90."
LC495188 Hynobius vandenburghi,35.281956,136.267166,1710,Geolocate,kouzin6,"Shiga, Hikone",NA
LC495189 Hynobius vandenburghi,35.281956,136.267166,1710,Geolocate,kouzin11,"Shiga, Hikone",NA
LC436436 Hynobius vandenburghi,35.011172,136.263978,3036,Geolocate,KUHE:T2655,"Shiga, Hino-cho","Matsui, M., Okawa, H., Nishikawa, K., Aoki, G., Eto, K., Yoshikawa, N., Tanabe, S., Misawa, Y., Tominaga, A. 2019. Systematics of the Widely Distributed Japanese Clouded Salamander, Hynobius nebulosus (Amphibia: Caudata: Hynobiidae), and Its Closest Relatives, Current Herpetology, 38(1), 32-90."
LC495187 Hynobius vandenburghi,35.281956,136.267166,1710,Geolocate,kouzin9,"Shiga, Hikone",NA
LC495185 Hynobius vandenburghi,35.281956,136.267166,1710,Geolocate,kouzin1,"Shiga, Hikone",NA
LC495186 Hynobius vandenburghi,35.281956,136.267166,1710,Geolocate,kouzin7,"Shiga, Hikone",NA
