value,Lat,Lon,Error_km,Method,Museum_Field_Number,Notes,Reference
ON110917 Hynobius hirosei,33.838228,132.875314,4969,GeoLocate,KUHE unnumbered 20,"Central group, Toon City, Ehime Prefecture ","Kanamori S, Nishikawa K, Matsui M, Tanabe S. 2022. A new species of lotic breeding salamander (Amphibia, Caudata, Hynobiidae) from Shikoku, Japan. PeerJ 10:e13891 https://doi.org/10.7717/peerj.13891"
ON110918 Hynobius hirosei,33.838228,132.875314,4969,GeoLocate,KUHE unnumbered 21,"Central group, Toon City, Ehime Prefecture ","Kanamori S, Nishikawa K, Matsui M, Tanabe S. 2022. A new species of lotic breeding salamander (Amphibia, Caudata, Hynobiidae) from Shikoku, Japan. PeerJ 10:e13891 https://doi.org/10.7717/peerj.13891"
ON110916 Hynobius hirosei,33.838228,132.875314,4969,GeoLocate,KUHE unnumbered 19,"Central group, Toon City, Ehime Prefecture ","Kanamori S, Nishikawa K, Matsui M, Tanabe S. 2022. A new species of lotic breeding salamander (Amphibia, Caudata, Hynobiidae) from Shikoku, Japan. PeerJ 10:e13891 https://doi.org/10.7717/peerj.13891"
ON110921 Hynobius hirosei,33.438488,133.175093,3866,GeoLocate,KUHE T2974,"Central group, Tsuno Town, Kochi Prefecture","Kanamori S, Nishikawa K, Matsui M, Tanabe S. 2022. A new species of lotic breeding salamander (Amphibia, Caudata, Hynobiidae) from Shikoku, Japan. PeerJ 10:e13891 https://doi.org/10.7717/peerj.13891"
ON110920 Hynobius hirosei,33.438488,133.175093,3866,GeoLocate,KUHE T2973,"Central group, Tsuno Town, Kochi Prefecture","Kanamori S, Nishikawa K, Matsui M, Tanabe S. 2022. A new species of lotic breeding salamander (Amphibia, Caudata, Hynobiidae) from Shikoku, Japan. PeerJ 10:e13891 https://doi.org/10.7717/peerj.13891"
ON110919 Hynobius hirosei,33.438488,133.175093,3866,GeoLocate,KUHE 28086,"Central group, Tsuno Town, Kochi Prefecture","Kanamori S, Nishikawa K, Matsui M, Tanabe S. 2022. A new species of lotic breeding salamander (Amphibia, Caudata, Hynobiidae) from Shikoku, Japan. PeerJ 10:e13891 https://doi.org/10.7717/peerj.13891"
ON110872 Hynobius hirosei,33.787289,133.659529,4254,GeoLocate,KUHE 62196-5,"Central group, Otoyo Town, Kochi Prefecture","Kanamori S, Nishikawa K, Matsui M, Tanabe S. 2022. A new species of lotic breeding salamander (Amphibia, Caudata, Hynobiidae) from Shikoku, Japan. PeerJ 10:e13891 https://doi.org/10.7717/peerj.13891"
ON110871 Hynobius hirosei,33.787289,133.659529,4254,GeoLocate,KUHE 62196-4,"Central group, Otoyo Town, Kochi Prefecture","Kanamori S, Nishikawa K, Matsui M, Tanabe S. 2022. A new species of lotic breeding salamander (Amphibia, Caudata, Hynobiidae) from Shikoku, Japan. PeerJ 10:e13891 https://doi.org/10.7717/peerj.13891"
ON110869 Hynobius hirosei,33.787289,133.659529,4254,GeoLocate,KUHE 62196-2,"Central group, Otoyo Town, Kochi Prefecture","Kanamori S, Nishikawa K, Matsui M, Tanabe S. 2022. A new species of lotic breeding salamander (Amphibia, Caudata, Hynobiidae) from Shikoku, Japan. PeerJ 10:e13891 https://doi.org/10.7717/peerj.13891"
ON110873 Hynobius hirosei,33.787289,133.659529,4254,GeoLocate,KUHE 62196-6,"Central group, Otoyo Town, Kochi Prefecture","Kanamori S, Nishikawa K, Matsui M, Tanabe S. 2022. A new species of lotic breeding salamander (Amphibia, Caudata, Hynobiidae) from Shikoku, Japan. PeerJ 10:e13891 https://doi.org/10.7717/peerj.13891"
ON110870 Hynobius hirosei,33.787289,133.659529,4254,GeoLocate,KUHE 62196-3,"Central group, Otoyo Town, Kochi Prefecture","Kanamori S, Nishikawa K, Matsui M, Tanabe S. 2022. A new species of lotic breeding salamander (Amphibia, Caudata, Hynobiidae) from Shikoku, Japan. PeerJ 10:e13891 https://doi.org/10.7717/peerj.13891"
ON110868 Hynobius hirosei,33.787289,133.659529,4254,GeoLocate,KUHE 62196-1,"Central group, Otoyo Town, Kochi Prefecture","Kanamori S, Nishikawa K, Matsui M, Tanabe S. 2022. A new species of lotic breeding salamander (Amphibia, Caudata, Hynobiidae) from Shikoku, Japan. PeerJ 10:e13891 https://doi.org/10.7717/peerj.13891"
ON110908 Hynobius hirosei,33.860995,133.108323,4967,GeoLocate,KUHE T2174,"Central group, Saijo City, Ehime Prefecture","Kanamori S, Nishikawa K, Matsui M, Tanabe S. 2022. A new species of lotic breeding salamander (Amphibia, Caudata, Hynobiidae) from Shikoku, Japan. PeerJ 10:e13891 https://doi.org/10.7717/peerj.13891"
ON110906 Hynobius hirosei,33.860995,133.108323,4967,GeoLocate,KUHE unnumbered 15,"Central group, Saijo City, Ehime Prefecture","Kanamori S, Nishikawa K, Matsui M, Tanabe S. 2022. A new species of lotic breeding salamander (Amphibia, Caudata, Hynobiidae) from Shikoku, Japan. PeerJ 10:e13891 https://doi.org/10.7717/peerj.13891"
ON110874 Hynobius hirosei,33.787289,133.659529,4254,GeoLocate,KUHE 62196-7,"Central group, Otoyo Town, Kochi Prefecture","Kanamori S, Nishikawa K, Matsui M, Tanabe S. 2022. A new species of lotic breeding salamander (Amphibia, Caudata, Hynobiidae) from Shikoku, Japan. PeerJ 10:e13891 https://doi.org/10.7717/peerj.13891"
AB921168 Hynobius hirosei,33.645809,132.930933,6176,GeoLocate,T 3009,"Kumakogen Town (former Omogo Village), Ehime Prefecture","Nishikawa, Kanto & Matsui, Masafumi. (2014). Three new species of the salamander genus Hynobius (Amphibia, Urodela, Hynobiidae) from Kyushu, Japan. Zootaxa. 3852. 203-226. 10.11646/zootaxa.3852.2.3. "
ON110912 Hynobius hirosei,33.666385,133.000284,6538,GeoLocate,KUHE T3009,"Central group, Kumakogen Town, Ehime Prefecture. It seems to be the same individual of AB921168","Kanamori S, Nishikawa K, Matsui M, Tanabe S. 2022. A new species of lotic breeding salamander (Amphibia, Caudata, Hynobiidae) from Shikoku, Japan. PeerJ 10:e13891 https://doi.org/10.7717/peerj.13891"
ON110911 Hynobius hirosei,33.666385,133.000284,6538,GeoLocate,KUHE 24468,"Central group, Kumakogen Town, Ehime Prefecture. ","Kanamori S, Nishikawa K, Matsui M, Tanabe S. 2022. A new species of lotic breeding salamander (Amphibia, Caudata, Hynobiidae) from Shikoku, Japan. PeerJ 10:e13891 https://doi.org/10.7717/peerj.13891"
ON110909 Hynobius hirosei,33.860995,133.108323,4967,GeoLocate,KUHE T2175,"Central group, Saijo City, Ehime Prefecture","Kanamori S, Nishikawa K, Matsui M, Tanabe S. 2022. A new species of lotic breeding salamander (Amphibia, Caudata, Hynobiidae) from Shikoku, Japan. PeerJ 10:e13891 https://doi.org/10.7717/peerj.13891"
ON110914 Hynobius hirosei,33.666385,133.000284,6538,GeoLocate,KUHE unnumbered 17,"Central group, Kumakogen Town, Ehime Prefecture. ","Kanamori S, Nishikawa K, Matsui M, Tanabe S. 2022. A new species of lotic breeding salamander (Amphibia, Caudata, Hynobiidae) from Shikoku, Japan. PeerJ 10:e13891 https://doi.org/10.7717/peerj.13891"
ON110913 Hynobius hirosei,33.666385,133.000284,6538,GeoLocate,KUHE unnumbered 16,"Central group, Kumakogen Town, Ehime Prefecture. ","Kanamori S, Nishikawa K, Matsui M, Tanabe S. 2022. A new species of lotic breeding salamander (Amphibia, Caudata, Hynobiidae) from Shikoku, Japan. PeerJ 10:e13891 https://doi.org/10.7717/peerj.13891"
ON110907 Hynobius hirosei,33.860995,133.108323,4967,GeoLocate,KUHE T2173,"Central group, Saijo City, Ehime Prefecture","Kanamori S, Nishikawa K, Matsui M, Tanabe S. 2022. A new species of lotic breeding salamander (Amphibia, Caudata, Hynobiidae) from Shikoku, Japan. PeerJ 10:e13891 https://doi.org/10.7717/peerj.13891"
ON110905 Hynobius hirosei,33.860995,133.108323,4967,GeoLocate,KUHE unnumbered 14,"Central group, Saijo City, Ehime Prefecture","Kanamori S, Nishikawa K, Matsui M, Tanabe S. 2022. A new species of lotic breeding salamander (Amphibia, Caudata, Hynobiidae) from Shikoku, Japan. PeerJ 10:e13891 https://doi.org/10.7717/peerj.13891"
ON110875 Hynobius hirosei,33.787289,133.659529,4254,GeoLocate,KUHE 62197,"Central group, Otoyo Town, Kochi Prefecture","Kanamori S, Nishikawa K, Matsui M, Tanabe S. 2022. A new species of lotic breeding salamander (Amphibia, Caudata, Hynobiidae) from Shikoku, Japan. PeerJ 10:e13891 https://doi.org/10.7717/peerj.13891"
ON110910 Hynobius hirosei,33.666385,133.000284,6538,GeoLocate,KUHE 24467,"Central group, Kumakogen Town, Ehime Prefecture. ","Kanamori S, Nishikawa K, Matsui M, Tanabe S. 2022. A new species of lotic breeding salamander (Amphibia, Caudata, Hynobiidae) from Shikoku, Japan. PeerJ 10:e13891 https://doi.org/10.7717/peerj.13891"
ON110904 Hynobius hirosei,33.860995,133.108323,4967,GeoLocate,KUHE unnumbered 13,"Central group, Saijo City, Ehime Prefecture","Kanamori S, Nishikawa K, Matsui M, Tanabe S. 2022. A new species of lotic breeding salamander (Amphibia, Caudata, Hynobiidae) from Shikoku, Japan. PeerJ 10:e13891 https://doi.org/10.7717/peerj.13891"
ON110901 Hynobius hirosei,33.68738,133.311049,3554,GeoLocate,KUHE T2161,"Central group, Ino Town, Kochi Prefecture","Kanamori S, Nishikawa K, Matsui M, Tanabe S. 2022. A new species of lotic breeding salamander (Amphibia, Caudata, Hynobiidae) from Shikoku, Japan. PeerJ 10:e13891 https://doi.org/10.7717/peerj.13891"
ON110927 Hynobius hirosei,33.616667,132.85,3036,GeoLocate,KUHE T2702,"Central group, Seiyo City, Ehime Prefecture","Kanamori S, Nishikawa K, Matsui M, Tanabe S. 2022. A new species of lotic breeding salamander (Amphibia, Caudata, Hynobiidae) from Shikoku, Japan. PeerJ 10:e13891 https://doi.org/10.7717/peerj.13891"
ON110924 Hynobius hirosei,33.666385,133.000284,6538,GeoLocate,KUHE 57485-3,"Central group, Kumakogen Town, Ehime Prefecture. ","Kanamori S, Nishikawa K, Matsui M, Tanabe S. 2022. A new species of lotic breeding salamander (Amphibia, Caudata, Hynobiidae) from Shikoku, Japan. PeerJ 10:e13891 https://doi.org/10.7717/peerj.13891"
ON110922 Hynobius hirosei,33.666385,133.000284,6538,GeoLocate,KUHE 57485-1,"Central group, Kumakogen Town, Ehime Prefecture. ","Kanamori S, Nishikawa K, Matsui M, Tanabe S. 2022. A new species of lotic breeding salamander (Amphibia, Caudata, Hynobiidae) from Shikoku, Japan. PeerJ 10:e13891 https://doi.org/10.7717/peerj.13891"
ON110923 Hynobius hirosei,33.666385,133.000284,6538,GeoLocate,KUHE 57485-2,"Central group, Kumakogen Town, Ehime Prefecture. ","Kanamori S, Nishikawa K, Matsui M, Tanabe S. 2022. A new species of lotic breeding salamander (Amphibia, Caudata, Hynobiidae) from Shikoku, Japan. PeerJ 10:e13891 https://doi.org/10.7717/peerj.13891"
ON110926 Hynobius hirosei,33.616667,132.85,3036,GeoLocate,KUHE 57482,"Central group, Seiyo City, Ehime Prefecture","Kanamori S, Nishikawa K, Matsui M, Tanabe S. 2022. A new species of lotic breeding salamander (Amphibia, Caudata, Hynobiidae) from Shikoku, Japan. PeerJ 10:e13891 https://doi.org/10.7717/peerj.13891"
ON110925 Hynobius hirosei,33.616667,132.85,3036,GeoLocate,KUHE 57481,"Central group, Seiyo City, Ehime Prefecture","Kanamori S, Nishikawa K, Matsui M, Tanabe S. 2022. A new species of lotic breeding salamander (Amphibia, Caudata, Hynobiidae) from Shikoku, Japan. PeerJ 10:e13891 https://doi.org/10.7717/peerj.13891"
ON110915 Hynobius hirosei,33.666385,133.000284,6538,GeoLocate,KUHE unnumbered 18,"Central group, Kumakogen Town, Ehime Prefecture. ","Kanamori S, Nishikawa K, Matsui M, Tanabe S. 2022. A new species of lotic breeding salamander (Amphibia, Caudata, Hynobiidae) from Shikoku, Japan. PeerJ 10:e13891 https://doi.org/10.7717/peerj.13891"
ON110867 Hynobius hirosei,34.004844,133.822755,5517,GeoLocate,KUHE 61300-3,"Central group, Miyoshi City, Tokushima Prefecture","Kanamori S, Nishikawa K, Matsui M, Tanabe S. 2022. A new species of lotic breeding salamander (Amphibia, Caudata, Hynobiidae) from Shikoku, Japan. PeerJ 10:e13891 https://doi.org/10.7717/peerj.13891"
ON110865 Hynobius hirosei,34.004844,133.822755,5517,GeoLocate,KUHE 61300-1,"Central group, Miyoshi City, Tokushima Prefecture","Kanamori S, Nishikawa K, Matsui M, Tanabe S. 2022. A new species of lotic breeding salamander (Amphibia, Caudata, Hynobiidae) from Shikoku, Japan. PeerJ 10:e13891 https://doi.org/10.7717/peerj.13891"
ON110876 Hynobius hirosei,33.787289,133.659529,4254,GeoLocate,KUHE 62192-1,"Central group, Otoyo Town, Kochi Prefecture","Kanamori S, Nishikawa K, Matsui M, Tanabe S. 2022. A new species of lotic breeding salamander (Amphibia, Caudata, Hynobiidae) from Shikoku, Japan. PeerJ 10:e13891 https://doi.org/10.7717/peerj.13891"
ON110864 Hynobius hirosei,34.004844,133.822755,5517,GeoLocate,KUHE 62237,"Central group, Miyoshi City, Tokushima Prefecture","Kanamori S, Nishikawa K, Matsui M, Tanabe S. 2022. A new species of lotic breeding salamander (Amphibia, Caudata, Hynobiidae) from Shikoku, Japan. PeerJ 10:e13891 https://doi.org/10.7717/peerj.13891"
ON110863 Hynobius hirosei,34.004844,133.822755,5517,GeoLocate,KUHE 62195,"Central group, Miyoshi City, Tokushima Prefecture","Kanamori S, Nishikawa K, Matsui M, Tanabe S. 2022. A new species of lotic breeding salamander (Amphibia, Caudata, Hynobiidae) from Shikoku, Japan. PeerJ 10:e13891 https://doi.org/10.7717/peerj.13891"
ON110862 Hynobius hirosei,34.004844,133.822755,5517,GeoLocate,KUHE 62193-8,"Central group, Miyoshi City, Tokushima Prefecture","Kanamori S, Nishikawa K, Matsui M, Tanabe S. 2022. A new species of lotic breeding salamander (Amphibia, Caudata, Hynobiidae) from Shikoku, Japan. PeerJ 10:e13891 https://doi.org/10.7717/peerj.13891"
ON110861 Hynobius hirosei,34.004844,133.822755,5517,GeoLocate,KUHE 62193-7,"Central group, Miyoshi City, Tokushima Prefecture","Kanamori S, Nishikawa K, Matsui M, Tanabe S. 2022. A new species of lotic breeding salamander (Amphibia, Caudata, Hynobiidae) from Shikoku, Japan. PeerJ 10:e13891 https://doi.org/10.7717/peerj.13891"
ON110860 Hynobius hirosei,34.004844,133.822755,5517,GeoLocate,KUHE 62193-6,"Central group, Miyoshi City, Tokushima Prefecture","Kanamori S, Nishikawa K, Matsui M, Tanabe S. 2022. A new species of lotic breeding salamander (Amphibia, Caudata, Hynobiidae) from Shikoku, Japan. PeerJ 10:e13891 https://doi.org/10.7717/peerj.13891"
ON110859 Hynobius hirosei,34.004844,133.822755,5517,GeoLocate,KUHE 62193-5,"Central group, Miyoshi City, Tokushima Prefecture","Kanamori S, Nishikawa K, Matsui M, Tanabe S. 2022. A new species of lotic breeding salamander (Amphibia, Caudata, Hynobiidae) from Shikoku, Japan. PeerJ 10:e13891 https://doi.org/10.7717/peerj.13891"
ON110858 Hynobius hirosei,34.004844,133.822755,5517,GeoLocate,KUHE 62193-4,"Central group, Miyoshi City, Tokushima Prefecture","Kanamori S, Nishikawa K, Matsui M, Tanabe S. 2022. A new species of lotic breeding salamander (Amphibia, Caudata, Hynobiidae) from Shikoku, Japan. PeerJ 10:e13891 https://doi.org/10.7717/peerj.13891"
ON110857 Hynobius hirosei,34.004844,133.822755,5517,GeoLocate,KUHE 62193-3,"Central group, Miyoshi City, Tokushima Prefecture","Kanamori S, Nishikawa K, Matsui M, Tanabe S. 2022. A new species of lotic breeding salamander (Amphibia, Caudata, Hynobiidae) from Shikoku, Japan. PeerJ 10:e13891 https://doi.org/10.7717/peerj.13891"
ON110856 Hynobius hirosei,34.004844,133.822755,5517,GeoLocate,KUHE 62193-2,"Central group, Miyoshi City, Tokushima Prefecture","Kanamori S, Nishikawa K, Matsui M, Tanabe S. 2022. A new species of lotic breeding salamander (Amphibia, Caudata, Hynobiidae) from Shikoku, Japan. PeerJ 10:e13891 https://doi.org/10.7717/peerj.13891"
ON110855 Hynobius hirosei,34.004844,133.822755,5517,GeoLocate,KUHE 62193-1,"Central group, Miyoshi City, Tokushima Prefecture","Kanamori S, Nishikawa K, Matsui M, Tanabe S. 2022. A new species of lotic breeding salamander (Amphibia, Caudata, Hynobiidae) from Shikoku, Japan. PeerJ 10:e13891 https://doi.org/10.7717/peerj.13891"
ON110903 Hynobius hirosei,33.68738,133.311049,3554,GeoLocate,KUHE T2163,"Central group, Ino Town, Kochi Prefecture","Kanamori S, Nishikawa K, Matsui M, Tanabe S. 2022. A new species of lotic breeding salamander (Amphibia, Caudata, Hynobiidae) from Shikoku, Japan. PeerJ 10:e13891 https://doi.org/10.7717/peerj.13891"
ON110902 Hynobius hirosei,33.68738,133.311049,3554,GeoLocate,KUHE T2162,"Central group, Ino Town, Kochi Prefecture","Kanamori S, Nishikawa K, Matsui M, Tanabe S. 2022. A new species of lotic breeding salamander (Amphibia, Caudata, Hynobiidae) from Shikoku, Japan. PeerJ 10:e13891 https://doi.org/10.7717/peerj.13891"
ON110898 Hynobius hirosei,33.585889,133.507094,3036,GeoLocate,KUHE 9515,"Central group, Kochi City, Kochi Prefecture","Kanamori S, Nishikawa K, Matsui M, Tanabe S. 2022. A new species of lotic breeding salamander (Amphibia, Caudata, Hynobiidae) from Shikoku, Japan. PeerJ 10:e13891 https://doi.org/10.7717/peerj.13891"
ON110895 Hynobius hirosei,33.585889,133.507094,3036,GeoLocate,KUHE 9512,"Central group, Kochi City, Kochi Prefecture","Kanamori S, Nishikawa K, Matsui M, Tanabe S. 2022. A new species of lotic breeding salamander (Amphibia, Caudata, Hynobiidae) from Shikoku, Japan. PeerJ 10:e13891 https://doi.org/10.7717/peerj.13891"
ON110900 Hynobius hirosei,33.585889,133.507094,3036,GeoLocate,KUHE 24199,"Central group, Kochi City, Kochi Prefecture","Kanamori S, Nishikawa K, Matsui M, Tanabe S. 2022. A new species of lotic breeding salamander (Amphibia, Caudata, Hynobiidae) from Shikoku, Japan. PeerJ 10:e13891 https://doi.org/10.7717/peerj.13891"
ON110897 Hynobius hirosei,33.585889,133.507094,3036,GeoLocate,KUHE 9514,"Central group, Kochi City, Kochi Prefecture","Kanamori S, Nishikawa K, Matsui M, Tanabe S. 2022. A new species of lotic breeding salamander (Amphibia, Caudata, Hynobiidae) from Shikoku, Japan. PeerJ 10:e13891 https://doi.org/10.7717/peerj.13891"
ON110899 Hynobius hirosei,33.585889,133.507094,3036,GeoLocate,KUHE 24196,"Central group, Kochi City, Kochi Prefecture","Kanamori S, Nishikawa K, Matsui M, Tanabe S. 2022. A new species of lotic breeding salamander (Amphibia, Caudata, Hynobiidae) from Shikoku, Japan. PeerJ 10:e13891 https://doi.org/10.7717/peerj.13891"
ON110896 Hynobius hirosei,33.585889,133.507094,3036,GeoLocate,KUHE 9513,"Central group, Kochi City, Kochi Prefecture","Kanamori S, Nishikawa K, Matsui M, Tanabe S. 2022. A new species of lotic breeding salamander (Amphibia, Caudata, Hynobiidae) from Shikoku, Japan. PeerJ 10:e13891 https://doi.org/10.7717/peerj.13891"
ON110892 Hynobius hirosei,33.755824,133.584405,1481,GeoLocate,KUHE 62198-11,"Central group, Motoyama Town, Kochi Prefecture","Kanamori S, Nishikawa K, Matsui M, Tanabe S. 2022. A new species of lotic breeding salamander (Amphibia, Caudata, Hynobiidae) from Shikoku, Japan. PeerJ 10:e13891 https://doi.org/10.7717/peerj.13891"
ON110887 Hynobius hirosei,33.755824,133.584405,1481,GeoLocate,KUHE 62198-6,"Central group, Motoyama Town, Kochi Prefecture","Kanamori S, Nishikawa K, Matsui M, Tanabe S. 2022. A new species of lotic breeding salamander (Amphibia, Caudata, Hynobiidae) from Shikoku, Japan. PeerJ 10:e13891 https://doi.org/10.7717/peerj.13891"
ON110884 Hynobius hirosei,33.755824,133.584405,1481,GeoLocate,KUHE 24915,"Central group, Motoyama Town, Kochi Prefecture","Kanamori S, Nishikawa K, Matsui M, Tanabe S. 2022. A new species of lotic breeding salamander (Amphibia, Caudata, Hynobiidae) from Shikoku, Japan. PeerJ 10:e13891 https://doi.org/10.7717/peerj.13891"
ON110894 Hynobius hirosei,33.755824,133.584405,1481,GeoLocate,KUHE 62198-13,"Central group, Motoyama Town, Kochi Prefecture","Kanamori S, Nishikawa K, Matsui M, Tanabe S. 2022. A new species of lotic breeding salamander (Amphibia, Caudata, Hynobiidae) from Shikoku, Japan. PeerJ 10:e13891 https://doi.org/10.7717/peerj.13891"
ON110893 Hynobius hirosei,33.755824,133.584405,1481,GeoLocate,KUHE 62198-12,"Central group, Motoyama Town, Kochi Prefecture","Kanamori S, Nishikawa K, Matsui M, Tanabe S. 2022. A new species of lotic breeding salamander (Amphibia, Caudata, Hynobiidae) from Shikoku, Japan. PeerJ 10:e13891 https://doi.org/10.7717/peerj.13891"
ON110891 Hynobius hirosei,33.755824,133.584405,1481,GeoLocate,KUHE 62198-10,"Central group, Motoyama Town, Kochi Prefecture","Kanamori S, Nishikawa K, Matsui M, Tanabe S. 2022. A new species of lotic breeding salamander (Amphibia, Caudata, Hynobiidae) from Shikoku, Japan. PeerJ 10:e13891 https://doi.org/10.7717/peerj.13891"
ON110890 Hynobius hirosei,33.755824,133.584405,1481,GeoLocate,KUHE 62198-9,"Central group, Motoyama Town, Kochi Prefecture","Kanamori S, Nishikawa K, Matsui M, Tanabe S. 2022. A new species of lotic breeding salamander (Amphibia, Caudata, Hynobiidae) from Shikoku, Japan. PeerJ 10:e13891 https://doi.org/10.7717/peerj.13891"
ON110889 Hynobius hirosei,33.755824,133.584405,1481,GeoLocate,KUHE 62198-8,"Central group, Motoyama Town, Kochi Prefecture","Kanamori S, Nishikawa K, Matsui M, Tanabe S. 2022. A new species of lotic breeding salamander (Amphibia, Caudata, Hynobiidae) from Shikoku, Japan. PeerJ 10:e13891 https://doi.org/10.7717/peerj.13891"
ON110888 Hynobius hirosei,33.755824,133.584405,1481,GeoLocate,KUHE 62198-7,"Central group, Motoyama Town, Kochi Prefecture","Kanamori S, Nishikawa K, Matsui M, Tanabe S. 2022. A new species of lotic breeding salamander (Amphibia, Caudata, Hynobiidae) from Shikoku, Japan. PeerJ 10:e13891 https://doi.org/10.7717/peerj.13891"
ON110886 Hynobius hirosei,33.755824,133.584405,1481,GeoLocate,KUHE 62198-5,"Central group, Motoyama Town, Kochi Prefecture","Kanamori S, Nishikawa K, Matsui M, Tanabe S. 2022. A new species of lotic breeding salamander (Amphibia, Caudata, Hynobiidae) from Shikoku, Japan. PeerJ 10:e13891 https://doi.org/10.7717/peerj.13891"
ON110885 Hynobius hirosei,33.755824,133.584405,1481,GeoLocate,KUHE 62198-4,"Central group, Motoyama Town, Kochi Prefecture","Kanamori S, Nishikawa K, Matsui M, Tanabe S. 2022. A new species of lotic breeding salamander (Amphibia, Caudata, Hynobiidae) from Shikoku, Japan. PeerJ 10:e13891 https://doi.org/10.7717/peerj.13891"
ON110854 Hynobius hirosei,34.110542,133.747601,6098,GeoLocate,KUHE T3269,"Central group, Kannonji City, Kagawa Prefecture","Kanamori S, Nishikawa K, Matsui M, Tanabe S. 2022. A new species of lotic breeding salamander (Amphibia, Caudata, Hynobiidae) from Shikoku, Japan. PeerJ 10:e13891 https://doi.org/10.7717/peerj.13891"
ON110866 Hynobius hirosei,34.004844,133.822755,5517,GeoLocate,KUHE 61300-2,"Central group, Miyoshi City, Tokushima Prefecture","Kanamori S, Nishikawa K, Matsui M, Tanabe S. 2022. A new species of lotic breeding salamander (Amphibia, Caudata, Hynobiidae) from Shikoku, Japan. PeerJ 10:e13891 https://doi.org/10.7717/peerj.13891"
ON110847 Hynobius hirosei,34.143801,133.932912,6003,GeoLocate,KUHE 9680,"Central group, Mannou Town, Kagawa Prefecture","Kanamori S, Nishikawa K, Matsui M, Tanabe S. 2022. A new species of lotic breeding salamander (Amphibia, Caudata, Hynobiidae) from Shikoku, Japan. PeerJ 10:e13891 https://doi.org/10.7717/peerj.13891"
ON110846 Hynobius hirosei,34.143801,133.932912,6003,GeoLocate,KUHE 9679,"Central group, Mannou Town, Kagawa Prefecture","Kanamori S, Nishikawa K, Matsui M, Tanabe S. 2022. A new species of lotic breeding salamander (Amphibia, Caudata, Hynobiidae) from Shikoku, Japan. PeerJ 10:e13891 https://doi.org/10.7717/peerj.13891"
ON110853 Hynobius hirosei,34.143801,133.932912,6003,GeoLocate,KUHE unnumbered 12,"Central group, Mannou Town, Kagawa Prefecture","Kanamori S, Nishikawa K, Matsui M, Tanabe S. 2022. A new species of lotic breeding salamander (Amphibia, Caudata, Hynobiidae) from Shikoku, Japan. PeerJ 10:e13891 https://doi.org/10.7717/peerj.13891"
ON110848 Hynobius hirosei,34.143801,133.932912,6003,GeoLocate,KUHE 9681,"Central group, Mannou Town, Kagawa Prefecture","Kanamori S, Nishikawa K, Matsui M, Tanabe S. 2022. A new species of lotic breeding salamander (Amphibia, Caudata, Hynobiidae) from Shikoku, Japan. PeerJ 10:e13891 https://doi.org/10.7717/peerj.13891"
ON110844 Hynobius hirosei,34.143801,133.932912,6003,GeoLocate,KUHE 9677,"Central group, Mannou Town, Kagawa Prefecture","Kanamori S, Nishikawa K, Matsui M, Tanabe S. 2022. A new species of lotic breeding salamander (Amphibia, Caudata, Hynobiidae) from Shikoku, Japan. PeerJ 10:e13891 https://doi.org/10.7717/peerj.13891"
ON110845 Hynobius hirosei,34.143801,133.932912,6003,GeoLocate,KUHE 9678,"Central group, Mannou Town, Kagawa Prefecture","Kanamori S, Nishikawa K, Matsui M, Tanabe S. 2022. A new species of lotic breeding salamander (Amphibia, Caudata, Hynobiidae) from Shikoku, Japan. PeerJ 10:e13891 https://doi.org/10.7717/peerj.13891"
ON110852 Hynobius hirosei,34.143801,133.932912,6003,GeoLocate,KUHE unnumbered 11,"Central group, Mannou Town, Kagawa Prefecture","Kanamori S, Nishikawa K, Matsui M, Tanabe S. 2022. A new species of lotic breeding salamander (Amphibia, Caudata, Hynobiidae) from Shikoku, Japan. PeerJ 10:e13891 https://doi.org/10.7717/peerj.13891"
ON110851 Hynobius hirosei,34.143801,133.932912,6003,GeoLocate,KUHE 9684,"Central group, Mannou Town, Kagawa Prefecture","Kanamori S, Nishikawa K, Matsui M, Tanabe S. 2022. A new species of lotic breeding salamander (Amphibia, Caudata, Hynobiidae) from Shikoku, Japan. PeerJ 10:e13891 https://doi.org/10.7717/peerj.13891"
ON110850 Hynobius hirosei,34.143801,133.932912,6003,GeoLocate,KUHE 9683,"Central group, Mannou Town, Kagawa Prefecture","Kanamori S, Nishikawa K, Matsui M, Tanabe S. 2022. A new species of lotic breeding salamander (Amphibia, Caudata, Hynobiidae) from Shikoku, Japan. PeerJ 10:e13891 https://doi.org/10.7717/peerj.13891"
ON110849 Hynobius hirosei,34.143801,133.932912,6003,GeoLocate,KUHE 9682,"Central group, Mannou Town, Kagawa Prefecture","Kanamori S, Nishikawa K, Matsui M, Tanabe S. 2022. A new species of lotic breeding salamander (Amphibia, Caudata, Hynobiidae) from Shikoku, Japan. PeerJ 10:e13891 https://doi.org/10.7717/peerj.13891"
ON110883 Hynobius hirosei,33.787289,133.659529,4254,GeoLocate,KUHE 62192-8,"Tsurugi group, Otoyo Town, Kochi Prefecture","Kanamori S, Nishikawa K, Matsui M, Tanabe S. 2022. A new species of lotic breeding salamander (Amphibia, Caudata, Hynobiidae) from Shikoku, Japan. PeerJ 10:e13891 https://doi.org/10.7717/peerj.13891"
ON110881 Hynobius hirosei,33.787289,133.659529,4254,GeoLocate,KUHE 62192-6,"Tsurugi group, Otoyo Town, Kochi Prefecture","Kanamori S, Nishikawa K, Matsui M, Tanabe S. 2022. A new species of lotic breeding salamander (Amphibia, Caudata, Hynobiidae) from Shikoku, Japan. PeerJ 10:e13891 https://doi.org/10.7717/peerj.13891"
ON110880 Hynobius hirosei,33.787289,133.659529,4254,GeoLocate,KUHE 62192-5,"Tsurugi group, Otoyo Town, Kochi Prefecture","Kanamori S, Nishikawa K, Matsui M, Tanabe S. 2022. A new species of lotic breeding salamander (Amphibia, Caudata, Hynobiidae) from Shikoku, Japan. PeerJ 10:e13891 https://doi.org/10.7717/peerj.13891"
ON110879 Hynobius hirosei,33.787289,133.659529,4254,GeoLocate,KUHE 62192-4,"Tsurugi group, Otoyo Town, Kochi Prefecture","Kanamori S, Nishikawa K, Matsui M, Tanabe S. 2022. A new species of lotic breeding salamander (Amphibia, Caudata, Hynobiidae) from Shikoku, Japan. PeerJ 10:e13891 https://doi.org/10.7717/peerj.13891"
ON110882 Hynobius hirosei,33.787289,133.659529,4254,GeoLocate,KUHE 62192-7,"Tsurugi group, Otoyo Town, Kochi Prefecture","Kanamori S, Nishikawa K, Matsui M, Tanabe S. 2022. A new species of lotic breeding salamander (Amphibia, Caudata, Hynobiidae) from Shikoku, Japan. PeerJ 10:e13891 https://doi.org/10.7717/peerj.13891"
ON110878 Hynobius hirosei,33.787289,133.659529,4254,GeoLocate,KUHE 62192-3,"Tsurugi group, Otoyo Town, Kochi Prefecture","Kanamori S, Nishikawa K, Matsui M, Tanabe S. 2022. A new species of lotic breeding salamander (Amphibia, Caudata, Hynobiidae) from Shikoku, Japan. PeerJ 10:e13891 https://doi.org/10.7717/peerj.13891"
ON110877 Hynobius hirosei,33.787289,133.659529,4254,GeoLocate,KUHE 62192-2,"Tsurugi group, Otoyo Town, Kochi Prefecture","Kanamori S, Nishikawa K, Matsui M, Tanabe S. 2022. A new species of lotic breeding salamander (Amphibia, Caudata, Hynobiidae) from Shikoku, Japan. PeerJ 10:e13891 https://doi.org/10.7717/peerj.13891"
ON110835 Hynobius hirosei,34.010888,134.152705,3203,GeoLocate,KUHE T3063,"Tsurugi group, Mima City, Tokushima Prefecture","Kanamori S, Nishikawa K, Matsui M, Tanabe S. 2022. A new species of lotic breeding salamander (Amphibia, Caudata, Hynobiidae) from Shikoku, Japan. PeerJ 10:e13891 https://doi.org/10.7717/peerj.13891"
ON110834 Hynobius hirosei,34.038784,134.284337,2218,GeoLocate,KUHE unnumbered 7,"Tsurugi group, Yoshinogawa City, Tokushima Prefecture","Kanamori S, Nishikawa K, Matsui M, Tanabe S. 2022. A new species of lotic breeding salamander (Amphibia, Caudata, Hynobiidae) from Shikoku, Japan. PeerJ 10:e13891 https://doi.org/10.7717/peerj.13891"
ON110833 Hynobius hirosei,34.038784,134.284337,2218,GeoLocate,KUHE unnumbered 6,"Tsurugi group, Yoshinogawa City, Tokushima Prefecture","Kanamori S, Nishikawa K, Matsui M, Tanabe S. 2022. A new species of lotic breeding salamander (Amphibia, Caudata, Hynobiidae) from Shikoku, Japan. PeerJ 10:e13891 https://doi.org/10.7717/peerj.13891"
ON110831 Hynobius hirosei,34.038784,134.284337,2218,GeoLocate,KUHE unnumbered 4,"Tsurugi group, Yoshinogawa City, Tokushima Prefecture","Kanamori S, Nishikawa K, Matsui M, Tanabe S. 2022. A new species of lotic breeding salamander (Amphibia, Caudata, Hynobiidae) from Shikoku, Japan. PeerJ 10:e13891 https://doi.org/10.7717/peerj.13891"
ON110838 Hynobius hirosei,34.004844,133.822755,5517,GeoLocate,KUHE T3802,"Tsurugi group, Miyoshi City, Tokushima Prefecture","Kanamori S, Nishikawa K, Matsui M, Tanabe S. 2022. A new species of lotic breeding salamander (Amphibia, Caudata, Hynobiidae) from Shikoku, Japan. PeerJ 10:e13891 https://doi.org/10.7717/peerj.13891"
ON110836 Hynobius hirosei,34.004844,133.822755,5517,GeoLocate,KUHE T3470,"Tsurugi group, Miyoshi City, Tokushima Prefecture","Kanamori S, Nishikawa K, Matsui M, Tanabe S. 2022. A new species of lotic breeding salamander (Amphibia, Caudata, Hynobiidae) from Shikoku, Japan. PeerJ 10:e13891 https://doi.org/10.7717/peerj.13891"
ON110832 Hynobius hirosei,34.038784,134.284337,2218,GeoLocate,KUHE unnumbered 5,"Tsurugi group, Yoshinogawa City, Tokushima Prefecture","Kanamori S, Nishikawa K, Matsui M, Tanabe S. 2022. A new species of lotic breeding salamander (Amphibia, Caudata, Hynobiidae) from Shikoku, Japan. PeerJ 10:e13891 https://doi.org/10.7717/peerj.13891"
ON110843 Hynobius hirosei,33.55,134.05,3696,GeoLocate,KUHE unnumbered 10,"Tsurugi group, Umaji Village, Kochi Prefecture","Kanamori S, Nishikawa K, Matsui M, Tanabe S. 2022. A new species of lotic breeding salamander (Amphibia, Caudata, Hynobiidae) from Shikoku, Japan. PeerJ 10:e13891 https://doi.org/10.7717/peerj.13891"
ON110825 Hynobius hirosei,33.989422,134.450993,1687,GeoLocate,KUHE T2971,"Tsurugi group, Sanagochi Village, Tokushima Prefecture","Kanamori S, Nishikawa K, Matsui M, Tanabe S. 2022. A new species of lotic breeding salamander (Amphibia, Caudata, Hynobiidae) from Shikoku, Japan. PeerJ 10:e13891 https://doi.org/10.7717/peerj.13891"
ON110837 Hynobius hirosei,34.004844,133.822755,5517,GeoLocate,KUHE T3497,"Tsurugi group, Miyoshi City, Tokushima Prefecture","Kanamori S, Nishikawa K, Matsui M, Tanabe S. 2022. A new species of lotic breeding salamander (Amphibia, Caudata, Hynobiidae) from Shikoku, Japan. PeerJ 10:e13891 https://doi.org/10.7717/peerj.13891"
ON110827 Hynobius hirosei,33.867618,134.482638,5608,GeoLocate,KUHE 61327,"Tsurugi group, Naka Town, Tokushima Prefecture","Kanamori S, Nishikawa K, Matsui M, Tanabe S. 2022. A new species of lotic breeding salamander (Amphibia, Caudata, Hynobiidae) from Shikoku, Japan. PeerJ 10:e13891 https://doi.org/10.7717/peerj.13891"
ON110829 Hynobius hirosei,33.867618,134.482638,5608,GeoLocate,KUHE unnumbered 2,"Tsurugi group, Naka Town, Tokushima Prefecture","Kanamori S, Nishikawa K, Matsui M, Tanabe S. 2022. A new species of lotic breeding salamander (Amphibia, Caudata, Hynobiidae) from Shikoku, Japan. PeerJ 10:e13891 https://doi.org/10.7717/peerj.13891"
ON110842 Hynobius hirosei,34.010888,134.152705,3203,GeoLocate,KUHE T3449,"Tsurugi group, Mima City, Tokushima Prefecture","Kanamori S, Nishikawa K, Matsui M, Tanabe S. 2022. A new species of lotic breeding salamander (Amphibia, Caudata, Hynobiidae) from Shikoku, Japan. PeerJ 10:e13891 https://doi.org/10.7717/peerj.13891"
ON110839 Hynobius hirosei,34.004844,133.822755,5517,GeoLocate,KUHE T3803,"Tsurugi group, Miyoshi City, Tokushima Prefecture","Kanamori S, Nishikawa K, Matsui M, Tanabe S. 2022. A new species of lotic breeding salamander (Amphibia, Caudata, Hynobiidae) from Shikoku, Japan. PeerJ 10:e13891 https://doi.org/10.7717/peerj.13891"
ON110841 Hynobius hirosei,34.004844,133.822755,5517,GeoLocate,KUHE unnumbered 9,"Tsurugi group, Miyoshi City, Tokushima Prefecture","Kanamori S, Nishikawa K, Matsui M, Tanabe S. 2022. A new species of lotic breeding salamander (Amphibia, Caudata, Hynobiidae) from Shikoku, Japan. PeerJ 10:e13891 https://doi.org/10.7717/peerj.13891"
ON110830 Hynobius hirosei,33.867618,134.482638,5608,GeoLocate,KUHE unnumbered 3,"Tsurugi group, Naka Town, Tokushima Prefecture","Kanamori S, Nishikawa K, Matsui M, Tanabe S. 2022. A new species of lotic breeding salamander (Amphibia, Caudata, Hynobiidae) from Shikoku, Japan. PeerJ 10:e13891 https://doi.org/10.7717/peerj.13891"
ON110840 Hynobius hirosei,34.004844,133.822755,5517,GeoLocate,KUHE unnumbered 8,"Tsurugi group, Miyoshi City, Tokushima Prefecture","Kanamori S, Nishikawa K, Matsui M, Tanabe S. 2022. A new species of lotic breeding salamander (Amphibia, Caudata, Hynobiidae) from Shikoku, Japan. PeerJ 10:e13891 https://doi.org/10.7717/peerj.13891"
ON110828 Hynobius hirosei,33.867618,134.482638,5608,GeoLocate,KUHE unnumbered 1,"Tsurugi group, Naka Town, Tokushima Prefecture","Kanamori S, Nishikawa K, Matsui M, Tanabe S. 2022. A new species of lotic breeding salamander (Amphibia, Caudata, Hynobiidae) from Shikoku, Japan. PeerJ 10:e13891 https://doi.org/10.7717/peerj.13891"
ON110826 Hynobius hirosei,33.867618,134.482638,5608,GeoLocate,KUHE 61326,"Tsurugi group, Naka Town, Tokushima Prefecture","Kanamori S, Nishikawa K, Matsui M, Tanabe S. 2022. A new species of lotic breeding salamander (Amphibia, Caudata, Hynobiidae) from Shikoku, Japan. PeerJ 10:e13891 https://doi.org/10.7717/peerj.13891"
