value,Lat,Lon,Method,Error_km,Museum_Field_Number,Notes,Reference
"LC633130.1 Hynobius nagatoensis NAGA10 mitochondrial cytb gene for cytochorme b, partial cds",34.212778,130.941667,Google Earth,10,na,"NAGA10; Toyouracho Uka, Shimonoseki City, Yamaguchi Pref; pop 10",https://www.museum.yokosuka.kanagawa.jp/wp/wp-content/uploads/2022/04/s69-1_Sugawara_et_al_2022.pdf
"LC633128.1 Hynobius nagatoensis NAGA08 mitochondrial cytb gene for cytochorme b, partial cds",34.344167,130.893056,Google Earth,15,na,"NAGA08; Hohokucho Tsunoshima, Shimonoseki City, Yamaguchi Pref; pop 8",https://www.museum.yokosuka.kanagawa.jp/wp/wp-content/uploads/2022/04/s69-1_Sugawara_et_al_2022.pdf
"LC633136.1 Hynobius nagatoensis NAGA16 mitochondrial cytb gene for cytochorme b, partial cds",33.918611,130.893056,Google Earth,7,na,"NAGA16; Kitaku, Moji Ward, Fukuoka Pref.; pop 16",https://www.museum.yokosuka.kanagawa.jp/wp/wp-content/uploads/2022/04/s69-1_Sugawara_et_al_2022.pdf
"LC633135.1 Hynobius nagatoensis NAGA15 mitochondrial cytb gene for cytochorme b, partial cds",33.918611,130.971111,Google Earth,7,na,"NAGA15; Fujigatani, Shimonoseki City, Yamaguchi Pref.; pop 15",https://www.museum.yokosuka.kanagawa.jp/wp/wp-content/uploads/2022/04/s69-1_Sugawara_et_al_2022.pdf
"LC633134.1 Hynobius nagatoensis NAGA14 mitochondrial cytb gene for cytochorme b, partial cds",34.145278,130.938611,Google Earth,5,na,"NAGA14; Toyouracho Kuroi, Shimonoseki City, Yamaguchi Pref; pop 14",https://www.museum.yokosuka.kanagawa.jp/wp/wp-content/uploads/2022/04/s69-1_Sugawara_et_al_2022.pdf
"LC633131.1 Hynobius nagatoensis NAGA11 mitochondrial cytb gene for cytochorme b, partial cds",34.109722,131.037778,Google Earth,5,na,"NAGA11; Kikugawacho Oaza Nanami, Shimonoseki City, Yamaguchi Pref; pop 11",https://www.museum.yokosuka.kanagawa.jp/wp/wp-content/uploads/2022/04/s69-1_Sugawara_et_al_2022.pdf
"LC633133.1 Hynobius nagatoensis NAGA13 mitochondrial cytb gene for cytochorme b, partial cds",34.084444,131.031667,Google Earth,7,na,"NAGA13; Ozukicho, Shimonoseki City, Yamaguchi Pref.; pop 13",https://www.museum.yokosuka.kanagawa.jp/wp/wp-content/uploads/2022/04/s69-1_Sugawara_et_al_2022.pdf
"LC633127.1 Hynobius nagatoensis NAGA07 mitochondrial cytb gene for cytochorme b, partial cds",34.390278,131.123056,Google Earth,20,na,"NAGA07; Hekikami, Nagato City, Yamaguchi Pref.; pop 7",https://www.museum.yokosuka.kanagawa.jp/wp/wp-content/uploads/2022/04/s69-1_Sugawara_et_al_2022.pdf
"LC633126.1 Hynobius nagatoensis NAGA06 mitochondrial cytb gene for cytochorme b, partial cds",34.421111,131.207778,Google Earth,15,na,"NAGA06; Omi Island, Senzaki, Nagato City, Yamaguchi Pref; pop 6",https://www.museum.yokosuka.kanagawa.jp/wp/wp-content/uploads/2022/04/s69-1_Sugawara_et_al_2022.pdf
"LC633125.1 Hynobius nagatoensis NAGA05 mitochondrial cytb gene for cytochorme b, partial cds",34.116944,131.261944,Google Earth,15,na,"NAGA05; Nishikibe, Ube City, Yamaguchi Pref.; pop 5",https://www.museum.yokosuka.kanagawa.jp/wp/wp-content/uploads/2022/04/s69-1_Sugawara_et_al_2022.pdf
"LC633124.1 Hynobius nagatoensis NAGA04 mitochondrial cytb gene for cytochorme b, partial cds",34.245833,131.349722,Google Earth,20,na,"NAGA04; Mitocho Naganobori, Mine City, Yamaguchi Pref.; pop 4",https://www.museum.yokosuka.kanagawa.jp/wp/wp-content/uploads/2022/04/s69-1_Sugawara_et_al_2022.pdf
"LC633123.1 Hynobius nagatoensis NAGA03 mitochondrial cytb gene for cytochorme b, partial cds",34.285556,131.318611,Google Earth,20,na,"NAGA03; Mitocho Aka, Mine City, Yamaguchi Pref.; pop 3",https://www.museum.yokosuka.kanagawa.jp/wp/wp-content/uploads/2022/04/s69-1_Sugawara_et_al_2022.pdf
"LC633122.1 Hynobius nagatoensis NAGA02 mitochondrial cytb gene for cytochorme b, partial cds",34.223611,131.305833,Google Earth,20,na,"NAGA02; Shuhocho Akiyoshi, Mine City, Yamaguchi Pref; pop 2",https://www.museum.yokosuka.kanagawa.jp/wp/wp-content/uploads/2022/04/s69-1_Sugawara_et_al_2022.pdf
"LC633132.1 Hynobius nagatoensis NAGA12 mitochondrial cytb gene for cytochorme b, partial cds",34.082222,131.001667,Google Earth,10,na,"NAGA12; Ouchi, Shimonoseki City, Yamaguchi Pref.; pop 12",https://www.museum.yokosuka.kanagawa.jp/wp/wp-content/uploads/2022/04/s69-1_Sugawara_et_al_2022.pdf
"LC633121.1 Hynobius nagatoensis NAGA01 mitochondrial cytb gene for cytochorme b, partial cds",34.298333,131.267778,Google Earth,30,na,"NAGA01; Shuhocho Kama, Mine City, Yamaguchi Pref.*; pop 1",https://www.museum.yokosuka.kanagawa.jp/wp/wp-content/uploads/2022/04/s69-1_Sugawara_et_al_2022.pdf
"LC633129.1 Hynobius nagatoensis NAGA09 mitochondrial cytb gene for cytochorme b, partial cds",34.198889,131.085833,Google Earth,30,na,"NAGA09; Toyotacho Azakami, Shimonoseki City, Yamaguchi Pref.; pop 9",https://www.museum.yokosuka.kanagawa.jp/wp/wp-content/uploads/2022/04/s69-1_Sugawara_et_al_2022.pdf
