value,Lat,Lon,Error_km,Method,Museum_Field_#,Notes,Reference
LC533296 Hynobius nigrescens,35.884584,136.36056,3036,GeoLocate,NA,"H Fki2, Japan:Fukui, Ikeda-cho",NA
LC558307 Hynobius nigrescens,35.772087,136.213308,3036,GeoLocate,KUHE:39703,h74,"Matsui et al., 2020. Wide Distribution but Low Differentiation: Phylogenetic Relationships and Phylogeography of Hynobius nigrescens (Amphibia: Caudata)"
LC558308 Hynobius nigrescens,35.772087,136.213308,3036,GeoLocate,KUHE:3970,H75 (2),"Matsui et al., 2020. Wide Distribution but Low Differentiation: Phylogenetic Relationships and Phylogeography of Hynobius nigrescens (Amphibia: Caudata)"
LC533303 Hynobius nigrescens,35.884584,136.36056,3036,GeoLocate,NA,H Fki1,NA
LC558306 Hynobius nigrescens,35.868449,136.368113,3036,GeoLocate,KUHE:37437,h73,"Matsui et al., 2020. Wide Distribution but Low Differentiation: Phylogenetic Relationships and Phylogeography of Hynobius nigrescens (Amphibia: Caudata)"
LC533304 Hynobius nigrescens,35.884584,136.36056,3036,GeoLocate,NA,h Fki3,NA
LC558303 Hynobius nigrescens,37.090795,138.702021,3036,GeoLocate,KUHE:36480,h70,"Matsui et al., 2020. Wide Distribution but Low Differentiation: Phylogenetic Relationships and Phylogeography of Hynobius nigrescens (Amphibia: Caudata)"
LC558305 Hynobius nigrescens,37.090795,138.702021,3036,GeoLocate,KUHE:36479,h72,"Matsui et al., 2020. Wide Distribution but Low Differentiation: Phylogenetic Relationships and Phylogeography of Hynobius nigrescens (Amphibia: Caudata)"
LC558302 Hynobius nigrescens,37.133333,138.766667,3036,GeoLocate,KUHE:36478,h69,"Matsui et al., 2020. Wide Distribution but Low Differentiation: Phylogenetic Relationships and Phylogeography of Hynobius nigrescens (Amphibia: Caudata)"
LC558304 Hynobius nigrescens,37.133333,138.766667,3036,GeoLocate,KUHE:36477,h71,"Matsui et al., 2020. Wide Distribution but Low Differentiation: Phylogenetic Relationships and Phylogeography of Hynobius nigrescens (Amphibia: Caudata)"
LC558248 Hynobius nigrescens,39.129618,141.094788,3036,GeoLocate,KUHE:36253 ,h15,"Matsui et al., 2020. Wide Distribution but Low Differentiation: Phylogenetic Relationships and Phylogeography of Hynobius nigrescens (Amphibia: Caudata)"
LC558247 Hynobius nigrescens,39.036581,140.542672,3036,GeoLocate,KUHE:40051,h14,"Matsui et al., 2020. Wide Distribution but Low Differentiation: Phylogenetic Relationships and Phylogeography of Hynobius nigrescens (Amphibia: Caudata)"
LC558246 Hynobius nigrescens,39.036581,140.542672,3036,GeoLocate,KUHE:40050 ,h13,"Matsui et al., 2020. Wide Distribution but Low Differentiation: Phylogenetic Relationships and Phylogeography of Hynobius nigrescens (Amphibia: Caudata)"
LC558245 Hynobius nigrescens,40.567357,141.057936,3036,GeoLocate,DP9,h12,"Matsui et al., 2020. Wide Distribution but Low Differentiation: Phylogenetic Relationships and Phylogeography of Hynobius nigrescens (Amphibia: Caudata)"
LC558235 Hynobius nigrescens,40.512804,140.233698,3036,GeoLocate,DQ1,h2,"Matsui et al., 2020. Wide Distribution but Low Differentiation: Phylogenetic Relationships and Phylogeography of Hynobius nigrescens (Amphibia: Caudata)"
LC558236 Hynobius nigrescens,40.510857,140.23704,3036,GeoLocate,KUHE:37734,h3,"Matsui et al., 2020. Wide Distribution but Low Differentiation: Phylogenetic Relationships and Phylogeography of Hynobius nigrescens (Amphibia: Caudata)"
LC558234 Hynobius nigrescens,40.604872,140.018298,3036,GeoLocate,DH0,h1 ,"Matsui et al., 2020. Wide Distribution but Low Differentiation: Phylogenetic Relationships and Phylogeography of Hynobius nigrescens (Amphibia: Caudata)"
LC558244 Hynobius nigrescens,40.309096,141.049972,3036,GeoLocate,DP5,h11,"Matsui et al., 2020. Wide Distribution but Low Differentiation: Phylogenetic Relationships and Phylogeography of Hynobius nigrescens (Amphibia: Caudata)"
LC558243 Hynobius nigrescens,40.567357,141.057936,3036,GeoLocate,DQ0,h10,"Matsui et al., 2020. Wide Distribution but Low Differentiation: Phylogenetic Relationships and Phylogeography of Hynobius nigrescens (Amphibia: Caudata)"
LC558242 Hynobius nigrescens,40.567357,141.057936,3036,GeoLocate,DP7,H9 (2),"Matsui et al., 2020. Wide Distribution but Low Differentiation: Phylogenetic Relationships and Phylogeography of Hynobius nigrescens (Amphibia: Caudata)"
LC558240 Hynobius nigrescens,39.931757,140.205046,3036,GeoLocate,FG8,H7 (3),"Matsui et al., 2020. Wide Distribution but Low Differentiation: Phylogenetic Relationships and Phylogeography of Hynobius nigrescens (Amphibia: Caudata)"
LC156144 Hynobius nigrescens,40.510857,140.23704,3036,GeoLocate,HNG-1,NA,NA
LC558241 Hynobius nigrescens,40.604872,140.018298,3036,GeoLocate,DH5,h8,"Matsui et al., 2020. Wide Distribution but Low Differentiation: Phylogenetic Relationships and Phylogeography of Hynobius nigrescens (Amphibia: Caudata)"
LC558239 Hynobius nigrescens,40.92823,140.628776,3036,GeoLocate,DP1,h6,"Matsui et al., 2020. Wide Distribution but Low Differentiation: Phylogenetic Relationships and Phylogeography of Hynobius nigrescens (Amphibia: Caudata)"
LC558237 Hynobius nigrescens,40.92823,140.628776,3036,GeoLocate,DP2,h4,"Matsui et al., 2020. Wide Distribution but Low Differentiation: Phylogenetic Relationships and Phylogeography of Hynobius nigrescens (Amphibia: Caudata)"
LC558238 Hynobius nigrescens,40.916574,140.469984,3036,GeoLocate,DO9,h5 (2),"Matsui et al., 2020. Wide Distribution but Low Differentiation: Phylogenetic Relationships and Phylogeography of Hynobius nigrescens (Amphibia: Caudata)"
LC558253 Hynobius nigrescens,38.04078,139.774859,3036,GeoLocate,KUHE:18443,h20,"Matsui et al., 2020. Wide Distribution but Low Differentiation: Phylogenetic Relationships and Phylogeography of Hynobius nigrescens (Amphibia: Caudata)"
LC558250 Hynobius nigrescens,37.627102,140.914754,3036,GeoLocate,NY1746,H17 (2),"Matsui et al., 2020. Wide Distribution but Low Differentiation: Phylogenetic Relationships and Phylogeography of Hynobius nigrescens (Amphibia: Caudata)"
LC558249 Hynobius nigrescens,37.627102,140.914754,3036,GeoLocate,NY1747,h16,"Matsui et al., 2020. Wide Distribution but Low Differentiation: Phylogenetic Relationships and Phylogeography of Hynobius nigrescens (Amphibia: Caudata)"
LC558254 Hynobius nigrescens,38.826063,140.196863,3036,GeoLocate,KUHE:37720,h21,"Matsui et al., 2020. Wide Distribution but Low Differentiation: Phylogenetic Relationships and Phylogeography of Hynobius nigrescens (Amphibia: Caudata)"
LC558260 Hynobius nigrescens,38.330749,140.702694,3036,GeoLocate,NY1846,h27,"Matsui et al., 2020. Wide Distribution but Low Differentiation: Phylogenetic Relationships and Phylogeography of Hynobius nigrescens (Amphibia: Caudata)"
LC558258 Hynobius nigrescens,38.330749,140.702694,3036,GeoLocate,NY1844,h25,"Matsui et al., 2020. Wide Distribution but Low Differentiation: Phylogenetic Relationships and Phylogeography of Hynobius nigrescens (Amphibia: Caudata)"
LC558259 Hynobius nigrescens,38.330749,140.702694,3036,GeoLocate,NY1845,h26,"Matsui et al., 2020. Wide Distribution but Low Differentiation: Phylogenetic Relationships and Phylogeography of Hynobius nigrescens (Amphibia: Caudata)"
AB548378 Hynobius nigrescens,38.594261,140.696922,3036,GeoLocate,KUHE:17924,Same individual of LC558256,NA
LC558256 Hynobius nigrescens,38.594261,140.696922,3036,GeoLocate,KUHE:17924,h23,"Matsui et al., 2020. Wide Distribution but Low Differentiation: Phylogenetic Relationships and Phylogeography of Hynobius nigrescens (Amphibia: Caudata)"
LC558257 Hynobius nigrescens,38.544653,141.134608,3036,GeoLocate,201605021Wakuya,h24,"Matsui et al., 2020. Wide Distribution but Low Differentiation: Phylogenetic Relationships and Phylogeography of Hynobius nigrescens (Amphibia: Caudata)"
LC533301 Hynobius nigrescens,38.432943,140.818183,3036,GeoLocate,NA,Myg1,NA
LC558255 Hynobius nigrescens,38.415447,141.177813,1379,GeoLocate,NY1852 ,h22,"Matsui et al., 2020. Wide Distribution but Low Differentiation: Phylogenetic Relationships and Phylogeography of Hynobius nigrescens (Amphibia: Caudata)"
LC558251 Hynobius nigrescens,37.685581,140.013811,3036,GeoLocate,KUHE:39707,h18,"Matsui et al., 2020. Wide Distribution but Low Differentiation: Phylogenetic Relationships and Phylogeography of Hynobius nigrescens (Amphibia: Caudata)"
LC558252 Hynobius nigrescens,39.71043,140.232067,3036,GeoLocate,FG7,h19,"Matsui et al., 2020. Wide Distribution but Low Differentiation: Phylogenetic Relationships and Phylogeography of Hynobius nigrescens (Amphibia: Caudata)"
LC533302 Hynobius nigrescens,38.924902,139.984271,3036,GeoLocate,NA,Ymg1,NA
LC558301 Hynobius nigrescens,37.759846,138.8963,3036,GeoLocate,n14,h68,"Matsui et al., 2020. Wide Distribution but Low Differentiation: Phylogenetic Relationships and Phylogeography of Hynobius nigrescens (Amphibia: Caudata)"
LC533300 Hynobius nigrescens,37.912005,139.061745,2663,GeoLocate,NA,Ngt1,NA
LC558299 Hynobius nigrescens,38.001117,138.430356,3036,GeoLocate,KUHE:10753,h66,"Matsui et al., 2020. Wide Distribution but Low Differentiation: Phylogenetic Relationships and Phylogeography of Hynobius nigrescens (Amphibia: Caudata)"
LC533290 Hynobius nigrescens,37.997913,138.485647,3588,GeoLocate,NA,Sad1,NA
LC558300 Hynobius nigrescens,38.029483,138.457866,2954,GeoLocate,KUHE:10766,h67,"Matsui et al., 2020. Wide Distribution but Low Differentiation: Phylogenetic Relationships and Phylogeography of Hynobius nigrescens (Amphibia: Caudata)"
LC558289 Hynobius nigrescens,37.665041,139.46411,3036,GeoLocate,EM0 ,h56,"Matsui et al., 2020. Wide Distribution but Low Differentiation: Phylogenetic Relationships and Phylogeography of Hynobius nigrescens (Amphibia: Caudata)"
LC558283 Hynobius nigrescens,36.990845,139.910523,3036,GeoLocate,KUHE:22978,h50,"Matsui et al., 2020. Wide Distribution but Low Differentiation: Phylogenetic Relationships and Phylogeography of Hynobius nigrescens (Amphibia: Caudata)"
LC558298 Hynobius nigrescens,36.841573,139.260759,3036,GeoLocate,KUHE:37956,h65,"Matsui et al., 2020. Wide Distribution but Low Differentiation: Phylogenetic Relationships and Phylogeography of Hynobius nigrescens (Amphibia: Caudata)"
LC558297 Hynobius nigrescens,36.841573,139.260759,3036,GeoLocate,KUHE:37954,h64,"Matsui et al., 2020. Wide Distribution but Low Differentiation: Phylogenetic Relationships and Phylogeography of Hynobius nigrescens (Amphibia: Caudata)"
LC558295 Hynobius nigrescens,36.832288,139.004915,3036,GeoLocate,FT4,h62 Minakami-machi,"Matsui et al., 2020. Wide Distribution but Low Differentiation: Phylogenetic Relationships and Phylogeography of Hynobius nigrescens (Amphibia: Caudata)"
LC558294 Hynobius nigrescens,36.832288,139.004915,3036,GeoLocate,FT5,h61 Minakami-machi,"Matsui et al., 2020. Wide Distribution but Low Differentiation: Phylogenetic Relationships and Phylogeography of Hynobius nigrescens (Amphibia: Caudata)"
LC558293 Hynobius nigrescens,36.841573,139.260759,3036,GeoLocate,KUHE:37955,h60 Katashina-mura,"Matsui et al., 2020. Wide Distribution but Low Differentiation: Phylogenetic Relationships and Phylogeography of Hynobius nigrescens (Amphibia: Caudata)"
LC558286 Hynobius nigrescens,36.841573,139.260759,3036,GeoLocate,FU5,h53 Katashina-mura,"Matsui et al., 2020. Wide Distribution but Low Differentiation: Phylogenetic Relationships and Phylogeography of Hynobius nigrescens (Amphibia: Caudata)"
LC558285 Hynobius nigrescens,36.841573,139.260759,3036,GeoLocate,FU2,h52 Katashina-mura,NA
LC558290 Hynobius nigrescens,38.005871,139.480531,3036,GeoLocate,EH0,h57,"Matsui et al., 2020. Wide Distribution but Low Differentiation: Phylogenetic Relationships and Phylogeography of Hynobius nigrescens (Amphibia: Caudata)"
LC558288 Hynobius nigrescens,36.818839,139.581179,3036,GeoLocate,EM1,h55,"Matsui et al., 2020. Wide Distribution but Low Differentiation: Phylogenetic Relationships and Phylogeography of Hynobius nigrescens (Amphibia: Caudata)"
LC558273 Hynobius nigrescens,37.45533,137.225866,3036,GeoLocate,n10,h40 Suzu-shi,"Matsui et al., 2020. Wide Distribution but Low Differentiation: Phylogenetic Relationships and Phylogeography of Hynobius nigrescens (Amphibia: Caudata)"
LC558278 Hynobius nigrescens,36.872177,136.940658,3036,GeoLocate,KUHE:25874,h45 Himi-shi,"Matsui et al., 2020. Wide Distribution but Low Differentiation: Phylogenetic Relationships and Phylogeography of Hynobius nigrescens (Amphibia: Caudata)"
LC558270 Hynobius nigrescens,36.519193,136.708356,3036,GeoLocate,KUHE:26814,h37,"Matsui et al., 2020. Wide Distribution but Low Differentiation: Phylogenetic Relationships and Phylogeography of Hynobius nigrescens (Amphibia: Caudata)"
LC558280 Hynobius nigrescens,36.872177,136.940658,3036,GeoLocate,FK5,h47,"Matsui et al., 2020. Wide Distribution but Low Differentiation: Phylogenetic Relationships and Phylogeography of Hynobius nigrescens (Amphibia: Caudata)"
LC558274 Hynobius nigrescens,36.69285,136.768848,3036,GeoLocate,EH4,h41,"Matsui et al., 2020. Wide Distribution but Low Differentiation: Phylogenetic Relationships and Phylogeography of Hynobius nigrescens (Amphibia: Caudata)"
LC558276 Hynobius nigrescens,36.872177,136.940658,3036,GeoLocate,KUHE:25875,h43,"Matsui et al., 2020. Wide Distribution but Low Differentiation: Phylogenetic Relationships and Phylogeography of Hynobius nigrescens (Amphibia: Caudata)"
LC558275 Hynobius nigrescens,36.69285,136.768848,3036,GeoLocate,EH5,h42 Tsubata-machi,"Matsui et al., 2020. Wide Distribution but Low Differentiation: Phylogenetic Relationships and Phylogeography of Hynobius nigrescens (Amphibia: Caudata)"
LC558271 Hynobius nigrescens,36.21819,136.881695,3036,GeoLocate,FI0,h38 Shirakawa-mura,"Matsui et al., 2020. Wide Distribution but Low Differentiation: Phylogenetic Relationships and Phylogeography of Hynobius nigrescens (Amphibia: Caudata)"
LC558272 Hynobius nigrescens,36.21819,136.881695,3036,GeoLocate,FI1,h39 Shirakawa-mura,NA
LC533297 Hynobius nigrescens,36.474064,136.913891,NA,Google maps,NA,Nnt2,NA
LC558269 Hynobius nigrescens,36.586194,137.509986,3036,GeoLocate,KUHE:36241,h36,"Matsui et al., 2020. Wide Distribution but Low Differentiation: Phylogenetic Relationships and Phylogeography of Hynobius nigrescens (Amphibia: Caudata)"
LC558265 Hynobius nigrescens,36.825808,137.915862,3036,GeoLocate,EG4,h32,"Matsui et al., 2020. Wide Distribution but Low Differentiation: Phylogenetic Relationships and Phylogeography of Hynobius nigrescens (Amphibia: Caudata)"
LC558267 Hynobius nigrescens,37.120103,138.337518,3036,GeoLocate,n15,h34,"Matsui et al., 2020. Wide Distribution but Low Differentiation: Phylogenetic Relationships and Phylogeography of Hynobius nigrescens (Amphibia: Caudata)"
LC533299 Hynobius nigrescens,37.120103,138.337518,3036,GeoLocate,NA,Joe2,NA
LC533298 Hynobius nigrescens,37.120103,138.337518,3036,GeoLocate,NA,Joe1,NA
LC533308 Hynobius nigrescens,36.586194,137.509986,3036,GeoLocate,NA,Okd4 Tateyama-machi,NA
LC533310 Hynobius nigrescens,36.586194,137.509986,3036,GeoLocate,NA,Okd6,NA
LC533309 Hynobius nigrescens,36.586194,137.509986,3036,GeoLocate,NA,Okd5,NA
LC558264 Hynobius nigrescens,36.586194,137.509986,3036,GeoLocate,FU7,h31,"Matsui et al., 2020. Wide Distribution but Low Differentiation: Phylogenetic Relationships and Phylogeography of Hynobius nigrescens (Amphibia: Caudata)"
LC533294 Hynobius nigrescens,36.551456,137.298723,3036,GeoLocate,NA,Arm2,NA
LC558263 Hynobius nigrescens,36.586194,137.509986,3036,GeoLocate,FV1,h30,"Matsui et al., 2020. Wide Distribution but Low Differentiation: Phylogenetic Relationships and Phylogeography of Hynobius nigrescens (Amphibia: Caudata)"
LC533307 Hynobius nigrescens,36.586194,137.509986,3036,GeoLocate,NA,Okd3,NA
LC533295 Hynobius nigrescens,36.663489,137.47446,3036,GeoLocate,NA,Kmi1,NA
LC558261 Hynobius nigrescens,36.586194,137.509986,3036,GeoLocate,KUHE:36242,h28,"Matsui et al., 2020. Wide Distribution but Low Differentiation: Phylogenetic Relationships and Phylogeography of Hynobius nigrescens (Amphibia: Caudata)"
LC533312 Hynobius nigrescens,36.586194,137.509986,3036,GeoLocate,NA,Okd8,NA
LC533311 Hynobius nigrescens,36.586194,137.509986,3036,GeoLocate,NA,Okd7,NA
