"value","Lat","Lon","Error_km","Method","MuseumFieldNumber","Notes","Reference"
"KU557734 Hynobius amjiensis",30.0833333333333,118.85,"NA","manuscript","HALA32","NA","NA"
"KU557739 Hynobius amjiensis",30.0833333333333,118.85,"NA","manuscript","HALA41","NA","NA"
"KU557740 Hynobius amjiensis",30.0833333333333,118.85,"NA","manuscript","HALA42","NA","NA"
"DQ652225 Hynobius amjiensis",30.6833333333333,119.73333333333,"NA","manuscript","NTNUB 241798","NA","Lai, J.-S., & Lue, K.-Y. (2008). Two New Hynobius (Caudata: Hynobiidae) Salamanders from Taiwan. Herpetologica, 64(1), 63–80. http://www.jstor.org/stable/25209100"
"KU557733 Hynobius amjiensis",30.3833333333333,119.3833333,"NA","manuscript","HALW02","NA","NA"
"KU557705 Hynobius amjiensis",30.3833333333333,119.3833333,"NA","manuscript","HALW02","NA","NA"
"KU557714 Hynobius amjiensis",30.1,118.833333333,"NA","manuscript","HAAH25","NA","NA"
"KU557716 Hynobius amjiensis",30.3833333333333,119.3833333,"NA","manuscript","HALW05","NA","NA"
"KU557718 Hynobius amjiensis",30.3833333333333,119.3833333,"NA","manuscript","HALW18","NA","NA"
"KU557724 Hynobius amjiensis",30.3833333333333,119.3833333,"NA","manuscript","HALW19","NA","NA"
"KU557725 Hynobius amjiensis",30.0833333333333,118.85,"NA","manuscript","HALA45","NA","NA"
"KU557726 Hynobius amjiensis",30.1,118.833333333,"NA","manuscript","HAAH23","NA","NA"
"KU557696 Hynobius amjiensis",30.0833333333333,118.85,"NA","manuscript","HALA34","NA","NA"
"KU557698 Hynobius amjiensis",30.0833333333333,118.85,"NA","manuscript","HALA31","NA","NA"
"KU557699 Hynobius amjiensis",30.0833333333333,118.85,"NA","manuscript","HALA33","NA","NA"
"KU557700 Hynobius amjiensis",30.0833333333333,118.85,"NA","manuscript","HALA28","NA","NA"
"KU557701 Hynobius amjiensis",30.0833333333333,118.85,"NA","manuscript","HALA35","NA","NA"
"KU557702 Hynobius amjiensis",30.1,118.833333333,"NA","manuscript","HAAH24","NA","NA"
"KU557703 Hynobius amjiensis",30.3833333333333,119.3833333,"NA","manuscript","HALW11","NA","NA"
"KU557704 Hynobius amjiensis",30.3833333333333,119.3833333,"NA","manuscript","HALW13","NA","NA"
"KU557706 Hynobius amjiensis",30.3833333333333,119.3833333,"NA","manuscript","HALW06","NA","NA"
"KU557707 Hynobius amjiensis",30.3833333333333,119.3833333,"NA","manuscript","HALW16","NA","NA"
"KU557708 Hynobius amjiensis",30.3833333333333,119.3833333,"NA","manuscript","HALW14","NA","NA"
"KU557730 Hynobius amjiensis",30.0833333333333,118.85,"NA","manuscript","HALA30","NA","NA"
"KU557732 Hynobius amjiensis",30.0833333333333,118.85,"NA","manuscript","HALA29","NA","NA"
"KU557731 Hynobius amjiensis",30.1,118.833333333,"NA","manuscript","HAAH22","NA","NA"
