value,Lat,Lon,Method,Error_km,Museum_Field_Number,Notes,Reference
"ON110934.1 Hynobius sp. SK-2022 voucher 24086 cytochrome b (cytb) gene, partial cds; mitochondrial",33.004386,132.591261,"approximated from map in paper, Google Maps (""Ainan""), and manually placing point in Geo-Locate",10,KUHE 24086,"Ainan Town, Ehime Prefecture; locality 25","Kanamori S, Nishikawa K, Matsui M, Tanabe S. 2022. A new species of lotic breeding salamander (Amphibia, Caudata, Hynobiidae) from Shikoku, Japan. PeerJ 10:e13891 https://doi.org/10.7717/peerj.13891"
"ON110935.1 Hynobius sp. SK-2022 voucher 24087 cytochrome b (cytb) gene, partial cds; mitochondrial",33.004386,132.591261,"approximated from map in paper, Google Maps (""Ainan""), and manually placing point in Geo-Locate",10,KUHE 24087,"Ainan Town, Ehime Prefecture; locality 25","Kanamori S, Nishikawa K, Matsui M, Tanabe S. 2022. A new species of lotic breeding salamander (Amphibia, Caudata, Hynobiidae) from Shikoku, Japan. PeerJ 10:e13891 https://doi.org/10.7717/peerj.13891"
"ON110936.1 Hynobius sp. SK-2022 voucher 24088 cytochrome b (cytb) gene, partial cds; mitochondrial",32.992869,132.554182,"approximated from map in paper, Google Maps (""Ainan""), and manually placing point in Geo-Locate",10,KUHE 24088,"Ainan Town, Ehime Prefecture; locality 26","Kanamori S, Nishikawa K, Matsui M, Tanabe S. 2022. A new species of lotic breeding salamander (Amphibia, Caudata, Hynobiidae) from Shikoku, Japan. PeerJ 10:e13891 https://doi.org/10.7717/peerj.13891"
"ON110937.1 Hynobius sp. SK-2022 voucher 24800 cytochrome b (cytb) gene, partial cds; mitochondrial",32.992869,132.554182,"approximated from map in paper, Google Maps (""Ainan""), and manually placing point in Geo-Locate",10,KUHE 24800,"Ainan Town, Ehime Prefecture; locality 26","Kanamori S, Nishikawa K, Matsui M, Tanabe S. 2022. A new species of lotic breeding salamander (Amphibia, Caudata, Hynobiidae) from Shikoku, Japan. PeerJ 10:e13891 https://doi.org/10.7717/peerj.13891"
"ON110933.1 Hynobius sp. SK-2022 voucher 24085 cytochrome b (cytb) gene, partial cds; mitochondrial",33.004386,132.591261,"approximated from map in paper, Google Maps (""Ainan""), and manually placing point in Geo-Locate",10,KUHE 24085,"Ainan Town, Ehime Prefecture; locality 25","Kanamori S, Nishikawa K, Matsui M, Tanabe S. 2022. A new species of lotic breeding salamander (Amphibia, Caudata, Hynobiidae) from Shikoku, Japan. PeerJ 10:e13891 https://doi.org/10.7717/peerj.13891"
"ON110932.1 Hynobius sp. SK-2022 voucher 62789 cytochrome b (cytb) gene, partial cds; mitochondrial",33.248204,132.565168,"approximated from map in paper, and manually placing point at ""Uwajima"" in Geo-Locate",10,KUHE 62789,"Uwajima City, Ehime Prefecture","Kanamori S, Nishikawa K, Matsui M, Tanabe S. 2022. A new species of lotic breeding salamander (Amphibia, Caudata, Hynobiidae) from Shikoku, Japan. PeerJ 10:e13891 https://doi.org/10.7717/peerj.13891"
"ON110931.1 Hynobius sp. SK-2022 voucher 62785 cytochrome b (cytb) gene, partial cds; mitochondrial",33.248204,132.565168,"approximated from map in paper, and manually placing point at ""Uwajima"" in Geo-Locate",10,KUHE 62785,"Uwajima City, Ehime Prefecture","Kanamori S, Nishikawa K, Matsui M, Tanabe S. 2022. A new species of lotic breeding salamander (Amphibia, Caudata, Hynobiidae) from Shikoku, Japan. PeerJ 10:e13891 https://doi.org/10.7717/peerj.13891"
"ON110930.1 Hynobius sp. SK-2022 voucher 61098 cytochrome b (cytb) gene, partial cds; mitochondrial",33.248204,132.565168,"approximated from map in paper, and manually placing point at ""Uwajima"" in Geo-Locate",10,KUHE 61098,"Uwajima City, Ehime Prefecture","Kanamori S, Nishikawa K, Matsui M, Tanabe S. 2022. A new species of lotic breeding salamander (Amphibia, Caudata, Hynobiidae) from Shikoku, Japan. PeerJ 10:e13891 https://doi.org/10.7717/peerj.13891"
"ON110929.1 Hynobius sp. SK-2022 voucher 61097 cytochrome b (cytb) gene, partial cds; mitochondrial",33.248204,132.565168,"approximated from map in paper, and manually placing point at ""Uwajima"" in Geo-Locate",10,KUHE 61097,"Uwajima City, Ehime Prefecture","Kanamori S, Nishikawa K, Matsui M, Tanabe S. 2022. A new species of lotic breeding salamander (Amphibia, Caudata, Hynobiidae) from Shikoku, Japan. PeerJ 10:e13891 https://doi.org/10.7717/peerj.13891"
"ON110938.1 Hynobius sp. SK-2022 voucher T_3788 cytochrome b (cytb) gene, partial cds; mitochondrial",32.992869,132.554182,"approximated from map in paper, Google Maps (""Ainan""), and manually placing point in Geo-Locate",10,KUHE T3788,"Ainan Town, Ehime Prefecture; locality 26","Kanamori S, Nishikawa K, Matsui M, Tanabe S. 2022. A new species of lotic breeding salamander (Amphibia, Caudata, Hynobiidae) from Shikoku, Japan. PeerJ 10:e13891 https://doi.org/10.7717/peerj.13891"
"ON110939.1 Hynobius sp. SK-2022 voucher 60947 cytochrome b (cytb) gene, partial cds; mitochondrial",32.992869,132.554182,"approximated from map in paper, Google Maps (""Ainan""), and manually placing point in Geo-Locate",10,KUHE 60947,"Ainan Town, Ehime Prefecture; locality 26","Kanamori S, Nishikawa K, Matsui M, Tanabe S. 2022. A new species of lotic breeding salamander (Amphibia, Caudata, Hynobiidae) from Shikoku, Japan. PeerJ 10:e13891 https://doi.org/10.7717/peerj.13891"
"ON110940.1 Hynobius sp. SK-2022 voucher 61096 cytochrome b (cytb) gene, partial cds; mitochondrial",32.992869,132.554182,"approximated from map in paper, Google Maps (""Ainan""), and manually placing point in Geo-Locate",10,KUHE 61096,"Ainan Town, Ehime Prefecture; locality 26","Kanamori S, Nishikawa K, Matsui M, Tanabe S. 2022. A new species of lotic breeding salamander (Amphibia, Caudata, Hynobiidae) from Shikoku, Japan. PeerJ 10:e13891 https://doi.org/10.7717/peerj.13891"
