value,Lat,Lon,Method,Error_km,Museum_Field_Number,Notes,Reference
LC436420 Hynobius iwami,34.6388,131.9441,GoogleMaps,19.5,KUHE:nb18-3,Shimane (Masuda-shi),doi 10.5358/hsj.38.32
LC436419 Hynobius iwami,34.6388,131.9441,GoogleMaps,19.5,KUHE OU0339,Shimane (Masuda-shi),doi 10.5358/hsj.38.32
LC436418 Hynobius iwami,34.6388,131.9441,GoogleMaps,19.5,KUHE nb18-2,Shimane (Masuda-shi),doi 10.5358/hsj.38.32
LC436417 Hynobius iwami,34.6388,131.9441,GoogleMaps,19.5,KUHE 35900,Shimane (Masuda-shi),doi 10.5358/hsj.38.32
LC605119 Hynobius iwami,35.1428,132.4864,GoogleMaps,17,IW1,"Japan: Shimane Pref., Oda City",10.3390/ani11082187
LC632893 Hynobius iwami,35.1428,132.4864,GoogleMaps,17,SSN082,"Japan: Shimane, Oda","Hayashi,M. and Ooi,K.  Nucleotide sequence diversity in the mitochondrial cytb gene region of the salamander genus Hynobius in Shimane Prefecture, Japan"
LC436422 Hynobius iwami,35.1428,132.4864,GoogleMaps,17,KUHE nb18-4,Shimane (Oda-shi),doi 10.5358/hsj.38.32
LC632892 Hynobius iwami,35.1428,132.4864,GoogleMaps,17,SSN081,"Japan: Shimane, Oda","Hayashi,M. and Ooi,K.  Nucleotide sequence diversity in the mitochondrial cytb gene region of the salamander genus Hynobius in Shimane Prefecture, Japan"
LC605120 Hynobius iwami,35.1428,132.4864,GoogleMaps,17,IW2,"Japan: Shimane Pref., Oda City",10.3390/ani11082187
LC632894 Hynobius iwami,35.1428,132.4864,GoogleMaps,17,SSN083,"Japan: Shimane, Oda","Hayashi,M. and Ooi,K.  Nucleotide sequence diversity in the mitochondrial cytb gene region of the salamander genus Hynobius in Shimane Prefecture, Japan"
LC632895 Hynobius iwami,35.1428,132.4864,GoogleMaps,17,SSN084,"Japan: Shimane, Oda","Hayashi,M. and Ooi,K.  Nucleotide sequence diversity in the mitochondrial cytb gene region of the salamander genus Hynobius in Shimane Prefecture, Japan"
LC632897 Hynobius iwami,35.0274,132.6032,GoogleMaps,14,SSN086,"Japan: Shimane, Misato","Hayashi,M. and Ooi,K.  Nucleotide sequence diversity in the mitochondrial cytb gene region of the salamander genus Hynobius in Shimane Prefecture, Japan"
LC632896 Hynobius iwami,35.0274,132.6032,GoogleMaps,14,SSN085,"Japan: Shimane, Misato","Hayashi,M. and Ooi,K.  Nucleotide sequence diversity in the mitochondrial cytb gene region of the salamander genus Hynobius in Shimane Prefecture, Japan"
LC518939 Hynobius iwami,35.0274,132.6032,GoogleMaps,14,SSN040,"Japan: Shimane, Misato","Bull. Hoshizaki Green Found. 23, 99-104 (2020)"
LC518938 Hynobius iwami,35.0274,132.6032,GoogleMaps,14,SSN039,"Japan: Shimane, Misato","Bull. Hoshizaki Green Found. 23, 99-104 (2020)"
LC518937 Hynobius iwami,35.1428,132.4864,GoogleMaps,17,SSN038,"Japan: Shimane, Oda","Bull. Hoshizaki Green Found. 23, 99-104 (2020)"
LC518936 Hynobius iwami,35.1428,132.4864,GoogleMaps,17,SSN037,"Japan: Shimane, Oda","Bull. Hoshizaki Green Found. 23, 99-104 (2020)"
LC518917 Hynobius iwami,35.1428,132.4864,GoogleMaps,17,SSN018,"Japan: Shimane, Oda","Bull. Hoshizaki Green Found. 23, 99-104 (2020)"
LC518916 Hynobius iwami,35.1428,132.4864,GoogleMaps,17,SSN017,"Japan: Shimane, Oda","Bull. Hoshizaki Green Found. 23, 99-104 (2020)"
LC518915 Hynobius iwami,35.1428,132.4864,GoogleMaps,17,SSN016,"Japan: Shimane, Oda","Bull. Hoshizaki Green Found. 23, 99-104 (2020)"
LC518914 Hynobius iwami,35.1428,132.4864,GoogleMaps,17,SSN015,"Japan: Shimane, Oda","Bull. Hoshizaki Green Found. 23, 99-104 (2020)"
LC436421 Hynobius iwami,34.8263,132.1292,GoogleMaps,22,KUHE:nb3-1,Shimane (Hamada-shi),doi 10.5358/hsj.38.32
LC605121 Hynobius iwami,34.9725,132.3033,GoogleMaps,15,IW3,"Japan: Shimane Pref., Gotsu City",10.3390/ani11082187
