value,Lat,Lon,Method,Error_km,Museum_Field_Number,Notes,Reference
"JQ710885.1 Hynobius chinensis mitochondrion, complete genome",30.084239,122.080424,GeoLocate,5825,,can't find paper associated to sequence,https://www.sciencedirect.com/science/article/pii/S187477871500046X
DQ652228 Hynobius chinensis,30.083333,122.1,Scientific article,173,NTNUB 241789,Not included in paper,https://www.researchgate.net/publication/250069455_Two_new_Hynobius_Caudata_Hynobiidae_salamanders_from_Taiwan
DQ652227 Hynobius chinensis,30.083333,122.1,Scientific article,173,NTNUB 241578,Not included in paper,https://www.researchgate.net/publication/250069455_Two_new_Hynobius_Caudata_Hynobiidae_salamanders_from_Taiwan
DQ652229 Hynobius chinensis,30.083333,122.1,Scientific article,173,NTNUB 241578,Not included in paper,https://www.researchgate.net/publication/250069455_Two_new_Hynobius_Caudata_Hynobiidae_salamanders_from_Taiwan
DQ652230 Hynobius chinensis,30.083333,122.1,Scientific article,173,NTNUB 241578,Not included in paper,https://www.researchgate.net/publication/250069455_Two_new_Hynobius_Caudata_Hynobiidae_salamanders_from_Taiwan
"NC_008088.1 Hynobius chinensis mitochondrion, complete genome",26.410016,111.995836,"Scientific article supporting material gives area, but not specific lat-long",2538,,"Qiyang, Hunan, China",https://www.pnas.org/doi/10.1073/pnas.0602325103
"DQ333819.1 Hynobius chinensis mitochondrion, complete genome",26.410016,111.995836,"Scientific article supporting material gives area, but not specific lat-long",2538,,"Qiyang, Hunan, China",https://www.pnas.org/doi/10.1073/pnas.0602325103
JQ929930 Hynobius chinensis,30.5833333333333,110.666666666667,Manuscript,,CIB-XM2251,attempted to contact the Chengdu Institute of Biology Museum of Herpetology,http://english.cib.cas.cn/rs/sr/200908/t20090808_27663.html
JQ929929 Hynobius chinensis,30.5833333333333,110.666666666667,Manuscript,,CIB-XM2252,attempted to contact the Chengdu Institute of Biology Museum of Herpetology,http://english.cib.cas.cn/rs/sr/200908/t20090808_27663.html
JQ929928 Hynobius chinensis,30.5833333333333,110.666666666667,Manuscript,,CIB-XM2250,attempted to contact the Chengdu Institute of Biology Museum of Herpetology,http://english.cib.cas.cn/rs/sr/200908/t20090808_27663.html
JQ929927 Hynobius chinensis,30.5833333333333,110.666666666667,Manuscript,,CIB-XM2249,attempted to contact the Chengdu Institute of Biology Museum of Herpetology,http://english.cib.cas.cn/rs/sr/200908/t20090808_27663.html
