"value","Lat","Lon","error","Method","voucher"
"LC125127_2305225344",34.73,135.11,,,
"LC125128_2305011632",34.73,135.11,,,
"LC125129_2307039511",34.73,135.11,,,
"LC125130_2304978972",34.73,135.11,,,
"LC125131_2306145995",34.73,135.11,,,
"LC180153 Hynobius nebulosus",33.56817,131.504792,2530,"GeoLocate",
"LC156142 Hynobius nebulosus",32.99719,129.682736,2073,"GeoLocate",
"AB445786 Hynobius nebulosus",32.841111,130.043056,3850,"GeoLocate","KUHE:24693"
"LC180150 Hynobius nebulosus",32.696451,128.769318,2527,"GeoLocate",
"LC180149 Hynobius nebulosus",33.321749,129.477644,3132,"GeoLocate",
