"value","Lat","Lon","Error_km","Method","Museum_Field_Number","Notes","Reference"
"AB750841 Hynobius lichenatus",38.562127,140.347958,1727,"GeoLocate","KUHE:UN_YU-R3","H42","Aoki, G., Matsui, M., Nishikawa, K. (2013). Mitochondrial Cytochrome b Phylogeny and Historical Biogeography of the Tohoku Salamander, Hynobius Lichenatus (Amphibia, Caudata). Zoological Science, 30(3): 167-173"
"AB750842 Hynobius lichenatus",38.562127,140.347958,1727,"GeoLocate","KUHE:UN_YU-R4","H42","Aoki, G., Matsui, M., Nishikawa, K. (2013). Mitochondrial Cytochrome b Phylogeny and Historical Biogeography of the Tohoku Salamander, Hynobius Lichenatus (Amphibia, Caudata). Zoological Science, 30(3): 167-173"
"AB750843 Hynobius lichenatus",38.562127,140.347958,1727,"GeoLocate","KUHE:UN_YU-R2","H43","Aoki, G., Matsui, M., Nishikawa, K. (2013). Mitochondrial Cytochrome b Phylogeny and Historical Biogeography of the Tohoku Salamander, Hynobius Lichenatus (Amphibia, Caudata). Zoological Science, 30(3): 167-173"
"AB750885 Hynobius lichenatus",38.432943,140.818183,1703,"GeoLocate","KUHE:36423","H69","Aoki, G., Matsui, M., Nishikawa, K. (2013). Mitochondrial Cytochrome b Phylogeny and Historical Biogeography of the Tohoku Salamander, Hynobius Lichenatus (Amphibia, Caudata). Zoological Science, 30(3): 167-173"
"AB750883 Hynobius lichenatus",38.432943,140.818183,1703,"GeoLocate","KUHE:36390","H67","Aoki, G., Matsui, M., Nishikawa, K. (2013). Mitochondrial Cytochrome b Phylogeny and Historical Biogeography of the Tohoku Salamander, Hynobius Lichenatus (Amphibia, Caudata). Zoological Science, 30(3): 167-173"
"AB750884 Hynobius lichenatus",38.432943,140.818183,1703,"GeoLocate","KUHE:36432","H68","Aoki, G., Matsui, M., Nishikawa, K. (2013). Mitochondrial Cytochrome b Phylogeny and Historical Biogeography of the Tohoku Salamander, Hynobius Lichenatus (Amphibia, Caudata). Zoological Science, 30(3): 167-173"
"AB750875 Hynobius lichenatus",39.459668,141.443231,3747,"GeoLocate","KUHE:UN_YU-P2","H62","Aoki, G., Matsui, M., Nishikawa, K. (2013). Mitochondrial Cytochrome b Phylogeny and Historical Biogeography of the Tohoku Salamander, Hynobius Lichenatus (Amphibia, Caudata). Zoological Science, 30(3): 167-173"
"AB750876 Hynobius lichenatus",39.459668,141.443231,3747,"GeoLocate","KUHE:UN_YU-P1","H63","Aoki, G., Matsui, M., Nishikawa, K. (2013). Mitochondrial Cytochrome b Phylogeny and Historical Biogeography of the Tohoku Salamander, Hynobius Lichenatus (Amphibia, Caudata). Zoological Science, 30(3): 167-173"
"AB750877 Hynobius lichenatus",38.459668,140.443231,3747,"GeoLocate","KUHE:UN_YU-P3","H63","Aoki, G., Matsui, M., Nishikawa, K. (2013). Mitochondrial Cytochrome b Phylogeny and Historical Biogeography of the Tohoku Salamander, Hynobius Lichenatus (Amphibia, Caudata). Zoological Science, 30(3): 167-173"
"AB750878 Hynobius lichenatus",38.459668,140.443231,3747,"GeoLocate","KUHE:UN_YU-P4","H63","Aoki, G., Matsui, M., Nishikawa, K. (2013). Mitochondrial Cytochrome b Phylogeny and Historical Biogeography of the Tohoku Salamander, Hynobius Lichenatus (Amphibia, Caudata). Zoological Science, 30(3): 167-173"
"AB750879 Hynobius lichenatus",38.459668,140.443231,3747,"GeoLocate","KUHE:UN_YU-P5","H63","Aoki, G., Matsui, M., Nishikawa, K. (2013). Mitochondrial Cytochrome b Phylogeny and Historical Biogeography of the Tohoku Salamander, Hynobius Lichenatus (Amphibia, Caudata). Zoological Science, 30(3): 167-173"
"AB750872 Hynobius lichenatus",38.546747,140.343579,3036,"GeoLocate","KUHE:UN_YU-Q1","H60","Aoki, G., Matsui, M., Nishikawa, K. (2013). Mitochondrial Cytochrome b Phylogeny and Historical Biogeography of the Tohoku Salamander, Hynobius Lichenatus (Amphibia, Caudata). Zoological Science, 30(3): 167-173"
"AB750880 Hynobius lichenatus",38.594261,140.696922,1119,"GeoLocate","KUHE:17885","H64","Aoki, G., Matsui, M., Nishikawa, K. (2013). Mitochondrial Cytochrome b Phylogeny and Historical Biogeography of the Tohoku Salamander, Hynobius Lichenatus (Amphibia, Caudata). Zoological Science, 30(3): 167-173"
"AB750882 Hynobius lichenatus",38.594261,140.696922,1119,"GeoLocate","KUHE:17881","H66","Aoki, G., Matsui, M., Nishikawa, K. (2013). Mitochondrial Cytochrome b Phylogeny and Historical Biogeography of the Tohoku Salamander, Hynobius Lichenatus (Amphibia, Caudata). Zoological Science, 30(3): 167-173"
"AB750881 Hynobius lichenatus",38.594261,140.696922,1119,"GeoLocate","KUHE:17892","H65","Aoki, G., Matsui, M., Nishikawa, K. (2013). Mitochondrial Cytochrome b Phylogeny and Historical Biogeography of the Tohoku Salamander, Hynobius Lichenatus (Amphibia, Caudata). Zoological Science, 30(3): 167-173"
"AB750871 Hynobius lichenatus",38.546747,140.343579,3036,"GeoLocate","KUHE:UN_YU-Q2","H59","Aoki, G., Matsui, M., Nishikawa, K. (2013). Mitochondrial Cytochrome b Phylogeny and Historical Biogeography of the Tohoku Salamander, Hynobius Lichenatus (Amphibia, Caudata). Zoological Science, 30(3): 167-173"
"AB750845 Hynobius lichenatus",38.785556,140.020556,3036,"GeoLocate","KUHE:36263","H45","Aoki, G., Matsui, M., Nishikawa, K. (2013). Mitochondrial Cytochrome b Phylogeny and Historical Biogeography of the Tohoku Salamander, Hynobius Lichenatus (Amphibia, Caudata). Zoological Science, 30(3): 167-173"
"AB750839 Hynobius lichenatus",38.562127,140.347958,1727,"GeoLocate","KUHE:UN_YU-R1","H40","Aoki, G., Matsui, M., Nishikawa, K. (2013). Mitochondrial Cytochrome b Phylogeny and Historical Biogeography of the Tohoku Salamander, Hynobius Lichenatus (Amphibia, Caudata). Zoological Science, 30(3): 167-173"
"AB750838 Hynobius lichenatus",38.956065,140.243645,3036,"GeoLocate","KUHE:40057","H39","Aoki, G., Matsui, M., Nishikawa, K. (2013). Mitochondrial Cytochrome b Phylogeny and Historical Biogeography of the Tohoku Salamander, Hynobius Lichenatus (Amphibia, Caudata). Zoological Science, 30(3): 167-173"
"AB750840 Hynobius lichenatus",38.562127,140.347958,1727,"GeoLocate","KUHE:UN_YU-R5","H41","Aoki, G., Matsui, M., Nishikawa, K. (2013). Mitochondrial Cytochrome b Phylogeny and Historical Biogeography of the Tohoku Salamander, Hynobius Lichenatus (Amphibia, Caudata). Zoological Science, 30(3): 167-173"
"AB750830 Hynobius lichenatus",39.16052,140.180655,3126,"GeoLocate","KUHE:37239","H34","Aoki, G., Matsui, M., Nishikawa, K. (2013). Mitochondrial Cytochrome b Phylogeny and Historical Biogeography of the Tohoku Salamander, Hynobius Lichenatus (Amphibia, Caudata). Zoological Science, 30(3): 167-173"
"AB750844 Hynobius lichenatus",38.826063,140.196863,2142,"GeoLocate","KUHE:37778","H44","Aoki, G., Matsui, M., Nishikawa, K. (2013). Mitochondrial Cytochrome b Phylogeny and Historical Biogeography of the Tohoku Salamander, Hynobius Lichenatus (Amphibia, Caudata). Zoological Science, 30(3): 167-173"
"AB750849 Hynobius lichenatus",38.733055,139.991671,4276,"GeoLocate","KUHE:37584","H47","Aoki, G., Matsui, M., Nishikawa, K. (2013). Mitochondrial Cytochrome b Phylogeny and Historical Biogeography of the Tohoku Salamander, Hynobius Lichenatus (Amphibia, Caudata). Zoological Science, 30(3): 167-173"
"AB750850 Hynobius lichenatus",38.733055,139.991671,4276,"GeoLocate","KUHE:37585","H48","Aoki, G., Matsui, M., Nishikawa, K. (2013). Mitochondrial Cytochrome b Phylogeny and Historical Biogeography of the Tohoku Salamander, Hynobius Lichenatus (Amphibia, Caudata). Zoological Science, 30(3): 167-173"
"AB750856 Hynobius lichenatus",38.428287,140.023013,3036,"GeoLocate","KUHE:UN_YU-E4","H52","Aoki, G., Matsui, M., Nishikawa, K. (2013). Mitochondrial Cytochrome b Phylogeny and Historical Biogeography of the Tohoku Salamander, Hynobius Lichenatus (Amphibia, Caudata). Zoological Science, 30(3): 167-173"
"AB750857 Hynobius lichenatus",38.428287,140.023013,3036,"GeoLocate","KUHE:UN_YU-E5","H52","Aoki, G., Matsui, M., Nishikawa, K. (2013). Mitochondrial Cytochrome b Phylogeny and Historical Biogeography of the Tohoku Salamander, Hynobius Lichenatus (Amphibia, Caudata). Zoological Science, 30(3): 167-173"
"AB750863 Hynobius lichenatus",38.424925,140.023528,3036,"GeoLocate","KUHE:UN_YU-O7","H55","Aoki, G., Matsui, M., Nishikawa, K. (2013). Mitochondrial Cytochrome b Phylogeny and Historical Biogeography of the Tohoku Salamander, Hynobius Lichenatus (Amphibia, Caudata). Zoological Science, 30(3): 167-173"
"AB750848 Hynobius lichenatus",38.757228,139.741776,1403,"GeoLocate","KUHE:26904","H46","Aoki, G., Matsui, M., Nishikawa, K. (2013). Mitochondrial Cytochrome b Phylogeny and Historical Biogeography of the Tohoku Salamander, Hynobius Lichenatus (Amphibia, Caudata). Zoological Science, 30(3): 167-173"
"AB750870 Hynobius lichenatus",38.434785,140.232837,3033,"GeoLocate","KUHE:UN_YU-H1","H58","Aoki, G., Matsui, M., Nishikawa, K. (2013). Mitochondrial Cytochrome b Phylogeny and Historical Biogeography of the Tohoku Salamander, Hynobius Lichenatus (Amphibia, Caudata). Zoological Science, 30(3): 167-173"
"AB750855 Hynobius lichenatus",38.428287,140.023013,3036,"GeoLocate","KUHE:UN_YU-E6","H51","Aoki, G., Matsui, M., Nishikawa, K. (2013). Mitochondrial Cytochrome b Phylogeny and Historical Biogeography of the Tohoku Salamander, Hynobius Lichenatus (Amphibia, Caudata). Zoological Science, 30(3): 167-173"
"AB750873 Hynobius lichenatus",38.546747,140.343579,3036,"GeoLocate","KUHE:UN_YU-Q3","H61","Aoki, G., Matsui, M., Nishikawa, K. (2013). Mitochondrial Cytochrome b Phylogeny and Historical Biogeography of the Tohoku Salamander, Hynobius Lichenatus (Amphibia, Caudata). Zoological Science, 30(3): 167-173"
"AB750874 Hynobius lichenatus",38.546747,140.343579,3036,"GeoLocate","KUHE:UN_YU-Q4","H61","Aoki, G., Matsui, M., Nishikawa, K. (2013). Mitochondrial Cytochrome b Phylogeny and Historical Biogeography of the Tohoku Salamander, Hynobius Lichenatus (Amphibia, Caudata). Zoological Science, 30(3): 167-173"
"AB750862 Hynobius lichenatus",38.424925,140.023528,3036,"GeoLocate","KUHE:UN_YU-O4","H54","Aoki, G., Matsui, M., Nishikawa, K. (2013). Mitochondrial Cytochrome b Phylogeny and Historical Biogeography of the Tohoku Salamander, Hynobius Lichenatus (Amphibia, Caudata). Zoological Science, 30(3): 167-173"
"AB750854 Hynobius lichenatus",38.428287,140.023013,3036,"GeoLocate","KUHE:UN_YU-E11","H50","Aoki, G., Matsui, M., Nishikawa, K. (2013). Mitochondrial Cytochrome b Phylogeny and Historical Biogeography of the Tohoku Salamander, Hynobius Lichenatus (Amphibia, Caudata). Zoological Science, 30(3): 167-173"
"AB750895 Hynobius lichenatus",38.26312,139.728076,923,"GeoLocate","KUHE:36909","H73","Aoki, G., Matsui, M., Nishikawa, K. (2013). Mitochondrial Cytochrome b Phylogeny and Historical Biogeography of the Tohoku Salamander, Hynobius Lichenatus (Amphibia, Caudata). Zoological Science, 30(3): 167-173"
"AB750893 Hynobius lichenatus",38.383893,139.493872,2839,"GeoLocate","KUHE:UN_FH6","H71","Aoki, G., Matsui, M., Nishikawa, K. (2013). Mitochondrial Cytochrome b Phylogeny and Historical Biogeography of the Tohoku Salamander, Hynobius Lichenatus (Amphibia, Caudata). Zoological Science, 30(3): 167-173"
"AB750868 Hynobius lichenatus",38.424925,140.023528,3036,"GeoLocate","KUHE:UN_YU-O5","H56","Aoki, G., Matsui, M., Nishikawa, K. (2013). Mitochondrial Cytochrome b Phylogeny and Historical Biogeography of the Tohoku Salamander, Hynobius Lichenatus (Amphibia, Caudata). Zoological Science, 30(3): 167-173"
"AB750869 Hynobius lichenatus",38.424925,140.023528,3036,"GeoLocate","KUHE:UN_YU-O3","H57","Aoki, G., Matsui, M., Nishikawa, K. (2013). Mitochondrial Cytochrome b Phylogeny and Historical Biogeography of the Tohoku Salamander, Hynobius Lichenatus (Amphibia, Caudata). Zoological Science, 30(3): 167-173"
"AB750858 Hynobius lichenatus",38.428287,140.023013,3036,"GeoLocate","KUHE:UN_YU-E1","H53","Aoki, G., Matsui, M., Nishikawa, K. (2013). Mitochondrial Cytochrome b Phylogeny and Historical Biogeography of the Tohoku Salamander, Hynobius Lichenatus (Amphibia, Caudata). Zoological Science, 30(3): 167-173"
"AB750867 Hynobius lichenatus",38.424925,140.023528,3036,"GeoLocate","KUHE:UN_YU-O2","H53","Aoki, G., Matsui, M., Nishikawa, K. (2013). Mitochondrial Cytochrome b Phylogeny and Historical Biogeography of the Tohoku Salamander, Hynobius Lichenatus (Amphibia, Caudata). Zoological Science, 30(3): 167-173"
"AB750851 Hynobius lichenatus",38.429766,140.020953,3036,"GeoLocate","KUHE:40038","H49","Aoki, G., Matsui, M., Nishikawa, K. (2013). Mitochondrial Cytochrome b Phylogeny and Historical Biogeography of the Tohoku Salamander, Hynobius Lichenatus (Amphibia, Caudata). Zoological Science, 30(3): 167-173"
"AB750852 Hynobius lichenatus",38.429766,140.020953,3036,"GeoLocate","KUHE:40039","H49","Aoki, G., Matsui, M., Nishikawa, K. (2013). Mitochondrial Cytochrome b Phylogeny and Historical Biogeography of the Tohoku Salamander, Hynobius Lichenatus (Amphibia, Caudata). Zoological Science, 30(3): 167-173"
"AB750853 Hynobius lichenatus",38.429766,140.020953,3036,"GeoLocate","KUHE:40040","H49","Aoki, G., Matsui, M., Nishikawa, K. (2013). Mitochondrial Cytochrome b Phylogeny and Historical Biogeography of the Tohoku Salamander, Hynobius Lichenatus (Amphibia, Caudata). Zoological Science, 30(3): 167-173"
"AB750859 Hynobius lichenatus",38.428287,140.023013,3036,"GeoLocate","KUHE:UN_YU-E2","H49","Aoki, G., Matsui, M., Nishikawa, K. (2013). Mitochondrial Cytochrome b Phylogeny and Historical Biogeography of the Tohoku Salamander, Hynobius Lichenatus (Amphibia, Caudata). Zoological Science, 30(3): 167-173"
"AB750860 Hynobius lichenatus",38.428287,140.023013,3036,"GeoLocate","KUHE:UN_YU-E3","H49","Aoki, G., Matsui, M., Nishikawa, K. (2013). Mitochondrial Cytochrome b Phylogeny and Historical Biogeography of the Tohoku Salamander, Hynobius Lichenatus (Amphibia, Caudata). Zoological Science, 30(3): 167-173"
"AB750861 Hynobius lichenatus",38.428287,140.023013,3036,"GeoLocate","KUHE:UN_YU-E8","H49","Aoki, G., Matsui, M., Nishikawa, K. (2013). Mitochondrial Cytochrome b Phylogeny and Historical Biogeography of the Tohoku Salamander, Hynobius Lichenatus (Amphibia, Caudata). Zoological Science, 30(3): 167-173"
"AB750864 Hynobius lichenatus",38.424925,140.023528,3036,"GeoLocate","KUHE:37588","H49","Aoki, G., Matsui, M., Nishikawa, K. (2013). Mitochondrial Cytochrome b Phylogeny and Historical Biogeography of the Tohoku Salamander, Hynobius Lichenatus (Amphibia, Caudata). Zoological Science, 30(3): 167-173"
"AB750865 Hynobius lichenatus",38.424925,140.023528,3036,"GeoLocate","KUHE:UN_YU-O1","H49","Aoki, G., Matsui, M., Nishikawa, K. (2013). Mitochondrial Cytochrome b Phylogeny and Historical Biogeography of the Tohoku Salamander, Hynobius Lichenatus (Amphibia, Caudata). Zoological Science, 30(3): 167-173"
"AB750866 Hynobius lichenatus",38.424925,140.023528,3036,"GeoLocate","KUHE:UN_YU-O6","H49","Aoki, G., Matsui, M., Nishikawa, K. (2013). Mitochondrial Cytochrome b Phylogeny and Historical Biogeography of the Tohoku Salamander, Hynobius Lichenatus (Amphibia, Caudata). Zoological Science, 30(3): 167-173"
"AB750889 Hynobius lichenatus",38.383893,139.493872,2839,"GeoLocate","KUHE:UN_FH1","H70","Aoki, G., Matsui, M., Nishikawa, K. (2013). Mitochondrial Cytochrome b Phylogeny and Historical Biogeography of the Tohoku Salamander, Hynobius Lichenatus (Amphibia, Caudata). Zoological Science, 30(3): 167-173"
"AB750890 Hynobius lichenatus",38.383893,139.493872,2839,"GeoLocate","KUHE:UN_FH2","H70","Aoki, G., Matsui, M., Nishikawa, K. (2013). Mitochondrial Cytochrome b Phylogeny and Historical Biogeography of the Tohoku Salamander, Hynobius Lichenatus (Amphibia, Caudata). Zoological Science, 30(3): 167-173"
"AB750891 Hynobius lichenatus",38.383893,139.493872,2839,"GeoLocate","KUHE:UN_FH3","H70","Aoki, G., Matsui, M., Nishikawa, K. (2013). Mitochondrial Cytochrome b Phylogeny and Historical Biogeography of the Tohoku Salamander, Hynobius Lichenatus (Amphibia, Caudata). Zoological Science, 30(3): 167-173"
"AB750892 Hynobius lichenatus",38.383893,139.493872,2839,"GeoLocate","KUHE:UN_FH4","H70","Aoki, G., Matsui, M., Nishikawa, K. (2013). Mitochondrial Cytochrome b Phylogeny and Historical Biogeography of the Tohoku Salamander, Hynobius Lichenatus (Amphibia, Caudata). Zoological Science, 30(3): 167-173"
"AB750894 Hynobius lichenatus",38.383893,139.493872,2839,"GeoLocate","KUHE:UN_FH5","H72","Aoki, G., Matsui, M., Nishikawa, K. (2013). Mitochondrial Cytochrome b Phylogeny and Historical Biogeography of the Tohoku Salamander, Hynobius Lichenatus (Amphibia, Caudata). Zoological Science, 30(3): 167-173"
"LC004028 Hynobius lichenatus",37.419311,140.283741,3036,"GeoLocate","NA","haplotype=""L1""","Sugawara H, Kusano T, Hayashi F. Fine-Scale Genetic Differentiation in a Salamander Hynobius tokyoensis Living in Fragmented Urban Habitats in and Around Tokyo, Japan. Zoolog Sci. 2016 Oct;33(5):476-484. doi: 10.2108/zs150196. PMID: 27715415."
"LC004029 Hynobius lichenatus",36.990845,139.910523,3036,"GeoLocate","NA","haplotype=""L2""","Sugawara H, Kusano T, Hayashi F. Fine-Scale Genetic Differentiation in a Salamander Hynobius tokyoensis Living in Fragmented Urban Habitats in and Around Tokyo, Japan. Zoolog Sci. 2016 Oct;33(5):476-484. doi: 10.2108/zs150196. PMID: 27715415."
"AB750804 Hynobius lichenatus",39.9893401710642,140.557042889588,"NA","Google maps","KUHE:31945","H14","Aoki, G., Matsui, M., Nishikawa, K. (2013). Mitochondrial Cytochrome b Phylogeny and Historical Biogeography of the Tohoku Salamander, Hynobius Lichenatus (Amphibia, Caudata). Zoological Science, 30(3): 167-173"
"AB750803 Hynobius lichenatus",39.9893401710642,140.557042889588,"NA","Google maps","KUHE:31944","H13","Aoki, G., Matsui, M., Nishikawa, K. (2013). Mitochondrial Cytochrome b Phylogeny and Historical Biogeography of the Tohoku Salamander, Hynobius Lichenatus (Amphibia, Caudata). Zoological Science, 30(3): 167-173"
"AB750826 Hynobius lichenatus",39.307808011724,140.908097556758,"NA","Google maps","KUHE:33498","H32","Aoki, G., Matsui, M., Nishikawa, K. (2013). Mitochondrial Cytochrome b Phylogeny and Historical Biogeography of the Tohoku Salamander, Hynobius Lichenatus (Amphibia, Caudata). Zoological Science, 30(3): 167-173"
"AB750818 Hynobius lichenatus",39.848666,141.676548,3036,"GeoLocate","KUHE:42706","H25","Aoki, G., Matsui, M., Nishikawa, K. (2013). Mitochondrial Cytochrome b Phylogeny and Historical Biogeography of the Tohoku Salamander, Hynobius Lichenatus (Amphibia, Caudata). Zoological Science, 30(3): 167-173"
"AB750823 Hynobius lichenatus",39.6352671061635,141.857167399403,"NA","Google maps","KUHE:36987","H29","Aoki, G., Matsui, M., Nishikawa, K. (2013). Mitochondrial Cytochrome b Phylogeny and Historical Biogeography of the Tohoku Salamander, Hynobius Lichenatus (Amphibia, Caudata). Zoological Science, 30(3): 167-173"
"AB750821 Hynobius lichenatus",39.6352671061635,141.857167399403,"NA","Google maps","KUHE:36985","H28","Aoki, G., Matsui, M., Nishikawa, K. (2013). Mitochondrial Cytochrome b Phylogeny and Historical Biogeography of the Tohoku Salamander, Hynobius Lichenatus (Amphibia, Caudata). Zoological Science, 30(3): 167-173"
"AB750822 Hynobius lichenatus",39.6352671061635,141.857167399403,"NA","Google maps","KUHE:36989","H28","Aoki, G., Matsui, M., Nishikawa, K. (2013). Mitochondrial Cytochrome b Phylogeny and Historical Biogeography of the Tohoku Salamander, Hynobius Lichenatus (Amphibia, Caudata). Zoological Science, 30(3): 167-173"
"AB750819 Hynobius lichenatus",39.848666,141.676548,3036,"GeoLocate","KUHE:42704","H26","Aoki, G., Matsui, M., Nishikawa, K. (2013). Mitochondrial Cytochrome b Phylogeny and Historical Biogeography of the Tohoku Salamander, Hynobius Lichenatus (Amphibia, Caudata). Zoological Science, 30(3): 167-173"
"AB750815 Hynobius lichenatus",39.746635,140.707265,1615,"GeoLocate","KUHE:40033","H23","Aoki, G., Matsui, M., Nishikawa, K. (2013). Mitochondrial Cytochrome b Phylogeny and Historical Biogeography of the Tohoku Salamander, Hynobius Lichenatus (Amphibia, Caudata). Zoological Science, 30(3): 167-173"
"AB750820 Hynobius lichenatus",39.848666,141.676548,3036,"GeoLocate","KUHE:42705","H27","Aoki, G., Matsui, M., Nishikawa, K. (2013). Mitochondrial Cytochrome b Phylogeny and Historical Biogeography of the Tohoku Salamander, Hynobius Lichenatus (Amphibia, Caudata). Zoological Science, 30(3): 167-173"
"AB750828 Hynobius lichenatus",39.3513044652331,141.57497373752,"NA","Google maps","KUHE:36990","H27","Aoki, G., Matsui, M., Nishikawa, K. (2013). Mitochondrial Cytochrome b Phylogeny and Historical Biogeography of the Tohoku Salamander, Hynobius Lichenatus (Amphibia, Caudata). Zoological Science, 30(3): 167-173"
"AB750829 Hynobius lichenatus",39.3513044652331,141.57497373752,"NA","Google maps","KUHE:36991","H27","Aoki, G., Matsui, M., Nishikawa, K. (2013). Mitochondrial Cytochrome b Phylogeny and Historical Biogeography of the Tohoku Salamander, Hynobius Lichenatus (Amphibia, Caudata). Zoological Science, 30(3): 167-173"
"AB750886 Hynobius lichenatus",38.477972,141.378608,3036,"GeoLocate","KUHE:36383","H27","Aoki, G., Matsui, M., Nishikawa, K. (2013). Mitochondrial Cytochrome b Phylogeny and Historical Biogeography of the Tohoku Salamander, Hynobius Lichenatus (Amphibia, Caudata). Zoological Science, 30(3): 167-173"
"AB750887 Hynobius lichenatus",38.477972,141.378608,3036,"GeoLocate","KUHE:36384","H27","Aoki, G., Matsui, M., Nishikawa, K. (2013). Mitochondrial Cytochrome b Phylogeny and Historical Biogeography of the Tohoku Salamander, Hynobius Lichenatus (Amphibia, Caudata). Zoological Science, 30(3): 167-173"
"AB750888 Hynobius lichenatus",38.477972,141.378608,3036,"GeoLocate","KUHE:36378","H27","Aoki, G., Matsui, M., Nishikawa, K. (2013). Mitochondrial Cytochrome b Phylogeny and Historical Biogeography of the Tohoku Salamander, Hynobius Lichenatus (Amphibia, Caudata). Zoological Science, 30(3): 167-173"
"AB750789 Hynobius lichenatus",40.651468,140.186759,3036,"GeoLocate","KUHE:TMP_080715-1","H4","Aoki, G., Matsui, M., Nishikawa, K. (2013). Mitochondrial Cytochrome b Phylogeny and Historical Biogeography of the Tohoku Salamander, Hynobius Lichenatus (Amphibia, Caudata). Zoological Science, 30(3): 167-173"
"AB750790 Hynobius lichenatus",40.651468,140.186759,3036,"GeoLocate","KUHE:TMP_080715-5","H4","Aoki, G., Matsui, M., Nishikawa, K. (2013). Mitochondrial Cytochrome b Phylogeny and Historical Biogeography of the Tohoku Salamander, Hynobius Lichenatus (Amphibia, Caudata). Zoological Science, 30(3): 167-173"
"AB750791 Hynobius lichenatus",40.651468,140.186759,3036,"GeoLocate","KUHE:TMP_080715-2","H5","Aoki, G., Matsui, M., Nishikawa, K. (2013). Mitochondrial Cytochrome b Phylogeny and Historical Biogeography of the Tohoku Salamander, Hynobius Lichenatus (Amphibia, Caudata). Zoological Science, 30(3): 167-173"
"AB750792 Hynobius lichenatus",40.651468,140.186759,3036,"GeoLocate","KUHE:TMP_080715-3","H5","Aoki, G., Matsui, M., Nishikawa, K. (2013). Mitochondrial Cytochrome b Phylogeny and Historical Biogeography of the Tohoku Salamander, Hynobius Lichenatus (Amphibia, Caudata). Zoological Science, 30(3): 167-173"
"AB750793 Hynobius lichenatus",40.651468,140.186759,3036,"GeoLocate","KUHE:TMP_080715-4","H5","Aoki, G., Matsui, M., Nishikawa, K. (2013). Mitochondrial Cytochrome b Phylogeny and Historical Biogeography of the Tohoku Salamander, Hynobius Lichenatus (Amphibia, Caudata). Zoological Science, 30(3): 167-173"
"AB750798 Hynobius lichenatus",40.510857,140.23704,3036,"GeoLocate","KUHE:37636","H9","Aoki, G., Matsui, M., Nishikawa, K. (2013). Mitochondrial Cytochrome b Phylogeny and Historical Biogeography of the Tohoku Salamander, Hynobius Lichenatus (Amphibia, Caudata). Zoological Science, 30(3): 167-173"
"AB750786 Hynobius lichenatus",40.697545,140.659319,3036,"GeoLocate","KUHE:32289","H3","Aoki, G., Matsui, M., Nishikawa, K. (2013). Mitochondrial Cytochrome b Phylogeny and Historical Biogeography of the Tohoku Salamander, Hynobius Lichenatus (Amphibia, Caudata). Zoological Science, 30(3): 167-173"
"AB750787 Hynobius lichenatus",40.697545,140.659319,3036,"GeoLocate","KUHE:29052","H3","Aoki, G., Matsui, M., Nishikawa, K. (2013). Mitochondrial Cytochrome b Phylogeny and Historical Biogeography of the Tohoku Salamander, Hynobius Lichenatus (Amphibia, Caudata). Zoological Science, 30(3): 167-173"
"AB750788 Hynobius lichenatus",40.697545,140.659319,3036,"GeoLocate","KUHE:32290","H3","Aoki, G., Matsui, M., Nishikawa, K. (2013). Mitochondrial Cytochrome b Phylogeny and Historical Biogeography of the Tohoku Salamander, Hynobius Lichenatus (Amphibia, Caudata). Zoological Science, 30(3): 167-173"
"AB750794 Hynobius lichenatus",40.599364,140.381006,2257,"GeoLocate","KUHE:22921","H6","Aoki, G., Matsui, M., Nishikawa, K. (2013). Mitochondrial Cytochrome b Phylogeny and Historical Biogeography of the Tohoku Salamander, Hynobius Lichenatus (Amphibia, Caudata). Zoological Science, 30(3): 167-173"
"AB750797 Hynobius lichenatus",40.510857,140.23704,3036,"GeoLocate","KUHE:37635","H8","Aoki, G., Matsui, M., Nishikawa, K. (2013). Mitochondrial Cytochrome b Phylogeny and Historical Biogeography of the Tohoku Salamander, Hynobius Lichenatus (Amphibia, Caudata). Zoological Science, 30(3): 167-173"
"AB750805 Hynobius lichenatus",39.9893401710642,140.557042889588,"NA","Google maps","KUHE:31946","H15","Aoki, G., Matsui, M., Nishikawa, K. (2013). Mitochondrial Cytochrome b Phylogeny and Historical Biogeography of the Tohoku Salamander, Hynobius Lichenatus (Amphibia, Caudata). Zoological Science, 30(3): 167-173"
"AB750808 Hynobius lichenatus",39.9893401710642,140.557042889588,"NA","Google maps","KUHE:TMP_T3132","H15","Aoki, G., Matsui, M., Nishikawa, K. (2013). Mitochondrial Cytochrome b Phylogeny and Historical Biogeography of the Tohoku Salamander, Hynobius Lichenatus (Amphibia, Caudata). Zoological Science, 30(3): 167-173"
"AB750807 Hynobius lichenatus",39.9893401710642,140.557042889588,"NA","Google maps","KUHE:TMP_T3129","H17","Aoki, G., Matsui, M., Nishikawa, K. (2013). Mitochondrial Cytochrome b Phylogeny and Historical Biogeography of the Tohoku Salamander, Hynobius Lichenatus (Amphibia, Caudata). Zoological Science, 30(3): 167-173"
"AB750806 Hynobius lichenatus",39.9893401710642,140.557042889588,"NA","Google maps","KUHE:31942","H16","Aoki, G., Matsui, M., Nishikawa, K. (2013). Mitochondrial Cytochrome b Phylogeny and Historical Biogeography of the Tohoku Salamander, Hynobius Lichenatus (Amphibia, Caudata). Zoological Science, 30(3): 167-173"
"AB750824 Hynobius lichenatus",39.452518,140.448829,3036,"GeoLocate","KUHE:09408","H31","Aoki, G., Matsui, M., Nishikawa, K. (2013). Mitochondrial Cytochrome b Phylogeny and Historical Biogeography of the Tohoku Salamander, Hynobius Lichenatus (Amphibia, Caudata). Zoological Science, 30(3): 167-173"
"AB750825 Hynobius lichenatus",39.452518,140.448829,3036,"GeoLocate","KUHE:09410","H31","Aoki, G., Matsui, M., Nishikawa, K. (2013). Mitochondrial Cytochrome b Phylogeny and Historical Biogeography of the Tohoku Salamander, Hynobius Lichenatus (Amphibia, Caudata). Zoological Science, 30(3): 167-173"
"AB750799 Hynobius lichenatus",40.510857,140.23704,3036,"GeoLocate","KUHE:37619","H10","Aoki, G., Matsui, M., Nishikawa, K. (2013). Mitochondrial Cytochrome b Phylogeny and Historical Biogeography of the Tohoku Salamander, Hynobius Lichenatus (Amphibia, Caudata). Zoological Science, 30(3): 167-173"
"AB750992 Hynobius lichenatus",36.7735614754708,139.634843631237,"NA","NA","KUHE:UN_e64","H126","NA"
"JQ929976 Hynobius lichenatus",40.605116,140.384604,3036,"GeoLocate","CIB-XM3139","Hirosaki, Aomori","Zheng, Y., Peng, R., Murphy, R.W., KURO-O, M., Hu, L., & Zeng, X. (2012). Matrilineal Genealogy of Hynobius (Caudata: Hynobiidae) and a Temporal Perspective on Varying Levels of Diversity among Lineages of Salamanders on the Japanese Islands."
"AB750816 Hynobius lichenatus",39.746635,140.707265,1615,"GeoLocate","KUHE:40034","H24","Aoki, G., Matsui, M., Nishikawa, K. (2013). Mitochondrial Cytochrome b Phylogeny and Historical Biogeography of the Tohoku Salamander, Hynobius Lichenatus (Amphibia, Caudata). Zoological Science, 30(3): 167-173"
"AB750817 Hynobius lichenatus",39.746635,140.707265,1615,"GeoLocate","KUHE:40035","H24","Aoki, G., Matsui, M., Nishikawa, K. (2013). Mitochondrial Cytochrome b Phylogeny and Historical Biogeography of the Tohoku Salamander, Hynobius Lichenatus (Amphibia, Caudata). Zoological Science, 30(3): 167-173"
"AB750811 Hynobius lichenatus",39.97297,141.069466,3036,"GeoLocate","KUHE:31923","H19","Aoki, G., Matsui, M., Nishikawa, K. (2013). Mitochondrial Cytochrome b Phylogeny and Historical Biogeography of the Tohoku Salamander, Hynobius Lichenatus (Amphibia, Caudata). Zoological Science, 30(3): 167-173"
"AB750809 Hynobius lichenatus",40.133279,140.805403,3036,"GeoLocate","KUHE:36264","H18","Aoki, G., Matsui, M., Nishikawa, K. (2013). Mitochondrial Cytochrome b Phylogeny and Historical Biogeography of the Tohoku Salamander, Hynobius Lichenatus (Amphibia, Caudata). Zoological Science, 30(3): 167-173"
"AB750812 Hynobius lichenatus",39.97297,141.069466,3036,"GeoLocate","KUHE:31924","H20","Aoki, G., Matsui, M., Nishikawa, K. (2013). Mitochondrial Cytochrome b Phylogeny and Historical Biogeography of the Tohoku Salamander, Hynobius Lichenatus (Amphibia, Caudata). Zoological Science, 30(3): 167-173"
"AB750813 Hynobius lichenatus",40.068767,141.795156,3036,"GeoLocate","KUHE:36979","H21","Aoki, G., Matsui, M., Nishikawa, K. (2013). Mitochondrial Cytochrome b Phylogeny and Historical Biogeography of the Tohoku Salamander, Hynobius Lichenatus (Amphibia, Caudata). Zoological Science, 30(3): 167-173"
"AB750814 Hynobius lichenatus",40.068767,141.795156,3036,"GeoLocate","KUHE:36983","H22","Aoki, G., Matsui, M., Nishikawa, K. (2013). Mitochondrial Cytochrome b Phylogeny and Historical Biogeography of the Tohoku Salamander, Hynobius Lichenatus (Amphibia, Caudata). Zoological Science, 30(3): 167-173"
"AB750782 Hynobius lichenatus",40.756206,140.593754,3036,"GeoLocate","KUHE:36971","H2","Aoki, G., Matsui, M., Nishikawa, K. (2013). Mitochondrial Cytochrome b Phylogeny and Historical Biogeography of the Tohoku Salamander, Hynobius Lichenatus (Amphibia, Caudata). Zoological Science, 30(3): 167-173"
"AB750783 Hynobius lichenatus",40.756206,140.593754,3036,"GeoLocate","KUHE:36973","H2","Aoki, G., Matsui, M., Nishikawa, K. (2013). Mitochondrial Cytochrome b Phylogeny and Historical Biogeography of the Tohoku Salamander, Hynobius Lichenatus (Amphibia, Caudata). Zoological Science, 30(3): 167-173"
"AB750784 Hynobius lichenatus",40.756206,140.593754,3036,"GeoLocate","KUHE:36970","H2","Aoki, G., Matsui, M., Nishikawa, K. (2013). Mitochondrial Cytochrome b Phylogeny and Historical Biogeography of the Tohoku Salamander, Hynobius Lichenatus (Amphibia, Caudata). Zoological Science, 30(3): 167-173"
"AB750785 Hynobius lichenatus",40.756206,140.593754,3036,"GeoLocate","KUHE:36974","H2","Aoki, G., Matsui, M., Nishikawa, K. (2013). Mitochondrial Cytochrome b Phylogeny and Historical Biogeography of the Tohoku Salamander, Hynobius Lichenatus (Amphibia, Caudata). Zoological Science, 30(3): 167-173"
"AB750800 Hynobius lichenatus",40.478075,140.629217,3036,"GeoLocate","KUHE:36966","H11","Aoki, G., Matsui, M., Nishikawa, K. (2013). Mitochondrial Cytochrome b Phylogeny and Historical Biogeography of the Tohoku Salamander, Hynobius Lichenatus (Amphibia, Caudata). Zoological Science, 30(3): 167-173"
"AB750801 Hynobius lichenatus",40.478075,140.629217,3036,"GeoLocate","KUHE:36964","H11","Aoki, G., Matsui, M., Nishikawa, K. (2013). Mitochondrial Cytochrome b Phylogeny and Historical Biogeography of the Tohoku Salamander, Hynobius Lichenatus (Amphibia, Caudata). Zoological Science, 30(3): 167-173"
"AB750810 Hynobius lichenatus",39.97297,141.069466,3036,"GeoLocate","KUHE:UN_J76","H11","Aoki, G., Matsui, M., Nishikawa, K. (2013). Mitochondrial Cytochrome b Phylogeny and Historical Biogeography of the Tohoku Salamander, Hynobius Lichenatus (Amphibia, Caudata). Zoological Science, 30(3): 167-173"
"AB750781 Hynobius lichenatus",40.756206,140.593754,3036,"GeoLocate","KUHE:36972","H1","Aoki, G., Matsui, M., Nishikawa, K. (2013). Mitochondrial Cytochrome b Phylogeny and Historical Biogeography of the Tohoku Salamander, Hynobius Lichenatus (Amphibia, Caudata). Zoological Science, 30(3): 167-173"
"AB750795 Hynobius lichenatus",40.599364,140.381006,2257,"GeoLocate","KUHE:22914","H7","Aoki, G., Matsui, M., Nishikawa, K. (2013). Mitochondrial Cytochrome b Phylogeny and Historical Biogeography of the Tohoku Salamander, Hynobius Lichenatus (Amphibia, Caudata). Zoological Science, 30(3): 167-173"
"AB750796 Hynobius lichenatus",40.599364,140.381006,2257,"GeoLocate","KUHE:22918","H7","Aoki, G., Matsui, M., Nishikawa, K. (2013). Mitochondrial Cytochrome b Phylogeny and Historical Biogeography of the Tohoku Salamander, Hynobius Lichenatus (Amphibia, Caudata). Zoological Science, 30(3): 167-173"
"AB750802 Hynobius lichenatus",40.478075,140.629217,3036,"GeoLocate","KUHE:36969","H12","Aoki, G., Matsui, M., Nishikawa, K. (2013). Mitochondrial Cytochrome b Phylogeny and Historical Biogeography of the Tohoku Salamander, Hynobius Lichenatus (Amphibia, Caudata). Zoological Science, 30(3): 167-173"
"AB750827 Hynobius lichenatus",39.307808011724,140.908097556758,"NA","Google maps","KUHE:33497","H33","Aoki, G., Matsui, M., Nishikawa, K. (2013). Mitochondrial Cytochrome b Phylogeny and Historical Biogeography of the Tohoku Salamander, Hynobius Lichenatus (Amphibia, Caudata). Zoological Science, 30(3): 167-173"
"AB750837 Hynobius lichenatus",39.132001,141.1723,2651,"GeoLocate","KUHE:34784","H38","Aoki, G., Matsui, M., Nishikawa, K. (2013). Mitochondrial Cytochrome b Phylogeny and Historical Biogeography of the Tohoku Salamander, Hynobius Lichenatus (Amphibia, Caudata). Zoological Science, 30(3): 167-173"
"AB750834 Hynobius lichenatus",39.103491,141.056161,4637,"GeoLocate","KUHE:32017","H37","Aoki, G., Matsui, M., Nishikawa, K. (2013). Mitochondrial Cytochrome b Phylogeny and Historical Biogeography of the Tohoku Salamander, Hynobius Lichenatus (Amphibia, Caudata). Zoological Science, 30(3): 167-173"
"AB750836 Hynobius lichenatus",39.132001,141.1723,2651,"GeoLocate","KUHE:34780","H37","Aoki, G., Matsui, M., Nishikawa, K. (2013). Mitochondrial Cytochrome b Phylogeny and Historical Biogeography of the Tohoku Salamander, Hynobius Lichenatus (Amphibia, Caudata). Zoological Science, 30(3): 167-173"
"AB750831 Hynobius lichenatus",39.103491,141.056161,4637,"GeoLocate","KUHE:36258","H35","Aoki, G., Matsui, M., Nishikawa, K. (2013). Mitochondrial Cytochrome b Phylogeny and Historical Biogeography of the Tohoku Salamander, Hynobius Lichenatus (Amphibia, Caudata). Zoological Science, 30(3): 167-173"
"AB750832 Hynobius lichenatus",39.103491,141.056161,4637,"GeoLocate","KUHE:32911","H35","Aoki, G., Matsui, M., Nishikawa, K. (2013). Mitochondrial Cytochrome b Phylogeny and Historical Biogeography of the Tohoku Salamander, Hynobius Lichenatus (Amphibia, Caudata). Zoological Science, 30(3): 167-173"
"AB750835 Hynobius lichenatus",39.132001,141.1723,2651,"GeoLocate","KUHE:34773","H35","Aoki, G., Matsui, M., Nishikawa, K. (2013). Mitochondrial Cytochrome b Phylogeny and Historical Biogeography of the Tohoku Salamander, Hynobius Lichenatus (Amphibia, Caudata). Zoological Science, 30(3): 167-173"
"AB750846 Hynobius lichenatus",38.961944,140.788889,1807,"GeoLocate","KUHE:35258","H35","Aoki, G., Matsui, M., Nishikawa, K. (2013). Mitochondrial Cytochrome b Phylogeny and Historical Biogeography of the Tohoku Salamander, Hynobius Lichenatus (Amphibia, Caudata). Zoological Science, 30(3): 167-173"
"AB750847 Hynobius lichenatus",38.961944,140.788889,1807,"GeoLocate","KUHE:35257","H35","Aoki, G., Matsui, M., Nishikawa, K. (2013). Mitochondrial Cytochrome b Phylogeny and Historical Biogeography of the Tohoku Salamander, Hynobius Lichenatus (Amphibia, Caudata). Zoological Science, 30(3): 167-173"
"AB750833 Hynobius lichenatus",39.103491,141.056161,4637,"GeoLocate","KUHE:32918","H36","Aoki, G., Matsui, M., Nishikawa, K. (2013). Mitochondrial Cytochrome b Phylogeny and Historical Biogeography of the Tohoku Salamander, Hynobius Lichenatus (Amphibia, Caudata). Zoological Science, 30(3): 167-173"
