value,Lat,Lon,Method,Error_km,Museum_Field_Number,Notes,Reference,
LC744972 Hynobius akiensis,34.7214,132.4174,GoogleMaps,18,KUHE:61220_2,Hiroshima (Kitahiroshima-cho),10.11646/ZOOTAXA.5293.1.6,
LC744971 Hynobius akiensis,34.7214,132.4174,GoogleMaps,18,KUHE:61220_1,Hiroshima (Kitahiroshima-cho),10.11646/ZOOTAXA.5293.1.6,
LC744970 Hynobius akiensis,34.7214,132.4174,GoogleMaps,18,NA,Hiroshima (Kitahiroshima-cho),10.11646/ZOOTAXA.5293.1.6,
LC744969 Hynobius akiensis,34.8063,132.8619,GoogleMaps,26,NA,Hiroshima (Miyoshi-shi),10.11646/ZOOTAXA.5293.1.6,
LC744968 Hynobius akiensis,34.8063,132.8619,GoogleMaps,26,NA,Hiroshima (Miyoshi-shi),10.11646/ZOOTAXA.5293.1.6,
LC744967 Hynobius akiensis,34.8063,132.8619,GoogleMaps,26,NA,Hiroshima (Miyoshi-shi),10.11646/ZOOTAXA.5293.1.6,
LC744966 Hynobius akiensis,34.8063,132.8619,GoogleMaps,26,NA,Hiroshima (Miyoshi-shi),10.11646/ZOOTAXA.5293.1.6,
LC744965 Hynobius akiensis,34.8063,132.8619,GoogleMaps,26,NA,Hiroshima (Miyoshi-shi),10.11646/ZOOTAXA.5293.1.6,
LC744964 Hynobius akiensis,34.8063,132.8619,GoogleMaps,26,NA,Hiroshima (Miyoshi-shi),10.11646/ZOOTAXA.5293.1.6,
LC744963 Hynobius akiensis,34.4294,132.7451,GoogleMaps,22,NA,Hiroshima (Higashihiroshima-shi),10.11646/ZOOTAXA.5293.1.6,
LC744962 Hynobius akiensis,34.4294,132.7451,GoogleMaps,22,NA,Hiroshima (Higashihiroshima-shi),10.11646/ZOOTAXA.5293.1.6,
LC647879 Hynobius akiensis,34.86951,132.62375,GoogleMaps (Asuna),5,HAK40,"Asuna, Onan-cho, Shimane",https://nh.kanagawa-museum.jp/www/contents/1646461957953/simple/B51_35-46_Sugawara_et_al_Aki.pdf,
LC647878 Hynobius akiensis,34.8439,132.5564,GoogleMaps,3,HAK39,"Iwaya, Onan-cho, Shimane",https://nh.kanagawa-museum.jp/www/contents/1646461957953/simple/B51_35-46_Sugawara_et_al_Aki.pdf,
LC647877 Hynobius akiensis,34.7641,132.3834,GoogleMaps,3,AKI38,"Takano, Kitahiroshima-cho, Hiroshima",https://nh.kanagawa-museum.jp/www/contents/1646461957953/simple/B51_35-46_Sugawara_et_al_Aki.pdf,
LC647876 Hynobius akiensis,34.7465,132.362,GoogleMaps (Utsunobara),3,AKI37,"Utsunohara, Kitahiroshima-cho, Hiroshima",https://nh.kanagawa-museum.jp/www/contents/1646461957953/simple/B51_35-46_Sugawara_et_al_Aki.pdf,
LC647875 Hynobius akiensis,34.7135,132.3825,GoogleMaps (Mizokuchi),5,AKI36,"Mizoguchi, Kitahiroshima-cho, Hiroshima",https://nh.kanagawa-museum.jp/www/contents/1646461957953/simple/B51_35-46_Sugawara_et_al_Aki.pdf,
LC647874 Hynobius akiensis,34.7925,132.4331,GoogleMaps (Otsuka),4,AKI35,"Otuka, Kitahiroshima-cho, Hiroshima",https://nh.kanagawa-museum.jp/www/contents/1646461957953/simple/B51_35-46_Sugawara_et_al_Aki.pdf,https://nh.kanagawa-museum.jp/www/contents/1646461957953/simple/B51_35-46_Sugawara_et_al_Aki.pdf
LC647873 Hynobius akiensis,34.7623,132.4156,GoogleMaps,3,AKI34,"Ikadazu, Kitahiroshima-cho, Hiroshima",https://nh.kanagawa-museum.jp/www/contents/1646461957953/simple/B51_35-46_Sugawara_et_al_Aki.pdf,https://nh.kanagawa-museum.jp/www/contents/1646461957953/simple/B51_35-46_Sugawara_et_al_Aki.pdf
LC647872 Hynobius akiensis,34.7222,132.486,GoogleMaps,3,AKI33,"Motsuna, Kitahiroshima-cho, Hiroshima",https://nh.kanagawa-museum.jp/www/contents/1646461957953/simple/B51_35-46_Sugawara_et_al_Aki.pdf,https://nh.kanagawa-museum.jp/www/contents/1646461957953/simple/B51_35-46_Sugawara_et_al_Aki.pdf
LC647871 Hynobius akiensis,34.6987,132.4525,GoogleMaps,2.5,AKI32,"Kamiishi, Kitahiroshima-cho, Hiroshima",https://nh.kanagawa-museum.jp/www/contents/1646461957953/simple/B51_35-46_Sugawara_et_al_Aki.pdf,https://nh.kanagawa-museum.jp/www/contents/1646461957953/simple/B51_35-46_Sugawara_et_al_Aki.pdf
LC647870 Hynobius akiensis,34.7436,132.5368,GoogleMaps,4,AKI31,"Kawado, Kitahiroshima-cho, Hiroshima",https://nh.kanagawa-museum.jp/www/contents/1646461957953/simple/B51_35-46_Sugawara_et_al_Aki.pdf,https://nh.kanagawa-museum.jp/www/contents/1646461957953/simple/B51_35-46_Sugawara_et_al_Aki.pdf
LC647869 Hynobius akiensis,34.695,132.5289,GoogleMaps,2,AKI30,"Haruki, Kitahiroshima-cho, Hiroshima",https://nh.kanagawa-museum.jp/www/contents/1646461957953/simple/B51_35-46_Sugawara_et_al_Aki.pdf,https://nh.kanagawa-museum.jp/www/contents/1646461957953/simple/B51_35-46_Sugawara_et_al_Aki.pdf
LC647868 Hynobius akiensis,34.6706,132.5655,GoogleMaps,2,AKI29,"Yorohoyobara, Kitahiroshima-cho, Hiroshima",https://nh.kanagawa-museum.jp/www/contents/1646461957953/simple/B51_35-46_Sugawara_et_al_Aki.pdf,https://nh.kanagawa-museum.jp/www/contents/1646461957953/simple/B51_35-46_Sugawara_et_al_Aki.pdf
LC647867 Hynobius akiensis,34.6325,132.5449,GoogleMaps,6,AKI28,"Minamigata, Kitahiroshima-cho, Hiroshima",https://nh.kanagawa-museum.jp/www/contents/1646461957953/simple/B51_35-46_Sugawara_et_al_Aki.pdf,https://nh.kanagawa-museum.jp/www/contents/1646461957953/simple/B51_35-46_Sugawara_et_al_Aki.pdf
LC647866 Hynobius akiensis,34.6567,132.434,GoogleMaps,4,AKI27,"Tsushimi, Kitahiroshima-cho, Hiroshima",https://nh.kanagawa-museum.jp/www/contents/1646461957953/simple/B51_35-46_Sugawara_et_al_Aki.pdf,https://nh.kanagawa-museum.jp/www/contents/1646461957953/simple/B51_35-46_Sugawara_et_al_Aki.pdf
LC647865 Hynobius akiensis,34.6649,132.3188,GoogleMaps,5,AKI26,"Inoshiyama, Akiota-cho, Hiroshima",https://nh.kanagawa-museum.jp/www/contents/1646461957953/simple/B51_35-46_Sugawara_et_al_Aki.pdf,https://nh.kanagawa-museum.jp/www/contents/1646461957953/simple/B51_35-46_Sugawara_et_al_Aki.pdf
LC647864 Hynobius akiensis,34.5779,132.5137,GoogleMaps,5,NA,"Kabecho Nabara, Asakita-ku, Hiroshima-shi, Hiroshima",https://nh.kanagawa-museum.jp/www/contents/1646461957953/simple/B51_35-46_Sugawara_et_al_Aki.pdf,https://nh.kanagawa-museum.jp/www/contents/1646461957953/simple/B51_35-46_Sugawara_et_al_Aki.pdf
LC647863 Hynobius akiensis,34.6239,132.6008,GoogleMaps,3,NA,"Yachiyocho Sasai, Akitakata-shi, Hiroshima",https://nh.kanagawa-museum.jp/www/contents/1646461957953/simple/B51_35-46_Sugawara_et_al_Aki.pdf,https://nh.kanagawa-museum.jp/www/contents/1646461957953/simple/B51_35-46_Sugawara_et_al_Aki.pdf
LC647862 Hynobius akiensis,34.6323,132.7201,GoogleMaps (Mukaiharacho),4,NA,"Mukaiharacho Saka, Akitakata-shi, Hiroshima",https://nh.kanagawa-museum.jp/www/contents/1646461957953/simple/B51_35-46_Sugawara_et_al_Aki.pdf,https://nh.kanagawa-museum.jp/www/contents/1646461957953/simple/B51_35-46_Sugawara_et_al_Aki.pdf
LC647861 Hynobius akiensis,34.6554,132.7606,GoogleMaps,6,NA,"Kodacho Kamiobara, Akitakata-shi, Hiroshima",https://nh.kanagawa-museum.jp/www/contents/1646461957953/simple/B51_35-46_Sugawara_et_al_Aki.pdf,https://nh.kanagawa-museum.jp/www/contents/1646461957953/simple/B51_35-46_Sugawara_et_al_Aki.pdf
LC647860 Hynobius akiensis,34.6249,132.6805,GoogleMaps,3,NA,"Yoshidacho Oyama, Akitakata-shi, Hiroshima",https://nh.kanagawa-museum.jp/www/contents/1646461957953/simple/B51_35-46_Sugawara_et_al_Aki.pdf,https://nh.kanagawa-museum.jp/www/contents/1646461957953/simple/B51_35-46_Sugawara_et_al_Aki.pdf
LC647859 Hynobius akiensis,34.6934,132.6972,GoogleMaps,3,NA,"Yoshidacho Aio, Akitakata-shi, Hiroshima",https://nh.kanagawa-museum.jp/www/contents/1646461957953/simple/B51_35-46_Sugawara_et_al_Aki.pdf,https://nh.kanagawa-museum.jp/www/contents/1646461957953/simple/B51_35-46_Sugawara_et_al_Aki.pdf
LC647858 Hynobius akiensis,34.7216,132.6586,GoogleMaps,4,NA,"Midoricho Yokota, Akitakata-shi, Hiroshima",https://nh.kanagawa-museum.jp/www/contents/1646461957953/simple/B51_35-46_Sugawara_et_al_Aki.pdf,https://nh.kanagawa-museum.jp/www/contents/1646461957953/simple/B51_35-46_Sugawara_et_al_Aki.pdf
LC647857 Hynobius akiensis,34.7998,132.598,GoogleMaps,6,NA,"Midoricho Ikeda, Akitakata-shi, Hiroshima",https://nh.kanagawa-museum.jp/www/contents/1646461957953/simple/B51_35-46_Sugawara_et_al_Aki.pdf,https://nh.kanagawa-museum.jp/www/contents/1646461957953/simple/B51_35-46_Sugawara_et_al_Aki.pdf
LC647856 Hynobius akiensis,34.7562,132.6698,GoogleMaps,3,NA,"Takamiyacho Kurumegi, Akitakata-shi, Hiroshima",https://nh.kanagawa-museum.jp/www/contents/1646461957953/simple/B51_35-46_Sugawara_et_al_Aki.pdf,https://nh.kanagawa-museum.jp/www/contents/1646461957953/simple/B51_35-46_Sugawara_et_al_Aki.pdf
LC647855 Hynobius akiensis,34.779,132.8484,GoogleMaps,3,NA,"Nishisakeyamachi, Miyoshi-shi, Hiroshima",https://nh.kanagawa-museum.jp/www/contents/1646461957953/simple/B51_35-46_Sugawara_et_al_Aki.pdf,https://nh.kanagawa-museum.jp/www/contents/1646461957953/simple/B51_35-46_Sugawara_et_al_Aki.pdf
LC647854 Hynobius akiensis,34.7979,132.8841,GoogleMaps,2,NA,"Minamihatajikimachi, Miyoshi-shi, Hiroshima",https://nh.kanagawa-museum.jp/www/contents/1646461957953/simple/B51_35-46_Sugawara_et_al_Aki.pdf,https://nh.kanagawa-museum.jp/www/contents/1646461957953/simple/B51_35-46_Sugawara_et_al_Aki.pdf
LC647853 Hynobius akiensis,34.7639,132.965,GoogleMaps,4,NA,"Mirasakacho Mirasaka, Miyoshi-shi, Hiroshima",https://nh.kanagawa-museum.jp/www/contents/1646461957953/simple/B51_35-46_Sugawara_et_al_Aki.pdf,https://nh.kanagawa-museum.jp/www/contents/1646461957953/simple/B51_35-46_Sugawara_et_al_Aki.pdf
LC647852 Hynobius akiensis,34.7354,132.9571,GoogleMaps,4,NA,"Kisacho Shikiji, Miyoshi-shi, Hiroshima",https://nh.kanagawa-museum.jp/www/contents/1646461957953/simple/B51_35-46_Sugawara_et_al_Aki.pdf,https://nh.kanagawa-museum.jp/www/contents/1646461957953/simple/B51_35-46_Sugawara_et_al_Aki.pdf
LC647851 Hynobius akiensis,34.7616,132.8768,GoogleMaps,4,NA,"Megurikamimachi, Miyoshi-shi, Hiroshima",https://nh.kanagawa-museum.jp/www/contents/1646461957953/simple/B51_35-46_Sugawara_et_al_Aki.pdf,https://nh.kanagawa-museum.jp/www/contents/1646461957953/simple/B51_35-46_Sugawara_et_al_Aki.pdf
LC647850 Hynobius akiensis,34.7157,132.8845,GoogleMaps,4,NA,"Miwakamachi, Miyoshi-shi, Hiroshima",https://nh.kanagawa-museum.jp/www/contents/1646461957953/simple/B51_35-46_Sugawara_et_al_Aki.pdf,https://nh.kanagawa-museum.jp/www/contents/1646461957953/simple/B51_35-46_Sugawara_et_al_Aki.pdf
LC647849 Hynobius akiensis,34.6956,132.9219,GoogleMaps,4,NA,"Uedamachi, Miyoshi-shi, Hiroshima",https://nh.kanagawa-museum.jp/www/contents/1646461957953/simple/B51_35-46_Sugawara_et_al_Aki.pdf,https://nh.kanagawa-museum.jp/www/contents/1646461957953/simple/B51_35-46_Sugawara_et_al_Aki.pdf
LC647848 Hynobius akiensis,34.6321,132.8531,GoogleMaps,4,NA,"Miwacho Kamiichi, Miyoshi-shi, Hiroshima",https://nh.kanagawa-museum.jp/www/contents/1646461957953/simple/B51_35-46_Sugawara_et_al_Aki.pdf,https://nh.kanagawa-museum.jp/www/contents/1646461957953/simple/B51_35-46_Sugawara_et_al_Aki.pdf
LC647847 Hynobius akiensis,34.6595,132.9372,GoogleMaps,3,NA,"Nagata, Sera-cho, Hiroshima",https://nh.kanagawa-museum.jp/www/contents/1646461957953/simple/B51_35-46_Sugawara_et_al_Aki.pdf,https://nh.kanagawa-museum.jp/www/contents/1646461957953/simple/B51_35-46_Sugawara_et_al_Aki.pdf
LC647846 Hynobius akiensis,34.6212,132.8816,GoogleMaps,1,NA,"Naka, Sera-cho, Hiroshima",https://nh.kanagawa-museum.jp/www/contents/1646461957953/simple/B51_35-46_Sugawara_et_al_Aki.pdf,https://nh.kanagawa-museum.jp/www/contents/1646461957953/simple/B51_35-46_Sugawara_et_al_Aki.pdf
LC647845 Hynobius akiensis,34.604,132.8882,GoogleMaps,2,NA,"Yoshiwara, Sera-cho, Hiroshima",https://nh.kanagawa-museum.jp/www/contents/1646461957953/simple/B51_35-46_Sugawara_et_al_Aki.pdf,https://nh.kanagawa-museum.jp/www/contents/1646461957953/simple/B51_35-46_Sugawara_et_al_Aki.pdf
LC647844 Hynobius akiensis,34.5949,132.9527,GoogleMaps,3,NA,"Tsukuchi, Sera-cho, Hiroshima",https://nh.kanagawa-museum.jp/www/contents/1646461957953/simple/B51_35-46_Sugawara_et_al_Aki.pdf,https://nh.kanagawa-museum.jp/www/contents/1646461957953/simple/B51_35-46_Sugawara_et_al_Aki.pdf
LC647843 Hynobius akiensis,34.5646,132.9013,GoogleMaps,3,NA,"Daiwacho Kuramune, Mihara-shi, Hiroshima",https://nh.kanagawa-museum.jp/www/contents/1646461957953/simple/B51_35-46_Sugawara_et_al_Aki.pdf,https://nh.kanagawa-museum.jp/www/contents/1646461957953/simple/B51_35-46_Sugawara_et_al_Aki.pdf
LC647842 Hynobius akiensis,34.5321,132.9169,GoogleMaps,3,NA,"Daiwacho Ogu, Mihara-shi, Hiroshima",https://nh.kanagawa-museum.jp/www/contents/1646461957953/simple/B51_35-46_Sugawara_et_al_Aki.pdf,https://nh.kanagawa-museum.jp/www/contents/1646461957953/simple/B51_35-46_Sugawara_et_al_Aki.pdf
LC647841 Hynobius akiensis,34.5434,132.9412,GoogleMaps,4,NA,"Daiwacho Shimotokura, Mihara-shi, Hiroshima",https://nh.kanagawa-museum.jp/www/contents/1646461957953/simple/B51_35-46_Sugawara_et_al_Aki.pdf,https://nh.kanagawa-museum.jp/www/contents/1646461957953/simple/B51_35-46_Sugawara_et_al_Aki.pdf
LC647840 Hynobius akiensis,34.5077,133.0091,GoogleMaps,3,AKI01,"Kuicho Hagura, Mihara-shi, Hiroshima",https://nh.kanagawa-museum.jp/www/contents/1646461957953/simple/B51_35-46_Sugawara_et_al_Aki.pdf,https://nh.kanagawa-museum.jp/www/contents/1646461957953/simple/B51_35-46_Sugawara_et_al_Aki.pdf
LC436394 Hynobius akiensis,34.4294,132.7451,GoogleMaps,22,NA,Hiroshima (Higashihiroshima-shi),doi 10.5358/hsj.38.32,
LC436393 Hynobius akiensis,34.4294,132.7451,GoogleMaps,22,NA,Hiroshima (Higashihiroshima-shi),doi 10.5358/hsj.38.32,
LC436392 Hynobius akiensis,34.4294,132.7451,GoogleMaps,22,NA,Hiroshima (Higashihiroshima-shi),doi 10.5358/hsj.38.32,
LC436391 Hynobius akiensis,34.4294,132.7451,GoogleMaps,22,NA,Hiroshima (Higashihiroshima-shi),doi 10.5358/hsj.38.32,
LC436390 Hynobius akiensis,34.4294,132.7451,GoogleMaps,22,NA,Hiroshima (Higashihiroshima-shi),doi 10.5358/hsj.38.32,
LC436389 Hynobius akiensis,34.4294,132.7451,GoogleMaps,22,NA,Hiroshima (Higashihiroshima-shi),doi 10.5358/hsj.38.32,
LC436388 Hynobius akiensis,34.0169,132.9547,GoogleMaps,27,NA,Ehime (Imabari-shi),doi 10.5358/hsj.38.32,
LC436387 Hynobius akiensis,34.0169,132.9547,GoogleMaps,27,NA,Ehime (Imabari-shi),doi 10.5358/hsj.38.32,
LC436386 Hynobius akiensis,34.5934,132.8149,GoogleMaps,4,NA,"Toyosakacho Kiyotake, Higashihiroshima-shi, Hiroshima",doi 10.5358/hsj.38.32,
LC436385 Hynobius akiensis,34.6192,132.9773,GoogleMaps,3,NA,"Kurobuchi, Sera-cho, Hiroshima",doi 10.5358/hsj.38.32,
LC436384 Hynobius akiensis,34.773,133.0038,GoogleMaps,3,NA,"Mirasakacho Haizuka, Miyoshi-shi, Hiroshima*",doi 10.5358/hsj.38.32,
LC436383 Hynobius akiensis,34.6445,132.8296,GoogleMaps,4,NA,"Miwacho Kamiitaki, Miyoshi-shi, Hiroshima",doi 10.5358/hsj.38.32,
LC436382 Hynobius akiensis,34.7084,132.6849,GoogleMaps,19,NA,Hiroshima (Akitakata-shi),doi 10.5358/hsj.38.32,
LC436381 Hynobius akiensis,34.7546,132.7352,GoogleMaps,3,NA,"Takamiyacho Bogo, Akitakata-shi, Hiroshima",doi 10.5358/hsj.38.32,
