value,Lat,Lon,Method,Error_km,Museum_Field_Number,Notes,Reference,,
LC647838 Hynobius geiyoensis,34.298056,132.623889,Google Earth,20,,"Red listed; Goharacho, Kure-shi, Hiroshima; pop 4",https://nh.kanagawa-museum.jp/www/contents/1646461957953/simple/B51_35-46_Sugawara_et_al_Aki.pdf,,
LC647837 Hynobius geiyoensis,34.3775,132.834722,Google Earth,20,,"Red listed; Nikacho, Takehara-shi, Hiroshima ; pop 3",https://nh.kanagawa-museum.jp/www/contents/1646461957953/simple/B51_35-46_Sugawara_et_al_Aki.pdf,,
LC647836 Hynobius geiyoensis,34.23,132.875833,Google Earth,10,,"Red listed; Harada, Osakikamijima-cho, Hiroshima; pop 2",https://nh.kanagawa-museum.jp/www/contents/1646461957953/simple/B51_35-46_Sugawara_et_al_Aki.pdf,,
LC647835 Hynobius geiyoensis,34.244167,132.888333,Google Earth,10,,"Red listed; Nakano, Osakikamijima-cho, Hiroshima*; pop 1",https://nh.kanagawa-museum.jp/www/contents/1646461957953/simple/B51_35-46_Sugawara_et_al_Aki.pdf,,
LC744961 Hynobius geiyoensis,34.109722,132.951944,Google Earth,50,KUHE:T2839, Ehime (Imabari-shi),Red listed, Made request for the Zootaxa paper (DOI:10.11646/ZOOTAXA.5293.1.6) on 9/25/2023,downloaded copy in folder
LC744960 Hynobius geiyoensis,34.109722,132.951944,Google Earth,50,KUHE:OU0347, Ehime (Imabari-shi),Red listed, Made request for the Zootaxa paper (DOI:10.11646/ZOOTAXA.5293.1.6) on 9/25/2023,downloaded copy in folder
LC744959 Hynobius geiyoensis,34.109722,132.951944,Google Earth,50,KUHE:OU0344, Ehime (Imabari-shi),Red listed, Made request for the Zootaxa paper (DOI:10.11646/ZOOTAXA.5293.1.6) on 9/25/2023,downloaded copy in folder
LC744958 Hynobius geiyoensis,34.236111,132.895556,Google Earth,50,KUHE:OU0961, Hiroshima (Toyota-gun),Red listed, Made request for the Zootaxa paper (DOI:10.11646/ZOOTAXA.5293.1.6) on 9/25/2023,downloaded copy in folder
LC744957 Hynobius geiyoensis,34.236111,132.895556,Google Earth,50,KUHE:OU0960, Hiroshima (Toyota-gun),Red listed, Made request for the Zootaxa paper (DOI:10.11646/ZOOTAXA.5293.1.6) on 9/25/2023,downloaded copy in folder
LC744956 Hynobius geiyoensis,34.236111,132.895556,Google Earth,50,KUHE:OU0959, Hiroshima (Toyota-gun),Red listed, Made request for the Zootaxa paper (DOI:10.11646/ZOOTAXA.5293.1.6) on 9/25/2023,downloaded copy in folder
LC744955 Hynobius geiyoensis,34.236111,132.895556,Google Earth,50,KUHE:OU0958, Hiroshima (Toyota-gun),Red listed, Made request for the Zootaxa paper (DOI:10.11646/ZOOTAXA.5293.1.6) on 9/25/2023,downloaded copy in folder
LC744954 Hynobius geiyoensis,34.236111,132.895556,Google Earth,50,KUHE:OU0957,Hiroshima (Toyota-gun),Red listed, Made request for the Zootaxa paper (DOI:10.11646/ZOOTAXA.5293.1.6) on 9/25/2023,downloaded copy in folder
