"value","Lat","Lon","Method","Error_km","Museum_Field_Number","Notes","Reference",
"LC436413 Hynobius bakan",33.9575,130.9412,"Google Maps",716,"KUHE OU0382","Yamaguchi (Shimonoseki-shi)","B1b1","Matsui et al. 2019"
"LC436412 Hynobius bakan",34.1665,131.2061,"Google Maps",472.67283,"KUHE OU0259","Yamaguchi (Mine-shi)","B1b1","Matsui et al. 2019"
"LC436410 Hynobius bakan",34.273385,130.992758,"Google Maps",716,"Pop 19, H47;  Oba, Hohokucho Tasuki, Shimonoseki City, Yamaguchi Pref","https://www.museum.yokosuka.kanagawa.jp/wp/wp-content/uploads/2022/04/s69-1_Sugawara_et_al_2022.pdf",,
"LC436411 Hynobius bakan",34.157127,131.34858,"Google Maps",472.67283,"Pop 17, H48;  Jyumonji, Mitocho Mana, Mine City, Yamaguchi Pref.","https://www.museum.yokosuka.kanagawa.jp/wp/wp-content/uploads/2022/04/s69-1_Sugawara_et_al_2022.pdf",,
"LC633138.1 Hynobius bakan BAKA02 mitochondrial cytb gene for cytochorme b, partial cds",33.97374,131.30872,"Google Maps",286.65,"Pop 23, BAKA02; Nishikiwa, Ube City, Oita Pref.","https://www.museum.yokosuka.kanagawa.jp/wp/wp-content/uploads/2022/04/s69-1_Sugawara_et_al_2022.pdf",,
"LC633137.1 Hynobius bakan BAKA01 mitochondrial cytb gene for cytochorme b, partial cds",34.035793,131.159809,"Google Maps",133.09949,"Pop 21, BAKA01; Kori, Sanyo-Onoda City, Yamaguchi Pref","https://www.museum.yokosuka.kanagawa.jp/wp/wp-content/uploads/2022/04/s69-1_Sugawara_et_al_2022.pdf",,
"LC436416 Hynobius bakan",34.047497,131.292907,"Google Maps",286.65,"Pop 22, H53; Warisaka, Kurumaji, Ube City, Yamaguchi Pref.*","https://www.museum.yokosuka.kanagawa.jp/wp/wp-content/uploads/2022/04/s69-1_Sugawara_et_al_2022.pdf",,
"LC633139.1 Hynobius bakan BAKA03 mitochondrial cytb gene for cytochorme b, partial cds",33.941793,131.278975,"Google Maps",286.65,"Pop 24, BAKA03; Norisada, Ube City, Yamaguchi Pref.","https://www.museum.yokosuka.kanagawa.jp/wp/wp-content/uploads/2022/04/s69-1_Sugawara_et_al_2022.pdf",,
"LC436415 Hynobius bakan",33.445595,131.327584,"Google Maps",439.12,"Pop 32, H52; Usa City, Oita Pref.","https://www.museum.yokosuka.kanagawa.jp/wp/wp-content/uploads/2022/04/s69-1_Sugawara_et_al_2022.pdf",,
"LC436414 Hynobius bakan",33.570746,131.449983,"Google Maps",206.65,"Pop 31, H51; Shinei, Bungotakada City, Oita Pref.","https://www.museum.yokosuka.kanagawa.jp/wp/wp-content/uploads/2022/04/s69-1_Sugawara_et_al_2022.pdf",,
