"value","Lat","Lon","Error_km","Method","MuseumFieldNumber","Notes","Reference"
"LC638507 Hynobius tsuensis",34.138433,129.254763,1290,"GeoLocate","KUHE:59757-1","Kuwa","Niwa et al., 2022 PeerJ"
"LC638505 Hynobius tsuensis",34.149269,129.267315,818,"GeoLocate","KUHE:59023","Agami","Niwa et al., 2022 PeerJ"
"LC638504 Hynobius tsuensis",34.139905,129.185244,1528,"GeoLocate","KUHE:60106","NA","Niwa et al., 2022 PeerJ"
"LC638502 Hynobius tsuensis",34.139905,129.185244,1528,"GeoLocate","KUHE:59022","Tsutsu","Niwa et al., 2022 PeerJ"
"LC583752 Hynobius tsuensis",34.224262,129.243664,2100,"GeoLocate","NA","NA","NA"
"LC156108 Hynobius tsuensis",34.223563,129.272706,1694,"GeoLocate","NA","Kitazato","NA"
"LC638529 Hynobius tsuensis",34.26538,129.314107,789,"GeoLocate","NA","Kechi","NA"
"LC583751 Hynobius tsuensis",34.224262,129.243664,2100,"GeoLocate","NA","Shimobaru","NA"
"LC638530 Hynobius tsuensis",34.263996,129.311318,1489,"GeoLocate","KUHE:59925","NA","Niwa et al., 2022 PeerJ"
"LC638528 Hynobius tsuensis",34.289468,129.267385,1127,"GeoLocate","KUHE:58724","NA","Niwa et al., 2022 PeerJ"
"LC638524 Hynobius tsuensis",34.272801,129.242665,1127,"GeoLocate","KUHE:59422-1","NA","Niwa et al., 2022 PeerJ"
"LC638512 Hynobius tsuensis",34.161972,129.185022,1045,"NA","KUHE:59921","NA","NA"
"LC638534 Hynobius tsuensis",34.453312,129.341401,3048,"GeoLocate","KUHE:60174","Mine","Niwa et al., 2022 PeerJ"
"LC495674 Hynobius tsuensis",34.205076,129.296181,301,"NA","NA","Izuhara","NA"
"LC638521 Hynobius tsuensis",34.224262,129.243664,2100,"GeoLocate","KUHE:59430","Shimobaru","NA"
"LC638506 Hynobius tsuensis",34.149269,129.267315,818,"GeoLocate","KUHE:59024","Agami","NA"
"LC638546 Hynobius tsuensis",34.515111,129.416339,1936,"GeoLocate","KUHE:59423-6","Oshika","Niwa et al., 2022 PeerJ"
"LC638542 Hynobius tsuensis",34.612225,129.35063,2553,"GeoLocate","KUHE:58883","Sago","Niwa et al., 2022 PeerJ"
"LC638540 Hynobius tsuensis",34.612225,129.35063,2553,"GeoLocate","KUHE:58875","Sago","Niwa et al., 2022 PeerJ"
"LC638544 Hynobius tsuensis",34.640628,129.398553,1699,"GeoLocate","KUHE:58867","Sasuna","NA"
"LC638535 Hynobius tsuensis",34.559649,129.395543,2539,"GeoLocate","KUHE:59021","Seta","NA"
"LC156139 Hynobius tsuensis",34.665366,129.424657,1817,"GeoLocate","NA","NA","NA"
"LC156136 Hynobius tsuensis",34.559799,129.450477,1306,"GeoLocate","NA","Kin","NA"
"LC156122 Hynobius tsuensis",34.443719,129.320293,2084,"GeoLocate","NA","Yoshida","NA"
"LC583776 Hynobius tsuensis",34.559799,129.450477,1306,"GeoLocate","NA","Kin","NA"
"LC583753 Hynobius tsuensis",34.224262,129.243664,2100,"GeoLocate","NA","Shimobaru","NA"
"LC156111 Hynobius tsuensis",34.224262,129.243664,2100,"GeoLocate","NA","NA","NA"
"LC156114 Hynobius tsuensis",34.260013,129.271176,860,"GeoLocate","NA","Sumol","NA"
"LC156119 Hynobius tsuensis",34.443719,129.320293,2084,"GeoLocate","NA","Yoshida","NA"
"LC496473 Hynobius tsuensis",34.453312,129.341401,3048,"GeoLocate","NA","Mine","NA"
"LC583773 Hynobius tsuensis",34.372879,129.32459,1134,"GeoLocate","NA","Itose","NA"
"LC156121 Hynobius tsuensis",34.443719,129.320293,2084,"GeoLocate","NA","NA","NA"
"LC156120 Hynobius tsuensis",34.443719,129.320293,2084,"GeoLocate","NA","NA","NA"
"LC156118 Hynobius tsuensis",34.443719,129.320293,2084,"GeoLocate","NA","NA","NA"
"LC583782 Hynobius tsuensis",34.333333,129.333333,3332,"GeoLocate","NA","h33","Niwa K, Kuro-o M, Nishikawa K ""Discovery of Two Lineages of Hynobius tsuensis (Amphibia, Caudata) Endemic to Tsushima Island, Japan,"" Zoological Science, 38(3), 259-266, (25 February 2021)"
"LC583770 Hynobius tsuensis",34.333333,129.333333,3332,"GeoLocate","NA","h21","Niwa K, Kuro-o M, Nishikawa K ""Discovery of Two Lineages of Hynobius tsuensis (Amphibia, Caudata) Endemic to Tsushima Island, Japan,"" Zoological Science, 38(3), 259-266, (25 February 2021)"
"LC156129 Hynobius tsuensis",34.523632,129.384145,1487,"GeoLocate","NA","NA","Niwa K, Kuro-o M, Nishikawa K ""Discovery of Two Lineages of Hynobius tsuensis (Amphibia, Caudata) Endemic to Tsushima Island, Japan,"" Zoological Science, 38(3), 259-266, (25 February 2021)"
"LC156128 Hynobius tsuensis",34.523632,129.384145,1487,"GeoLocate","NA","NA","Niwa K, Kuro-o M, Nishikawa K ""Discovery of Two Lineages of Hynobius tsuensis (Amphibia, Caudata) Endemic to Tsushima Island, Japan,"" Zoological Science, 38(3), 259-266, (25 February 2021)"
"LC156126 Hynobius tsuensis",34.523632,129.384145,1487,"GeoLocate","NA","NA","Niwa K, Kuro-o M, Nishikawa K ""Discovery of Two Lineages of Hynobius tsuensis (Amphibia, Caudata) Endemic to Tsushima Island, Japan,"" Zoological Science, 38(3), 259-266, (25 February 2021)"
"LC583777 Hynobius tsuensis",34.333333,129.333333,3332,"GeoLocate","NA","H28","Niwa K, Kuro-o M, Nishikawa K ""Discovery of Two Lineages of Hynobius tsuensis (Amphibia, Caudata) Endemic to Tsushima Island, Japan,"" Zoological Science, 38(3), 259-266, (25 February 2021)"
"LC156131 Hynobius tsuensis",34.523632,129.384145,1487,"GeoLocate","NA","NA","Niwa K, Kuro-o M, Nishikawa K ""Discovery of Two Lineages of Hynobius tsuensis (Amphibia, Caudata) Endemic to Tsushima Island, Japan,"" Zoological Science, 38(3), 259-266, (25 February 2021)"
"LC156130 Hynobius tsuensis",34.523632,129.384145,1487,"GeoLocate","NA","NA","Niwa K, Kuro-o M, Nishikawa K ""Discovery of Two Lineages of Hynobius tsuensis (Amphibia, Caudata) Endemic to Tsushima Island, Japan,"" Zoological Science, 38(3), 259-266, (25 February 2021)"
"LC156127 Hynobius tsuensis",34.523632,129.384145,1487,"GeoLocate","NA","NA","Niwa K, Kuro-o M, Nishikawa K ""Discovery of Two Lineages of Hynobius tsuensis (Amphibia, Caudata) Endemic to Tsushima Island, Japan,"" Zoological Science, 38(3), 259-266, (25 February 2021)"
"LC583775 Hynobius tsuensis",34.333333,129.333333,3332,"GeoLocate","NA","h26","Niwa K, Kuro-o M, Nishikawa K ""Discovery of Two Lineages of Hynobius tsuensis (Amphibia, Caudata) Endemic to Tsushima Island, Japan,"" Zoological Science, 38(3), 259-266, (25 February 2021)"
"LC156117 Hynobius tsuensis",34.372879,129.32459,1134,"NA","NA","NA","NA"
"LC430988 Hynobius tsuensis",34.453312,129.341401,3048,"NA","NA","NA","NA"
"LC583774 Hynobius tsuensis",34.333333,129.333333,3332,"GeoLocate","NA","h25","NA"
