"value","Lat","Lon","Method","Error_km","Museum_Field_Number","Notes","Reference"
"MH287417 Hynobius kimurae",36.79,136.82,"Tables S1 and S2",2,"Ishikawa-1","Hynobius kimurae sensu stricto","https://peerj.com/articles/5084/"
"MH287416 Hynobius kimurae",36.46,136.8,"GoogleMaps, approx. from Fig. 1",10,"Toyama-1 - locality 16","Hynobius kimurae sensu stricto","https://peerj.com/articles/5084/"
"MH287427 Hynobius kimurae",35.42,133.97,"GoogleMaps, approx. from Fig. 1",10,"Tottori-1 - locality 22","Hynobius kimurae sensu stricto","https://peerj.com/articles/5084/"
"MH287429 Hynobius kimurae",34.59,132.18,"Tables S1 and S2",2,"Hiroshima-2","Hynobius kimurae sensu stricto","https://peerj.com/articles/5084/"
"MH287428 Hynobius kimurae",34.59,132.18,"Tables S1 and S2",2,"Hiroshima-1","Hynobius kimurae sensu stricto","https://peerj.com/articles/5084/"
"MH287421 Hynobius kimurae",35.51,137.36,"Tables S1 and S2",2,"GifuA-2","Hynobius kimurae sensu stricto","https://peerj.com/articles/5084/"
"MH287420 Hynobius kimurae",35.51,137.36,"Tables S1 and S2",2,"GifuA-1","Hynobius kimurae sensu stricto","https://peerj.com/articles/5084/"
"MH287419 Hynobius kimurae",35.28,137.3,"Tables S1 and S2",2,"AichiB-2","Hynobius kimurae sensu stricto","https://peerj.com/articles/5084/"
"MH287418 Hynobius kimurae",35.28,137.3,"Tables S1 and S2",2,"AichiB-1","Hynobius kimurae sensu stricto","https://peerj.com/articles/5084/"
"MH287422 Hynobius kimurae",35.89,137.08,"GoogleMaps, approx. from Fig. 1",10,"GifuB-1 - locality 15","Hynobius kimurae sensu stricto","https://peerj.com/articles/5084/"
"MH287425 Hynobius kimurae",35.14,135.74,"Tables S1 and S2",2,"KyotoB-1  (ZMMU A-5908)","Hynobius kimurae sensu stricto","https://peerj.com/articles/5084/"
"MH287423 Hynobius kimurae",35.06,135.83,"Tables S1 and S2",2,"KyotoA-1","Hynobius kimurae sensu stricto","https://peerj.com/articles/5084/"
"AB266674 Hynobius kimurae",35.04,135.85,"Tables S1 and S2",23,"Japan:Shiga, Otsu-shi","Hynobius kimurae sensu stricto","https://peerj.com/articles/5084/"
"MH287426 Hynobius kimurae",35.14,135.74,"Tables S1 and S2",2,"KyotoB-2 (ZMMU A-5909)","Hynobius kimurae sensu stricto","https://peerj.com/articles/5084/"
"MH287424 Hynobius kimurae",35.06,135.83,"Tables S1 and S2",2,"KyotoA-2","Hynobius kimurae sensu stricto","https://peerj.com/articles/5084/"
