value,Lat,Lon,Method,Error_km,Museum_Field_Number,Notes,Reference
MH287413 Hynobius fossigenus,35.15,137.92,Tables S1 and S2,2,Shizuoka01,new species - Hynobius fossigenus,https://peerj.com/articles/5084/
MH287403 Hynobius fossigenus,35.48,139.09,Tables S1 and S2,2,Kanagawa-2,new species - Hynobius fossigenus,https://peerj.com/articles/5084/
MH287402 Hynobius fossigenus,35.48,139.09,Tables S1 and S2,2,Kanagawa-1,new species - Hynobius fossigenus,https://peerj.com/articles/5084/
MH287396 Hynobius fossigenus,35.77,139.14,Tables S1 and S2,2,TokyoB-1,new species - Hynobius fossigenus,https://peerj.com/articles/5084/
MH287392 Hynobius fossigenus,35.9,139.1,Tables S1 and S2,2,SaitamaC-2,new species - Hynobius fossigenus,https://peerj.com/articles/5084/
MH287432 Hynobius fossigenus,35.74,139.03,Tables S1 and S2,2,TokyoD-1,new species - Hynobius fossigenus,https://peerj.com/articles/5084/
MH287394 Hynobius fossigenus,35.85,139.15,Tables S1 and S2,2,TokyoA-2 (ZMMU A-5884),new species - Hynobius fossigenus,https://peerj.com/articles/5084/
MH287395 Hynobius fossigenus,35.85,139.15,Tables S1 and S2,2,TokyoA-3,new species - Hynobius fossigenus,https://peerj.com/articles/5084/
MH287401 Hynobius fossigenus,35.78,139.17,Tables S1 and S2,2,TokyoC-5  (ZMMU A-5870),new species - Hynobius fossigenus,https://peerj.com/articles/5084/
MH287400 Hynobius fossigenus,35.78,139.17,Tables S1 and S2,2,TokyoC-4  (ZMMU A-5869),new species - Hynobius fossigenus,https://peerj.com/articles/5084/
MH287399 Hynobius fossigenus,35.78,139.17,Tables S1 and S2,2,TokyoC-3 (ZMMU A-5868),new species - Hynobius fossigenus,https://peerj.com/articles/5084/
MH287398 Hynobius fossigenus,35.78,139.17,Tables S1 and S2,2,TokyoC-2 (ZMMU A-5867),new species - Hynobius fossigenus,https://peerj.com/articles/5084/
MH287397 Hynobius fossigenus,35.78,139.17,Tables S1 and S2,2,TokyoC-1 (ZMMU A-5866),new species - Hynobius fossigenus,https://peerj.com/articles/5084/
MH287393 Hynobius fossigenus,35.85,139.15,Tables S1 and S2,2,TokyoA-1 (ZMMU A-5883),new species - Hynobius fossigenus,https://peerj.com/articles/5084/
MH287390 Hynobius fossigenus,36,138.87,Tables S1 and S2,2,SaitamaB-1,new species - Hynobius fossigenus,https://peerj.com/articles/5084/
MH287389 Hynobius fossigenus,36.07,138.89,Tables S1 and S2,2,SaitamaA-3,new species - Hynobius fossigenus,https://peerj.com/articles/5084/
MH287388 Hynobius fossigenus,36.07,138.89,Tables S1 and S2,2,SaitamaA-2,new species - Hynobius fossigenus,https://peerj.com/articles/5084/
MH287387 Hynobius fossigenus,36.07,138.89,Tables S1 and S2,2,SaitamaA-1,new species - Hynobius fossigenus,https://peerj.com/articles/5084/
MH287431 Hynobius fossigenus,35.85,139.15,Tables S1 and S2,2,TokyoA-5,new species - Hynobius fossigenus,https://peerj.com/articles/5084/
MH287391 Hynobius fossigenus,35.9,139.1,Tables S1 and S2,2,SaitamaC-1,new species - Hynobius fossigenus,https://peerj.com/articles/5084/
MH287408 Hynobius fossigenus,35.33,138.51,Tables S1 and S2,2,YamanashiA-5,new species - Hynobius fossigenus,https://peerj.com/articles/5084/
MH287407 Hynobius fossigenus,35.33,138.51,Tables S1 and S2,2,YamanashiA-4,new species - Hynobius fossigenus,https://peerj.com/articles/5084/
MH287406 Hynobius fossigenus,35.33,138.51,Tables S1 and S2,2,YamanashiA-3,new species - Hynobius fossigenus,https://peerj.com/articles/5084/
MH287405 Hynobius fossigenus,35.33,138.51,Tables S1 and S2,2,YamanashiA-2,new species - Hynobius fossigenus,https://peerj.com/articles/5084/
MH287404 Hynobius fossigenus,35.33,138.51,Tables S1 and S2,2,YamanashiA-1,new species - Hynobius fossigenus,https://peerj.com/articles/5084/
MH287412 Hynobius fossigenus,35.18,138.47,Tables S1 and S2,2,YamanashiB-4,new species - Hynobius fossigenus,https://peerj.com/articles/5084/
MH287411 Hynobius fossigenus,35.18,138.47,Tables S1 and S2,2,YamanashiB-3,new species - Hynobius fossigenus,https://peerj.com/articles/5084/
MH287410 Hynobius fossigenus,35.18,138.47,Tables S1 and S2,2,YamanashiB-2,new species - Hynobius fossigenus,https://peerj.com/articles/5084/
MH287409 Hynobius fossigenus,35.18,138.47,Tables S1 and S2,2,YamanashiB-1,new species - Hynobius fossigenus,https://peerj.com/articles/5084/
MH287415 Hynobius fossigenus,35.22,137.72,Tables S1 and S2,2,AichiA-2,new species - Hynobius fossigenus,https://peerj.com/articles/5084/
MH287414 Hynobius fossigenus,35.22,137.72,Tables S1 and S2,2,AichiA-1,new species - Hynobius fossigenus,https://peerj.com/articles/5084/
