"value","Lat","Lon","Method","Error_km","Museum_Field_Number","Notes","Reference","note"
"LC003307 Hynobius dunni",31.829167,131.281944,"Google Earth",120,"D14; pop 12 Tano, Miyazaki","https://bioone.org/journals/current-herpetology/volume-34/issue-1/hsj.34.1/Local-Genetic-Differentiation-and-Diversity-of-the-Oita-Salamander-Hynobius/10.5358/hsj.34.1.short","na",
"LC180158 Hynobius dunni",31.90481535,131.4065097,"Google Earth",200,"HDMI; Miyazaki City, Miyazaki Prefecture Pop 12","https://www.researchgate.net/publication/325428558_Morphological_and_Molecular_Analyses_of_Hynobius_dunni_Reveal_a_New_Species_from_Shikoku_Japan",,
"LC003308 Hynobius dunni",31.888333,131.396667,"Google Earth",30,"D15; pop 11 Furujo, Miyazaki & 12 Tano, Miyazaki","https://bioone.org/journals/current-herpetology/volume-34/issue-1/hsj.34.1/Local-Genetic-Differentiation-and-Diversity-of-the-Oita-Salamander-Hynobius/10.5358/hsj.34.1.short","Lat-long of pop 11 Furujo",
"LC003308.1 Hynobius dunni",31.829167,131.281944,"Google Earth",120,"D15; pop 12 Tano, Miyazaki","https://bioone.org/journals/current-herpetology/volume-34/issue-1/hsj.34.1/Local-Genetic-Differentiation-and-Diversity-of-the-Oita-Salamander-Hynobius/10.5358/hsj.34.1.short","na",
"LC003303 Hynobius dunni",32.940097,131.37249,"Google Earth",10,"D10 haplotype; Pop 9; Yoshida, Oita","https://bioone.org/journals/current-herpetology/volume-34/issue-1/hsj.34.1/Local-Genetic-Differentiation-and-Diversity-of-the-Oita-Salamander-Hynobius/10.5358/hsj.34.1.short","na",
"LC003302 Hynobius dunni",32.969045,131.515731,"Google Earth",10,"D9 haplotype; Pop 7 Kiyokawa, Oita, or 8 Takeda, Oita","https://bioone.org/journals/current-herpetology/volume-34/issue-1/hsj.34.1/Local-Genetic-Differentiation-and-Diversity-of-the-Oita-Salamander-Hynobius/10.5358/hsj.34.1.short","Lat-long of pop 7 Kyokawa",
"LC003302.1 Hynobius dunni",32.963787,131.396094,"Google Earth",10,"D9; 8 Takeda, Oita","https://bioone.org/journals/current-herpetology/volume-34/issue-1/hsj.34.1/Local-Genetic-Differentiation-and-Diversity-of-the-Oita-Salamander-Hynobius/10.5358/hsj.34.1.short","na",
"LC003304 Hynobius dunni",32.940097,131.37249,"Google Earth",10,"D11 haplotype; Pop 9; Yoshida, Oita","https://bioone.org/journals/current-herpetology/volume-34/issue-1/hsj.34.1/Local-Genetic-Differentiation-and-Diversity-of-the-Oita-Salamander-Hynobius/10.5358/hsj.34.1.short","na",
"LC003305 Hynobius dunni",32.940097,131.37249,"Google Earth",10,"D12; Pop 9; Yoshida, Oita","https://bioone.org/journals/current-herpetology/volume-34/issue-1/hsj.34.1/Local-Genetic-Differentiation-and-Diversity-of-the-Oita-Salamander-Hynobius/10.5358/hsj.34.1.short","na",
"LC003306 Hynobius dunni",32.940097,131.37249,"Google Earth",10,"D13; Pop 9; Yoshida, Oita","https://bioone.org/journals/current-herpetology/volume-34/issue-1/hsj.34.1/Local-Genetic-Differentiation-and-Diversity-of-the-Oita-Salamander-Hynobius/10.5358/hsj.34.1.short","na",
"LC003297 Hynobius dunni",33.207654,131.664697,"Google Earth",10,"D4; Pop 3 Yokoo, Oita; or 4 Dannoharu, Oita","https://bioone.org/journals/current-herpetology/volume-34/issue-1/hsj.34.1/Local-Genetic-Differentiation-and-Diversity-of-the-Oita-Salamander-Hynobius/10.5358/hsj.34.1.short","Lat-long of pop 3 Yokoo",
"LC003297.1 Hynobius dunni",33.175833,131.620833,"Google Earth",10,"D4; Pop 4 Dannoharu, Oita","https://bioone.org/journals/current-herpetology/volume-34/issue-1/hsj.34.1/Local-Genetic-Differentiation-and-Diversity-of-the-Oita-Salamander-Hynobius/10.5358/hsj.34.1.short","na",
"LC003295 Hynobius dunni",33.4875,131.398333,"Google Earth",20,"D2; pop 1 Usa, Oita","https://bioone.org/journals/current-herpetology/volume-34/issue-1/hsj.34.1/Local-Genetic-Differentiation-and-Diversity-of-the-Oita-Salamander-Hynobius/10.5358/hsj.34.1.short","na",
"LC003294 Hynobius dunni",33.4875,131.398333,"Google Earth",20,"D1; Pop 1 Usa, Oita, or 2 Ajimu","https://bioone.org/journals/current-herpetology/volume-34/issue-1/hsj.34.1/Local-Genetic-Differentiation-and-Diversity-of-the-Oita-Salamander-Hynobius/10.5358/hsj.34.1.short","Lat-long of pop 1 Usa",
"LC003294.1 Hynobius dunni",33.432629,131.339872,"Google Earth",15,"D1; Pop 2 Ajimu, Oita","https://bioone.org/journals/current-herpetology/volume-34/issue-1/hsj.34.1/Local-Genetic-Differentiation-and-Diversity-of-the-Oita-Salamander-Hynobius/10.5358/hsj.34.1.short","na",
"LC180154 Hynobius dunni",33.4875,131.398333,"Google Earth",20,"HDUS; Usa city, Oita prefecture Pop 8","https://www.researchgate.net/publication/325428558_Morphological_and_Molecular_Analyses_of_Hynobius_dunni_Reveal_a_New_Species_from_Shikoku_Japan",,
"LC003300 Hynobius dunni",33.17806,131.626708,"Google Earth",10,"D7; Pop 3 Yokoo, Oita","https://bioone.org/journals/current-herpetology/volume-34/issue-1/hsj.34.1/Local-Genetic-Differentiation-and-Diversity-of-the-Oita-Salamander-Hynobius/10.5358/hsj.34.1.short","na",
"LC003300.1 Hynobius dunni",33.175833,131.620833,"Google Earth",10,"D7; Pop 4 Dannoharu, Oita","https://bioone.org/journals/current-herpetology/volume-34/issue-1/hsj.34.1/Local-Genetic-Differentiation-and-Diversity-of-the-Oita-Salamander-Hynobius/10.5358/hsj.34.1.short","na",
"LC003299 Hynobius dunni",33.175833,131.620833,"Google Earth",10,"D6; pop 4; Dannoharu, Oita","https://bioone.org/journals/current-herpetology/volume-34/issue-1/hsj.34.1/Local-Genetic-Differentiation-and-Diversity-of-the-Oita-Salamander-Hynobius/10.5358/hsj.34.1.short","na",
"LC003298 Hynobius dunni",32.96889,131.893889,"Google Earth",20,"D5; pop 6; Saeki, Oita","https://bioone.org/journals/current-herpetology/volume-34/issue-1/hsj.34.1/Local-Genetic-Differentiation-and-Diversity-of-the-Oita-Salamander-Hynobius/10.5358/hsj.34.1.short","na",
"LC003296 Hynobius dunni",32.963787,131.396094,"Google Earth",10,"D3; pop 8; Takeda, Oita","https://bioone.org/journals/current-herpetology/volume-34/issue-1/hsj.34.1/Local-Genetic-Differentiation-and-Diversity-of-the-Oita-Salamander-Hynobius/10.5358/hsj.34.1.short","na",
"LC003301 Hynobius dunni",33.17806,131.626708,"Google Earth",10,"D8; Pop 3 Yokoo, Oita, 4, 5, 6, 7, 8, 9, or 10","https://bioone.org/journals/current-herpetology/volume-34/issue-1/hsj.34.1/Local-Genetic-Differentiation-and-Diversity-of-the-Oita-Salamander-Hynobius/10.5358/hsj.34.1.short","Lat-long of pop 3 Yokoo",
"LC003301.1 Hynobius dunni",33.175833,131.620833,"Google Earth",10,"D8; Pop 4 Dannoharu, Oita, 5, 6, 7, 8, 9, or 10","https://bioone.org/journals/current-herpetology/volume-34/issue-1/hsj.34.1/Local-Genetic-Differentiation-and-Diversity-of-the-Oita-Salamander-Hynobius/10.5358/hsj.34.1.short","na",
"LC003301.2 Hynobius dunni",33.187222,131.595556,"Google Earth",20,"D8; Pop 5 Soda, Oita, 6, 7, 8, 9, or 10","https://bioone.org/journals/current-herpetology/volume-34/issue-1/hsj.34.1/Local-Genetic-Differentiation-and-Diversity-of-the-Oita-Salamander-Hynobius/10.5358/hsj.34.1.short","na",
"LC003301.3 Hynobius dunni",32.96889,131.893889,"Google Earth",20,"D8; Pop 6 Saeki, Oita, 7, 8, 9, or 10","https://bioone.org/journals/current-herpetology/volume-34/issue-1/hsj.34.1/Local-Genetic-Differentiation-and-Diversity-of-the-Oita-Salamander-Hynobius/10.5358/hsj.34.1.short","na",
"LC003301.4 Hynobius dunni",32.962778,131.522222,"Google Earth",20,"D8; Pop 7 Kiyokawa, Oita, 8, 9, or 10","https://bioone.org/journals/current-herpetology/volume-34/issue-1/hsj.34.1/Local-Genetic-Differentiation-and-Diversity-of-the-Oita-Salamander-Hynobius/10.5358/hsj.34.1.short","na",
"LC003301.5 Hynobius dunni",32.963787,131.396094,"Google Earth",10,"D8; Pop 8 Takeda, Oita, 9, or 10","https://bioone.org/journals/current-herpetology/volume-34/issue-1/hsj.34.1/Local-Genetic-Differentiation-and-Diversity-of-the-Oita-Salamander-Hynobius/10.5358/hsj.34.1.short","na",
"LC003301.6 Hynobius dunni",32.940097,131.37249,"Google Earth",10,"D8; Pop 9 Yoshida, Oita, or 10","https://bioone.org/journals/current-herpetology/volume-34/issue-1/hsj.34.1/Local-Genetic-Differentiation-and-Diversity-of-the-Oita-Salamander-Hynobius/10.5358/hsj.34.1.short","na",
"LC003301.7 Hynobius dunni",32.846667,131.2025,"Google Earth",174,"D8; Pop 10 Takamori, Kumamoto","https://bioone.org/journals/current-herpetology/volume-34/issue-1/hsj.34.1/Local-Genetic-Differentiation-and-Diversity-of-the-Oita-Salamander-Hynobius/10.5358/hsj.34.1.short","na",
"LC180157 Hynobius dunni",32.82479599,131.1235376,"Google Earth",175,"HDKU; Takamori City, Kumamoto Prefecture Pop 11","https://www.researchgate.net/publication/325428558_Morphological_and_Molecular_Analyses_of_Hynobius_dunni_Reveal_a_New_Species_from_Shikoku_Japan",,
"LC180156 Hynobius dunni",32.98232523,131.585136,"Google Earth",200,"HDBO; Bungoono City, Oita Prefecture Pop 10","https://www.researchgate.net/publication/325428558_Morphological_and_Molecular_Analyses_of_Hynobius_dunni_Reveal_a_New_Species_from_Shikoku_Japan",,
"LC180155 Hynobius dunni",33.2538674,131.6113429,"Google Earth",193,"HDOI; Oita City, Oita Prefecture Pop 9","https://www.researchgate.net/publication/325428558_Morphological_and_Molecular_Analyses_of_Hynobius_dunni_Reveal_a_New_Species_from_Shikoku_Japan",,
