"value","Lat","Lon","Method","Error_km","Museum_Field_Number","Notes","Reference"
"DQ652231 Hynobius leechii",35.17,129.05,"Table 1",2,"NTNUB 201703; Pusan, Korea","35deg10' 129deg03'","10.1655/06-065.1"
"LC156145 Hynobius leechii",37.81,127,"GoogleMaps",10,"HLE-1","South Korea: Yangju","Niwa and Kuro-o (2016)"
"JQ929975 Hynobius leechii",37.81,127,"GoogleMaps",10,"CIB-XM3133, Hlee-3133","Yangju City, Gyeonggi-do, Korea","Zheng,Y., Peng,R., Hu,L., Kuro-o,M. and Zeng,X."
"JQ798737 Hynobius leechii",36.71,126.54,"GoogleMaps",5,"GRKOAM0000100407","Chungcheongnam-do, Seosan-si, Haemi-myeon","10.1111/1755-0998.12055"
"AY315819 Hynobius leechii",38.201389,128.34307,"Arctos",3.036,"MVZHerp233465","Hlee-27, Yongdae-ri, Kangwon-do, Korea","Zeng and Fu, 2004"
"AY315813 Hynobius leechii",38.201389,128.34307,"Arctos",3.036,"MVZHerp233464","Hlee-27, Yongdae-ri, Kangwon-do, Korea","Zeng and Fu, 2004"
"JQ798738 Hynobius leechii",35.97,127.23,"GoogleMaps",5,"GRKOAM0000100370","Jeollabuk-do Wanju-gun Gosan-myeon","10.1111/1755-0998.12055"
"LC156146 Hynobius leechii",37.86,128.69,"GoogleMaps",10,"NA","Sogeumgang, the Republic of Korea","NA"
"AY315814 Hynobius leechii",40.5219,123.9743333,"Arctos",1,"MVZHerp235008","Fengcheng, Liaoning, China; N40¡31_, E123¡58_","Zeng and Fu, 2004"
"AY315811 Hynobius leechii",40.966667,123.65,"Table S1 from 10.3724/SP.J.1245.2012.00288",1,"ROM39958","Liaoyang, Liaoning, China; N40¡58_, E123¡39_","Zeng and Fu, 2004"
"JQ929968 Hynobius leechii",40.516667,123.966667,"Table S1 from 10.3724/SP.J.1245.2012.00288",1,"CIB-XM2000106","Fengcheng, Liaoning, China; N40¡31_, E123¡58_","10.3724/SP.J.1245.2012.00288"
"JQ929967 Hynobius leechii",40.516667,123.966667,"Table S1 from 10.3724/SP.J.1245.2012.00288",1,"NA","N40¡31_, E123¡58_","10.3724/SP.J.1245.2012.00288"
"AY300150 Hynobius leechii",41.0218833,123.1267667,"Arctos",1,"MVZHerp235012","N41¡01_, E123¡08_","Fu et al., 2003; Zeng and Fu, 2004"
"AY315818 Hynobius leechii",40.966667,123.65,"Table S1 from 10.3724/SP.J.1245.2012.00288",1,"ROM39959","N40¡58_, E123¡39_","Zeng and Fu, 2004"
"AY315817 Hynobius leechii",40.016667,122.366667,"Table S1 from 10.3724/SP.J.1245.2012.00288",1,"CIB-2000113","N40¡01_, E122¡22_","Zeng and Fu, 2004"
"AY315816 Hynobius leechii",40.016667,122.366667,"Table S1 from 10.3724/SP.J.1245.2012.00288",1,"ROM39961","N40¡01_, E122¡22_","Zeng and Fu, 2004"
"AY315815 Hynobius leechii",40.05,122.85,"Table S1 from 10.3724/SP.J.1245.2012.00288",1,"NA","N40¡03_, E122¡51_","Zeng and Fu, 2004"
"AY315812 Hynobius leechii",40.016667,123.466667,"Table S1 from 10.3724/SP.J.1245.2012.00288",1,"NA","N40¡01_, E123¡28_","Zeng and Fu, 2004"
"JQ929974 Hynobius leechii",40.016667,122.366667,"Table S1 from 10.3724/SP.J.1245.2012.00288",1,"NA","N40¡01_, E122¡22_","10.3724/SP.J.1245.2012.00288"
"JQ929973 Hynobius leechii",40.016667,122.366667,"Table S1 from 10.3724/SP.J.1245.2012.00288",1,"NA","N40¡01_, E122¡22_","10.3724/SP.J.1245.2012.00288"
"JQ929972 Hynobius leechii",40.05,122.85,"Table S1 from 10.3724/SP.J.1245.2012.00288",1,"NA","N40¡03_, E122¡51_","10.3724/SP.J.1245.2012.00288"
"JQ929971 Hynobius leechii",40.05,122.85,"Table S1 from 10.3724/SP.J.1245.2012.00288",1,"NA","N40¡03_, E122¡51_","10.3724/SP.J.1245.2012.00288"
"JQ929970 Hynobius leechii",40.016667,123.466667,"Table S1 from 10.3724/SP.J.1245.2012.00288",1,"NA","N40¡01_, E123¡28_","10.3724/SP.J.1245.2012.00288"
"JQ929969 Hynobius leechii",40.016667,123.466667,"Table S1 from 10.3724/SP.J.1245.2012.00288",1,"NA","N40¡01_, E123¡28_","10.3724/SP.J.1245.2012.00288"
"JQ929966 Hynobius leechii",40.983333,123.65,"Table S1 from 10.3724/SP.J.1245.2012.00288",1,"NA","N40¡59_, E123¡39_","10.3724/SP.J.1245.2012.00288"
"JQ929965 Hynobius leechii",40.983333,123.65,"Table S1 from 10.3724/SP.J.1245.2012.00288",1,"NA","N40¡59_, E123¡39_","10.3724/SP.J.1245.2012.00288"
"JQ929964 Hynobius leechii",41.0218833,123.1267667,"Table S1 from 10.3724/SP.J.1245.2012.00288",1,"NA","N41¡01_, E123¡08_","10.3724/SP.J.1245.2012.00288"
"JQ929963 Hynobius leechii",41.0218833,123.1267667,"Table S1 from 10.3724/SP.J.1245.2012.00288",1,"NA","N41¡01_, E123¡08_","10.3724/SP.J.1245.2012.00288"
"JQ929962 Hynobius leechii",42.6,127.933333,"Table S1 from 10.3724/SP.J.1245.2012.00288",1,"NA","N42¡36_, E127¡56_","10.3724/SP.J.1245.2012.00288"
"JQ929961 Hynobius leechii",42.6,127.933333,"Table S1 from 10.3724/SP.J.1245.2012.00288",1,"NA","N42¡36_, E127¡56_","10.3724/SP.J.1245.2012.00288"
"JQ929960 Hynobius leechii",41.616667,127.933333,"Table S1 from 10.3724/SP.J.1245.2012.00288",1,"NA","N41¡37_, E127¡56_","10.3724/SP.J.1245.2012.00288"
"JQ929959 Hynobius leechii",41.416667,126.283333,"Table S1 from 10.3724/SP.J.1245.2012.00288",1,"NA","N41¡25_, E126¡17_","10.3724/SP.J.1245.2012.00288"
"JQ929958 Hynobius leechii",41.333333,124.916667,"Table S1 from 10.3724/SP.J.1245.2012.00288",1,"NA","N41¡20_, E124¡55_","10.3724/SP.J.1245.2012.00288"
"JQ929957 Hynobius leechii",41.333333,124.916667,"Table S1 from 10.3724/SP.J.1245.2012.00288",1,"NA","N41¡20_, E124¡55_","10.3724/SP.J.1245.2012.00288"
"JQ929956 Hynobius leechii",41.416667,124.916667,"Table S1 from 10.3724/SP.J.1245.2012.00288",1,"NA","N41¡25_, E124¡55_","10.3724/SP.J.1245.2012.00288"
"JQ929955 Hynobius leechii",41.416667,124.916667,"Table S1 from 10.3724/SP.J.1245.2012.00288",1,"NA","N41¡25_, E124¡55_","10.3724/SP.J.1245.2012.00288"
"JQ929954 Hynobius leechii",41.416667,126.283333,"Table S1 from 10.3724/SP.J.1245.2012.00288",1,"NA","N41¡25_, E126¡17_","10.3724/SP.J.1245.2012.00288"
"JQ929953 Hynobius leechii",42.566667,127.933333,"Table S1 from 10.3724/SP.J.1245.2012.00288",1,"NA","N42¡34_, E127¡56_","10.3724/SP.J.1245.2012.00288"
"JQ929952 Hynobius leechii",42.566667,127.933333,"Table S1 from 10.3724/SP.J.1245.2012.00288",1,"NA","N42¡34_, E127¡56_","10.3724/SP.J.1245.2012.00288"
"AB548376 Hynobius leechii",35.83,129.24,"NA",18,"KUHE38284","Gyeongju-si, Gyeongsangbuk-do, Korea","Nishikawa et al., 2010"
