"value","Lat","Lon","Error_km","Method","Museum_Field_Number","Notes","Reference",
"JQ929935 Hynobius yiwuensis",29.8333333333333,121.883333333333,"NA","Manuscript","CIB-JF301","NA","https://www.sciengine.com/AHR/doi/10.3724/SP.J.1245.2012.00288",
"AY300156 Hynobius yiwuensis",29.8333333333333,121.883333333333,"NA","Manuscript","ROM Herp39963","Hyiw-301 in manuscript’s phylogeny original sequence from Fu et al. 2003 but was not possible find this paper.","https://www.sciengine.com/AHR/doi/10.3724/SP.J.1245.2012.00288",
"AB548374 Hynobius yiwuensis",29.883333,121.55,12868,"GeoLoate","CIB:20070255","Ningbo City Zhejiang Province China","Nishikawa K. Jiang J. Matsui M. Mo Y. Chen X. Kim J. Tominaga A. & Yoshikawa N. (2010). Invalidity of Hynobius yunanicus and molecular phylogeny of Hynobius salamander from continental China (Urodela","Hynobiidae). Zootaxa 2426 65-67."
"JQ929936 Hynobius yiwuensis",29.8333333333333,121.883333333333,"NA","Manuscript","CIB-JF302","https://www.sciengine.com/AHR/doi/10.3724/SP.J.1245.2012.00288",,
"AY300155 Hynobius yiwuensis",29.4576666667,120.3016666667,1024,"MVZ Herp (Arctos)","MVZ Herp 235006","NA","NA",
"JQ929940 Hynobius yiwuensis",29.2166666666667,121.933333333333,"NA","Manuscript","CIB-XM3289","NA","https://www.sciengine.com/AHR/doi/10.3724/SP.J.1245.2012.00288",
"JQ929941 Hynobius yiwuensis",29.2166666666667,121.933333333333,"NA","Manuscript","CIB-XM3290","NA","https://www.sciengine.com/AHR/doi/10.3724/SP.J.1245.2012.00288",
"AY300157 Hynobius yiwuensis",30.0333333333333,122.15,"NA","Manuscript","CIB-2000-JF230","Hyiw-4 in manuscript’s phylogeny original sequence from Fu et al. 2003 but was not possible find this paper.","https://www.sciengine.com/AHR/doi/10.3724/SP.J.1245.2012.00288",
"AY300158 Hynobius yiwuensis",30.0333333333333,122.15,"NA","Manuscript","MVZ Herp 231122","Hyiw-3 in manuscript’s phylogeny original sequence from Fu et al. 2003 but was not possible find this paper.","https://www.sciengine.com/AHR/doi/10.3724/SP.J.1245.2012.00288",
"AY300159 Hynobius yiwuensis",30.0333333333333,122.15,"NA","Manuscript","MVZ Herp 231123","Hyiw-228 in manuscript’s phylogeny original sequence from Fu et al. 2003 but was not possible find this paper.","https://www.sciengine.com/AHR/doi/10.3724/SP.J.1245.2012.00288",
"JQ929932 Hynobius yiwuensis",30.0333333333333,122.15,"NA","Manuscript","CIB-JF227","Hyiw-228 in manuscript’s phylogeny.","https://www.sciengine.com/AHR/doi/10.3724/SP.J.1245.2012.00288",
"JQ929931 Hynobius yiwuensis",30.0333333333333,122.15,"NA","Manuscript","CIB-JF228","Hyiw-228 in manuscript’s phylogeny.","https://www.sciengine.com/AHR/doi/10.3724/SP.J.1245.2012.00288",
"JQ929934 Hynobius yiwuensis",29.4833333333333,120.1,"NA","Manuscript","CIB-XM2216","Hyiw-G in manuscript’s phylogeny.","https://www.sciengine.com/AHR/doi/10.3724/SP.J.1245.2012.00288",
"JQ929933 Hynobius yiwuensis",29.4833333333333,120.1,"NA","Manuscript","CIB-XM2215","Hyiw-G in manuscript’s phylogeny.","https://www.sciengine.com/AHR/doi/10.3724/SP.J.1245.2012.00288",
"AY300154 Hynobius yiwuensis",29.45,120.3,"NA","Manuscript","MVZ Herp 231119","Hyiw-7 in manuscript’s phylogeny original sequence from Fu et al. 2003 but was not possible find this paper.","https://www.sciengine.com/AHR/doi/10.3724/SP.J.1245.2012.00288",
"JQ929938 Hynobius yiwuensis",29.95,120.316666666667,"NA","Manuscript","CIB-XM2864","Hyiw-2865","https://www.sciengine.com/AHR/doi/10.3724/SP.J.1245.2012.00288",
"JQ929939 Hynobius yiwuensis",29.95,120.316666666667,"NA","Manuscript","CIB-XM2865","Hyiw-2865","https://www.sciengine.com/AHR/doi/10.3724/SP.J.1245.2012.00288",
"AY300153 Hynobius yiwuensis",29.45,120.3,"NA","Manuscript","MVZ Herp 231117","Hyiw-219 in manuscript’s phylogeny original sequence from Fu et al. 2003 but was not possible find this paper.","https://www.sciengine.com/AHR/doi/10.3724/SP.J.1245.2012.00288",
"JQ929937 Hynobius yiwuensis",29.45,120.3,"NA","Manuscript","CIB-JF219","Hyiw-219 in manuscript’s phylogeny.","https://www.sciengine.com/AHR/doi/10.3724/SP.J.1245.2012.00288",
