value,Lat,Lon,Error_km,Method,Voucher,Notes,Reference
Hynobius.quelpaertensis.GU552631,35.5563980141626,127.687760783286,NA,Google maps,HQ_25,NA,https://www.sciencedirect.com/science/article/pii/S1016847823071601?via%3Dihub#s0060
Hynobius.quelpaertensis.GU552629,34.9882224871335,126.486648472725,NA,Google maps,HQ_23,NA,https://www.sciencedirect.com/science/article/pii/S1016847823071601?via%3Dihub#s0060
Hynobius.quelpaertensis.GU552630,34.9882224871335,126.486648472725,NA,Google maps,HQ_24,NA,https://www.sciencedirect.com/science/article/pii/S1016847823071601?via%3Dihub#s0060
Hynobius.quelpaertensis.GU552628,34.7743221897642,126.716103956527,NA,Google maps,HQ_22,NA,https://www.sciencedirect.com/science/article/pii/S1016847823071601?via%3Dihub#s0060
Hynobius.quelpaertensis.GU552627,34.7743221897642,126.716103956527,NA,Google maps,NA,NA,https://www.sciencedirect.com/science/article/pii/S1016847823071601?via%3Dihub#s0060
Hynobius.quelpaertensis.GU552621,35.002993658507,127.042509265692,NA,Google maps,HQ_11,NA,https://www.sciencedirect.com/science/article/pii/S1016847823071601?via%3Dihub#s0060
Hynobius.quelpaertensis.GU552615,35.2638325982886,127.178534294698,NA,Google maps,HQ 3,NA,https://www.sciencedirect.com/science/article/pii/S1016847823071601?via%3Dihub#s0060
Hynobius.quelpaertensis.GU552616,35.3587367414949,126.931691512923,NA,Google maps,HQ 4,NA,https://www.sciencedirect.com/science/article/pii/S1016847823071601?via%3Dihub#s0060
Hynobius.quelpaertensis.GU552617,35.3769586343551,127.460855090272,NA,Google maps,HQ 5,NA,https://www.sciencedirect.com/science/article/pii/S1016847823071601?via%3Dihub#s0060
Hynobius.quelpaertensis.GU552614,35.2638325982886,127.178534294698,NA,Google maps,HQ 2,NA,https://www.sciencedirect.com/science/article/pii/S1016847823071601?via%3Dihub#s0060
Hynobius.quelpaertensis.GU552613,35.002993658507,127.042509265692,NA,Google maps,NA,NA,https://www.sciencedirect.com/science/article/pii/S1016847823071601?via%3Dihub#s0060
Hynobius.quelpaertensis.JQ798741,33.3736966167852,126.288112649975,NA,Google maps,NA,NA,https://onlinelibrary.wiley.com/doi/10.1111/1755-0998.12055
Hynobius.quelpaertensis.JQ798739,33.2887421983231,126.528929726758,NA,Google maps,NA,NA,https://onlinelibrary.wiley.com/doi/10.1111/1755-0998.12055
Hynobius.quelpaertensis.GU552610,34.7743221897642,126.716103956527,NA,Google maps,NA,NA,https://www.sciencedirect.com/science/article/pii/S1016847823071601?via%3Dihub#s0060
Hynobius.quelpaertensis.JQ798740,34.8672338598089,126.992219356267,NA,Google maps,NA,NA,https://onlinelibrary.wiley.com/doi/10.1111/1755-0998.12055
Hynobius.quelpaertensis.GU552624,35.002993658507,127.042509265692,NA,Google maps,NA,NA,https://www.sciencedirect.com/science/article/pii/S1016847823071601?via%3Dihub#s0060
