"value","Lat","Lon","Error_km","Method","voucher","Notes","Reference"
"LC436443 Hynobius utsunomiyaorum",35.45562,133.527482,6627,"GeoLocate","KUHE:24666","In the paper is a different voucher number KUHE 32704 Tottori (Daisen-cho)","Matsui et al., 2019, Current herpetology doi 10.5358/hsj.38.32"
"LC605114 Hynobius utsunomiyaorum",35.139121,133.182586,1230,"GeoLocate","NA","Kamihagiyama, Nichinan Town, Tottori Prefecture","Sugawara, H., Iwata, T., Yamashita, H., & Nagano, M. (2021). Taxonomic Reassessment of the Izumo Lineage of Hynobius utsunomiyaorum: Description of a New Species from Chugoku, Japan. Animals : an open access journal from MDPI, 11(8), 2187. https://doi.org/10.3390/ani11082187"
"LC605109 Hynobius utsunomiyaorum",34.883333,133.266667,4972,"GeoLocate","NA","Tojocho Utsubori, Shobara City, Hiroshima Prefecture","Sugawara, H., Iwata, T., Yamashita, H., & Nagano, M. (2021). Taxonomic Reassessment of the Izumo Lineage of Hynobius utsunomiyaorum: Description of a New Species from Chugoku, Japan. Animals : an open access journal from MDPI, 11(8), 2187. https://doi.org/10.3390/ani11082187"
"LC436367 Hynobius utsunomiyaorum",35.002286,132.899947,2104,"GeoLocate","H2","Kanaotoge, Takanocho Okumonde, Shobara City, Hiroshima Prefecture","NA"
"LC605108 Hynobius utsunomiyaorum",34.908502,132.901937,2135,"GeoLocate","Utsunomiyaorum03","Kuchiwacho Mukoizumi, Shobara City, Hiroshima Prefecture","NA"
"LC436368 Hynobius utsunomiyaorum",35.089902,133.923344,3625,"GeoLocate","H3","Kagamino Town, Okayama Prefecture","NA"
"LC518949 Hynobius utsunomiyaorum",35.189339,133.071936,1547,"GeoLocate","SSN050","Okuizumo Town (former Yokota Town), Shimane Prefecture","NA"
"LC436369 Hynobius utsunomiyaorum",35.468381,133.52784,3036,"GeoLocate","H4","Daisen Town, Tottori Prefecture","Sugawara, H., Iwata, T., Yamashita, H., & Nagano, M. (2021). Taxonomic Reassessment of the Izumo Lineage of Hynobius utsunomiyaorum: Description of a New Species from Chugoku, Japan. Animals : an open access journal from MDPI, 11(8), 2187. https://doi.org/10.3390/ani11082187"
"LC518948 Hynobius utsunomiyaorum",35.189339,133.071936,1547,"GeoLocate","SSN049","Okuizumo Town (former Yokota Town), Shimane Prefecture","NA"
"LC436370 Hynobius utsunomiyaorum",35.283333,133.083333,1813,"GeoLocate","H5","Hirosecho Okutawara, Yasugi City, Shimane Prefecture","NA"
"LC518950 Hynobius utsunomiyaorum",35.200794,132.89034,3036,"GeoLocate","SSN051","Unnan City (former Yoshida Village), Shimane Prefecture","NA"
"LC436376 Hynobius utsunomiyaorum",34.945176,133.054776,12142,"GeoLocate","NA","Shobara City, Hiroshima Prefecture","Sugawara, H., Iwata, T., Yamashita, H., & Nagano, M. (2021). Taxonomic Reassessment of the Izumo Lineage of Hynobius utsunomiyaorum: Description of a New Species from Chugoku, Japan. Animals : an open access journal from MDPI, 11(8), 2187. https://doi.org/10.3390/ani11082187"
"LC436374 Hynobius utsunomiyaorum",35.06144,132.739048,6635,"GeoLocate","NA","Iinan Town, Shimane Prefecture","Sugawara, H., Iwata, T., Yamashita, H., & Nagano, M. (2021). Taxonomic Reassessment of the Izumo Lineage of Hynobius utsunomiyaorum: Description of a New Species from Chugoku, Japan. Animals : an open access journal from MDPI, 11(8), 2187. https://doi.org/10.3390/ani11082187"
"LC605112 Hynobius utsunomiyaorum",35.095748,132.74928,1029,"GeoLocate","NA","Nagatani, Iinan Town, Shimane Prefecture","Sugawara, H., Iwata, T., Yamashita, H., & Nagano, M. (2021). Taxonomic Reassessment of the Izumo Lineage of Hynobius utsunomiyaorum: Description of a New Species from Chugoku, Japan. Animals : an open access journal from MDPI, 11(8), 2187. https://doi.org/10.3390/ani11082187"
"LC436375 Hynobius utsunomiyaorum",35.002286,132.899947,2104,"GeoLocate","NA","Kanaotoge, Takanocho Okumonde, Shobara City, Hiroshima Prefecture","Sugawara, H., Iwata, T., Yamashita, H., & Nagano, M. (2021). Taxonomic Reassessment of the Izumo Lineage of Hynobius utsunomiyaorum: Description of a New Species from Chugoku, Japan. Animals : an open access journal from MDPI, 11(8), 2187. https://doi.org/10.3390/ani11082187"
"LC605113 Hynobius utsunomiyaorum",35.031994,132.786874,1431,"GeoLocate","NA","Oda, Iinan Town, Shimane Prefecture","Sugawara, H., Iwata, T., Yamashita, H., & Nagano, M. (2021). Taxonomic Reassessment of the Izumo Lineage of Hynobius utsunomiyaorum: Description of a New Species from Chugoku, Japan. Animals : an open access journal from MDPI, 11(8), 2187. https://doi.org/10.3390/ani11082187"
"LC436371 Hynobius utsunomiyaorum",35.083479,133.760159,1940,"GeoLocate","KUHE:nb18-5","Maniwa City, Okayama Prefecture","Sugawara, H., Iwata, T., Yamashita, H., & Nagano, M. (2021). Taxonomic Reassessment of the Izumo Lineage of Hynobius utsunomiyaorum: Description of a New Species from Chugoku, Japan. Animals : an open access journal from MDPI, 11(8), 2187. https://doi.org/10.3390/ani11082187"
"LC605117 Hynobius utsunomiyaorum",35.302625,133.964228,1665,"GeoLocate","UT12","Kamisaibara, Kagamino Town, Okayama Prefecture","Sugawara, H., Iwata, T., Yamashita, H., & Nagano, M. (2021). Taxonomic Reassessment of the Izumo Lineage of Hynobius utsunomiyaorum: Description of a New Species from Chugoku, Japan. Animals : an open access journal from MDPI, 11(8), 2187. https://doi.org/10.3390/ani11082187"
"LC436372 Hynobius utsunomiyaorum",35.15,134.4333,1942,"GeoLocate","KUHE:11076","Hyogo (Shiso-shi)","Sugawara, H., Iwata, T., Yamashita, H., & Nagano, M. (2021). Taxonomic Reassessment of the Izumo Lineage of Hynobius utsunomiyaorum: Description of a New Species from Chugoku, Japan. Animals : an open access journal from MDPI, 11(8), 2187. https://doi.org/10.3390/ani11082187"
"LC436373 Hynobius utsunomiyaorum",35.192797,134.346576,1020,"GeoLocate","KUHE:26187","Nishiawakura Village, Okayama Prefecture","Sugawara, H., Iwata, T., Yamashita, H., & Nagano, M. (2021). Taxonomic Reassessment of the Izumo Lineage of Hynobius utsunomiyaorum: Description of a New Species from Chugoku, Japan. Animals : an open access journal from MDPI, 11(8), 2187. https://doi.org/10.3390/ani11082187"
"LC605118 Hynobius utsunomiyaorum",35.218866,134.365733,1101,"GeoLocate","UT13","Utsunomiyaorum13 Ogaya","Sugawara, H., Iwata, T., Yamashita, H., & Nagano, M. (2021). Taxonomic Reassessment of the Izumo Lineage of Hynobius utsunomiyaorum: Description of a New Species from Chugoku, Japan. Animals : an open access journal from MDPI, 11(8), 2187. https://doi.org/10.3390/ani11082187"
