"value","Lat","Lon","Error_km","Museum_Field_Number","locality"
"ON793648.1 Cynops orientalis voucher KIZ021848 cytochrome b (cytb) gene, partial cds; mitochondrial",31.1415,115.983,5.033,"KIZ021848","Shangtushi, Anhui, China"
"ON793671.1 Cynops orientalis voucher KIZ06358 cytochrome b (CYTB) gene, partial cds; mitochondrial",29.152876,119.654274,11386,"KIZ06358","Jinhua, Zhejiang, China"
"ON793686.1 Cynops orientalis voucher KIZ012944 cytochrome b (CYTB) gene, partial cds; mitochondrial",29.239148,121.051104,2.071,"KIZ012944","Shiliang, Tiantai, Zhejiang, China"
"ON793685.1 Cynops orientalis voucher KIZ012941 cytochrome b (CYTB) gene, partial cds; mitochondrial",29.239148,121.051104,2.071,"KIZ012941","Shiliang, Tiantai, Zhejiang, China"
"ON793684.1 Cynops orientalis voucher KIZ012940 cytochrome b (CYTB) gene, partial cds; mitochondrial",29.239148,121.051104,2.071,"KIZ012940","Shiliang, Tiantai, Zhejiang, China"
"ON793692.1 Cynops orientalis voucher KIZ020536 cytochrome b (CYTB) gene, partial cds; mitochondrial",29.628994,115.96322,9719,"KIZ020536","Jiujiang, Jiangxi, China"
"ON793693.1 Cynops orientalis voucher KIZ020539 cytochrome b (CYTB) gene, partial cds; mitochondrial",29.628994,115.96322,9719,"KIZ020539","Jiujiang, Jiangxi, China"
"KY399474.1 Cynops orientalis mitochondrion, complete genome",25.54126944,102.3790944,"NA","Accession num-ber: SAU2014005","Wuding county(25�32'28.57""N, 102�22'44.74"" E), Yunnan Province, China"
"ON357943.1 Cynops orientalis voucher Tissue ID:2016.4.14 mitochondrion, complete genome",30.876227,116.07778,3036,"Tissue ID:2016.4.14","Mingtang Mountain, Anqing, Anhui"
"EU880311.1 Cynops orientalis mitochondrion, partial genome",30.25,120.16667,11.447,"MVZ230345","Laohe Shan, Hangzhou He, Hangzhou"
"ON793688.1 Cynops orientalis voucher KIZ013018 cytochrome b (CYTB) gene, partial cds; mitochondrial",31.813382,114.073561,2070,"KIZ013018","Jigong mountain, Henan, China"
"ON793689.1 Cynops orientalis voucher KIZ013021 cytochrome b (CYTB) gene, partial cds; mitochondrial",31.813382,114.073561,2070,"KIZ013021","Jigong mountain, Henan, China"
"ON793687.1 Cynops orientalis voucher KIZ013017 cytochrome b (CYTB) gene, partial cds; mitochondrial",31.813382,114.073561,2070,"KIZ013017","Jigong mountain, Henan, China"
"ON793695.1 Cynops orientalis voucher KIZ021844 cytochrome b (CYTB) gene, partial cds; mitochondrial",31.1415,115.983,5.033,"KIZ021844","Shangtushi, Anhui, China"
