value,Lat,Lon,Method,Error_km,Museum_Field_Number,Notes,Reference,locality
"ON793674.1 Cynops orphicus voucher KIZ09820 cytochrome b (CYTB) gene, partial cds; mitochondrial",23.906254,116.655263,GeoLocate,75.884,KIZ09820,NA,https://doi.org/10.24272/j.issn.2095-8137.2022.080,"Fenghuang, Shantou, Guangdong, China"
"ON793673.1 Cynops orphicus voucher KIZ09819 cytochrome b (CYTB) gene, partial cds; mitochondrial",23.906254,116.655263,GeoLocate,75.884,KIZ09819,NA,https://doi.org/10.24272/j.issn.2095-8137.2022.080,"Fenghuang, Shantou, Guangdong, China"
"ON793672.1 Cynops orphicus voucher KIZ09816 cytochrome b (CYTB) gene, partial cds; mitochondrial",23.906254,116.655263,GeoLocate,75.884,KIZ09816,NA,https://doi.org/10.24272/j.issn.2095-8137.2022.080,"Fenghuang, Shantou, Guangdong, China"
"EU880312.1 Cynops orphicus mitochondrion, partial genome",23.956,116.6445,museum database MVZ,1.02,MVZ241428,NA,https://doi.org/10.1016/j.ympev.2008.08.020,"Elev. 1325m, 23�57.36'N, 116�38.67'E, Tian Chi Lake, 13 km NW (by road) Fenghuang (Pheonix) Town, Chaoan County, Guangdong Province, China"
"ON793675.1 Cynops orphicus voucher KIZ09821 cytochrome b (CYTB) gene, partial cds; mitochondrial",23.906254,116.655263,GeoLocate,75.884,KIZ09821,NA,https://doi.org/10.24272/j.issn.2095-8137.2022.080,"Fenghuang, Guangdong, China"
"ON793678.1 UNVERIFIED: Cynops orphicus voucher KIZ09843 cytochrome b-like (CYTB) gene, partial sequence; mitochondrial",25.683553,118.186105,GeoLocate,16.455,KIZ09843,NA,https://doi.org/10.24272/j.issn.2095-8137.2022.080,"Daiyun mountain,Dehua, Fujian, China"
"ON793682.1 Cynops orphicus voucher KIZ09906 cytochrome b (CYTB) gene, partial cds; mitochondrial",25.846763,118.936922,GeoLocate,49.324,KIZ09906,NA,https://doi.org/10.24272/j.issn.2095-8137.2022.080,"Yongtai, Fujian, China"
"ON793681.1 Cynops orphicus voucher KIZ09905 cytochrome b (CYTB) gene, partial cds; mitochondrial",25.846763,118.936922,GeoLocate,49.324,KIZ09905,NA,https://doi.org/10.24272/j.issn.2095-8137.2022.080,"Yongtai, Fujian, China"
"ON793683.1 Cynops orphicus voucher KIZ09908 cytochrome b (CYTB) gene, partial cds; mitochondrial",25.846763,118.936922,GeoLocate,49.324,KIZ09908,NA,https://doi.org/10.24272/j.issn.2095-8137.2022.080,"Yongtai, Fujian, China"
"ON793680.1 Cynops orphicus voucher KIZ09845 cytochrome b (CYTB) gene, partial cds; mitochondrial",25.683553,118.186105,GeoLocate,16.455,KIZ09845,NA,https://doi.org/10.24272/j.issn.2095-8137.2022.080,"Daiyun mountain,Dehua, Fujian, China"
"ON793679.1 Cynops orphicus voucher KIZ09844 cytochrome b (CYTB) gene, partial cds; mitochondrial",25.683553,118.186105,GeoLocate,16.455,KIZ09844,NA,https://doi.org/10.24272/j.issn.2095-8137.2022.080,"Daiyun mountain,Dehua, Fujian, China"
"ON793677.1 Cynops orphicus voucher KIZ09841 cytochrome b (CYTB) gene, partial cds; mitochondrial",25.683553,118.186105,GeoLocate,16.455,KIZ09841,NA,https://doi.org/10.24272/j.issn.2095-8137.2022.080,"Daiyun mountain,Dehua, Fujian, China"
"ON793676.1 Cynops orphicus voucher KIZ09839 cytochrome b (CYTB) gene, partial cds; mitochondrial",25.683553,118.186105,GeoLocate,16.455,KIZ09839,NA,https://doi.org/10.24272/j.issn.2095-8137.2022.080,"Daiyun mountain,Dehua, Fujian, China"
