"value","Lat","Lon","Error_km","Method","voucher","Notes","Reference"
"EF089307.1 Mesotriton alpestris isolate Ta28.1 cytochrome b (cytb) gene, partial cds; mitochondrial",42.75,22.4166666666667,"NA","Manuscript","NA","Serbia","Sotiropoulos, K., Eleftherakos, K., Dzukić, G., Kalezić, M. L., Legakis, A., & Polymeni, R. M. (2007). Phylogeny and biogeography of the alpine newt Mesotriton alpestris (Salamandridae, Caudata), inferred from mtDNA sequences. Molecular phylogenetics and evolution, 45(1), 211–226. https://doi.org/10.1016/j.ympev.2007.03.012"
"EF089312.1 Mesotriton alpestris isolate Ta29.3 cytochrome b (cytb) gene, partial cds; mitochondrial",42.6166666666667,22.3833333333333,"NA","Manuscript","NA","Serbia","Sotiropoulos, K., Eleftherakos, K., Dzukić, G., Kalezić, M. L., Legakis, A., & Polymeni, R. M. (2007). Phylogeny and biogeography of the alpine newt Mesotriton alpestris (Salamandridae, Caudata), inferred from mtDNA sequences. Molecular phylogenetics and evolution, 45(1), 211–226. https://doi.org/10.1016/j.ympev.2007.03.012"
"EF089308.1 Mesotriton alpestris isolate Ta28.2 cytochrome b (cytb) gene, partial cds; mitochondrial",42.75,22.4166666666667,"NA","Manuscript","NA","Serbia","Sotiropoulos, K., Eleftherakos, K., Dzukić, G., Kalezić, M. L., Legakis, A., & Polymeni, R. M. (2007). Phylogeny and biogeography of the alpine newt Mesotriton alpestris (Salamandridae, Caudata), inferred from mtDNA sequences. Molecular phylogenetics and evolution, 45(1), 211–226. https://doi.org/10.1016/j.ympev.2007.03.012"
"EF089310.1 Mesotriton alpestris isolate Ta29.1 cytochrome b (cytb) gene, partial cds; mitochondrial",42.6166666666667,22.3833333333333,"NA","Manuscript","NA","Serbia","Sotiropoulos, K., Eleftherakos, K., Dzukić, G., Kalezić, M. L., Legakis, A., & Polymeni, R. M. (2007). Phylogeny and biogeography of the alpine newt Mesotriton alpestris (Salamandridae, Caudata), inferred from mtDNA sequences. Molecular phylogenetics and evolution, 45(1), 211–226. https://doi.org/10.1016/j.ympev.2007.03.012"
"EF089306.1 Mesotriton alpestris isolate Ta27 cytochrome b (cytb) gene, partial cds; mitochondrial",42.7,22.38333333333,"NA","Manuscript","NA","Serbia","Sotiropoulos, K., Eleftherakos, K., Dzukić, G., Kalezić, M. L., Legakis, A., & Polymeni, R. M. (2007). Phylogeny and biogeography of the alpine newt Mesotriton alpestris (Salamandridae, Caudata), inferred from mtDNA sequences. Molecular phylogenetics and evolution, 45(1), 211–226. https://doi.org/10.1016/j.ympev.2007.03.012"
"EF089305.1 Mesotriton alpestris isolate Ta26.2 cytochrome b (cytb) gene, partial cds; mitochondrial",42.7666666666667,22.2333333333333,"NA","Manuscript","NA","Serbia","Sotiropoulos, K., Eleftherakos, K., Dzukić, G., Kalezić, M. L., Legakis, A., & Polymeni, R. M. (2007). Phylogeny and biogeography of the alpine newt Mesotriton alpestris (Salamandridae, Caudata), inferred from mtDNA sequences. Molecular phylogenetics and evolution, 45(1), 211–226. https://doi.org/10.1016/j.ympev.2007.03.012"
"EF089304.1 Mesotriton alpestris isolate Ta26.1 cytochrome b (cytb) gene, partial cds; mitochondrial",42.7666666666667,22.2333333333333,"NA","Manuscript","NA","Serbia","Sotiropoulos, K., Eleftherakos, K., Dzukić, G., Kalezić, M. L., Legakis, A., & Polymeni, R. M. (2007). Phylogeny and biogeography of the alpine newt Mesotriton alpestris (Salamandridae, Caudata), inferred from mtDNA sequences. Molecular phylogenetics and evolution, 45(1), 211–226. https://doi.org/10.1016/j.ympev.2007.03.012"
"DQ481534.1 Mesotriton alpestris isolate Ta22 cytochrome b (cytb) gene, partial cds; mitochondrial",42.7333333333333,22.3166666666667,"NA","Manuscript","NA","Serbia","Sotiropoulos, K., Eleftherakos, K., Dzukić, G., Kalezić, M. L., Legakis, A., & Polymeni, R. M. (2007). Phylogeny and biogeography of the alpine newt Mesotriton alpestris (Salamandridae, Caudata), inferred from mtDNA sequences. Molecular phylogenetics and evolution, 45(1), 211–226. https://doi.org/10.1016/j.ympev.2007.03.012"
"EF089311.1 Mesotriton alpestris isolate Ta29.2 cytochrome b (cytb) gene, partial cds; mitochondrial",42.6166666666667,22.3833333333333,"NA","Manuscript","NA","Serbia","Sotiropoulos, K., Eleftherakos, K., Dzukić, G., Kalezić, M. L., Legakis, A., & Polymeni, R. M. (2007). Phylogeny and biogeography of the alpine newt Mesotriton alpestris (Salamandridae, Caudata), inferred from mtDNA sequences. Molecular phylogenetics and evolution, 45(1), 211–226. https://doi.org/10.1016/j.ympev.2007.03.012"
"EF089309.1 Mesotriton alpestris isolate Ta28.3 cytochrome b (cytb) gene, partial cds; mitochondrial",42.75,22.4166666666667,"NA","Manuscript","NA","Serbia","Sotiropoulos, K., Eleftherakos, K., Dzukić, G., Kalezić, M. L., Legakis, A., & Polymeni, R. M. (2007). Phylogeny and biogeography of the alpine newt Mesotriton alpestris (Salamandridae, Caudata), inferred from mtDNA sequences. Molecular phylogenetics and evolution, 45(1), 211–226. https://doi.org/10.1016/j.ympev.2007.03.012"
"EF089331.1 Mesotriton alpestris isolate Ta47 cytochrome b (cytb) gene, partial cds; mitochondrial",44.25,9.53333333333333,"NA","Manuscript","NA","Italy","Sotiropoulos, K., Eleftherakos, K., Dzukić, G., Kalezić, M. L., Legakis, A., & Polymeni, R. M. (2007). Phylogeny and biogeography of the alpine newt Mesotriton alpestris (Salamandridae, Caudata), inferred from mtDNA sequences. Molecular phylogenetics and evolution, 45(1), 211–226. https://doi.org/10.1016/j.ympev.2007.03.012"
"EF089328.1 Mesotriton alpestris isolate Ta44 cytochrome b (cytb) gene, partial cds; mitochondrial",45.946111,12.011944,1807,"GeoLocate","NA","Italy, Monte Cesen, Valdobiadene","Sotiropoulos, K., Eleftherakos, K., Dzukić, G., Kalezić, M. L., Legakis, A., & Polymeni, R. M. (2007). Phylogeny and biogeography of the alpine newt Mesotriton alpestris (Salamandridae, Caudata), inferred from mtDNA sequences. Molecular phylogenetics and evolution, 45(1), 211–226. https://doi.org/10.1016/j.ympev.2007.03.012"
"EF089336.1 Mesotriton alpestris isolate Ta51 cytochrome b (cytb) gene, partial cds; mitochondrial",43.0333333333333,2.68333333333333,"NA","Manuscript","NA","Spain","Sotiropoulos, K., Eleftherakos, K., Dzukić, G., Kalezić, M. L., Legakis, A., & Polymeni, R. M. (2007). Phylogeny and biogeography of the alpine newt Mesotriton alpestris (Salamandridae, Caudata), inferred from mtDNA sequences. Molecular phylogenetics and evolution, 45(1), 211–226. https://doi.org/10.1016/j.ympev.2007.03.012"
"EF089333.1 Mesotriton alpestris isolate Ta49.1 cytochrome b (cytb) gene, partial cds; mitochondrial",51.3166666666667,5.53333333333333,"NA","Manuscript","NA","The Netherlands","Sotiropoulos, K., Eleftherakos, K., Dzukić, G., Kalezić, M. L., Legakis, A., & Polymeni, R. M. (2007). Phylogeny and biogeography of the alpine newt Mesotriton alpestris (Salamandridae, Caudata), inferred from mtDNA sequences. Molecular phylogenetics and evolution, 45(1), 211–226. https://doi.org/10.1016/j.ympev.2007.03.012"
"EF089320.1 Mesotriton alpestris isolate Ta36 cytochrome b (cytb) gene, partial cds; mitochondrial",47.8166666666667,16.0666666666667,"NA","Manuscript","NA","Austria","Sotiropoulos, K., Eleftherakos, K., Dzukić, G., Kalezić, M. L., Legakis, A., & Polymeni, R. M. (2007). Phylogeny and biogeography of the alpine newt Mesotriton alpestris (Salamandridae, Caudata), inferred from mtDNA sequences. Molecular phylogenetics and evolution, 45(1), 211–226. https://doi.org/10.1016/j.ympev.2007.03.012"
"EF089317.1 Mesotriton alpestris isolate Ta34 cytochrome b (cytb) gene, partial cds; mitochondrial",46.9333333333333,26.1833333333333,"NA","Manuscript","NA","Romania","Sotiropoulos, K., Eleftherakos, K., Dzukić, G., Kalezić, M. L., Legakis, A., & Polymeni, R. M. (2007). Phylogeny and biogeography of the alpine newt Mesotriton alpestris (Salamandridae, Caudata), inferred from mtDNA sequences. Molecular phylogenetics and evolution, 45(1), 211–226. https://doi.org/10.1016/j.ympev.2007.03.012"
"DQ481521.1 Mesotriton alpestris isolate Ta9 cytochrome b (cytb) gene, partial cds; mitochondrial",41.25,20.5333333333333,"NA","Manuscript","NA","Macedonia","Sotiropoulos, K., Eleftherakos, K., Dzukić, G., Kalezić, M. L., Legakis, A., & Polymeni, R. M. (2007). Phylogeny and biogeography of the alpine newt Mesotriton alpestris (Salamandridae, Caudata), inferred from mtDNA sequences. Molecular phylogenetics and evolution, 45(1), 211–226. https://doi.org/10.1016/j.ympev.2007.03.012"
"DQ481522.1 Mesotriton alpestris isolate Ta10 cytochrome b (cytb) gene, partial cds; mitochondrial",41.9,20.683333333333,"NA","Manuscript","NA","Serbia","Sotiropoulos, K., Eleftherakos, K., Dzukić, G., Kalezić, M. L., Legakis, A., & Polymeni, R. M. (2007). Phylogeny and biogeography of the alpine newt Mesotriton alpestris (Salamandridae, Caudata), inferred from mtDNA sequences. Molecular phylogenetics and evolution, 45(1), 211–226. https://doi.org/10.1016/j.ympev.2007.03.012"
"EF089316.1 Mesotriton alpestris isolate Ta33 cytochrome b (cytb) gene, partial cds; mitochondrial",45.4666666666667,25.5666666666667,"NA","Manuscript","NA","Romania","Sotiropoulos, K., Eleftherakos, K., Dzukić, G., Kalezić, M. L., Legakis, A., & Polymeni, R. M. (2007). Phylogeny and biogeography of the alpine newt Mesotriton alpestris (Salamandridae, Caudata), inferred from mtDNA sequences. Molecular phylogenetics and evolution, 45(1), 211–226. https://doi.org/10.1016/j.ympev.2007.03.012"
"DQ481528.1 Mesotriton alpestris isolate Ta16 cytochrome b (cytb) gene, partial cds; mitochondrial",44.15,15.85,"NA","Manuscript","NA","Croatia","Sotiropoulos, K., Eleftherakos, K., Dzukić, G., Kalezić, M. L., Legakis, A., & Polymeni, R. M. (2007). Phylogeny and biogeography of the alpine newt Mesotriton alpestris (Salamandridae, Caudata), inferred from mtDNA sequences. Molecular phylogenetics and evolution, 45(1), 211–226. https://doi.org/10.1016/j.ympev.2007.03.012"
"DQ481526.1 Mesotriton alpestris isolate Ta14 cytochrome b (cytb) gene, partial cds; mitochondrial",43.8,19.083333333333,"NA","Manuscript","NA","Bosnia & Herzegovina","Sotiropoulos, K., Eleftherakos, K., Dzukić, G., Kalezić, M. L., Legakis, A., & Polymeni, R. M. (2007). Phylogeny and biogeography of the alpine newt Mesotriton alpestris (Salamandridae, Caudata), inferred from mtDNA sequences. Molecular phylogenetics and evolution, 45(1), 211–226. https://doi.org/10.1016/j.ympev.2007.03.012"
"DQ481529.1 Mesotriton alpestris isolate Ta17 cytochrome b (cytb) gene, partial cds; mitochondrial",44.85,15.1666666666667,"NA","Manuscript","NA","Croatia","Sotiropoulos, K., Eleftherakos, K., Dzukić, G., Kalezić, M. L., Legakis, A., & Polymeni, R. M. (2007). Phylogeny and biogeography of the alpine newt Mesotriton alpestris (Salamandridae, Caudata), inferred from mtDNA sequences. Molecular phylogenetics and evolution, 45(1), 211–226. https://doi.org/10.1016/j.ympev.2007.03.012"
"DQ481530.1 Mesotriton alpestris isolate Ta18 cytochrome b (cytb) gene, partial cds; mitochondrial",45.5166666666667,17.6833333333333,"NA","Manuscript","NA","Croatia","Sotiropoulos, K., Eleftherakos, K., Dzukić, G., Kalezić, M. L., Legakis, A., & Polymeni, R. M. (2007). Phylogeny and biogeography of the alpine newt Mesotriton alpestris (Salamandridae, Caudata), inferred from mtDNA sequences. Molecular phylogenetics and evolution, 45(1), 211–226. https://doi.org/10.1016/j.ympev.2007.03.012"
