"value","Lat","Lon","Method","Error_km","Museum_Field_Number","Notes","Reference"
"MK512368.1 Karsenia koreana mitochondrion, complete genome",36.9,128.28,"Article","NA","NA","Under abstract","https://doi.org/10.1080/23802359.2019.1601530"
"JQ798749.1 Karsenia koreana voucher GRKOAM0000100295 cytochrome b (cytb) gene, partial cds; mitochondrial",36.2136,127.343,"Article,googleearth,GPScoordinates",0.5,"NA","https://doi.org/10.1111/1755-0998.12055",
"JQ798750.1 Karsenia koreana voucher GRKOAM0000100708 cytochrome b (cytb) gene, partial cds; mitochondrial",35.7861,127.7611,"Article,googleearth,GPScoordinates",0.5,"NA","https://doi.org/10.1111/1755-0998.12055",
"JQ798748.1 Karsenia koreana voucher GRKOAM0000100298 cytochrome b (cytb) gene, partial cds; mitochondrial",35.9719,127.2106,"Article,googleearth,GPScoordinates",2,"NA","https://doi.org/10.1111/1755-0998.12055",
