value,Lat,Lon,Method,Error,Reference
DQ335745 Liua shihi,31.43,110.28,Retrieved from paper using Genbank information,Not provided,Cryptic species and systematics of the hynobiid salamanders of the LiuaePseudohynobius complex: Molecular and phylogenetic perspectives
DQ335744 Liua shihi,31.43,110.28,Retrieved from paper using Genbank information,Not provided,Cryptic species and systematics of the hynobiid salamanders of the LiuaePseudohynobius complex: Molecular and phylogenetic perspectives
DQ335741 Liua shihi,31.52,108.45,Retrieved from paper using Genbank information,Not provided,Cryptic species and systematics of the hynobiid salamanders of the LiuaePseudohynobius complex: Molecular and phylogenetic perspectives
DQ335743 Liua shihi,31.41,110.25,Retrieved from paper using Genbank information,Not provided,Cryptic species and systematics of the hynobiid salamanders of the LiuaePseudohynobius complex: Molecular and phylogenetic perspectives
DQ335742 Liua shihi,31.41,110.25,Retrieved from paper using Genbank information,Not provided,Cryptic species and systematics of the hynobiid salamanders of the LiuaePseudohynobius complex: Molecular and phylogenetic perspectives
DQ335734 Liua shihi,31.43,110.27,Retrieved from paper using Genbank information,Not provided,Cryptic species and systematics of the hynobiid salamanders of the LiuaePseudohynobius complex: Molecular and phylogenetic perspectives
AY028775 Liua shihi,31.17,110.14,Retrieved from paper using Genbank information,Not provided,Cryptic species and systematics of the hynobiid salamanders of the LiuaePseudohynobius complex: Molecular and phylogenetic perspectives
DQ335731 Liua shihi,31.33,109.91,Retrieved from paper using Genbank information,Not provided,Cryptic species and systematics of the hynobiid salamanders of the LiuaePseudohynobius complex: Molecular and phylogenetic perspectives
DQ335733 Liua shihi,31.43,110.27,Retrieved from paper using Genbank information,Not provided,Cryptic species and systematics of the hynobiid salamanders of the LiuaePseudohynobius complex: Molecular and phylogenetic perspectives
DQ335739 Liua shihi,31.17,110.14,Retrieved from paper using Genbank information,Not provided,Cryptic species and systematics of the hynobiid salamanders of the LiuaePseudohynobius complex: Molecular and phylogenetic perspectives
DQ335740 Liua shihi,31.52,108.45,Retrieved from paper using Genbank information,Not provided,Cryptic species and systematics of the hynobiid salamanders of the LiuaePseudohynobius complex: Molecular and phylogenetic perspectives
DQ335738 Liua shihi,31.48,109.8,Retrieved from paper using Genbank information,Not provided,Cryptic species and systematics of the hynobiid salamanders of the LiuaePseudohynobius complex: Molecular and phylogenetic perspectives
DQ335737 Liua shihi,31.48,109.8,Retrieved from paper using Genbank information,Not provided,Cryptic species and systematics of the hynobiid salamanders of the LiuaePseudohynobius complex: Molecular and phylogenetic perspectives
DQ335736 Liua shihi,31.78,108.58,Retrieved from paper using Genbank information,Not provided,Cryptic species and systematics of the hynobiid salamanders of the LiuaePseudohynobius complex: Molecular and phylogenetic perspectives
DQ335735 Liua shihi,31.78,108.58,Retrieved from paper using Genbank information,Not provided,Cryptic species and systematics of the hynobiid salamanders of the LiuaePseudohynobius complex: Molecular and phylogenetic perspectives
DQ335732 Liua shihi,31.33,109.91,Retrieved from paper using Genbank information,Not provided,Cryptic species and systematics of the hynobiid salamanders of the LiuaePseudohynobius complex: Molecular and phylogenetic perspectives
