"value","Lat","Lon","Error_km","Method","voucher","Notes","Reference"
"DQ335728 Pseudohynobius tsinpaensis",32.1,108.133333333333,"NA","Manuscript","CIB-zyc915","NA","Zeng et al. 2006"
"DQ335727 Pseudohynobius tsinpaensis",32.1,108.133333333333,"NA","Manuscript","CIB-zyc914","NA","Zeng et al. 2006"
"DQ335725 Pseudohynobius tsinpaensis",32.5666666666667,106.7,"NA","Manuscript","CIB-XM825","NA","NA"
"DQ335726 Pseudohynobius tsinpaensis",32.5666666666667,106.7,"NA","Manuscript","CIB-XM826","NA","NA"
"DQ333813.1 Pseudohynobius tsinpaensis mitochondrion, complete genome",34.158,108.214,"NA","Wikipedia","NA","NA","NA"
"DQ335729 Pseudohynobius tsinpaensis",34.4166666666667,108.2,"NA","Manuscript","MVZ231155","NA","NA"
"DQ335730 Pseudohynobius tsinpaensis",34.4166666666667,108.2,"NA","Manuscript","MVZ231156","NA","NA"
