"value","Lat","Lon","Method","Error","Reference"
"AF170013.1 Mertensiella caucasica haplotype A cytochrome b (cytb) gene, partial cds; mitochondrial gene for mitochondrial product",41.528,43.3,"Location retrieved from paper, haplotypes where added using the sample size established by the authors ","Not given by publication","Pre-Pleistocene Refugia and Differentiation between Populations of the Caucasian Salamander (Mertensiella caucasica)"
"AF170013.4 Mertensiella caucasica haplotype A cytochrome b (cytb) gene, partial cds; mitochondrial gene for mitochondrial product",41.478,43.158,"Location retrieved from paper, haplotypes where added using the sample size established by the authors ","Not given by publication","Pre-Pleistocene Refugia and Differentiation between Populations of the Caucasian Salamander (Mertensiella caucasica)"
"AF170013.4 Mertensiella caucasica haplotype A cytochrome b (cytb) gene, partial cds; mitochondrial gene for mitochondrial product",41.478,43.158,"Location retrieved from paper, haplotypes where added using the sample size established by the authors ","Not given by publication","Pre-Pleistocene Refugia and Differentiation between Populations of the Caucasian Salamander (Mertensiella caucasica)"
"AF170013.4 Mertensiella caucasica haplotype A cytochrome b (cytb) gene, partial cds; mitochondrial gene for mitochondrial product",41.478,43.158,"Location retrieved from paper, haplotypes where added using the sample size established by the authors ","Not given by publication","Pre-Pleistocene Refugia and Differentiation between Populations of the Caucasian Salamander (Mertensiella caucasica)"
"AF170013.4 Mertensiella caucasica haplotype A cytochrome b (cytb) gene, partial cds; mitochondrial gene for mitochondrial product",41.478,43.158,"Location retrieved from paper, haplotypes where added using the sample size established by the authors ","Not given by publication","Pre-Pleistocene Refugia and Differentiation between Populations of the Caucasian Salamander (Mertensiella caucasica)"
"AF170013.4 Mertensiella caucasica haplotype A cytochrome b (cytb) gene, partial cds; mitochondrial gene for mitochondrial product",41.478,43.158,"Location retrieved from paper, haplotypes where added using the sample size established by the authors ","Not given by publication","Pre-Pleistocene Refugia and Differentiation between Populations of the Caucasian Salamander (Mertensiella caucasica)"
"AF170013.3 Mertensiella caucasica haplotype A cytochrome b (cytb) gene, partial cds; mitochondrial gene for mitochondrial product",41.528,43.16,"Location retrieved from paper, haplotypes where added using the sample size established by the authors ","Not given by publication","Pre-Pleistocene Refugia and Differentiation between Populations of the Caucasian Salamander (Mertensiella caucasica)"
"AF170013.3 Mertensiella caucasica haplotype A cytochrome b (cytb) gene, partial cds; mitochondrial gene for mitochondrial product",41.528,43.16,"Location retrieved from paper, haplotypes where added using the sample size established by the authors ","Not given by publication","Pre-Pleistocene Refugia and Differentiation between Populations of the Caucasian Salamander (Mertensiella caucasica)"
"AF170013.3 Mertensiella caucasica haplotype A cytochrome b (cytb) gene, partial cds; mitochondrial gene for mitochondrial product",41.528,43.16,"Location retrieved from paper, haplotypes where added using the sample size established by the authors ","Not given by publication","Pre-Pleistocene Refugia and Differentiation between Populations of the Caucasian Salamander (Mertensiella caucasica)"
"AF170013.3 Mertensiella caucasica haplotype A cytochrome b (cytb) gene, partial cds; mitochondrial gene for mitochondrial product",41.528,43.16,"Location retrieved from paper, haplotypes where added using the sample size established by the authors ","Not given by publication","Pre-Pleistocene Refugia and Differentiation between Populations of the Caucasian Salamander (Mertensiella caucasica)"
"AF170013.3 Mertensiella caucasica haplotype A cytochrome b (cytb) gene, partial cds; mitochondrial gene for mitochondrial product",41.528,43.16,"Location retrieved from paper, haplotypes where added using the sample size established by the authors ","Not given by publication","Pre-Pleistocene Refugia and Differentiation between Populations of the Caucasian Salamander (Mertensiella caucasica)"
"AF170013.3 Mertensiella caucasica haplotype A cytochrome b (cytb) gene, partial cds; mitochondrial gene for mitochondrial product",41.528,43.16,"Location retrieved from paper, haplotypes where added using the sample size established by the authors ","Not given by publication","Pre-Pleistocene Refugia and Differentiation between Populations of the Caucasian Salamander (Mertensiella caucasica)"
"AF170013.3 Mertensiella caucasica haplotype A cytochrome b (cytb) gene, partial cds; mitochondrial gene for mitochondrial product",41.528,43.16,"Location retrieved from paper, haplotypes where added using the sample size established by the authors ","Not given by publication","Pre-Pleistocene Refugia and Differentiation between Populations of the Caucasian Salamander (Mertensiella caucasica)"
"AF170013.3 Mertensiella caucasica haplotype A cytochrome b (cytb) gene, partial cds; mitochondrial gene for mitochondrial product",41.528,43.16,"Location retrieved from paper, haplotypes where added using the sample size established by the authors ","Not given by publication","Pre-Pleistocene Refugia and Differentiation between Populations of the Caucasian Salamander (Mertensiella caucasica)"
"AF170013.3 Mertensiella caucasica haplotype A cytochrome b (cytb) gene, partial cds; mitochondrial gene for mitochondrial product",41.528,43.16,"Location retrieved from paper, haplotypes where added using the sample size established by the authors ","Not given by publication","Pre-Pleistocene Refugia and Differentiation between Populations of the Caucasian Salamander (Mertensiella caucasica)"
"AF170013.3 Mertensiella caucasica haplotype A cytochrome b (cytb) gene, partial cds; mitochondrial gene for mitochondrial product",41.528,43.16,"Location retrieved from paper, haplotypes where added using the sample size established by the authors ","Not given by publication","Pre-Pleistocene Refugia and Differentiation between Populations of the Caucasian Salamander (Mertensiella caucasica)"
"AF170013.3 Mertensiella caucasica haplotype A cytochrome b (cytb) gene, partial cds; mitochondrial gene for mitochondrial product",41.528,43.16,"Location retrieved from paper, haplotypes where added using the sample size established by the authors ","Not given by publication","Pre-Pleistocene Refugia and Differentiation between Populations of the Caucasian Salamander (Mertensiella caucasica)"
"AF170013.3 Mertensiella caucasica haplotype A cytochrome b (cytb) gene, partial cds; mitochondrial gene for mitochondrial product",41.528,43.16,"Location retrieved from paper, haplotypes where added using the sample size established by the authors ","Not given by publication","Pre-Pleistocene Refugia and Differentiation between Populations of the Caucasian Salamander (Mertensiella caucasica)"
"AF170013.2 Mertensiella caucasica haplotype A cytochrome b (cytb) gene, partial cds; mitochondrial gene for mitochondrial product",41.558,43.33,"Location retrieved from paper, haplotypes where added using the sample size established by the authors ","Not given by publication","Pre-Pleistocene Refugia and Differentiation between Populations of the Caucasian Salamander (Mertensiella caucasica)"
"AF170013.2 Mertensiella caucasica haplotype A cytochrome b (cytb) gene, partial cds; mitochondrial gene for mitochondrial product",41.558,43.33,"Location retrieved from paper, haplotypes where added using the sample size established by the authors ","Not given by publication","Pre-Pleistocene Refugia and Differentiation between Populations of the Caucasian Salamander (Mertensiella caucasica)"
"AF170013.2 Mertensiella caucasica haplotype A cytochrome b (cytb) gene, partial cds; mitochondrial gene for mitochondrial product",41.558,43.33,"Location retrieved from paper, haplotypes where added using the sample size established by the authors ","Not given by publication","Pre-Pleistocene Refugia and Differentiation between Populations of the Caucasian Salamander (Mertensiella caucasica)"
"AF170013.2 Mertensiella caucasica haplotype A cytochrome b (cytb) gene, partial cds; mitochondrial gene for mitochondrial product",41.558,43.33,"Location retrieved from paper, haplotypes where added using the sample size established by the authors ","Not given by publication","Pre-Pleistocene Refugia and Differentiation between Populations of the Caucasian Salamander (Mertensiella caucasica)"
"AF170013.1 Mertensiella caucasica haplotype A cytochrome b (cytb) gene, partial cds; mitochondrial gene for mitochondrial product",41.528,43.3,"Location retrieved from paper, haplotypes where added using the sample size established by the authors ","Not given by publication","Pre-Pleistocene Refugia and Differentiation between Populations of the Caucasian Salamander (Mertensiella caucasica)"
"AF170013.1 Mertensiella caucasica haplotype A cytochrome b (cytb) gene, partial cds; mitochondrial gene for mitochondrial product",41.528,43.3,"Location retrieved from paper, haplotypes where added using the sample size established by the authors ","Not given by publication","Pre-Pleistocene Refugia and Differentiation between Populations of the Caucasian Salamander (Mertensiella caucasica)"
"AF170013.1 Mertensiella caucasica haplotype A cytochrome b (cytb) gene, partial cds; mitochondrial gene for mitochondrial product",41.528,43.3,"Location retrieved from paper, haplotypes where added using the sample size established by the authors ","Not given by publication","Pre-Pleistocene Refugia and Differentiation between Populations of the Caucasian Salamander (Mertensiella caucasica)"
"AF170013.1 Mertensiella caucasica haplotype A cytochrome b (cytb) gene, partial cds; mitochondrial gene for mitochondrial product",41.528,43.3,"Location retrieved from paper, haplotypes where added using the sample size established by the authors ","Not given by publication","Pre-Pleistocene Refugia and Differentiation between Populations of the Caucasian Salamander (Mertensiella caucasica)"
"AF170013.1 Mertensiella caucasica haplotype A cytochrome b (cytb) gene, partial cds; mitochondrial gene for mitochondrial product",41.528,43.3,"Location retrieved from paper, haplotypes where added using the sample size established by the authors ","Not given by publication","Pre-Pleistocene Refugia and Differentiation between Populations of the Caucasian Salamander (Mertensiella caucasica)"
"AF170013.1 Mertensiella caucasica haplotype A cytochrome b (cytb) gene, partial cds; mitochondrial gene for mitochondrial product",41.528,43.3,"Location retrieved from paper, haplotypes where added using the sample size established by the authors ","Not given by publication","Pre-Pleistocene Refugia and Differentiation between Populations of the Caucasian Salamander (Mertensiella caucasica)"
"AF170013.1 Mertensiella caucasica haplotype A cytochrome b (cytb) gene, partial cds; mitochondrial gene for mitochondrial product",41.528,43.3,"Location retrieved from paper, haplotypes where added using the sample size established by the authors ","Not given by publication","Pre-Pleistocene Refugia and Differentiation between Populations of the Caucasian Salamander (Mertensiella caucasica)"
"AF170013.1 Mertensiella caucasica haplotype A cytochrome b (cytb) gene, partial cds; mitochondrial gene for mitochondrial product",41.528,43.3,"Location retrieved from paper, haplotypes where added using the sample size established by the authors ","Not given by publication","Pre-Pleistocene Refugia and Differentiation between Populations of the Caucasian Salamander (Mertensiella caucasica)"
"AF170013.1 Mertensiella caucasica haplotype A cytochrome b (cytb) gene, partial cds; mitochondrial gene for mitochondrial product",41.528,43.3,"Location retrieved from paper, haplotypes where added using the sample size established by the authors ","Not given by publication","Pre-Pleistocene Refugia and Differentiation between Populations of the Caucasian Salamander (Mertensiella caucasica)"
"AF170013.1 Mertensiella caucasica haplotype A cytochrome b (cytb) gene, partial cds; mitochondrial gene for mitochondrial product",41.528,43.3,"Location retrieved from paper, haplotypes where added using the sample size established by the authors ","Not given by publication","Pre-Pleistocene Refugia and Differentiation between Populations of the Caucasian Salamander (Mertensiella caucasica)"
"AF170013.1 Mertensiella caucasica haplotype A cytochrome b (cytb) gene, partial cds; mitochondrial gene for mitochondrial product",41.528,43.3,"Location retrieved from paper, haplotypes where added using the sample size established by the authors ","Not given by publication","Pre-Pleistocene Refugia and Differentiation between Populations of the Caucasian Salamander (Mertensiella caucasica)"
"AF170013.1 Mertensiella caucasica haplotype A cytochrome b (cytb) gene, partial cds; mitochondrial gene for mitochondrial product",41.528,43.3,"Location retrieved from paper, haplotypes where added using the sample size established by the authors ","Not given by publication","Pre-Pleistocene Refugia and Differentiation between Populations of the Caucasian Salamander (Mertensiella caucasica)"
"AF170013.1 Mertensiella caucasica haplotype A cytochrome b (cytb) gene, partial cds; mitochondrial gene for mitochondrial product",41.528,43.3,"Location retrieved from paper, haplotypes where added using the sample size established by the authors ","Not given by publication","Pre-Pleistocene Refugia and Differentiation between Populations of the Caucasian Salamander (Mertensiella caucasica)"
"AF170013.1 Mertensiella caucasica haplotype A cytochrome b (cytb) gene, partial cds; mitochondrial gene for mitochondrial product",41.528,43.3,"Location retrieved from paper, haplotypes where added using the sample size established by the authors ","Not given by publication","Pre-Pleistocene Refugia and Differentiation between Populations of the Caucasian Salamander (Mertensiella caucasica)"
"AF170013.1 Mertensiella caucasica haplotype A cytochrome b (cytb) gene, partial cds; mitochondrial gene for mitochondrial product",41.528,43.3,"Location retrieved from paper, haplotypes where added using the sample size established by the authors ","Not given by publication","Pre-Pleistocene Refugia and Differentiation between Populations of the Caucasian Salamander (Mertensiella caucasica)"
"AF170013.1 Mertensiella caucasica haplotype A cytochrome b (cytb) gene, partial cds; mitochondrial gene for mitochondrial product",41.528,43.3,"Location retrieved from paper, haplotypes where added using the sample size established by the authors ","Not given by publication","Pre-Pleistocene Refugia and Differentiation between Populations of the Caucasian Salamander (Mertensiella caucasica)"
"AF170013.1 Mertensiella caucasica haplotype A cytochrome b (cytb) gene, partial cds; mitochondrial gene for mitochondrial product",41.528,43.3,"Location retrieved from paper, haplotypes where added using the sample size established by the authors ","Not given by publication","Pre-Pleistocene Refugia and Differentiation between Populations of the Caucasian Salamander (Mertensiella caucasica)"
"AF170013.1 Mertensiella caucasica haplotype A cytochrome b (cytb) gene, partial cds; mitochondrial gene for mitochondrial product",41.528,43.3,"Location retrieved from paper, haplotypes where added using the sample size established by the authors ","Not given by publication","Pre-Pleistocene Refugia and Differentiation between Populations of the Caucasian Salamander (Mertensiella caucasica)"
"AF170013.1 Mertensiella caucasica haplotype A cytochrome b (cytb) gene, partial cds; mitochondrial gene for mitochondrial product",41.528,43.3,"Location retrieved from paper, haplotypes where added using the sample size established by the authors ","Not given by publication","Pre-Pleistocene Refugia and Differentiation between Populations of the Caucasian Salamander (Mertensiella caucasica)"
"AF170013.1 Mertensiella caucasica haplotype A cytochrome b (cytb) gene, partial cds; mitochondrial gene for mitochondrial product",41.528,43.3,"Location retrieved from paper, haplotypes where added using the sample size established by the authors ","Not given by publication","Pre-Pleistocene Refugia and Differentiation between Populations of the Caucasian Salamander (Mertensiella caucasica)"
"AF170013.1 Mertensiella caucasica haplotype A cytochrome b (cytb) gene, partial cds; mitochondrial gene for mitochondrial product",41.528,43.3,"Location retrieved from paper, haplotypes where added using the sample size established by the authors ","Not given by publication","Pre-Pleistocene Refugia and Differentiation between Populations of the Caucasian Salamander (Mertensiella caucasica)"
"AF170013.1 Mertensiella caucasica haplotype A cytochrome b (cytb) gene, partial cds; mitochondrial gene for mitochondrial product",41.528,43.3,"Location retrieved from paper, haplotypes where added using the sample size established by the authors ","Not given by publication","Pre-Pleistocene Refugia and Differentiation between Populations of the Caucasian Salamander (Mertensiella caucasica)"
"AF170013.1 Mertensiella caucasica haplotype A cytochrome b (cytb) gene, partial cds; mitochondrial gene for mitochondrial product",41.528,43.3,"Location retrieved from paper, haplotypes where added using the sample size established by the authors ","Not given by publication","Pre-Pleistocene Refugia and Differentiation between Populations of the Caucasian Salamander (Mertensiella caucasica)"
"AF170013.1 Mertensiella caucasica haplotype A cytochrome b (cytb) gene, partial cds; mitochondrial gene for mitochondrial product",41.528,43.3,"Location retrieved from paper, haplotypes where added using the sample size established by the authors ","Not given by publication","Pre-Pleistocene Refugia and Differentiation between Populations of the Caucasian Salamander (Mertensiella caucasica)"
"AF170013.1 Mertensiella caucasica haplotype A cytochrome b (cytb) gene, partial cds; mitochondrial gene for mitochondrial product",41.528,43.3,"Location retrieved from paper, haplotypes where added using the sample size established by the authors ","Not given by publication","Pre-Pleistocene Refugia and Differentiation between Populations of the Caucasian Salamander (Mertensiella caucasica)"
"AF170013.1 Mertensiella caucasica haplotype A cytochrome b (cytb) gene, partial cds; mitochondrial gene for mitochondrial product",41.528,43.3,"Location retrieved from paper, haplotypes where added using the sample size established by the authors ","Not given by publication","Pre-Pleistocene Refugia and Differentiation between Populations of the Caucasian Salamander (Mertensiella caucasica)"
"AF170013.1 Mertensiella caucasica haplotype A cytochrome b (cytb) gene, partial cds; mitochondrial gene for mitochondrial product",41.528,43.3,"Location retrieved from paper, haplotypes where added using the sample size established by the authors ","Not given by publication","Pre-Pleistocene Refugia and Differentiation between Populations of the Caucasian Salamander (Mertensiella caucasica)"
"AF170013.1 Mertensiella caucasica haplotype A cytochrome b (cytb) gene, partial cds; mitochondrial gene for mitochondrial product",41.528,43.3,"Location retrieved from paper, haplotypes where added using the sample size established by the authors ","Not given by publication","Pre-Pleistocene Refugia and Differentiation between Populations of the Caucasian Salamander (Mertensiella caucasica)"
"AF170013.1 Mertensiella caucasica haplotype A cytochrome b (cytb) gene, partial cds; mitochondrial gene for mitochondrial product",41.528,43.3,"Location retrieved from paper, haplotypes where added using the sample size established by the authors ","Not given by publication","Pre-Pleistocene Refugia and Differentiation between Populations of the Caucasian Salamander (Mertensiella caucasica)"
"AF170013.1 Mertensiella caucasica haplotype A cytochrome b (cytb) gene, partial cds; mitochondrial gene for mitochondrial product",41.528,43.3,"Location retrieved from paper, haplotypes where added using the sample size established by the authors ","Not given by publication","Pre-Pleistocene Refugia and Differentiation between Populations of the Caucasian Salamander (Mertensiella caucasica)"
"AF170013.1 Mertensiella caucasica haplotype A cytochrome b (cytb) gene, partial cds; mitochondrial gene for mitochondrial product",41.528,43.3,"Location retrieved from paper, haplotypes where added using the sample size established by the authors ","Not given by publication","Pre-Pleistocene Refugia and Differentiation between Populations of the Caucasian Salamander (Mertensiella caucasica)"
"AF170013.1 Mertensiella caucasica haplotype A cytochrome b (cytb) gene, partial cds; mitochondrial gene for mitochondrial product",41.528,43.3,"Location retrieved from paper, haplotypes where added using the sample size established by the authors ","Not given by publication","Pre-Pleistocene Refugia and Differentiation between Populations of the Caucasian Salamander (Mertensiella caucasica)"
"AF170013.1 Mertensiella caucasica haplotype A cytochrome b (cytb) gene, partial cds; mitochondrial gene for mitochondrial product",41.528,43.3,"Location retrieved from paper, haplotypes where added using the sample size established by the authors ","Not given by publication","Pre-Pleistocene Refugia and Differentiation between Populations of the Caucasian Salamander (Mertensiella caucasica)"
"AF170013.1 Mertensiella caucasica haplotype A cytochrome b (cytb) gene, partial cds; mitochondrial gene for mitochondrial product",41.528,43.3,"Location retrieved from paper, haplotypes where added using the sample size established by the authors ","Not given by publication","Pre-Pleistocene Refugia and Differentiation between Populations of the Caucasian Salamander (Mertensiella caucasica)"
"AF170013.1 Mertensiella caucasica haplotype A cytochrome b (cytb) gene, partial cds; mitochondrial gene for mitochondrial product",41.528,43.3,"Location retrieved from paper, haplotypes where added using the sample size established by the authors ","Not given by publication","Pre-Pleistocene Refugia and Differentiation between Populations of the Caucasian Salamander (Mertensiella caucasica)"
"DQ821202.1 Mertensiella caucasica isolate M1 cytochrome b (cytb) gene, partial cds; mitochondrial",39,35,"Location retrieved from genbank. The location was the whole country, no specific location or information in a paper found ","300 m",
"DQ821203.1 Mertensiella caucasica isolate M2 cytochrome b (cytb) gene, partial cds; mitochondrial",39,35,"Location retrieved from genbank. The location was the whole country, no specific location or information in a paper found ","301 m",
"AF170015.2 Mertensiella caucasica haplotype B2 cytochrome b (cytb) gene, partial cds; mitochondrial gene for mitochondrial product",41.368,42.28,"Location retrieved from paper, haplotypes where added using the sample size established by the authors ","Not given by publication","Pre-Pleistocene Refugia and Differentiation between Populations of the Caucasian Salamander (Mertensiella caucasica)"
"AF170015.2 Mertensiella caucasica haplotype B2 cytochrome b (cytb) gene, partial cds; mitochondrial gene for mitochondrial product",41.368,42.28,"Location retrieved from paper, haplotypes where added using the sample size established by the authors ","Not given by publication","Pre-Pleistocene Refugia and Differentiation between Populations of the Caucasian Salamander (Mertensiella caucasica)"
"AF170015.2 Mertensiella caucasica haplotype B2 cytochrome b (cytb) gene, partial cds; mitochondrial gene for mitochondrial product",41.368,42.28,"Location retrieved from paper, haplotypes where added using the sample size established by the authors ","Not given by publication","Pre-Pleistocene Refugia and Differentiation between Populations of the Caucasian Salamander (Mertensiella caucasica)"
"AF170015.2 Mertensiella caucasica haplotype B2 cytochrome b (cytb) gene, partial cds; mitochondrial gene for mitochondrial product",41.368,42.28,"Location retrieved from paper, haplotypes where added using the sample size established by the authors ","Not given by publication","Pre-Pleistocene Refugia and Differentiation between Populations of the Caucasian Salamander (Mertensiella caucasica)"
"AF170015.2 Mertensiella caucasica haplotype B2 cytochrome b (cytb) gene, partial cds; mitochondrial gene for mitochondrial product",41.368,42.28,"Location retrieved from paper, haplotypes where added using the sample size established by the authors ","Not given by publication","Pre-Pleistocene Refugia and Differentiation between Populations of the Caucasian Salamander (Mertensiella caucasica)"
"AF170015.2 Mertensiella caucasica haplotype B2 cytochrome b (cytb) gene, partial cds; mitochondrial gene for mitochondrial product",41.368,42.28,"Location retrieved from paper, haplotypes where added using the sample size established by the authors ","Not given by publication","Pre-Pleistocene Refugia and Differentiation between Populations of the Caucasian Salamander (Mertensiella caucasica)"
"AF170015.2 Mertensiella caucasica haplotype B2 cytochrome b (cytb) gene, partial cds; mitochondrial gene for mitochondrial product",41.368,42.28,"Location retrieved from paper, haplotypes where added using the sample size established by the authors ","Not given by publication","Pre-Pleistocene Refugia and Differentiation between Populations of the Caucasian Salamander (Mertensiella caucasica)"
"AF170015.2 Mertensiella caucasica haplotype B2 cytochrome b (cytb) gene, partial cds; mitochondrial gene for mitochondrial product",41.368,42.28,"Location retrieved from paper, haplotypes where added using the sample size established by the authors ","Not given by publication","Pre-Pleistocene Refugia and Differentiation between Populations of the Caucasian Salamander (Mertensiella caucasica)"
"AF170015.2 Mertensiella caucasica haplotype B2 cytochrome b (cytb) gene, partial cds; mitochondrial gene for mitochondrial product",41.368,42.28,"Location retrieved from paper, haplotypes where added using the sample size established by the authors ","Not given by publication","Pre-Pleistocene Refugia and Differentiation between Populations of the Caucasian Salamander (Mertensiella caucasica)"
"AF170015.1 Mertensiella caucasica haplotype B2 cytochrome b (cytb) gene, partial cds; mitochondrial gene for mitochondrial product",41.43,41.43,"Location retrieved from paper, haplotypes where added using the sample size established by the authors ","Not given by publication","Pre-Pleistocene Refugia and Differentiation between Populations of the Caucasian Salamander (Mertensiella caucasica)"
"AF170015.1 Mertensiella caucasica haplotype B2 cytochrome b (cytb) gene, partial cds; mitochondrial gene for mitochondrial product",41.43,41.43,"Location retrieved from paper, haplotypes where added using the sample size established by the authors ","Not given by publication","Pre-Pleistocene Refugia and Differentiation between Populations of the Caucasian Salamander (Mertensiella caucasica)"
"AF170015.1 Mertensiella caucasica haplotype B2 cytochrome b (cytb) gene, partial cds; mitochondrial gene for mitochondrial product",41.43,41.43,"Location retrieved from paper, haplotypes where added using the sample size established by the authors ","Not given by publication","Pre-Pleistocene Refugia and Differentiation between Populations of the Caucasian Salamander (Mertensiella caucasica)"
"AF170015.1 Mertensiella caucasica haplotype B2 cytochrome b (cytb) gene, partial cds; mitochondrial gene for mitochondrial product",41.43,41.43,"Location retrieved from paper, haplotypes where added using the sample size established by the authors ","Not given by publication","Pre-Pleistocene Refugia and Differentiation between Populations of the Caucasian Salamander (Mertensiella caucasica)"
"AF170014.1 Mertensiella caucasica haplotype B1 cytochrome b (cytb) gene, partial cds; mitochondrial gene for mitochondrial product",41.388,42.35,"Location retrieved from paper, haplotypes where added using the sample size established by the authors ","Not given by publication","Pre-Pleistocene Refugia and Differentiation between Populations of the Caucasian Salamander (Mertensiella caucasica)"
"AF170014.1 Mertensiella caucasica haplotype B1 cytochrome b (cytb) gene, partial cds; mitochondrial gene for mitochondrial product",41.388,42.35,"Location retrieved from paper, haplotypes where added using the sample size established by the authors ","Not given by publication","Pre-Pleistocene Refugia and Differentiation between Populations of the Caucasian Salamander (Mertensiella caucasica)"
"AF170016.1 Mertensiella caucasica haplotype B3 cytochrome b (cytb) gene, partial cds; mitochondrial gene for mitochondrial product",41.338,41.36,"Location retrieved from paper, haplotypes where added using the sample size established by the authors ","Not given by publication","Pre-Pleistocene Refugia and Differentiation between Populations of the Caucasian Salamander (Mertensiella caucasica)"
"AF170017.1 Mertensiella caucasica haplotype B4 cytochrome b (cytb) gene, partial cds; mitochondrial gene for mitochondrial product",40.548,39.3,"Geolocate from paper information",,
"AY196291.1 Mertensiella caucasica SSe_89 cytochrome b (cytb) gene, partial cds; mitochondrial gene for mitochondrial product",40.5,38.5,"Geolocate from paper information",3036,"DISPERSAL OF VIVIPARITY ACROSS CONTACT ZONES IN IBERIAN POPULATIONS OF FIRE SALAMANDERS (SALAMANDRA) INFERRED FROM DISCORDANCE OF GENETIC AND MORPHOLOGICAL TRAITS"
"AY196290.1 Mertensiella caucasica SSe_88 cytochrome b (cytb) gene, partial cds; mitochondrial gene for mitochondrial product",40.5,38.5,"Geolocate from paper information",3036,"DISPERSAL OF VIVIPARITY ACROSS CONTACT ZONES IN IBERIAN POPULATIONS OF FIRE SALAMANDERS (SALAMANDRA) INFERRED FROM DISCORDANCE OF GENETIC AND MORPHOLOGICAL TRAITS"
"AY247737.1 Mertensiella caucasica isolate E17122 cytochrome b (cytb) gene, partial cds; mitochondrial gene for mitochondrial product",40.69719,39.652974,"Geolocate from paper information",301," A new subspecies of Salamandra algira, Bedriaga, 1883 from northern Morocco"
"AY247736.1 Mertensiella caucasica isolate E17121 cytochrome b (cytb) gene, partial cds; mitochondrial gene for mitochondrial product",40.69719,39.652974,"Geolocate from paper information",301," A new subspecies of Salamandra algira, Bedriaga, 1883 from northern Morocco"
