value,Lat,Lon,Method,Error,Reference
OP352113 Nototriton picadoi,9.982388,-83.84958,Geolocate using a scientific paper ,301m error ,"Revised taxonomy and distributions of Costa Rican moss salamanders (Caudata: Plethodontidae: Nototriton), with descriptions of new taxa"
OP352107 Nototriton picadoi,9.982388,-83.84958,Geolocate using a scientific paper ,301m error ,"Revised taxonomy and distributions of Costa Rican moss salamanders (Caudata: Plethodontidae: Nototriton), with descriptions of new taxa"
OP352115 Nototriton picadoi,9.982388,-83.84958,Geolocate using a scientific paper ,301m error ,"Revised taxonomy and distributions of Costa Rican moss salamanders (Caudata: Plethodontidae: Nototriton), with descriptions of new taxa"
JQ899195 Nototriton matama,9.999831,-83.999657,Geolocate using a scientific paper ,,"Salamanders from the eastern Cordillera de Talamanca, Costa Rica,with descriptions of five new species (Plethodontidae: Bolitoglossa, Nototriton, and Oedipina) and natural history notes from recent expeditions"
OP352109 Nototriton picadoi,9.982388,-83.84958,Geolocate using a scientific paper ,301m error ,"Revised taxonomy and distributions of Costa Rican moss salamanders (Caudata: Plethodontidae: Nototriton), with descriptions of new taxa"
OP352110 Nototriton picadoi,9.982388,-83.84958,Geolocate using a scientific paper ,301m error ,"Revised taxonomy and distributions of Costa Rican moss salamanders (Caudata: Plethodontidae: Nototriton), with descriptions of new taxa"
OP352112 Nototriton picadoi,9.982388,-83.84958,Geolocate using a scientific paper ,301m error ,"Revised taxonomy and distributions of Costa Rican moss salamanders (Caudata: Plethodontidae: Nototriton), with descriptions of new taxa"
OP352111 Nototriton picadoi,9.982388,-83.84958,Geolocate using a scientific paper ,301m error ,"Revised taxonomy and distributions of Costa Rican moss salamanders (Caudata: Plethodontidae: Nototriton), with descriptions of new taxa"
OP352108 Nototriton picadoi,9.982388,-83.84958,Geolocate using a scientific paper ,301m error ,"Revised taxonomy and distributions of Costa Rican moss salamanders (Caudata: Plethodontidae: Nototriton), with descriptions of new taxa"
OP352116 Nototriton picadoi,9.982388,-83.84958,Geolocate using a scientific paper ,301m error ,"Revised taxonomy and distributions of Costa Rican moss salamanders (Caudata: Plethodontidae: Nototriton), with descriptions of new taxa"
OP352114 Nototriton picadoi,9.982388,-83.84958,Geolocate using a scientific paper ,301m error ,"Revised taxonomy and distributions of Costa Rican moss salamanders (Caudata: Plethodontidae: Nototriton), with descriptions of new taxa"
AF199145 Nototriton picadoi,9.768421,-83.800367,Geolocate using locality from Genbank,3036m error,"Revised taxonomy and distributions of Costa Rican moss salamanders (Caudata: Plethodontidae: Nototriton), with descriptions of new taxa"
AF199144 Nototriton picadoi,9.768421,-83.800367,Geolocate using locality from Genbank,3036m error,"Revised taxonomy and distributions of Costa Rican moss salamanders (Caudata: Plethodontidae: Nototriton), with descriptions of new taxa"
