"value","Lat","Lon","Error_km","Method","Voucher","Notes","Reference"
"Notophthalmus.viridescens.KJ776844",36.4,-87.27,"NA","NA","AH_32","NA","NA"
"Notophthalmus.viridescens.KJ776919",33.28,-88.78,"NA","NA","Eastern_GC_sub 1","NA","NA"
"Notophthalmus.viridescens.KJ776962",35.97,-92.4,"NA","Paper","AH_41","NA","https://www.sciencedirect.com/science/article/pii/S1055790314000955"
"Notophthalmus.viridescens.KJ776882",40.76,-78.01,"NA","Paper","AH 9","NA","NA"
"Notophthalmus.viridescens.KJ776888",40.76,-78.01,"NA","Paper","AH 5","NA","https://www.sciencedirect.com/science/article/pii/S1055790314000955"
"Notophthalmus.viridescens.KJ776877",37.37,-80.52,"NA","NA","AH_37","NA","NA"
"Notophthalmus.viridescens.KJ776860",35.07,-79.78,"NA","NA","AH_19","NA","NA"
"Notophthalmus.viridescens.KJ776910",35.08,-79.58,"NA","Paper","AC_sub_27","NA","https://www.sciencedirect.com/science/article/pii/S1055790314000955"
"Notophthalmus.viridescens.KJ776935",43.09,-89.61,"NA","NA","Eastern_GC_sub_21","NA","https://www.sciencedirect.com/science/article/pii/S1055790314000955"
"Notophthalmus.viridescens.KJ776852",35.03,-83.07,"NA","NA","Eastern_GC_sub_25","NA","https://www.sciencedirect.com/science/article/pii/S1055790314000955"
"Notophthalmus.viridescens.KJ776926",33.28,-88.78,"NA","NA","Eastern_GC_sub 9","NA","NA"
"Notophthalmus.viridescens.KJ776915",35.07,-79.63,"NA","NA","AC_sub_22","NA","https://www.sciencedirect.com/science/article/pii/S1055790314000955"
"Notophthalmus.viridescens.KJ776848",35.03,-83.07,"NA","Paper","AC_sub_43","NA","NA"
"Notophthalmus.viridescens.KJ776959",27.2,-82.23,"NA","Paper","AC_sub_49","NA","NA"
"Notophthalmus.viridescens.KJ776944",29.53,-82.03,"NA","Paper","AC_sub_54","NA","https://www.sciencedirect.com/science/article/pii/S1055790314000955"
"Notophthalmus.viridescens.KJ776932",32.48,-81.2,"NA","NA","AC_sub_38","NA","NA"
"Notophthalmus.viridescens.DQ196308",29.5166,-82.2218,188,"MVZ database","MVZ 205720","NA","NA"
"Notophthalmus.viridescens.KJ776901",35.07,-79.63,"NA","NA","AC_sub_23","NA","NA"
"Notophthalmus.viridescens.KJ776930",32.48,-81.2,"NA","NA","AC_sub_33","NA","NA"
"Notophthalmus.viridescens.DQ196307",33.9416,-78.0458,3703,"MVZ database","MVZ 161852","NA","NA"
