"value","accession","source_id","Lat","Lon"
"Oedipina.uniformis","AF199191","MVZ181349",10.155,-84.161
"Oedipina.uniformis","AF199189","MVZ221321",10.01,-83.96
"Oedipina.uniformis","AF199190","MVZ203751",9.764,-83.801
"Oedipina.uniformis","AF199185","MVZ190853",9.92,-83.71
"Oedipina.uniformis","AF199184","MVZ194871",9.902,-83.655
"Oedipina.uniformis","AF199186","MVZ194862",10.014,-83.794
"Oedipina.uniformis","AF199187","MVZ194864",10.014,-83.794
"Oedipina.uniformis","AF199188","MVZ225906",10.01,-83.96
"Oedipina.uniformis","AF199183","MVZ225905",10.0505,-83.9888
"Oedipina.uniformis","AF199182","MVZ221340",9.867,-84.158
