value,Lat,Lon,Error_km,Method,Voucher,Notes,Reference
"KX682113.1 Ommatotriton nesterovi haplotype nes_08 cytochrome b (CYTB) gene, partial cds; mitochondrial",40.325,29.816,NA,paper,NA,Turkey: Eyerce,https://www.sciencedirect.com/science/article/pii/S1055790317304086?via%3Dihub 
"KX682112.1 Ommatotriton nesterovi haplotype nes_07 cytochrome b (CYTB) gene, partial cds; mitochondrial",40.325,29.816,NA,paper,NA,Turkey: Eyerce,https://www.sciencedirect.com/science/article/pii/S1055790317304086?via%3Dihub 
"KX682109.1 Ommatotriton nesterovi haplotype nes_04 cytochrome b (CYTB) gene, partial cds; mitochondrial",40.557,29.33,NA,paper,NA,Turkey: Sugören,https://www.sciencedirect.com/science/article/pii/S1055790317304086?via%3Dihub 
"KX682108.1 Ommatotriton nesterovi haplotype nes_03 cytochrome b (CYTB) gene, partial cds; mitochondrial",40.291,29.16,NA,paper,NA,NA,https://www.sciencedirect.com/science/article/pii/S1055790317304086?via%3Dihub 
"KX682106.1 Ommatotriton nesterovi haplotype nes_01 cytochrome b (CYTB) gene, partial cds; mitochondrial",40.257,28.538,NA,paper,NA,NA,https://www.sciencedirect.com/science/article/pii/S1055790317304086?via%3Dihub 
"KX682107.1 Ommatotriton nesterovi haplotype nes_02 cytochrome b (CYTB) gene, partial cds; mitochondrial",40.257,28.538,NA,paper,NA,NA,https://www.sciencedirect.com/science/article/pii/S1055790317304086?via%3Dihub 
"KX682111.1 Ommatotriton nesterovi haplotype nes_06 cytochrome b (CYTB) gene, partial cds; mitochondrial",40.557,29.33,NA,paper,NA,NA,https://www.sciencedirect.com/science/article/pii/S1055790317304086?via%3Dihub 
"KX682110.1 Ommatotriton nesterovi haplotype nes_05 cytochrome b (CYTB) gene, partial cds; mitochondrial",40.557,29.33,NA,paper,NA,NA,https://www.sciencedirect.com/science/article/pii/S1055790317304086?via%3Dihub 
"KX682116.1 Ommatotriton nesterovi haplotype nes_11 cytochrome b (CYTB) gene, partial cds; mitochondrial",40.965,30.433,NA,paper,NA,NA,https://www.sciencedirect.com/science/article/pii/S1055790317304086?via%3Dihub 
"KX682114.1 Ommatotriton nesterovi haplotype nes_09 cytochrome b (CYTB) gene, partial cds; mitochondrial",40.965,30.433,NA,paper,NA,NA,https://www.sciencedirect.com/science/article/pii/S1055790317304086?via%3Dihub 
"KX682117.1 Ommatotriton nesterovi haplotype nes_12 cytochrome b (CYTB) gene, partial cds; mitochondrial",40.612,31.288,NA,paper,NA,NA,https://www.sciencedirect.com/science/article/pii/S1055790317304086?via%3Dihub 
"KX682115.1 Ommatotriton nesterovi haplotype nes_10 cytochrome b (CYTB) gene, partial cds; mitochondrial",40.965,30.433,NA,paper,NA,NA,https://www.sciencedirect.com/science/article/pii/S1055790317304086?via%3Dihub 
"KX682118.1 Ommatotriton nesterovi haplotype nes_13 cytochrome b (CYTB) gene, partial cds; mitochondrial",40.612,31.288,NA,paper,NA,NA,https://www.sciencedirect.com/science/article/pii/S1055790317304086?via%3Dihub 
"KX682122.1 Ommatotriton nesterovi haplotype nes_17 cytochrome b (CYTB) gene, partial cds; mitochondrial",41.391,32.818,NA,paper,NA,NA,https://www.sciencedirect.com/science/article/pii/S1055790317304086?via%3Dihub 
"KX682123.1 Ommatotriton nesterovi haplotype nes_18 cytochrome b (CYTB) gene, partial cds; mitochondrial",41.391,32.818,NA,paper,NA,NA,https://www.sciencedirect.com/science/article/pii/S1055790317304086?via%3Dihub 
"KX682121.1 Ommatotriton nesterovi haplotype nes_16 cytochrome b (CYTB) gene, partial cds; mitochondrial",41.497,32.102,NA,paper,NA,NA,https://www.sciencedirect.com/science/article/pii/S1055790317304086?via%3Dihub 
"KX682119.1 Ommatotriton nesterovi haplotype nes_14 cytochrome b (CYTB) gene, partial cds; mitochondrial",41.497,32.102,NA,paper,NA,NA,https://www.sciencedirect.com/science/article/pii/S1055790317304086?via%3Dihub 
"KX682125.1 Ommatotriton nesterovi haplotype nes_20 cytochrome b (CYTB) gene, partial cds; mitochondrial",41.201,34.037,NA,paper,NA,NA,https://www.sciencedirect.com/science/article/pii/S1055790317304086?via%3Dihub 
"KX682124.1 Ommatotriton nesterovi haplotype nes_19 cytochrome b (CYTB) gene, partial cds; mitochondrial",41.014,32.861,NA,paper,NA,NA,https://www.sciencedirect.com/science/article/pii/S1055790317304086?via%3Dihub 
"KX682120.1 Ommatotriton nesterovi haplotype nes_15 cytochrome b (CYTB) gene, partial cds; mitochondrial",41.497,32.102,NA,paper,NA,NA,https://www.sciencedirect.com/science/article/pii/S1055790317304086?via%3Dihub 
"KX682129.1 Ommatotriton nesterovi haplotype nes_24 cytochrome b (CYTB) gene, partial cds; mitochondrial",41.182,35.774,NA,paper,NA,NA,https://www.sciencedirect.com/science/article/pii/S1055790317304086?via%3Dihub 
"KX682128.1 Ommatotriton nesterovi haplotype nes_23 cytochrome b (CYTB) gene, partial cds; mitochondrial",41.182,35.774,NA,paper,NA,NA,https://www.sciencedirect.com/science/article/pii/S1055790317304086?via%3Dihub 
"KX682127.1 Ommatotriton nesterovi haplotype nes_22 cytochrome b (CYTB) gene, partial cds; mitochondrial",41.121,35.33,NA,paper,NA,NA,https://www.sciencedirect.com/science/article/pii/S1055790317304086?via%3Dihub 
"KX682126.1 Ommatotriton nesterovi haplotype nes_21 cytochrome b (CYTB) gene, partial cds; mitochondrial",41.121,35.33,NA,paper,NA,NA,https://www.sciencedirect.com/science/article/pii/S1055790317304086?via%3Dihub 
