"value","Lat","Lon","Error_km","Method","Voucher","Notes","Reference"
"Ommatotriton.ophryticus.KX682134",40.287,38.132,"NA","NA","NA","NA","NA"
"Ommatotriton.ophryticus.KX682133",40.446,37.483,"NA","NA","NA","NA","NA"
"Ommatotriton.ophryticus.KX682130",40.828,36.602,"NA","NA","NA","NA","NA"
"Ommatotriton.ophryticus.KX682132",40.828,36.602,"NA","NA","NA","NA","NA"
"Ommatotriton.ophryticus.KX682131",40.828,36.602,"NA","NA","NA","NA","NA"
"Ommatotriton.ophryticus.KX682140",41.303,42.489,"NA","NA","NA","NA","NA"
"Ommatotriton.ophryticus.KX682139",41.223,41.61,"NA","NA","NA","NA","NA"
"Ommatotriton.ophryticus.KX682138",40.968,40.38,"NA","NA","NA","NA","NA"
"Ommatotriton.ophryticus.KX682136",40.953,39.63,"NA","NA","NA","NA","NA"
"Ommatotriton.ophryticus.KX682137",40.968,40.38,"NA","NA","NA","NA","NA"
"Ommatotriton.ophryticus.KX682135",40.953,39.63,"NA","NA","NA","NA","NA"
"Ommatotriton.ophryticus.KX682145",44.633,39.133,"NA","NA","NA","NA","NA"
"Ommatotriton.ophryticus.KX682144",44.633,39.133,"NA","NA","NA","NA","NA"
"Ommatotriton.ophryticus.KX682142",41.809,44.498,"NA","NA","NA","NA","NA"
"Ommatotriton.ophryticus.KX682141",41.171,44.442,"NA","NA","NA","NA","NA"
"Ommatotriton.ophryticus.KX682143",41.764,43.356,"NA","NA","NA","NA","NA"
