"value","Lat","Lon","Error_km","Method","Voucher","Notes","Reference"
"KX682150.1 Ommatotriton vittatus haplotype vit_05 cytochrome b (CYTB) gene, partial cds; mitochondrial",36.6,35.384,"NA","NA","NA","NA","NA"
"KX682149.1 Ommatotriton vittatus haplotype vit_04 cytochrome b (CYTB) gene, partial cds; mitochondrial",36.6,35.384,"NA","NA","NA","NA","NA"
"KX682147.1 Ommatotriton vittatus haplotype vit_02 cytochrome b (CYTB) gene, partial cds; mitochondrial",36.778,34.861,"NA","NA","NA","NA","NA"
"KX682151.1 Ommatotriton vittatus haplotype vit_06 cytochrome b (CYTB) gene, partial cds; mitochondrial",36.6,35.384,"NA","NA","NA","NA","NA"
"KX682148.1 Ommatotriton vittatus haplotype vit_03 cytochrome b (CYTB) gene, partial cds; mitochondrial",36.778,34.861,"NA","NA","NA","NA","NA"
"KX682146.1 Ommatotriton vittatus haplotype vit_01 cytochrome b (CYTB) gene, partial cds; mitochondrial",36.778,34.861,"NA","NA","NA","NA","NA"
"KX682169.1 Ommatotriton vittatus haplotype vit_30 cytochrome b (CYTB) gene, partial cds; mitochondrial",32.083,34.767,"NA","NA","NA","NA","NA"
"KX682167.1 Ommatotriton vittatus haplotype vit_28 cytochrome b (CYTB) gene, partial cds; mitochondrial",32.083,34.767,"NA","NA","NA","NA","NA"
"KX682168.1 Ommatotriton vittatus haplotype vit_29 cytochrome b (CYTB) gene, partial cds; mitochondrial",32.083,34.767,"NA","NA","NA","NA","NA"
"KX682163.1 Ommatotriton vittatus haplotype vit_24 cytochrome b (CYTB) gene, partial cds; mitochondrial",35.801,36.04,"NA","NA","NA","NA","NA"
"KX682166.1 Ommatotriton vittatus haplotype vit_27 cytochrome b (CYTB) gene, partial cds; mitochondrial",35.098,36.207,"NA","NA","NA","NA","NA"
"KX682165.1 Ommatotriton vittatus haplotype vit_26 cytochrome b (CYTB) gene, partial cds; mitochondrial",35.609,36.088,"NA","NA","NA","NA","NA"
"KX682164.1 Ommatotriton vittatus haplotype vit_25 cytochrome b (CYTB) gene, partial cds; mitochondrial",35.609,36.088,"NA","NA","NA","NA","NA"
"KX682153.1 Ommatotriton vittatus haplotype vit_11 cytochrome b (CYTB) gene, partial cds; mitochondrial",36.834,36.884,"NA","NA","NA","NA","NA"
"KX682155.1 Ommatotriton vittatus haplotype vit_13 cytochrome b (CYTB) gene, partial cds; mitochondrial",37.613,37.502,"NA","NA","NA","NA","NA"
"KX682154.1 Ommatotriton vittatus haplotype vit_12 cytochrome b (CYTB) gene, partial cds; mitochondrial",37.613,37.502,"NA","NA","NA","NA","NA"
"KX682152.1 Ommatotriton vittatus haplotype vit_10 cytochrome b (CYTB) gene, partial cds; mitochondrial",36.845,36.654,"NA","NA","NA","NA","NA"
"KX682157.1 Ommatotriton vittatus haplotype vit_15 cytochrome b (CYTB) gene, partial cds; mitochondrial",36.869,39.991,"NA","NA","NA","NA","NA"
"KX682156.1 Ommatotriton vittatus haplotype vit_14 cytochrome b (CYTB) gene, partial cds; mitochondrial",36.869,39.991,"NA","NA","NA","NA","NA"
"KX682162.1 Ommatotriton vittatus haplotype vit_23 cytochrome b (CYTB) gene, partial cds; mitochondrial",34.716,36.598,"NA","NA","NA","NA","NA"
"KX682158.1 Ommatotriton vittatus haplotype vit_19 cytochrome b (CYTB) gene, partial cds; mitochondrial",35.721,36.297,"NA","NA","NA","NA","NA"
"KX682159.1 Ommatotriton vittatus haplotype vit_20 cytochrome b (CYTB) gene, partial cds; mitochondrial",35.721,36.297,"NA","NA","NA","NA","NA"
"KX682161.1 Ommatotriton vittatus haplotype vit_22 cytochrome b (CYTB) gene, partial cds; mitochondrial",34.716,36.598,"NA","NA","NA","NA","NA"
"KX682160.1 Ommatotriton vittatus haplotype vit_21 cytochrome b (CYTB) gene, partial cds; mitochondrial",35.721,36.297,"NA","NA","NA","NA","NA"
