"value","Lat","Lon","Method","Error_km","Museum_Field_Number","Notes","Reference","locality",
"AB452820.1 Onychodactylus japonicus mitochondrial cytb gene for cytochrome b, partial cds, haplotype: OJ10",39.14493,141.024578,,,,,,,
"AB452824.1 Onychodactylus japonicus mitochondrial cytb gene for cytochrome b, partial cds, haplotype: OJ14",39.293363,140.164984,,,,,,,
"AB452823.1 Onychodactylus japonicus mitochondrial cytb gene for cytochrome b, partial cds, haplotype: OJ13",39.293363,140.164984,,,,,,,
"AB452825.1 Onychodactylus japonicus mitochondrial cytb gene for cytochrome b, partial cds, haplotype: OJ15",39.293363,140.164984,,,,,,,
"AB923993.1 Onychodactylus nipponoborealis mitochondrial cytb gene for cytochrome b, complete cds, specimen_voucher: KUHE:40045",38.924902,139.984271,"GeoLocate",25.728,"KUHE:40045","NA","https://doi.org/10.11646/zootaxa.3866.1.3","Japan:Yamagata, Sakata",
"AB923992.1 Onychodactylus nipponoborealis mitochondrial cytb gene for cytochrome b, complete cds, specimen_voucher: KUHE:40043",38.924902,139.984271,"GeoLocate",25.728,"KUHE:40043","NA","https://doi.org/10.11646/zootaxa.3866.1.3","Japan:Yamagata, Sakata",
"AB452826.1 Onychodactylus japonicus mitochondrial cytb gene for cytochrome b, partial cds, haplotype: OJ16",39.293363,140.164984,,,,,,,
"AB923991.1 Onychodactylus nipponoborealis mitochondrial cytb gene for cytochrome b, complete cds, specimen_voucher: KUHE:40042",38.924902,139.984271,"GeoLocate",25.728,"KUHE:40042","NA","https://doi.org/10.11646/zootaxa.3866.1.3","Japan:Yamagata, Sakata",
"AB452811.1 Onychodactylus japonicus mitochondrial cytb gene for cytochrome b, partial cds, haplotype: OJ1",41.352713,140.855167,,,,,,,
"AB452827.1 Onychodactylus japonicus mitochondrial cytb gene for cytochrome b, partial cds, haplotype: OJ17",38.878635,141.535305,,,,,,,
"AB452835.1 Onychodactylus japonicus mitochondrial cytb gene for cytochrome b, partial cds, haplotype: OJ25",38.253657,140.379417,,,,,,,
"AB452828.1 Onychodactylus japonicus mitochondrial cytb gene for cytochrome b, partial cds, haplotype: OJ18",38.432943,140.818183,,,,,,,
"JX158315.1 Onychodactylus nipponoborealis voucher MKO-3-2 cytochrome b (cytb) gene, complete cds; mitochondrial",38.249074,140.372722,"GeoLocate",20.157,"MKO-3-2","NA","https://doi.org/10.11646/zootaxa.3465.1.1","Yamagata","Yamagata environs"
"JX158314.1 Onychodactylus nipponoborealis voucher MKO-3-1 cytochrome b (cytb) gene, complete cds; mitochondrial",38.249074,140.372722,"GeoLocate",20.157,"MKO-3-1","NA","https://doi.org/10.11646/zootaxa.3465.1.1","Yamagata","Yamagata environs"
"AB452838.1 Onychodactylus japonicus mitochondrial cytb gene for cytochrome b, partial cds, haplotype: OJ28",38.253657,140.379417,,,,,,,
"AB452829.1 Onychodactylus japonicus mitochondrial cytb gene for cytochrome b, partial cds, haplotype: OJ19",38.432943,140.818183,,,,,,,
"AB452839.1 Onychodactylus japonicus mitochondrial cytb gene for cytochrome b, partial cds, haplotype: OJ29",38.1667,140.2667,,,,,,,
"AB452817.1 Onychodactylus japonicus mitochondrial cytb gene for cytochrome b, partial cds, haplotype: OJ7",39.976051,141.06183,,,,,,,
"AB452816.1 Onychodactylus japonicus mitochondrial cytb gene for cytochrome b, partial cds, haplotype: OJ6",39.976051,141.06183,,,,,,,
"JX158323.1 Onychodactylus nipponoborealis voucher MKO-2-4 cytochrome b (cytb) gene, complete cds; mitochondrial",40.605116,140.384604,"GeoLocate",23.166,"MKO-2-4","NA","https://doi.org/10.11646/zootaxa.3465.1.1","Aomori","Hirosaki environs"
"JX158322.1 Onychodactylus nipponoborealis voucher MKO-2-3 cytochrome b (cytb) gene, complete cds; mitochondrial",40.605116,140.384604,"GeoLocate",23.166,"MKO-2-3","NA","https://doi.org/10.11646/zootaxa.3465.1.1","Aomori","Hirosaki environs"
"JX158321.1 Onychodactylus nipponoborealis voucher MKO-2-2 cytochrome b (cytb) gene, complete cds; mitochondrial",40.605116,140.384604,"GeoLocate",23.166,"MKO-2-2","NA","https://doi.org/10.11646/zootaxa.3465.1.1","Aomori","Hirosaki environs"
"JX158320.1 Onychodactylus nipponoborealis voucher MKO-2-1 cytochrome b (cytb) gene, complete cds; mitochondrial",40.605116,140.384604,"GeoLocate",23.166,"MKO-2-1","NA","https://doi.org/10.11646/zootaxa.3465.1.1","Aomori","Hirosaki environs"
"JX158319.1 Onychodactylus nipponoborealis voucher MKO-10-4 cytochrome b (cytb) gene, complete cds; mitochondrial",40.518325,140.700478,"GeoLocate",21.47,"MKO-10-4","NA","https://doi.org/10.11646/zootaxa.3465.1.1","Aomori","Hirakawa environs"
"JX158318.1 Onychodactylus nipponoborealis voucher MKO-10-3 cytochrome b (cytb) gene, complete cds; mitochondrial",40.518325,140.700478,"GeoLocate",21.47,"MKO-10-3","NA","https://doi.org/10.11646/zootaxa.3465.1.1","Aomori","Hirakawa environs"
"JX158317.1 Onychodactylus nipponoborealis voucher MKO-10-2 cytochrome b (cytb) gene, complete cds; mitochondrial",40.518325,140.700478,"GeoLocate",21.47,"MKO-10-2","NA","https://doi.org/10.11646/zootaxa.3465.1.1","Aomori","Hirakawa environs"
"JX158316.1 Onychodactylus nipponoborealis voucher MKO-10-1 cytochrome b (cytb) gene, complete cds; mitochondrial",40.518325,140.700478,"GeoLocate",21.47,"MKO-10-1","NA","https://doi.org/10.11646/zootaxa.3465.1.1","Aomori","Hirakawa environs"
"AB452814.1 Onychodactylus japonicus mitochondrial cytb gene for cytochrome b, partial cds, haplotype: OJ4",40.518325,140.700478,,,,,,,
"AB452812.1 Onychodactylus japonicus mitochondrial cytb gene for cytochrome b, partial cds, haplotype: OJ2",40.518325,140.700478,,,,,,,
"AB452813.1 Onychodactylus japonicus mitochondrial cytb gene for cytochrome b, partial cds, haplotype: OJ3",40.518325,140.700478,,,,,,,
