"value","Lat","Lon","Method","Error_km","Museum_Field_Number","Notes","Reference","locality",
"JX158251.1 Onychodactylus koreanus voucher PDS_B-5 cytochrome b (cytb) gene, complete cds; mitochondrial",37.794768,128.408356,"Google Earth and GeoLocate for error",17.271,"PDS_B-5","NA","https://doi.org/10.11646/zootaxa.3465.1.1","Gangwon-do","Nae-myeon"
"JX158250.1 Onychodactylus koreanus voucher PDS_B-4 cytochrome b (cytb) gene, complete cds; mitochondrial",37.794768,128.408356,"Google Earth and GeoLocate for error",17.271,"PDS_B-4","NA","https://doi.org/10.11646/zootaxa.3465.1.1","Gangwon-do","Nae-myeon"
"JX158249.1 Onychodactylus koreanus voucher PDS_B-3 cytochrome b (cytb) gene, complete cds; mitochondrial",37.794768,128.408356,"Google Earth and GeoLocate for error",17.271,"PDS_B-3","NA","https://doi.org/10.11646/zootaxa.3465.1.1","Gangwon-do","Nae-myeon"
"JX158248.1 Onychodactylus koreanus voucher PDS_B-2 cytochrome b (cytb) gene, complete cds; mitochondrial",37.794768,128.408356,"Google Earth and GeoLocate for error",17.271,"PDS_B-2","NA","https://doi.org/10.11646/zootaxa.3465.1.1","Gangwon-do","Nae-myeon"
"JX158247.1 Onychodactylus koreanus voucher PDS_B-1 cytochrome b (cytb) gene, complete cds; mitochondrial",37.794768,128.408356,"Google Earth and GeoLocate for error",17.271,"PDS_B-1","NA","https://doi.org/10.11646/zootaxa.3465.1.1","Gangwon-do","Nae-myeon"
"JX158245.1 Onychodactylus koreanus voucher PDS_D-4 cytochrome b (cytb) gene, complete cds; mitochondrial",37.83796,127.79017,"GeoLocate",17.196,"PDS_D-4","NA","https://doi.org/10.11646/zootaxa.3465.1.1","Gangwon-do","Dongnae-myeon"
"JX158244.1 Onychodactylus koreanus voucher PDS_D-3 cytochrome b (cytb) gene, complete cds; mitochondrial",37.83796,127.79017,"GeoLocate",17.196,"PDS_D-3","NA","https://doi.org/10.11646/zootaxa.3465.1.1","Gangwon-do","Dongnae-myeon"
"JX158243.1 Onychodactylus koreanus voucher PDS_D-2 cytochrome b (cytb) gene, complete cds; mitochondrial",37.83796,127.79017,"GeoLocate",17.196,"PDS_D-2","NA","https://doi.org/10.11646/zootaxa.3465.1.1","Gangwon-do","Dongnae-myeon"
"JX158242.1 Onychodactylus koreanus voucher PDS_D-1 cytochrome b (cytb) gene, complete cds; mitochondrial",37.83796,127.79017,"GeoLocate",17.196,"PDS_D-1","NA","https://doi.org/10.11646/zootaxa.3465.1.1","Gangwon-do","Dongnae-myeon"
"JX158241.1 Onychodactylus koreanus voucher PDS_C-4 cytochrome b (cytb) gene, complete cds; mitochondrial",37.899066,127.643612,"GeoLocate",13.008,"PDS_C-4","NA","https://doi.org/10.11646/zootaxa.3465.1.1","Gangwon-do","Seo-myeon"
"JX158240.1 Onychodactylus koreanus voucher PDS_C-3 cytochrome b (cytb) gene, complete cds; mitochondrial",37.899066,127.643612,"GeoLocate",13.008,"PDS_C-3","NA","https://doi.org/10.11646/zootaxa.3465.1.1","Gangwon-do","Seo-myeon"
"JX158239.1 Onychodactylus koreanus voucher PDS_C-2 cytochrome b (cytb) gene, complete cds; mitochondrial",37.899066,127.643612,"GeoLocate",13.008,"PDS_C-2","NA","https://doi.org/10.11646/zootaxa.3465.1.1","Gangwon-do","Seo-myeon"
"JX158238.1 Onychodactylus koreanus voucher PDS_C-1 cytochrome b (cytb) gene, complete cds; mitochondrial",37.899066,127.643612,"GeoLocate",13.008,"PDS_C-1","NA","https://doi.org/10.11646/zootaxa.3465.1.1","Gangwon-do","Seo-myeon"
"JX158260.1 Onychodactylus koreanus voucher MMS-259 cytochrome b (cytb) gene, complete cds; mitochondrial",37.330611,129.059039,"GeoLocate",12.221,"MMS-259","NA","https://doi.org/10.11646/zootaxa.3465.1.1","Gangwon-do","Singi-myeon"
"JX158259.1 Onychodactylus koreanus voucher MMS-258 cytochrome b (cytb) gene, complete cds; mitochondrial",37.330611,129.059039,"GeoLocate",12.221,"MMS-258","NA","https://doi.org/10.11646/zootaxa.3465.1.1","Gangwon-do","Singi-myeon"
"JX158254.1 Onychodactylus koreanus voucher MMS-141 cytochrome b (cytb) gene, complete cds; mitochondrial",37.334611,128.071892,"Google Earth and GeoLocate for error",11.529,"MMS-141","NA","https://doi.org/10.11646/zootaxa.3465.1.1","Gangwon-do; Chiaksan NP , Chiak-san",
"JX158253.1 Onychodactylus koreanus voucher H096 cytochrome b (cytb) gene, complete cds; mitochondrial",37.334611,128.071892,"Google Earth and GeoLocate for error",11.529,"H096","NA","https://doi.org/10.11646/zootaxa.3465.1.1","Gangwon-do; Chiaksan NP, Gillaji",
"JX158252.1 Onychodactylus koreanus voucher H095 cytochrome b (cytb) gene, complete cds; mitochondrial",37.334611,128.071892,"Google Earth and GeoLocate for error",11.529,"H095","NA","https://doi.org/10.11646/zootaxa.3465.1.1","Gangwon-do; Chiaksan NP, Gillaji",
"JX158274.1 Onychodactylus koreanus voucher DRV5051 cytochrome b (cytb) gene, complete cds; mitochondrial",35.430835,126.857239,"GeoLocate",7.228,"DRV5051","NA","https://doi.org/10.11646/zootaxa.3465.1.1","Jeollanam-do","Naejangsan NP (Sinung)"
"JX158273.1 Onychodactylus koreanus voucher DRV5050 cytochrome b (cytb) gene, complete cds; mitochondrial",35.430835,126.857239,"GeoLocate",7.228,"DRV5050","NA","https://doi.org/10.11646/zootaxa.3465.1.1","Jeollanam-do","Naejangsan NP (Sinung)"
"JX158272.1 Onychodactylus koreanus voucher IK20 cytochrome b (cytb) gene, complete cds; mitochondrial",35.49523,126.911644,"GeoLocate",11,"IK20","NA","https://doi.org/10.11646/zootaxa.3465.1.1","Jeollabuk-do","Naejangsan NP (Naejang)"
"JX158246.1 Onychodactylus koreanus voucher MMS-142 cytochrome b (cytb) gene, complete cds; mitochondrial",38.135075,128.419165,"GeoLocate",15.265,"MMS-142","NA","https://doi.org/10.11646/zootaxa.3465.1.1","Gangwon-do","Seoraksan NP"
"JX158256.1 Onychodactylus koreanus voucher MMS-105 cytochrome b (cytb) gene, complete cds; mitochondrial",37.612171,128.346692,"Google Earth and GeoLocate for error",13.742,"MMS-105","NA","https://doi.org/10.11646/zootaxa.3465.1.1","Gangwon-do","Bongpyeong-myeon"
"JX158255.1 Onychodactylus koreanus voucher MMS-104 cytochrome b (cytb) gene, complete cds; mitochondrial",37.612171,128.346692,"Google Earth and GeoLocate for error",13.742,"MMS-104","NA","https://doi.org/10.11646/zootaxa.3465.1.1","Gangwon-do","Bongpyeong-myeon"
"JX158258.1 Onychodactylus koreanus voucher MMS-243 cytochrome b (cytb) gene, complete cds; mitochondrial",37.5867,128.8976,"GeoLocate",10.073,"MMS-243","NA","https://doi.org/10.11646/zootaxa.3465.1.1","Gangwon-do","Seokbyeong-san"
"JX158257.1 Onychodactylus koreanus voucher MMS-242 cytochrome b (cytb) gene, complete cds; mitochondrial",37.5867,128.8976,"GeoLocate",10.073,"MMS-242","NA","https://doi.org/10.11646/zootaxa.3465.1.1","Gangwon-do","Seokbyeong-san"
"JX158266.1 Onychodactylus koreanus voucher DRV5056 cytochrome b (cytb) gene, complete cds; mitochondrial",36.533675,127.900122,"GeoLocate",12.345,"DRV5056","NA","https://doi.org/10.11646/zootaxa.3465.1.1","Gyeongsangbuk-do; Songni-san, Daemok-ri",
"JX158280.1 Onychodactylus koreanus voucher MMS-109 cytochrome b (cytb) gene, complete cds; mitochondrial",35.290614,127.533152,"Google Earth and GeoLocate for error",10.815,"MMS-109","NA","https://doi.org/10.11646/zootaxa.3465.1.1","Jeollanam-do","Jirisan NP (Wonchon)"
"JX158279.1 Onychodactylus koreanus voucher H084 cytochrome b (cytb) gene, complete cds; mitochondrial",35.324872,127.709758,"Google Earth and GeoLocate for error",12.634,"H084","NA","https://doi.org/10.11646/zootaxa.3465.1.1","Gyeongsangnam-do","Jirisan NP (Jiri-san)"
"JX158278.1 Onychodactylus koreanus voucher H083 cytochrome b (cytb) gene, complete cds; mitochondrial",35.324872,127.709758,"Google Earth and GeoLocate for error",12.634,"H083","NA","https://doi.org/10.11646/zootaxa.3465.1.1","Gyeongsangnam-do","Jirisan NP (Jiri-san)"
"JX158277.1 Onychodactylus koreanus voucher H082 cytochrome b (cytb) gene, complete cds; mitochondrial",35.324872,127.709758,"Google Earth and GeoLocate for error",12.634,"H082","NA","https://doi.org/10.11646/zootaxa.3465.1.1","Gyeongsangnam-do","Jirisan NP (Jiri-san)"
"JX158276.1 Onychodactylus koreanus voucher H032 cytochrome b (cytb) gene, complete cds; mitochondrial",35.324872,127.709758,"Google Earth and GeoLocate for error",12.634,"H032","NA","https://doi.org/10.11646/zootaxa.3465.1.1","Gyeongsangnam-do","Jirisan NP (Jiri-san)"
"JX158275.1 Onychodactylus koreanus voucher H031 cytochrome b (cytb) gene, complete cds; mitochondrial",35.324872,127.709758,"Google Earth and GeoLocate for error",12.634,"H031","NA","https://doi.org/10.11646/zootaxa.3465.1.1","Gyeongsangnam-do","Jirisan NP (Jiri-san)"
"JX158269.1 Onychodactylus koreanus voucher MMS-245 cytochrome b (cytb) gene, complete cds; mitochondrial",35.967056,127.400384,"Google Earth and GeoLocate for error",9.774,"MMS-245","NA","https://doi.org/10.11646/zootaxa.3465.1.1","Jeollabuk-do","Jucheon-Myeon"
"JX158268.1 Onychodactylus koreanus voucher MMS-244 cytochrome b (cytb) gene, complete cds; mitochondrial",35.967056,127.400384,"Google Earth and GeoLocate for error",9.774,"MMS-244","NA","https://doi.org/10.11646/zootaxa.3465.1.1","Jeollabuk-do","Jucheon-Myeon"
