"value","Lat","Lon","Error_km","Method","MuseumFieldNumber","Notes","Reference",,
"AB452889.1 Onychodactylus japonicus mitochondrial cytb gene for cytochrome b, partial cds, haplotype: OJ79",36.824435,136.805897,2282,"GeoLocate","O.japonicus","Hodatsu-Shimizu-cho, Ishikawa Pref.","Yoshikawa, N., Matsui, M. (2022). ""A New Salamander of the Genus Onychodactylus from Central Honshu, Japan (Amphibia, Caudata, Hynobiidae),"" Current Herpetology, 41(1), 82-100.",,
"LC663766.1 Onychodactylus japonicus NY3643 mitochondrial cytb gene for cytochrome b, complete cds",36.311063,136.498413,2246,"GeoLocate","O.japonicus","Ishikawa, Komatsu","Yoshikawa, N., Matsui, M. (2022). ""A New Salamander of the Genus Onychodactylus from Central Honshu, Japan (Amphibia, Caudata, Hynobiidae),"" Current Herpetology, 41(1), 82-100.",,
"JX158311.1 Onychodactylus japonicus voucher IK14 cytochrome b (cytb) gene, complete cds; mitochondrial",37.122254,140.249633,3036,"GeoLocate","O.japonicus","Fukushima, Shirakawa","NA",,
"AB452891.1 Onychodactylus japonicus mitochondrial cytb gene for cytochrome b, partial cds, haplotype: OJ81",36.179025,136.282563,1906,"GeoLocate","O.japonicus","Fukui, Sakai-shi","Yoshikawa, N., Matsui, M. (2022). ""A New Salamander of the Genus Onychodactylus from Central Honshu, Japan (Amphibia, Caudata, Hynobiidae),"" Current Herpetology, 41(1), 82-100.",,
"LC658999.1 Onychodactylus japonicus KUHE:T3346 mitochondrial cytb gene for cytochrome b, complete cds",35.466317,135.352042,1608,"GeoLocate","O.japonicus","Kyoto, Maizuru KUHE:T3346","Yoshikawa, N., Matsui, M. (2022). ""A New Salamander of the Genus Onychodactylus from Central Honshu, Japan (Amphibia, Caudata, Hynobiidae),"" Current Herpetology, 41(1), 82-100.",,
"LC659002.1 Onychodactylus japonicus KUHE:8323 mitochondrial cytb gene for cytochrome b, complete cds",34.316085,136.262663,3036,"GeoLocate","O.japonicus","Mie, Odai-cho","Yoshikawa, N., Matsui, M. (2022). ""A New Salamander of the Genus Onychodactylus from Central Honshu, Japan (Amphibia, Caudata, Hynobiidae),"" Current Herpetology, 41(1), 82-100.",,
"JX158310.1 Onychodactylus japonicus voucher IK53 cytochrome b (cytb) gene, complete cds; mitochondrial",37.030137,139.33531,3036,"GeoLocate","O.japonicus","Fukushima, Hinoemata","Poyarkov, N.A., Che, J., Min, M., KURO-O, M., Yan, F., Li, C., Iizuka, K., & Vieites, D.R. (2012). Review of the systematics, morphology and distribution of Asian Clawed Salamanders, genus Onychodactylus (Amphibia, Caudata: Hynobiidae), with the description of four new species. Zootaxa, 3465, 1-106.",,
"JX158309.1 Onychodactylus japonicus voucher IK1 cytochrome b (cytb) gene, complete cds; mitochondrial",37.030137,139.33531,3036,"GeoLocate","O.japonicus","Fukushima, Hinoemata","Poyarkov, N.A., Che, J., Min, M., KURO-O, M., Yan, F., Li, C., Iizuka, K., & Vieites, D.R. (2012). Review of the systematics, morphology and distribution of Asian Clawed Salamanders, genus Onychodactylus (Amphibia, Caudata: Hynobiidae), with the description of four new species. Zootaxa, 3465, 1-106.",,
"JX158308.1 Onychodactylus japonicus voucher IK2 cytochrome b (cytb) gene, complete cds; mitochondrial",37.030137,139.33531,3036,"GeoLocate","O.japonicus","Fukushima, Hinoemata","Poyarkov, N.A., Che, J., Min, M., KURO-O, M., Yan, F., Li, C., Iizuka, K., & Vieites, D.R. (2012). Review of the systematics, morphology and distribution of Asian Clawed Salamanders, genus Onychodactylus (Amphibia, Caudata: Hynobiidae), with the description of four new species. Zootaxa, 3465, 1-106.",,
"JX158307.1 Onychodactylus japonicus voucher IK4 cytochrome b (cytb) gene, complete cds; mitochondrial",37.030137,139.33531,3036,"GeoLocate","O.japonicus","Fukushima, Hinoemata","Poyarkov, N.A., Che, J., Min, M., KURO-O, M., Yan, F., Li, C., Iizuka, K., & Vieites, D.R. (2012). Review of the systematics, morphology and distribution of Asian Clawed Salamanders, genus Onychodactylus (Amphibia, Caudata: Hynobiidae), with the description of four new species. Zootaxa, 3465, 1-106.",,
"JX158306.1 Onychodactylus japonicus voucher MKO-4-2 cytochrome b (cytb) gene, complete cds; mitochondrial",37.030137,139.33531,3036,"GeoLocate","O.japonicus","Fukushima, Hinoemata","Poyarkov, N.A., Che, J., Min, M., KURO-O, M., Yan, F., Li, C., Iizuka, K., & Vieites, D.R. (2012). Review of the systematics, morphology and distribution of Asian Clawed Salamanders, genus Onychodactylus (Amphibia, Caudata: Hynobiidae), with the description of four new species. Zootaxa, 3465, 1-106.",,
"JX158305.1 Onychodactylus japonicus voucher MKO-4-1 cytochrome b (cytb) gene, complete cds; mitochondrial",37.030137,139.33531,3036,"GeoLocate","O.japonicus","Fukushima, Hinoemata","Poyarkov, N.A., Che, J., Min, M., KURO-O, M., Yan, F., Li, C., Iizuka, K., & Vieites, D.R. (2012). Review of the systematics, morphology and distribution of Asian Clawed Salamanders, genus Onychodactylus (Amphibia, Caudata: Hynobiidae), with the description of four new species. Zootaxa, 3465, 1-106.",,
"JX158304.1 Onychodactylus japonicus voucher NPH115-3 cytochrome b (cytb) gene, complete cds; mitochondrial",36.84085,139.708427,1189,"GeoLocate","O.japonicus","Tochigi","Kinugawa-koen","station","Poyarkov, N.A., Che, J., Min, M., KURO-O, M., Yan, F., Li, C., Iizuka, K., & Vieites, D.R. (2012). Review of the systematics, morphology and distribution of Asian Clawed Salamanders, genus Onychodactylus (Amphibia, Caudata: Hynobiidae), with the description of four new species. Zootaxa, 3465, 1-106."
"JX158303.1 Onychodactylus japonicus voucher NPH115-2 cytochrome b (cytb) gene, complete cds; mitochondrial",36.84085,139.708427,1189,"GeoLocate","O.japonicus","Tochigi","Kinugawa-koen","station","Poyarkov, N.A., Che, J., Min, M., KURO-O, M., Yan, F., Li, C., Iizuka, K., & Vieites, D.R. (2012). Review of the systematics, morphology and distribution of Asian Clawed Salamanders, genus Onychodactylus (Amphibia, Caudata: Hynobiidae), with the description of four new species. Zootaxa, 3465, 1-106."
"JX158302.1 Onychodactylus japonicus voucher NPH115-1 cytochrome b (cytb) gene, complete cds; mitochondrial",36.84085,139.708427,1189,"GeoLocate","O.japonicus","Tochigi","Kinugawa-koen","station","Poyarkov, N.A., Che, J., Min, M., KURO-O, M., Yan, F., Li, C., Iizuka, K., & Vieites, D.R. (2012). Review of the systematics, morphology and distribution of Asian Clawed Salamanders, genus Onychodactylus (Amphibia, Caudata: Hynobiidae), with the description of four new species. Zootaxa, 3465, 1-106."
"AB452852.1 Onychodactylus japonicus mitochondrial cytb gene for cytochrome b, partial cds, haplotype: OJ42",36.797995,140.345615,3036,"GeoLocate","O.japonicus","Ibaraki, Daigo-machi","Yoshikawa N, Matsui M. Two new Salamanders of the genus Onychodactylus from Eastern Honshu, Japan (Amphibia, Caudata, Hynobiidae). Zootaxa. 2014 Sep 22;3866(1):53-78. doi: 10.11646/zootaxa.3866.1.3. PMID: 25283647.",,
"AB924014.1 Onychodactylus japonicus mitochondrial cytb gene for cytochrome b, complete cds, specimen_voucher: KUHE:38871",37.694871,139.820356,2379,"GeoLocate","O.japonicus","Fukushima, Kitakata KUHE:38871","NA",,
"JX158301.1 Onychodactylus japonicus voucher MKO-5-3 cytochrome b (cytb) gene, complete cds; mitochondrial",36.85,139.733333,3036,"GeoLocate","O.japonicus","Tochigi","Fujihara","Poyarkov, N.A., Che, J., Min, M., KURO-O, M., Yan, F., Li, C., Iizuka, K., & Vieites, D.R. (2012). Review of the systematics, morphology and distribution of Asian Clawed Salamanders, genus Onychodactylus (Amphibia, Caudata: Hynobiidae), with the description of four new species. Zootaxa, 3465, 1-106.",
"JX158300.1 Onychodactylus japonicus voucher MKO-5-2 cytochrome b (cytb) gene, complete cds; mitochondrial",36.85,139.733333,3036,"GeoLocate","O.japonicus","Tochigi","Fujihara","Poyarkov, N.A., Che, J., Min, M., KURO-O, M., Yan, F., Li, C., Iizuka, K., & Vieites, D.R. (2012). Review of the systematics, morphology and distribution of Asian Clawed Salamanders, genus Onychodactylus (Amphibia, Caudata: Hynobiidae), with the description of four new species. Zootaxa, 3465, 1-106.",
"JX158299.1 Onychodactylus japonicus voucher MKO-5-1 cytochrome b (cytb) gene, complete cds; mitochondrial",36.85,139.733333,3036,"GeoLocate","O.japonicus","Tochigi","Fujihara","Poyarkov, N.A., Che, J., Min, M., KURO-O, M., Yan, F., Li, C., Iizuka, K., & Vieites, D.R. (2012). Review of the systematics, morphology and distribution of Asian Clawed Salamanders, genus Onychodactylus (Amphibia, Caudata: Hynobiidae), with the description of four new species. Zootaxa, 3465, 1-106.",
"JX158295.1 Onychodactylus japonicus voucher NPH-109-3 cytochrome b (cytb) gene, complete cds; mitochondrial",35.232261,139.031419,3036,"GeoLocate","O.japonicus","Kanagawa, Hakone-machi","Poyarkov, N.A., Che, J., Min, M., KURO-O, M., Yan, F., Li, C., Iizuka, K., & Vieites, D.R. (2012). Review of the systematics, morphology and distribution of Asian Clawed Salamanders, genus Onychodactylus (Amphibia, Caudata: Hynobiidae), with the description of four new species. Zootaxa, 3465, 1-106.",,
"JX158294.1 Onychodactylus japonicus voucher NPH-109-2 cytochrome b (cytb) gene, complete cds; mitochondrial",35.232261,139.031419,3036,"GeoLocate","O.japonicus","Kanagawa, Hakone-machi","Poyarkov, N.A., Che, J., Min, M., KURO-O, M., Yan, F., Li, C., Iizuka, K., & Vieites, D.R. (2012). Review of the systematics, morphology and distribution of Asian Clawed Salamanders, genus Onychodactylus (Amphibia, Caudata: Hynobiidae), with the description of four new species. Zootaxa, 3465, 1-106.",,
"JX158293.1 Onychodactylus japonicus voucher NPH-109-1 cytochrome b (cytb) gene, complete cds; mitochondrial",35.232261,139.031419,3036,"GeoLocate","O.japonicus","Kanagawa, Hakone-machi","Poyarkov, N.A., Che, J., Min, M., KURO-O, M., Yan, F., Li, C., Iizuka, K., & Vieites, D.R. (2012). Review of the systematics, morphology and distribution of Asian Clawed Salamanders, genus Onychodactylus (Amphibia, Caudata: Hynobiidae), with the description of four new species. Zootaxa, 3465, 1-106.",,
"AB452872.1 Onychodactylus japonicus mitochondrial cytb gene for cytochrome b, partial cds, haplotype: OJ62",35.232261,139.031419,3036,"GeoLocate","O.japonicus","Kanagawa, Hakone-machi","Yoshikawa N, Matsui M. Two new Salamanders of the genus Onychodactylus from Eastern Honshu, Japan (Amphibia, Caudata, Hynobiidae). Zootaxa. 2014 Sep 22;3866(1):53-78. doi: 10.11646/zootaxa.3866.1.3. PMID: 25283647.",,
"AB452871.1 Onychodactylus japonicus mitochondrial cytb gene for cytochrome b, partial cds, haplotype: OJ61",35.822568,139.055475,3036,"GeoLocate","O.japonicus","Tokyo, Okutama-machi","Yoshikawa N, Matsui M. Two new Salamanders of the genus Onychodactylus from Eastern Honshu, Japan (Amphibia, Caudata, Hynobiidae). Zootaxa. 2014 Sep 22;3866(1):53-78. doi: 10.11646/zootaxa.3866.1.3. PMID: 25283647.",,
"JX158298.1 Onychodactylus japonicus voucher MKO-6-3 cytochrome b (cytb) gene, complete cds; mitochondrial",35.822568,139.055475,3036,"GeoLocate","O.japonicus","Tokyo, Okutama-machi","Poyarkov, N.A., Che, J., Min, M., KURO-O, M., Yan, F., Li, C., Iizuka, K., & Vieites, D.R. (2012). Review of the systematics, morphology and distribution of Asian Clawed Salamanders, genus Onychodactylus (Amphibia, Caudata: Hynobiidae), with the description of four new species. Zootaxa, 3465, 1-106.",,
"JX158297.1 Onychodactylus japonicus voucher MKO-6-2 cytochrome b (cytb) gene, complete cds; mitochondrial",35.822568,139.055475,3036,"GeoLocate","O.japonicus","Tokyo, Okutama-machi","Poyarkov, N.A., Che, J., Min, M., KURO-O, M., Yan, F., Li, C., Iizuka, K., & Vieites, D.R. (2012). Review of the systematics, morphology and distribution of Asian Clawed Salamanders, genus Onychodactylus (Amphibia, Caudata: Hynobiidae), with the description of four new species. Zootaxa, 3465, 1-106.",,
"JX158296.1 Onychodactylus japonicus voucher MKO-6-1 cytochrome b (cytb) gene, complete cds; mitochondrial",35.822568,139.055475,3036,"GeoLocate","O.japonicus","Tokyo, Okutama-machi","Poyarkov, N.A., Che, J., Min, M., KURO-O, M., Yan, F., Li, C., Iizuka, K., & Vieites, D.R. (2012). Review of the systematics, morphology and distribution of Asian Clawed Salamanders, genus Onychodactylus (Amphibia, Caudata: Hynobiidae), with the description of four new species. Zootaxa, 3465, 1-106.",,
"AB452934.1 Onychodactylus japonicus mitochondrial cytb gene for cytochrome b, partial cds, haplotype: OJ124",34.948308,133.067688,3036,"GeoLocate","O.japonicus","Hiroshima, Shobara-shi","Yoshikawa N, Matsui M. Two new Salamanders of the genus Onychodactylus from Eastern Honshu, Japan (Amphibia, Caudata, Hynobiidae). Zootaxa. 2014 Sep 22;3866(1):53-78. doi: 10.11646/zootaxa.3866.1.3. PMID: 25283647.",,
"AB452929.1 Onychodactylus japonicus mitochondrial cytb gene for cytochrome b, partial cds, haplotype: OJ119",35.452875,133.640056,2542,"GeoLocate","O.japonicus","Tottori, Kotoura-cho","NA",,
"AB452931.1 Onychodactylus japonicus mitochondrial cytb gene for cytochrome b, partial cds, haplotype: OJ121",35.162652,133.03898,3036,"GeoLocate","O.japonicus","Shimane, Okuizumo-cho","NA",,
"AB452932.1 Onychodactylus japonicus mitochondrial cytb gene for cytochrome b, partial cds, haplotype: OJ122",34.948308,133.067688,3036,"GeoLocate","O.japonicus","Hiroshima, Shobara-shi","Yoshikawa N, Matsui M. Two new Salamanders of the genus Onychodactylus from Eastern Honshu, Japan (Amphibia, Caudata, Hynobiidae). Zootaxa. 2014 Sep 22;3866(1):53-78. doi: 10.11646/zootaxa.3866.1.3. PMID: 25283647.",,
"AB452933.1 Onychodactylus japonicus mitochondrial cytb gene for cytochrome b, partial cds, haplotype: OJ123",34.948308,133.067688,3036,"GeoLocate","O.japonicus","Hiroshima, Shobara-shi","Yoshikawa N, Matsui M. Two new Salamanders of the genus Onychodactylus from Eastern Honshu, Japan (Amphibia, Caudata, Hynobiidae). Zootaxa. 2014 Sep 22;3866(1):53-78. doi: 10.11646/zootaxa.3866.1.3. PMID: 25283647.",,
"AB452930.1 Onychodactylus japonicus mitochondrial cytb gene for cytochrome b, partial cds, haplotype: OJ120",35.452875,133.640056,2542,"GeoLocate","O.japonicus","Tottori, Kotoura-cho","NA",,
"AB452937.1 Onychodactylus japonicus mitochondrial cytb gene for cytochrome b, partial cds, haplotype: OJ127",34.399549,132.185058,3036,"GeoLocate","O.japonicus","Hiroshima, Hatsukaichi-shi","Yoshikawa N, Matsui M. Two new Salamanders of the genus Onychodactylus from Eastern Honshu, Japan (Amphibia, Caudata, Hynobiidae). Zootaxa. 2014 Sep 22;3866(1):53-78. doi: 10.11646/zootaxa.3866.1.3. PMID: 25283647.",,
"AB452936.1 Onychodactylus japonicus mitochondrial cytb gene for cytochrome b, partial cds, haplotype: OJ126",34.399549,132.185058,3036,"GeoLocate","O.japonicus","Hiroshima, Hatsukaichi-shi","Yoshikawa N, Matsui M. Two new Salamanders of the genus Onychodactylus from Eastern Honshu, Japan (Amphibia, Caudata, Hynobiidae). Zootaxa. 2014 Sep 22;3866(1):53-78. doi: 10.11646/zootaxa.3866.1.3. PMID: 25283647.",,
"AB452935.1 Onychodactylus japonicus mitochondrial cytb gene for cytochrome b, partial cds, haplotype: OJ125",34.399549,132.185058,3036,"GeoLocate","O.japonicus","Hiroshima, Hatsukaichi-shi","Yoshikawa N, Matsui M. Two new Salamanders of the genus Onychodactylus from Eastern Honshu, Japan (Amphibia, Caudata, Hynobiidae). Zootaxa. 2014 Sep 22;3866(1):53-78. doi: 10.11646/zootaxa.3866.1.3. PMID: 25283647.",,
"AB452927.1 Onychodactylus japonicus mitochondrial cytb gene for cytochrome b, partial cds, haplotype: OJ117",35.206098,133.908902,3036,"GeoLocate","O.japonicus","Okayama, Kagamino-cho","NA",,
"AB452926.1 Onychodactylus japonicus mitochondrial cytb gene for cytochrome b, partial cds, haplotype: OJ116",35.26249,134.825271,3036,"GeoLocate","O.japonicus","Hyogo, Asago-shi","NA",,
"AB452875.1 Onychodactylus japonicus mitochondrial cytb gene for cytochrome b, partial cds, haplotype: OJ65",34.925549,138.923088,3036,"GeoLocate","O.japonicus","Shizuoka, Izu-shi","Yoshikawa N, Matsui M. Two new Salamanders of the genus Onychodactylus from Eastern Honshu, Japan (Amphibia, Caudata, Hynobiidae). Zootaxa. 2014 Sep 22;3866(1):53-78. doi: 10.11646/zootaxa.3866.1.3. PMID: 25283647.",,
"AB452873.1 Onychodactylus japonicus mitochondrial cytb gene for cytochrome b, partial cds, haplotype: OJ63",35.232261,139.031419,3036,"GeoLocate","O.japonicus","Kanagawa, Hakone-machi","Yoshikawa N, Matsui M. Two new Salamanders of the genus Onychodactylus from Eastern Honshu, Japan (Amphibia, Caudata, Hynobiidae). Zootaxa. 2014 Sep 22;3866(1):53-78. doi: 10.11646/zootaxa.3866.1.3. PMID: 25283647.",,
"AB452874.1 Onychodactylus japonicus mitochondrial cytb gene for cytochrome b, partial cds, haplotype: OJ64",35.232261,139.031419,3036,"GeoLocate","O.japonicus","Kanagawa, Hakone-machi","Yoshikawa N, Matsui M. Two new Salamanders of the genus Onychodactylus from Eastern Honshu, Japan (Amphibia, Caudata, Hynobiidae). Zootaxa. 2014 Sep 22;3866(1):53-78. doi: 10.11646/zootaxa.3866.1.3. PMID: 25283647.",,
