"value","Lat","Lon","Error_km","Method","MuseumFieldNumber","Notes","Reference"
"AB452928.1 Onychodactylus japonicus mitochondrial cytb gene for cytochrome b, partial cds, haplotype: OJ118",35.206098,133.908902,3036,"GeoLocate","O. kinneburi","Okayama, Kagamino-cho","Yoshikawa, N., Matsui, M., Nishikawa, K., Kim, J. B., & Kryukov, A. (2008). Phylogenetic relationships and biogeography of the Japanese clawed salamander, Onychodactylus japonicus (Amphibia: Caudata: Hynobiidae), and its congener inferred from the mitochondrial cytochrome b gene. Molecular Phylogenetics and Evolution, 49(1), 249-259. https://doi.org/10.1016/j.ympev.2008.07.016"
"AB452949.1 Onychodactylus japonicus mitochondrial cytb gene for cytochrome b, partial cds, haplotype: OJ139",33.933487,133.851844,3036,"GeoLocate","O. kinneburi","Tokushima, Miyoshi-shi","Yoshikawa, N., Matsui, M., Nishikawa, K., Kim, J. B., & Kryukov, A. (2008). Phylogenetic relationships and biogeography of the Japanese clawed salamander, Onychodactylus japonicus (Amphibia: Caudata: Hynobiidae), and its congener inferred from the mitochondrial cytochrome b gene. Molecular Phylogenetics and Evolution, 49(1), 249-259. https://doi.org/10.1016/j.ympev.2008.07.016"
"AB452947.1 Onychodactylus japonicus mitochondrial cytb gene for cytochrome b, partial cds, haplotype: OJ137",33.933487,133.851844,3036,"GeoLocate","O. kinneburi","Tokushima, Miyoshi-shi","Yoshikawa, N., Matsui, M., Nishikawa, K., Kim, J. B., & Kryukov, A. (2008). Phylogenetic relationships and biogeography of the Japanese clawed salamander, Onychodactylus japonicus (Amphibia: Caudata: Hynobiidae), and its congener inferred from the mitochondrial cytochrome b gene. Molecular Phylogenetics and Evolution, 49(1), 249-259. https://doi.org/10.1016/j.ympev.2008.07.016"
"AB452952.1 Onychodactylus japonicus mitochondrial cytb gene for cytochrome b, partial cds, haplotype: OJ142",33.860995,133.108323,2387,"GeoLocate","O. kinneburi","Ehime, Saijo-shi","Yoshikawa, Natsuhiko, Matsui, Masafumi, Tanabe, Shingo, Okayama, Takehito (2013): Description of a New Salamander of the Genus Onychodactylus from Shikoku and Western Honshu, Japan (Amphibia, Caudata, Hynobiidae). Zootaxa 3693 (4): 441-464, DOI: 10.11646/zootaxa.3693.4.2"
"AB452948.1 Onychodactylus japonicus mitochondrial cytb gene for cytochrome b, partial cds, haplotype: OJ138",33.933487,133.851844,3036,"GeoLocate","O. kinneburi","Tokushima, Miyoshi-shi","Yoshikawa, Natsuhiko, Matsui, Masafumi, Tanabe, Shingo, Okayama, Takehito (2013): Description of a New Salamander of the Genus Onychodactylus from Shikoku and Western Honshu, Japan (Amphibia, Caudata, Hynobiidae). Zootaxa 3693 (4): 441-464, DOI: 10.11646/zootaxa.3693.4.2"
"AB452946.1 Onychodactylus japonicus mitochondrial cytb gene for cytochrome b, partial cds, haplotype: OJ136",33.933487,133.851844,3036,"GeoLocate","O. kinneburi","Tokushima, Miyoshi-shi","Yoshikawa, Natsuhiko, Matsui, Masafumi, Tanabe, Shingo, Okayama, Takehito (2013): Description of a New Salamander of the Genus Onychodactylus from Shikoku and Western Honshu, Japan (Amphibia, Caudata, Hynobiidae). Zootaxa 3693 (4): 441-464, DOI: 10.11646/zootaxa.3693.4.2"
"AB452945.1 Onychodactylus japonicus mitochondrial cytb gene for cytochrome b, partial cds, haplotype: OJ135",33.933487,133.851844,3036,"GeoLocate","O. kinneburi","Tokushima, Miyoshi-shi","Yoshikawa, Natsuhiko, Matsui, Masafumi, Tanabe, Shingo, Okayama, Takehito (2013): Description of a New Salamander of the Genus Onychodactylus from Shikoku and Western Honshu, Japan (Amphibia, Caudata, Hynobiidae). Zootaxa 3693 (4): 441-464, DOI: 10.11646/zootaxa.3693.4.2"
"AB452938.1 Onychodactylus japonicus mitochondrial cytb gene for cytochrome b, partial cds, haplotype: OJ128",34.399549,132.185058,3036,"GeoLocate","O. kinneburi","Hiroshima, Hatsukaichi-shi","Yoshikawa, Natsuhiko, Matsui, Masafumi, Tanabe, Shingo, Okayama, Takehito (2013): Description of a New Salamander of the Genus Onychodactylus from Shikoku and Western Honshu, Japan (Amphibia, Caudata, Hynobiidae). Zootaxa 3693 (4): 441-464, DOI: 10.11646/zootaxa.3693.4.2"
"AB452940.1 Onychodactylus japonicus mitochondrial cytb gene for cytochrome b, partial cds, haplotype: OJ130",34.399549,132.185058,3036,"GeoLocate","O. kinneburi","Hiroshima, Hatsukaichi-shi","Yoshikawa, Natsuhiko, Matsui, Masafumi, Tanabe, Shingo, Okayama, Takehito (2013): Description of a New Salamander of the Genus Onychodactylus from Shikoku and Western Honshu, Japan (Amphibia, Caudata, Hynobiidae). Zootaxa 3693 (4): 441-464, DOI: 10.11646/zootaxa.3693.4.2"
"AB452941.1 Onychodactylus japonicus mitochondrial cytb gene for cytochrome b, partial cds, haplotype: OJ131",34.399549,132.185058,3036,"GeoLocate","O. kinneburi","Hiroshima, Hatsukaichi-shi","Yoshikawa, Natsuhiko, Matsui, Masafumi, Tanabe, Shingo, Okayama, Takehito (2013): Description of a New Salamander of the Genus Onychodactylus from Shikoku and Western Honshu, Japan (Amphibia, Caudata, Hynobiidae). Zootaxa 3693 (4): 441-464, DOI: 10.11646/zootaxa.3693.4.2"
"AB452943.1 Onychodactylus japonicus mitochondrial cytb gene for cytochrome b, partial cds, haplotype: OJ133",34.399549,132.185058,3036,"GeoLocate","O. kinneburi","Hiroshima, Hatsukaichi-shi","Yoshikawa, Natsuhiko, Matsui, Masafumi, Tanabe, Shingo, Okayama, Takehito (2013): Description of a New Salamander of the Genus Onychodactylus from Shikoku and Western Honshu, Japan (Amphibia, Caudata, Hynobiidae). Zootaxa 3693 (4): 441-464, DOI: 10.11646/zootaxa.3693.4.2"
"AB452944.1 Onychodactylus japonicus mitochondrial cytb gene for cytochrome b, partial cds, haplotype: OJ134",34.206076,132.06286,3036,"GeoLocate","O. kinneburi","Yamaguchi, Iwakuni-shi","Yoshikawa, Natsuhiko, Matsui, Masafumi, Tanabe, Shingo, Okayama, Takehito (2013): Description of a New Salamander of the Genus Onychodactylus from Shikoku and Western Honshu, Japan (Amphibia, Caudata, Hynobiidae). Zootaxa 3693 (4): 441-464, DOI: 10.11646/zootaxa.3693.4.2"
"AB452939.1 Onychodactylus japonicus mitochondrial cytb gene for cytochrome b, partial cds, haplotype: OJ129",34.399549,132.185058,3036,"GeoLocate","O. kinneburi","Hiroshima, Hatsukaichi-shi","Yoshikawa, Natsuhiko, Matsui, Masafumi, Tanabe, Shingo, Okayama, Takehito (2013): Description of a New Salamander of the Genus Onychodactylus from Shikoku and Western Honshu, Japan (Amphibia, Caudata, Hynobiidae). Zootaxa 3693 (4): 441-464, DOI: 10.11646/zootaxa.3693.4.2"
"AB452942.1 Onychodactylus japonicus mitochondrial cytb gene for cytochrome b, partial cds, haplotype: OJ132",34.206076,132.06286,3036,"GeoLocate","O. kinneburi","Yamaguchi, Iwakuni-shi","Yoshikawa, Natsuhiko, Matsui, Masafumi, Tanabe, Shingo, Okayama, Takehito (2013): Description of a New Salamander of the Genus Onychodactylus from Shikoku and Western Honshu, Japan (Amphibia, Caudata, Hynobiidae). Zootaxa 3693 (4): 441-464, DOI: 10.11646/zootaxa.3693.4.2"
"AB452953.1 Onychodactylus japonicus mitochondrial cytb gene for cytochrome b, partial cds, haplotype: OJ143",33.860995,133.108323,2387,"GeoLocate","O. kinneburi","Ehime, Saijo-shi","Yoshikawa, Natsuhiko, Matsui, Masafumi, Tanabe, Shingo, Okayama, Takehito (2013): Description of a New Salamander of the Genus Onychodactylus from Shikoku and Western Honshu, Japan (Amphibia, Caudata, Hynobiidae). Zootaxa 3693 (4): 441-464, DOI: 10.11646/zootaxa.3693.4.2"
"AB452950.1 Onychodactylus japonicus mitochondrial cytb gene for cytochrome b, partial cds, haplotype: OJ140",33.579311,133.504176,972,"GeoLocate","O. kinneburi","Kochi, Kochi-shi","Yoshikawa, Natsuhiko, Matsui, Masafumi, Tanabe, Shingo, Okayama, Takehito (2013): Description of a New Salamander of the Genus Onychodactylus from Shikoku and Western Honshu, Japan (Amphibia, Caudata, Hynobiidae). Zootaxa 3693 (4): 441-464, DOI: 10.11646/zootaxa.3693.4.2"
"AB452951.1 Onychodactylus japonicus mitochondrial cytb gene for cytochrome b, partial cds, haplotype: OJ141",33.860995,133.108323,2387,"GeoLocate","O. kinneburi","Ehime, Saijo-shi","Yoshikawa, Natsuhiko, Matsui, Masafumi, Tanabe, Shingo, Okayama, Takehito (2013): Description of a New Salamander of the Genus Onychodactylus from Shikoku and Western Honshu, Japan (Amphibia, Caudata, Hynobiidae). Zootaxa 3693 (4): 441-464, DOI: 10.11646/zootaxa.3693.4.2"
"AB452955.1 Onychodactylus japonicus mitochondrial cytb gene for cytochrome b, partial cds, haplotype: OJ145",33.860995,133.108323,2387,"GeoLocate","O. kinneburi","Ehime, Saijo-shi","Yoshikawa, Natsuhiko, Matsui, Masafumi, Tanabe, Shingo, Okayama, Takehito (2013): Description of a New Salamander of the Genus Onychodactylus from Shikoku and Western Honshu, Japan (Amphibia, Caudata, Hynobiidae). Zootaxa 3693 (4): 441-464, DOI: 10.11646/zootaxa.3693.4.2"
"AB452954.1 Onychodactylus japonicus mitochondrial cytb gene for cytochrome b, partial cds, haplotype: OJ144",33.860995,133.108323,2387,"GeoLocate","O. kinneburi","Ehime, Saijo-shi","Yoshikawa, Natsuhiko, Matsui, Masafumi, Tanabe, Shingo, Okayama, Takehito (2013): Description of a New Salamander of the Genus Onychodactylus from Shikoku and Western Honshu, Japan (Amphibia, Caudata, Hynobiidae). Zootaxa 3693 (4): 441-464, DOI: 10.11646/zootaxa.3693.4.2"
