"value","Lat","Lon","Method","Error_km","Museum_Field_Number","Notes","Reference","locality",
"JX158237.1 Onychodactylus zhaoermii voucher KIZ-YPX10506 cytochrome b (cytb) gene, complete cds; mitochondrial",40.29,123.27,"GeoLocate",76.198,"KIZ-YPX10506","point on the map in the paper doesn't quite match locality description","https://doi.org/10.11646/zootaxa.3465.1.1","Liaoning","Xiuyan"
"JX158235.1 Onychodactylus zhaoermii voucher KIZ-YPX10504 cytochrome b (cytb) gene, complete cds; mitochondrial",40.29,123.27,"GeoLocate",76.198,"KIZ-YPX10504","point on the map in the paper doesn't quite match locality description","https://doi.org/10.11646/zootaxa.3465.1.1","Liaoning","Xiuyan"
"JX158236.1 Onychodactylus zhaoermii voucher KIZ-YPX10505 cytochrome b (cytb) gene, complete cds; mitochondrial",40.29,123.27,"GeoLocate",76.198,"KIZ-YPX10505","point on the map in the paper doesn't quite match locality description","https://doi.org/10.11646/zootaxa.3465.1.1","Liaoning","Xiuyan"
"MW289009.1 Onychodactylus zhaoermii voucher SYNU19051108 mitochondrion, complete genome",40.772864,123.436945,"GeoLocate",4.755,"SYNU19051108","NA","https://doi.org/10.16373/j.cnki.ahr.200126","Zuogou, Huashan village, Xiuyan County, Liaoning Province",
"MW289014.1 Onychodactylus zhaoermii voucher SYNU19051117 mitochondrion, complete genome",40.772864,123.436945,"GeoLocate",4.755,"SYNU19051117","NA","https://doi.org/10.16373/j.cnki.ahr.200126","Yougou, Huashan village, Xiuyan County, Liaoning Province",
"MW289010.1 Onychodactylus zhaoermii voucher SYNU19051109 mitochondrion, complete genome",40.772864,123.436945,"GeoLocate",4.755,"SYNU19051109","NA","https://doi.org/10.16373/j.cnki.ahr.200126","Zuogou, Huashan village, Xiuyan County, Liaoning Province",
"MW289018.1 Onychodactylus zhaoermii voucher SYNU19051121 mitochondrion, complete genome",40.772864,123.436945,"GeoLocate",4.755,"SYNU19051121","NA","https://doi.org/10.16373/j.cnki.ahr.200126","Yougou, Huashan village, Xiuyan County, Liaoning Province",
"MW289013.1 Onychodactylus zhaoermii voucher SYNU19051116 mitochondrion, complete genome",40.772864,123.436945,"GeoLocate",4.755,"SYNU19051116","NA","https://doi.org/10.16373/j.cnki.ahr.200126","Yougou, Huashan village, Xiuyan County, Liaoning Province",
"MW289037.1 Onychodactylus zhaoermii voucher SYNU19052703 mitochondrion, complete genome",40.90786,123.663286,"GeoLocate",4.331,"SYNU19052703","NA","https://doi.org/10.16373/j.cnki.ahr.200126","Xinkai village, Benxi County, Liaoning Province",
"MW289036.1 Onychodactylus zhaoermii voucher SYNU19052702 mitochondrion, complete genome",40.90786,123.663286,"GeoLocate",4.331,"SYNU19052702","NA","https://doi.org/10.16373/j.cnki.ahr.200126","Xinkai village, Benxi County, Liaoning Province",
"MW289012.1 Onychodactylus zhaoermii voucher SYNU19051111 mitochondrion, complete genome",40.772864,123.436945,"GeoLocate",4.755,"SYNU19051111","NA","https://doi.org/10.16373/j.cnki.ahr.200126","Zuogou, Huashan village, Xiuyan County, Liaoning Province",
"MW289035.1 Onychodactylus zhaoermii voucher SYNU19052701 mitochondrion, complete genome",40.90786,123.663286,"GeoLocate",4.331,"SYNU19052701","NA","https://doi.org/10.16373/j.cnki.ahr.200126","Xinkai village, Benxi County, Liaoning Province",
"MW289017.1 Onychodactylus zhaoermii voucher SYNU19051120 mitochondrion, complete genome",40.772864,123.436945,"GeoLocate",4.755,"SYNU19051120","NA","https://doi.org/10.16373/j.cnki.ahr.200126","Yougou, Huashan village, Xiuyan County, Liaoning Province",
"MW289015.1 Onychodactylus zhaoermii voucher SYNU19051118 mitochondrion, complete genome",40.772864,123.436945,"GeoLocate",4.755,"SYNU19051118","NA","https://doi.org/10.16373/j.cnki.ahr.200126","Yougou, Huashan village, Xiuyan County, Liaoning Province",
"MW289008.1 Onychodactylus zhaoermii voucher SYNU19051107 mitochondrion, complete genome",40.772864,123.436945,"GeoLocate",4.755,"SYNU19051107","NA","https://doi.org/10.16373/j.cnki.ahr.200126","Zuogou, Huashan village, Xiuyan County, Liaoning Province",
"MW289011.1 Onychodactylus zhaoermii voucher SYNU19051110 mitochondrion, complete genome",40.772864,123.436945,"GeoLocate",4.755,"SYNU19051110","NA","https://doi.org/10.16373/j.cnki.ahr.200126","Zuogou, Huashan village, Xiuyan County, Liaoning Province",
