"value","Accession","Lat","Lon","error","method","voucher"
"Pachytriton xanthospilos","ON793874",24.539579,113.158374,3036,"GeoLocate","KIZ021813"
"Pachytriton xanthospilos","ON793875",24.539579,113.158374,3036,"GeoLocate","KIZ021814"
"Pachytriton xanthospilos","ON793873",24.539579,113.158374,3036,"GeoLocate","KIZ021812"
"Pachytriton xanthospilos","KT152387",24.93112,112.97188,"phylogatR",,
"Pachytriton xanthospilos","JX237762",24.93112,112.97188,"phylogatR",,
"Pachytriton xanthospilos","ON793844",24.980552,112.846344,4576,"GeoLocate","KIZ06752"
"Pachytriton xanthospilos ","ON793843",24.980552,112.846344,4576,"GeoLocate","KIZ06751 "
"Pachytriton xanthospilos","KT152389",24.93112,112.97188,"phylogatR",,
"Pachytriton xanthospilos","JX237765",24.93112,112.97188,"phylogatR",,
"Pachytriton xanthospilos","JX237761",24.93112,112.97188,"phylogatR",,
"Pachytriton xanthospilos","JX237760",24.93112,112.97188,"phylogatR",,
"Pachytriton xanthospilos","JX237763",24.93112,112.97188,"phylogatR",,
"Pachytriton xanthospilos","JX237764",24.93112,112.97188,"phylogatR",,
"Pachytriton xanthospilos","KT152388",24.93112,112.97188,"phylogatR",,
"Pachytriton xanthospilos ","ON793842",24.980552,112.846344,4576,"GeoLocate","KIZ06750"
