"value","Lat","Lon","Error_km","Method","MuseumFieldNumber","Notes","Reference"
"DQ335747 Pachyhynobius shangchengensis",31.77935,115.413892,3036,"GeoLocate","CIB-N105N","NA","Zeng, X.-m., J.-z. Fu, L.-q. Chen, Y.-z. Tian, and X.-h. Chen. 2006. Cryptic species and systematics of the hynobiid salamanders of the Liua–Pseudohynobius complex: molecular and phylogenetic perspectives. Biochemical Systematics and Ecology 34: 467–477."
"KC162149 Pachyhynobius shangchengensis",31.41311,115.34738,"NA","Manuscript","HBSH-N-12","NA","Zhao Y, Zhang Y, Li X (2013) Molecular Phylogeography and Population Genetic Structure of an Endangered Species Pachyhynobius shangchengensis (hynobiid Salamander) in a Fragmented Habitat of Southeastern China. PLoS ONE 8(10): e78064. https://doi.org/10.1371/journal.pone.0078064"
"KC162150 Pachyhynobius shangchengensis",31.41311,115.34738,"NA","Manuscript","HBSH-N-16","NA","Zhao Y, Zhang Y, Li X (2013) Molecular Phylogeography and Population Genetic Structure of an Endangered Species Pachyhynobius shangchengensis (hynobiid Salamander) in a Fragmented Habitat of Southeastern China. PLoS ONE 8(10): e78064. https://doi.org/10.1371/journal.pone.0078064"
"KC162137 Pachyhynobius shangchengensis",31.41311,115.34738,"NA","Manuscript","HBSH-N-8","NA","Zhao Y, Zhang Y, Li X (2013) Molecular Phylogeography and Population Genetic Structure of an Endangered Species Pachyhynobius shangchengensis (hynobiid Salamander) in a Fragmented Habitat of Southeastern China. PLoS ONE 8(10): e78064. https://doi.org/10.1371/journal.pone.0078064"
"KC162139 Pachyhynobius shangchengensis",31.41311,115.34738,"NA","Manuscript","HBSH-N-14","NA","Zhao Y, Zhang Y, Li X (2013) Molecular Phylogeography and Population Genetic Structure of an Endangered Species Pachyhynobius shangchengensis (hynobiid Salamander) in a Fragmented Habitat of Southeastern China. PLoS ONE 8(10): e78064. https://doi.org/10.1371/journal.pone.0078064"
"KC162138 Pachyhynobius shangchengensis",31.41311,115.34738,"NA","Manuscript","HBSH-N-9","NA","Zhao Y, Zhang Y, Li X (2013) Molecular Phylogeography and Population Genetic Structure of an Endangered Species Pachyhynobius shangchengensis (hynobiid Salamander) in a Fragmented Habitat of Southeastern China. PLoS ONE 8(10): e78064. https://doi.org/10.1371/journal.pone.0078064"
"KC162136 Pachyhynobius shangchengensis",31.41311,115.34738,"NA","Manuscript","HBSH-N-6","NA","Zhao Y, Zhang Y, Li X (2013) Molecular Phylogeography and Population Genetic Structure of an Endangered Species Pachyhynobius shangchengensis (hynobiid Salamander) in a Fragmented Habitat of Southeastern China. PLoS ONE 8(10): e78064. https://doi.org/10.1371/journal.pone.0078064"
"KC162135 Pachyhynobius shangchengensis",31.41311,115.34738,"NA","Manuscript","HBSH-N-3","NA","Zhao Y, Zhang Y, Li X (2013) Molecular Phylogeography and Population Genetic Structure of an Endangered Species Pachyhynobius shangchengensis (hynobiid Salamander) in a Fragmented Habitat of Southeastern China. PLoS ONE 8(10): e78064. https://doi.org/10.1371/journal.pone.0078064"
"KC162148 Pachyhynobius shangchengensis",31.41311,115.34738,"NA","Manuscript","HBSH-N-15","NA","Zhao Y, Zhang Y, Li X (2013) Molecular Phylogeography and Population Genetic Structure of an Endangered Species Pachyhynobius shangchengensis (hynobiid Salamander) in a Fragmented Habitat of Southeastern China. PLoS ONE 8(10): e78064. https://doi.org/10.1371/journal.pone.0078064"
"KC162147 Pachyhynobius shangchengensis",31.41311,115.34738,"NA","Manuscript","HBSH-N-13","NA","Zhao Y, Zhang Y, Li X (2013) Molecular Phylogeography and Population Genetic Structure of an Endangered Species Pachyhynobius shangchengensis (hynobiid Salamander) in a Fragmented Habitat of Southeastern China. PLoS ONE 8(10): e78064. https://doi.org/10.1371/journal.pone.0078064"
"KC162146 Pachyhynobius shangchengensis",31.41311,115.34738,"NA","Manuscript","HBSH-N-11","NA","Zhao Y, Zhang Y, Li X (2013) Molecular Phylogeography and Population Genetic Structure of an Endangered Species Pachyhynobius shangchengensis (hynobiid Salamander) in a Fragmented Habitat of Southeastern China. PLoS ONE 8(10): e78064. https://doi.org/10.1371/journal.pone.0078064"
"KC162145 Pachyhynobius shangchengensis",31.41311,115.34738,"NA","Manuscript","HBSH-N-10","NA","Zhao Y, Zhang Y, Li X (2013) Molecular Phylogeography and Population Genetic Structure of an Endangered Species Pachyhynobius shangchengensis (hynobiid Salamander) in a Fragmented Habitat of Southeastern China. PLoS ONE 8(10): e78064. https://doi.org/10.1371/journal.pone.0078064"
"KC162144 Pachyhynobius shangchengensis",31.41311,115.34738,"NA","Manuscript","HBSH-N-7","NA","Zhao Y, Zhang Y, Li X (2013) Molecular Phylogeography and Population Genetic Structure of an Endangered Species Pachyhynobius shangchengensis (hynobiid Salamander) in a Fragmented Habitat of Southeastern China. PLoS ONE 8(10): e78064. https://doi.org/10.1371/journal.pone.0078064"
"KC162143 Pachyhynobius shangchengensis",31.41311,115.34738,"NA","Manuscript","HBSH-N-5","NA","Zhao Y, Zhang Y, Li X (2013) Molecular Phylogeography and Population Genetic Structure of an Endangered Species Pachyhynobius shangchengensis (hynobiid Salamander) in a Fragmented Habitat of Southeastern China. PLoS ONE 8(10): e78064. https://doi.org/10.1371/journal.pone.0078064"
"KC162142 Pachyhynobius shangchengensis",31.41311,115.34738,"NA","Manuscript","HBSH-N-4","NA","Zhao Y, Zhang Y, Li X (2013) Molecular Phylogeography and Population Genetic Structure of an Endangered Species Pachyhynobius shangchengensis (hynobiid Salamander) in a Fragmented Habitat of Southeastern China. PLoS ONE 8(10): e78064. https://doi.org/10.1371/journal.pone.0078064"
"KC162141 Pachyhynobius shangchengensis",31.41311,115.34738,"NA","Manuscript","HBSH-N-2","NA","Zhao Y, Zhang Y, Li X (2013) Molecular Phylogeography and Population Genetic Structure of an Endangered Species Pachyhynobius shangchengensis (hynobiid Salamander) in a Fragmented Habitat of Southeastern China. PLoS ONE 8(10): e78064. https://doi.org/10.1371/journal.pone.0078064"
"KC162140 Pachyhynobius shangchengensis",31.41311,115.34738,"NA","Manuscript","HBSH-N-1","NA","Zhao Y, Zhang Y, Li X (2013) Molecular Phylogeography and Population Genetic Structure of an Endangered Species Pachyhynobius shangchengensis (hynobiid Salamander) in a Fragmented Habitat of Southeastern China. PLoS ONE 8(10): e78064. https://doi.org/10.1371/journal.pone.0078064"
"EF433581 Pachyhynobius shangchengensis",31.744852,115.468481,3036,"GeoLocate","CIB-XM2049","NA","Xiong JL, Chen Q, Zeng XM, Zhao EM, and Qing LY. 2007. Karyotypic, Morphological, and Molecular Evidence for Hynobius Yunanicus as a Synonym of Pachyhynobius Shangchengensis (Urodela: Hynobiidae). Journal of Herpetology 41(4), 664-671. https://doi.org/10.1670/07-054.1"
"AB548380 Pachyhynobius shangchengensis",31.77935,115.413892,3036,"GeoLocate","CIB:2007012003","NA","NA"
"KC162162 Pachyhynobius shangchengensis",31.69173,115.5854,"NA","Manuscript","JGT-N-8","NA","NA"
"EF433582 Pachyhynobius shangchengensis",31.744852,115.468481,3036,"GeoLocate","CIB-XM2048","NA","Xiong JL, Chen Q, Zeng XM, Zhao EM, and Qing LY. 2007. Karyotypic, Morphological, and Molecular Evidence for Hynobius Yunanicus as a Synonym of Pachyhynobius Shangchengensis (Urodela: Hynobiidae). Journal of Herpetology 41(4), 664-671. https://doi.org/10.1670/07-054.1"
"KC162160 Pachyhynobius shangchengensis",31.69173,115.5854,"NA","Manuscript","JGT-N-12","NA","Zhao Y, Zhang Y, Li X (2013) Molecular Phylogeography and Population Genetic Structure of an Endangered Species Pachyhynobius shangchengensis (hynobiid Salamander) in a Fragmented Habitat of Southeastern China. PLoS ONE 8(10): e78064. https://doi.org/10.1371/journal.pone.0078064"
"KC162159 Pachyhynobius shangchengensis",31.69173,115.5854,"NA","Manuscript","JGT-N-11","NA","Zhao Y, Zhang Y, Li X (2013) Molecular Phylogeography and Population Genetic Structure of an Endangered Species Pachyhynobius shangchengensis (hynobiid Salamander) in a Fragmented Habitat of Southeastern China. PLoS ONE 8(10): e78064. https://doi.org/10.1371/journal.pone.0078064"
"KC162158 Pachyhynobius shangchengensis",31.69173,115.5854,"NA","Manuscript","JGT-N-10","NA","Zhao Y, Zhang Y, Li X (2013) Molecular Phylogeography and Population Genetic Structure of an Endangered Species Pachyhynobius shangchengensis (hynobiid Salamander) in a Fragmented Habitat of Southeastern China. PLoS ONE 8(10): e78064. https://doi.org/10.1371/journal.pone.0078064"
"KC162161 Pachyhynobius shangchengensis",31.69173,115.5854,"NA","Manuscript","JGT-N-7","NA","Zhao Y, Zhang Y, Li X (2013) Molecular Phylogeography and Population Genetic Structure of an Endangered Species Pachyhynobius shangchengensis (hynobiid Salamander) in a Fragmented Habitat of Southeastern China. PLoS ONE 8(10): e78064. https://doi.org/10.1371/journal.pone.0078064"
