"value","Accession","Lat","Lon","voucher","method","notes"
"Pachytriton feii","KT152400",28.57171,117.832568,"phylogatR",,
"Pachytriton feii","KT152402",28.57171,117.832568,"phylogatR",,
"Pachytriton feii","KT152398",28.57171,117.832568,"phylogatR",,
"Pachytriton feii","KT152401",28.57171,117.832568,"phylogatR",,
"Pachytriton feii","KT152399",28.57171,117.832568,"phylogatR",,
"Pachytriton feii","ON793814",30.1379062701226,118.165005763626,"KIZ04229","Google Maps",
"Pachytriton feii","ON793815",30.1379062701226,118.165005763626,"KIZ04230","Google Maps",
"Pachytriton feii ","ON793813",30.1379062701226,118.165005763626,"KIZ04228","Google Maps",
"Pachytriton feii","JX907945",30.12065,118.087,"phylogatR",,
"Pachytriton feii","JX907946",30.12065,118.087,"phylogatR",,
"Pachytriton feii","JX907947",30.12065,118.087,"phylogatR",,
"Pachytriton feii","KT152391",30.11194,117.72827,"MVZ230355","Arctos database",
"Pachytriton feii","KT152390",30.11194,117.72827,"MVZ230354","Arctos database",
"Pachytriton feii","KT152392",30.11194,117.72827,"MVZ230356","Arctos database",
