"value","Lat","Lon","Error_km","Museum_Field_Number","Notes","locality"
"AB601426.1 Paramesotriton ermizhaoi mitochondrial cytb gene for cytochrome b, partial cds, specimen_voucher: CIB:GX20070764",24.107423,110.187453,4324,"CIB:GX20070764","NA","China:Guangxi, Jinxiu, Mt. Dayao"
"AB601425.1 Paramesotriton ermizhaoi mitochondrial cytb gene for cytochrome b, partial cds, specimen_voucher: CIB:GX20070763",24.107423,110.187453,4324,"CIB:GX20070763","NA","China:Guangxi, Jinxiu, Mt. Dayao"
"ON794012.1 Paramesotriton labiatus voucher KIZ08771 cytochrome b (CYTB) gene, partial cds; mitochondrial",24.107423,110.187453,4324,"KIZ08771","NA","Dayao mountain, Jinxiu, Guangxi, China"
"GQ303670.1 Paramesotriton ermizhaoi voucher CIB 88141 cytochrome b (cytb) gene, complete cds; mitochondrial",24.107423,110.187453,4324,"CIB 88141","NA","Mt. Dayao, Jin Xiu, Guangxi Province"
"GQ303671.1 Paramesotriton ermizhaoi voucher CIB 88140 cytochrome b (cytb) gene, complete cds; mitochondrial",24.107423,110.187453,4324,"CIB 88140","NA","Mt. Dayao, Jin Xiu, Guangxi Province"
"ON794011.1 Paramesotriton labiatus voucher KIZ08769 cytochrome b (CYTB) gene, partial cds; mitochondrial",24.107423,110.187453,4324,"KIZ08769","NA","Dayao mountain, Jinxiu, Guangxi, China"
"EU880325.1 Pachytriton labiatus mitochondrion, partial genome",30.11194,117.72827,14.331,"MVZ230355","NA","NA"
"GQ303645.1 Pachytriton labiatus voucher CIB 88152 cytochrome b (cytb) gene, complete cds; mitochondrial",30.31467,119.442774,8427,"CIB 88152","NA","Mt. Xitianmu, Linan, Zhejiang Province"
"GQ303646.1 Pachytriton labiatus voucher CIB 88139 cytochrome b (cytb) gene, complete cds; mitochondrial",30.31467,119.442774,8427,"CIB 88139","NA","Mt. Xitianmu, Linan, Zhejiang Province"
"GQ303643.1 Pachytriton labiatus voucher CIB 88145 cytochrome b (cytb) gene, complete cds; mitochondrial",30.31467,119.442774,8427,"CIB 88145","NA","Mt. Xitianmu, Linan, Zhejiang Province"
"GQ303644.1 Pachytriton labiatus voucher CIB 88137 cytochrome b (cytb) gene, complete cds; mitochondrial",30.31467,119.442774,8427,"CIB 88137","NA","Mt. Xitianmu, Linan, Zhejiang Province"
"GQ303661.1 Pachytriton labiatus voucher CIB 95997 cytochrome b (cytb) gene, complete cds; mitochondrial",29.233851,119.658891,4954,"CIB 95997","NA","Mt. Dapan, Jinhua, Zhejiang Province"
"GQ303662.1 Pachytriton labiatus voucher CIB 95996 cytochrome b (cytb) gene, complete cds; mitochondrial",29.233851,119.658891,4954,"CIB 95996","NA","Mt. Dapan, Jinhua, Zhejiang Province"
"AY233147.1 Pachytriton labiatus isolate SN02028 cytochrome b (cytb) gene, partial cds; mitochondrial gene for mitochondrial product",26.056084,110.58502,14456,"SN02028","NA","China: Ziyuan, Guangxi"
"AY233146.1 Pachytriton labiatus isolate SN02027 cytochrome b (cytb) gene, partial cds; mitochondrial gene for mitochondrial product",26.056084,110.58502,14456,"SN02027","NA","China: Ziyuan, Guangxi"
"GQ303639.1 Pachytriton labiatus voucher CIB 88165 cytochrome b (cytb) gene, complete cds; mitochondrial",24.107423,110.187453,4324,"CIB 88165","NA","Mt. Dayao, Jin Xiu, Guangxi Province"
