"value","Lat","Lon","Method","Error_km","Museum_Field_Number","Notes","Reference"
"JX480878.1.1 Paramesotriton caudopunctatus voucher GZNU200904251 cytochrome b (cytb) gene, partial cds; mitochondrial",26.376318,108.13585,"Google Earth",200,"GZNU200904251","Leishan, Guizhou, China; H4 (non-cytB)","https://www.biotaxa.org/Zootaxa/article/view/zootaxa.3510.1.2"
"JX480878.1.2 Paramesotriton caudopunctatus voucher GZNU200904252 cytochrome b (cytb) gene, partial cds; mitochondrial",26.376318,108.13585,"Google Earth",200,"GZNU200904252","Leishan, Guizhou, China; H4 (non-cytB)","https://www.biotaxa.org/Zootaxa/article/view/zootaxa.3510.1.2"
"JX480877.1 Paramesotriton caudopunctatus voucher GZNU2007072005 cytochrome b (cytb) gene, partial cds; mitochondrial",26.376318,108.13585,"Google Earth",200,"GZNU2007072005","Leishan, Guizhou, China; H4 (non-cytB)","https://www.biotaxa.org/Zootaxa/article/view/zootaxa.3510.1.2"
"ON357930.1 Paramesotriton caudopunctatus voucher GZNU20191022001 mitochondrion, complete genome",26.376318,108.13585,"Google Earth-article supplemental",5,"GZNU20191022001","Leishan County, Guizhou, China*; pop 27 - same individual as NC_069813","https://www.zoores.ac.cn/en/article/doi/10.24272/j.issn.2095-8137.2022.081"
"NC_069813.1 Paramesotriton caudopunctatus voucher GZNU20191022001 mitochondrion, complete genome",26.376318,108.13585,"Google Earth-article supplemental",20,"GZNU20191022001","* DUPLICATE - DELETED SEQUENCE IN FASTA FILES* Leishan County, Guizhou, China*; pop 27 - same individual as ON357930","https://www.zoores.ac.cn/en/article/doi/10.24272/j.issn.2095-8137.2022.081"
"ON794004.1 Paramesotriton caudopunctatus voucher KIZ03906 cytochrome b (CYTB) gene, partial cds; mitochondrial",26.3909,108.1984,"Google Earth-article supplemental",5,"KIZ03906","Leigong mountain, Leishan, Guizhou, China 27","https://www-ncbi-nlm-nih-gov.libproxy.unm.edu/pmc/articles/PMC9486527/pdf/zr-43-5-706.pdf"
"ON794003.1 Paramesotriton caudopunctatus voucher KIZ03903 cytochrome b (CYTB) gene, partial cds; mitochondrial",26.3909,108.1984,"Google Earth-article supplemental",5,"KIZ03903","Leigong mountain, Leishan, Guizhou, China 27","https://www-ncbi-nlm-nih-gov.libproxy.unm.edu/pmc/articles/PMC9486527/pdf/zr-43-5-706.pdf"
"EU880326.1 Paramesotriton caudopunctatus mitochondrion, partial genome",26.39091,108.19842,"Arctos",0,"MVZ236252","Leigongshan Nature Reserve, Leishan County","https://arctos.database.museum/guid/MVZ:Herp:236252"
"JX480879.1 Paramesotriton caudopunctatus voucher GZNU200904252 cytochrome b (cytb) gene, partial cds; mitochondrial",26.376318,108.13585,"Google Earth",20,"GZNU200904252","Leishan, Guizhou, China","https://www.zoores.ac.cn/en/article/doi/10.24272/j.issn.2095-8137.2022.081"
"ON794017.1 Paramesotriton caudopunctatus voucher KIZ021637 cytochrome b (CYTB) gene, partial cds; mitochondrial",25.421,109.165,"Google Earth-article supplemental",200,"KIZ021637","Rongshui, Guangxi, China 28","https://www-ncbi-nlm-nih-gov.libproxy.unm.edu/pmc/articles/PMC9486527/pdf/zr-43-5-706.pdf"
"ON794016.1 Paramesotriton caudopunctatus voucher KIZ021636 cytochrome b (CYTB) gene, partial cds; mitochondrial",25.421,109.165,"article supplemental","KIZ021636","Rongshui, Guangxi, China 28","https://www-ncbi-nlm-nih-gov.libproxy.unm.edu/pmc/articles/PMC9486527/pdf/zr-43-5-706.pdf",
"ON794015.1 Paramesotriton caudopunctatus voucher KIZ021635 cytochrome b (CYTB) gene, partial cds; mitochondrial",25.421,109.165,"article supplemental","KIZ021635","Rongshui, Guangxi, China 28","https://www-ncbi-nlm-nih-gov.libproxy.unm.edu/pmc/articles/PMC9486527/pdf/zr-43-5-706.pdf",
"AY233152.1 Paramesotriton caudopunctatus isolate SN02022 cytochrome b (cytb) gene, partial cds; mitochondrial gene for mitochondrial product",24.916667,111.288056,"Google Earth-article",1000,"SN02022","China: Fuchuan, Guangxi; Pop 4","https://unmm-my.sharepoint.com/personal/laamador_unm_edu/Documents/Species_fastas_assignment_Caudata/references/Paramesotriton_caudopunctatus_DLFW/B_BIGI.0000026630.78770.fb.pdf?CT=1703013825525&OR=ItemsView"
"AY233151.1 Paramesotriton caudopunctatus isolate SN02021 cytochrome b (cytb) gene, partial cds; mitochondrial gene for mitochondrial product",24.916667,111.288056,"Google Earth-article",1000,"SN02021","China: Fuchuan, Guangxi; Pop 4","https://unmm-my.sharepoint.com/personal/laamador_unm_edu/Documents/Species_fastas_assignment_Caudata/references/Paramesotriton_caudopunctatus_DLFW/B_BIGI.0000026630.78770.fb.pdf?CT=1703013825525&OR=ItemsView"
"AY233150.1 Paramesotriton caudopunctatus isolate SN02020 cytochrome b (cytb) gene, partial cds; mitochondrial gene for mitochondrial product",24.916667,111.288056,"Google Earth-article",1000,"SN02020","China: Fuchuan, Guangxi; Pop 4","https://unmm-my.sharepoint.com/personal/laamador_unm_edu/Documents/Species_fastas_assignment_Caudata/references/Paramesotriton_caudopunctatus_DLFW/B_BIGI.0000026630.78770.fb.pdf?CT=1703013825525&OR=ItemsView"
"AY233149.1 Paramesotriton caudopunctatus isolate SN02019 cytochrome b (cytb) gene, partial cds; mitochondrial gene for mitochondrial product",24.916667,111.288056,"Google Earth-article",1000,"SN02019","China: Fuchuan, Guangxi; Pop 4","https://unmm-my.sharepoint.com/personal/laamador_unm_edu/Documents/Species_fastas_assignment_Caudata/references/Paramesotriton_caudopunctatus_DLFW/B_BIGI.0000026630.78770.fb.pdf?CT=1703013825525&OR=ItemsView"
"AY079475.1 Paramesotriton caudopunctatus isolate CAU09 cytochrome b (cytb) gene, partial cds; mitochondrial gene for mitochondrial product",24.916667,111.288056,"Genbank gives county",1000,"CAU09","China: Fuchuan, Guangxi","Genbank"
"AY079474.1 Paramesotriton caudopunctatus isolate CAU08 cytochrome b (cytb) gene, partial cds; mitochondrial gene for mitochondrial product",24.916667,111.288056,"Genbank gives county",1000,"CAU08","China: Fuchuan, Guangxi","Genbank"
"AY079473.1 Paramesotriton caudopunctatus isolate CAU07 cytochrome b (cytb) gene, partial cds; mitochondrial gene for mitochondrial product",24.916667,111.288056,"Genbank gives county",1000,"CAU07","China: Fuchuan, Guangxi","Genbank"
"AY079472.1 Paramesotriton caudopunctatus isolate CAU06 cytochrome b (cytb) gene, partial cds; mitochondrial gene for mitochondrial product",24.916667,111.288056,"Genbank gives county",1000,"CAU06 ","China: Fuchuan, Guangxi","Genbank"
