value,Lat,Lon,Error_km,Museum_Field_Number,locality
"ON794007.1 Paramesotriton fuzhongensis voucher KIZ08568 cytochrome b (CYTB) gene, partial cds; mitochondrial",25.0134,111.165637,3036,KIZ08568,"Chaodong, Guangxi, China"
"ON357935.1 Paramesotriton fuzhongensis voucher GZNU20070520002 mitochondrion, partial genome",24.536612,111.278027,19712,GZNU20070520002,"Zhongshan County, Guangxi, China"
"ON794008.1 Paramesotriton fuzhongensis voucher KIZ08572 cytochrome b (CYTB) gene, partial cds; mitochondrial",25.0134,111.165637,3036,KIZ08572,"Chaodong, Guangxi, China"
"AY233139.1 Paramesotriton fuzhongensis isolate SN02011 cytochrome b (cytb) gene, partial cds; mitochondrial gene for mitochondrial product",24.834413,111.258021,19410,SN02011,"China: Fuchuan, Guangxi"
"AY233138.1 Paramesotriton fuzhongensis isolate SN02010 cytochrome b (cytb) gene, partial cds; mitochondrial gene for mitochondrial product",24.834413,111.258021,19411,SN02010,"China: Fuchuan, Guangxi"
"AY233137.1 Paramesotriton fuzhongensis isolate SN02009 cytochrome b (cytb) gene, partial cds; mitochondrial gene for mitochondrial product",24.834413,111.258021,19412,SN02009,"China: Fuchuan, Guangxi"
"AY233136.1 Paramesotriton fuzhongensis isolate SN02008 cytochrome b (cytb) gene, partial cds; mitochondrial gene for mitochondrial product",24.834413,111.258021,19413,SN02008,"China: Fuchuan, Guangxi"
"AY079484.1 Paramesotriton fuzhongensis isolate FZ09 cytochrome b (cytb) gene, partial cds; mitochondrial gene for mitochondrial product",24.834413,111.258021,19414,FZ09,"China: Fuchuan, Guangxi"
"AY079483.1 Paramesotriton fuzhongensis isolate FZ08 cytochrome b (cytb) gene, partial cds; mitochondrial gene for mitochondrial product",24.834413,111.258021,19415,FZ08,"China: Fuchuan, Guangxi"
"AY079482.1 Paramesotriton fuzhongensis isolate FZ07 cytochrome b (cytb) gene, partial cds; mitochondrial gene for mitochondrial product",24.834413,111.258021,19416,FZ07,"China: Fuchuan, Guangxi"
"AY079481.1 Paramesotriton fuzhongensis isolate FZ06 cytochrome b (cytb) gene, partial cds; mitochondrial gene for mitochondrial product",24.834413,111.258021,19417,FZ06,"China: Fuchuan, Guangxi"
