value,Lat,Lon,Method,Error_km,Museum_Field_Number,Notes,Reference
"ON794052.1 Paramesotriton aurantius voucher KIZ013538 cytochrome b (CYTB) gene, partial cds; mitochondrial",25.5392,118.8607,Google Earth/Supplemental,200,KIZ013538,"Dongzhen, Putian, Fujian, China 41 - There's a list of all localities in supplement, but no way to trace which lat/long belongs to which population. :/","doi: 10.24272/j.issn.2095-8137.2022.080;  Kunming Institute of Zoology, Chinese Academy of Sciences, Kunming, 650223 Yunnan, 650223, P.R. China."
"ON794051.1 Paramesotriton aurantius voucher KIZ013536 cytochrome b (CYTB) gene, partial cds; mitochondrial",25.5392,118.8607,Google Earth/Supplemental,100,KIZ 013536,"Dongzhen, Putian, Fujian, China 41","doi: 10.24272/j.issn.2095-8137.2022.080;  Kunming Institute of Zoology, Chinese Academy of Sciences, Kunming, 650223 Yunnan, 650223, P.R. China."
"ON794050.1 Paramesotriton aurantius voucher KIZ013535 cytochrome b (CYTB) gene, partial cds; mitochondrial",25.5392,118.8607,Google Earth/Supplemental,100,KIZ 013535,"Dongzhen, Putian, Fujian, China 41","doi: 10.24272/j.issn.2095-8137.2022.080;  Kunming Institute of Zoology, Chinese Academy of Sciences, Kunming, 650223 Yunnan, 650223, P.R. China."
"ON793995.1 Paramesotriton aurantius voucher YPX6114 cytochrome b (CYTB) gene, partial cds; mitochondrial",30.463889,119.384722,Google Earth/Supplemental,100,YPX6114,"Longwangshan, Anji, Zhejiang, China 49","doi: 10.24272/j.issn.2095-8137.2022.080;  Kunming Institute of Zoology, Chinese Academy of Sciences, Kunming, 650223 Yunnan, 650223, P.R. China."
"ON794033.1 Paramesotriton aurantius voucher KIZ012879 cytochrome b (CYTB) gene, partial cds; mitochondrial",27.2,119.99,Google Earth/Supplemental,100,KIZ 012879,"Zherong, Fuding, Fujian, China 10","doi: 10.24272/j.issn.2095-8137.2022.080;  Kunming Institute of Zoology, Chinese Academy of Sciences, Kunming, 650223 Yunnan, 650223, P.R. China."
"ON357939.1 Paramesotriton aurantius voucher GZNU20201018001 mitochondrion, partial genome",27.896389,119.573889,Google Earth/Supplemental,1000,GZNU20201018001,"Jingning County, Zhejiang, China*; ID 22",https://www.ncbi.nlm.nih.gov/pmc/articles/PMC9486517/
"MW056201.1 Paramesotriton aurantius mitochondrion, complete genome",27.702646,119.626208,GenBank,NA,,"China: Wangdongyang, Jingning, Zhejiang",
"NC_053903.1 Paramesotriton aurantius mitochondrion, complete genome",27.702646,119.626208,GenBank,NA,,"China: Wangdongyang, Jingning, Zhejiang",
"ON794054.1 Paramesotriton aurantius voucher KIZ06240 cytochrome b (CYTB) gene, partial cds; mitochondrial",27.2489,119.9434,Google Earth/Supplemental,100,KIZ 06240,"Wencheng, Wenzhou, Zhejiang, China 43","doi: 10.24272/j.issn.2095-8137.2022.080;  Kunming Institute of Zoology, Chinese Academy of Sciences, Kunming, 650223 Yunnan, 650223, P.R. China."
"ON794034.1 Paramesotriton aurantius voucher KIZ012883 cytochrome b (CYTB) gene, partial cds; mitochondrial",27.2,119.99,Google Earth/Supplemental,100,KIZ 012883,"Zherong, Fuding, Fujian, China 10","doi: 10.24272/j.issn.2095-8137.2022.080;  Kunming Institute of Zoology, Chinese Academy of Sciences, Kunming, 650223 Yunnan, 650223, P.R. China."
"ON794031.1 Paramesotriton aurantius voucher KIZ012819 cytochrome b (CYTB) gene, partial cds; mitochondrial",26.5448,119.6664,Google Earth/Supplemental,100,KIZ 012819,"Feiluan, Ningde, Fujian, Zhejiang, China 42","doi: 10.24272/j.issn.2095-8137.2022.080;  Kunming Institute of Zoology, Chinese Academy of Sciences, Kunming, 650223 Yunnan, 650223, P.R. China."
"ON794032.1 Paramesotriton aurantius voucher KIZ012820 cytochrome b (CYTB) gene, partial cds; mitochondrial",26.5448,119.6664,Google Earth/Supplemental,100,KIZ 012820,"Feiluan, Ningde, Fujian, Zhejiang, China 42","doi: 10.24272/j.issn.2095-8137.2022.080;  Kunming Institute of Zoology, Chinese Academy of Sciences, Kunming, 650223 Yunnan, 650223, P.R. China."
"ON794030.1 Paramesotriton aurantius voucher KIZ012817 cytochrome b (CYTB) gene, partial cds; mitochondrial",26.5448,119.6664,Google Earth/Supplemental,100,KIZ 012817,"Feiluan, Ningde, Fujian, Zhejiang, China 42","doi: 10.24272/j.issn.2095-8137.2022.080;  Kunming Institute of Zoology, Chinese Academy of Sciences, Kunming, 650223 Yunnan, 650223, P.R. China."
