"value","Lat","Lon","Method","Error_km","Museum_Field_Number","Notes","Reference","locality",
"AY233148.1 Paramesotriton deloustali isolate ROM35433 cytochrome b (cytb) gene, partial cds; mitochondrial gene for mitochondrial product",22.485555,103.970661,"GeoLocate",79.099,"ROM35433","NA","https://doi.org/10.1023/b:bigi.0000026630.78770.fb","Viet Nam: Lao Cai",
"AY079480.1 Paramesotriton deloustali isolate DELO cytochrome b (cytb) gene, partial cds; mitochondrial gene for mitochondrial product",22.485555,103.970661,"GeoLocate",79.099,"DELO","not included in the final paper, unsure if this is a duplicate of AY233148.1","NA","Viet Nam: Lao Cai",
"KY744236.1 Paramesotriton deloustali voucher CAU1507046 mitochondrion, complete genome",23.009,103.88,"GoogleMaps","NA","CAU1507046","DUPLICATE of NC_037713.1; only have access to first page of paper, locality too vague and error would be over 500km","https://doi.org/10.1007/s12686-017-0804-3","Yunnan province, China",
"ON357931.1 Paramesotriton deloustali voucher GZNU35 mitochondrion, complete genome",22.5105,103.957,"GeoLocate",87.221,"GZNU35","NA","https://doi.org/10.24272/j.issn.2095-8137.2022.081","Hekou, Yunnan, China",
"AF295672.1 Paramesotriton deloustali isolate Pdel3 cytochrome b (cytb) gene, partial cds; mitochondrial gene for mitochondrial product",21.45361,105.64361,"museum database (MVZ)",2.001,"Pdel3, MVZ 223629","DUPLICATE of GQ303669.1","https://doi.org/10.1643/0045-8511(2001)001[0997:ROTSGP]2.0.CO",2,"Vinh Yen Dist., Tam Dao"
"EU880327.1 Paramesotriton deloustali mitochondrion, partial genome",21.45361,105.64361,"museum database (MVZ)",2.001,"MVZ223628","DUPLICATE of GQ303668.1 and AF295671.1","https://doi.org/10.1016/j.ympev.2008.08.020","Vinh Yen Dist., Tam Dao",
"GQ303669.1 Paramesotriton deloustali voucher MVZ 223629 cytochrome b (cytb) gene, complete cds; mitochondrial",21.45361,105.64361,"museum database (MVZ)",2.001,"MVZ 223629","DUPLICATE of AF295672.1","https://doi.org/10.1111/j.1463-6409.2009.00400.x","Vinh Yen Dist., Tam Dao",
"ON794060.1 Paramesotriton deloustali voucher MVZ223627 cytochrome b (CYTB) gene, partial cds; mitochondrial",21.45361,105.64361,"museum database (MVZ)",2.001,"MVZ223627","NA","https://doi.org/10.24272/j.issn.2095-8137.2022.080",,
"GQ303668.1 Paramesotriton deloustali voucher MVZ 223628 cytochrome b (cytb) gene, complete cds; mitochondrial",21.45361,105.64361,"museum database (MVZ)",2.001,"MVZ 223628","DUPLICATE of EU880327.1 and AF295671.1","https://doi.org/10.1111/j.1463-6409.2009.00400.x","Vinh Yen Dist., Tam Dao",
"AF295671.1 Paramesotriton deloustali isolate Pdel2 cytochrome b (cytb) gene, partial cds; mitochondrial gene for mitochondrial product",21.45361,105.64361,"museum database (MVZ)",2.001,"Pdel2, MVZ 223628","DUPLICATE of GQ303668.1 and EU880327.1","https://doi.org/10.1643/0045-8511(2001)001[0997:ROTSGP]2.0.CO",2,"Vinh Yen Dist., Tam Dao"
