value,Lat,Lon,Error_km,Method,MuseumFieldNumber,Notes,Reference
"AY233156.1 Paramesotriton chinensis isolate cytochrome b (cytb) gene, partial cds; mitochondrial gene for mitochondrial product",24.116667,110.183333,2488,GeoLocate,SN02063,"Jinxiu, Guangxi, China",NA
"AY233155.1 Paramesotriton chinensis isolate cytochrome b (cytb) gene, partial cds; mitochondrial gene for mitochondrial product",24.116667,110.183333,2488,GeoLocate,SN02062,"Jinxiu, Guangxi, China",NA
"AY233154.1 Paramesotriton chinensis isolate cytochrome b (cytb) gene, partial cds; mitochondrial gene for mitochondrial product",24.116667,110.183333,2488,GeoLocate,SN02061,"Jinxiu, Guangxi, China",NA
"AY233153.1 Paramesotriton chinensis isolate  cytochrome b (cytb) gene, partial cds; mitochondrial gene for mitochondrial product",24.116667,110.183333,2488,GeoLocate,SN02060,"Jinxiu, Guangxi, China",NA
"AY079479.1 Paramesotriton chinensis isolate CHI05 cytochrome b (cytb) gene, partial cds; mitochondrial gene for mitochondrial product",24.116667,110.183333,2488,GeoLocate,CHI05,"China: Jinxiu, Guangxi",NA
"AY079478.1 Paramesotriton chinensis isolate CHI04 cytochrome b (cytb) gene, partial cds; mitochondrial gene for mitochondrial product",24.116667,110.183333,2488,GeoLocate,CHI04,"China: Jinxiu, Guangxi",NA
"AY079476.1 Paramesotriton chinensis isolate CHI02 cytochrome b (cytb) gene, partial cds; mitochondrial gene for mitochondrial product",24.116667,110.183333,2488,GeoLocate,CHI02,"China: Jinxiu, Guangxi",NA
"ON794053.1 Paramesotriton chinensis voucher KIZ06335 cytochrome b (CYTB) gene, partial cds; mitochondrial",29.05368,120.437579,3036,GeoLocate,KIZ06335,"Panan, China",NA
"ON794042.1 Paramesotriton chinensis voucher cytochrome b (CYTB) gene, partial cds; mitochondrial",29.185556,121.255,3036,GeoLocate,KIZ013010 ,NA,NA
"ON794041.1 Paramesotriton chinensis voucher  cytochrome b (CYTB) gene, partial cds; mitochondrial",29.185556,121.255,3036,GeoLocate,KIZ013008,NA,NA
"ON794040.1 Paramesotriton chinensis voucher cytochrome b (CYTB) gene, partial cds; mitochondrial",29.185556,121.255,3036,GeoLocate,KIZ013007 ,NA,NA
"ON794038.1 Paramesotriton chinensis voucher  cytochrome b (CYTB) gene, partial cds; mitochondrial",29.143176,120.860806,4736,GeoLocate,KIZ012965,NA,NA
"ON794037.1 Paramesotriton chinensis voucher  cytochrome b (CYTB) gene, partial cds; mitochondrial",29.143176,120.860806,4736,GeoLocate,KIZ012963,NA,NA
"ON794043.1 Paramesotriton chinensis voucher  cytochrome b (CYTB) gene, partial cds; mitochondrial",28.651055,120.106571,3639,GeoLocate,KIZ06304,NA,NA
"ON794035.1 Paramesotriton chinensis voucher  cytochrome b (CYTB) gene, partial cds; mitochondrial",28.162657,120.684676,4739,GeoLocate,KIZ012961,NA,NA
"ON794036.1 Paramesotriton chinensis voucher  cytochrome b (CYTB) gene, partial cds; mitochondrial",28.162657,120.684676,4739,GeoLocate,KIZ012962,NA,NA
"ON794039.1 Paramesotriton chinensis voucher  cytochrome b (CYTB) gene, partial cds; mitochondrial",28.162657,120.684676,4739,GeoLocate,KIZ013006,NA,NA
