"value","Lat","Lon","Method","Error_km","Museum_Field_Number","Notes","Reference","locality"
"JX480882.1 Paramesotriton longliensis voucher GZNU20070421002 cytochrome b (cytb) gene, partial cds; mitochondrial",26.440412,106.977463,"GeoLocate",3036,"GZNU20070421002","Longli, Guizhou, China","Dong Wu Fen Lei Xue Bao 38 (2), 388-397 (2013)","NA"
"ON793999.1 Paramesotriton longliensis voucher YPX18250 cytochrome b (CYTB) gene, partial cds; mitochondrial",29.663189,109.142294,"GeoLocate",3036,"YPX18250","NA","https://doi.org/10.24272/j.issn.2095-8137.2022.080","Xianfeng, Hubei, China"
"ON357927.1 Paramesotriton longliensis voucher GZNU20201017001 mitochondrion, partial genome",29.663189,109.142294,"GeoLocate",3036,"GZNU20201017001","NA","https://doi.org/10.24272/j.issn.2095-8137.2022.081","Xianfeng County, Hubei, China"
"ON794000.1 Paramesotriton longliensis voucher YPX18251 cytochrome b (CYTB) gene, partial cds; mitochondrial",29.663189,109.142294,"GeoLocate",3036,"YPX18251","NA","https://doi.org/10.24272/j.issn.2095-8137.2022.080","Xianfeng, Hubei, China"
"ON357926.1 Paramesotriton longliensis voucher GZNU20190417045 mitochondrion, complete genome",27.14029,105.618016,"GeoLocate",3036,"GZNU20190417045","NA","https://doi.org/10.24272/j.issn.2095-8137.2022.081","Dafang County, Guizhou, China"
"ON357922.1 Paramesotriton longliensis voucher GZNU20180618011 mitochondrion, complete genome",26.133333,106.6,"GeoLocate",3036,"GZNU20180618011","NA","https://doi.org/10.24272/j.issn.2095-8137.2022.081","Huishui County, Guizhou, China"
"ON794018.1 Paramesotriton longliensis voucher KIZ03344 cytochrome b (CYTB) gene, partial cds; mitochondrial",26.5165,106.867,"GeoLocate",3036,"KIZ03344","locality does not match up with point on map in paper","https://doi.org/10.24272/j.issn.2095-8137.2022.080","Gujiao, Longli, Guizhou, China"
"ON793998.1 Paramesotriton longliensis voucher KIZ03343 cytochrome b (CYTB) gene, partial cds; mitochondrial",26.5165,106.867,"GeoLocate",3036,"KIZ03343","locality does not match up with point on map in paper","https://doi.org/10.24272/j.issn.2095-8137.2022.080","Gujiao, Longli, Guizhou, China"
"ON357921.1 Paramesotriton longliensis voucher GZNU20191022002 mitochondrion, complete genome",26.440258,106.98021,"GeoLocate",3036,"GZNU20191022002","DUPLICATE same as NC_069654.1","https://doi.org/10.24272/j.issn.2095-8137.2022.081","Longli County, Guizhou, China"
"ON794019.1 Paramesotriton longliensis voucher KIZ03345 cytochrome b (CYTB) gene, partial cds; mitochondrial",26.5165,106.867,"GeoLocate",3036,"KIZ03345","NA","https://doi.org/10.24272/j.issn.2095-8137.2022.080","Gujiao, Longli, Guizhou, China"
