value,Lat,Lon,Method,Error_km,Museum_Field_Number,Notes,Reference,locality
"ON793997.1 Paramesotriton guanxiensis voucher KIZ022190 cytochrome b (CYTB) gene, partial cds; mitochondrial",21.6764,107.649,GeoLocate,89.969,KIZ022190,NA,https://doi.org/10.24272/j.issn.2095-8137.2022.080,"Banba, Fangchenggang, Guangxi, China"
"ON793996.1 Paramesotriton guanxiensis voucher KIZ022189 cytochrome b (CYTB) gene, partial cds; mitochondrial",21.6764,107.649,GeoLocate,89.969,KIZ022189,NA,https://doi.org/10.24272/j.issn.2095-8137.2022.080,"Banba, Fangchenggang, Guangxi, China"
"ON794006.1 Paramesotriton guanxiensis voucher KIZ09286 cytochrome b (CYTB) gene, partial cds; mitochondrial",22.018671,107.278662,GeoLocate,44.717,KIZ09286,NA,https://doi.org/10.24272/j.issn.2095-8137.2022.080,"Ningming, Guangxi, China"
"ON794005.1 Paramesotriton guanxiensis voucher KIZ09285 cytochrome b (CYTB) gene, partial cds; mitochondrial",22.018671,107.278662,GeoLocate,44.717,KIZ09285,DUPLICATE of KU375006.1,https://doi.org/10.24272/j.issn.2095-8137.2022.080,"Ningming, Guangxi, China"
"KU375006.1 Paramesotriton guanxiensis voucher KIZ09285 cytochrome b (cytb) gene, partial cds; mitochondrial",22.018671,107.278662,GeoLocate,44.717,KIZ09285,DUPLICATE of ON794005.1,https://doi.org/10.11646/zootaxa.4085.2.3,
"AY233143.1 Paramesotriton guanxiensis isolate SN02053 cytochrome b (cytb) gene, partial cds; mitochondrial gene for mitochondrial product",22.023763,107.278662,GeoLocate,114.504,SN02053,NA,https://doi.org/10.1023/b:bigi.0000026630.78770.fb,"China: Ningming, Guangxi"
"AY233142.1 Paramesotriton guanxiensis isolate SN02052 cytochrome b (cytb) gene, partial cds; mitochondrial gene for mitochondrial product",22.023763,107.278662,GeoLocate,114.504,SN02052,NA,https://doi.org/10.1023/b:bigi.0000026630.78770.fb,"China: Ningming, Guangxi"
"AY233141.1 Paramesotriton guanxiensis isolate SN02051 cytochrome b (cytb) gene, partial cds; mitochondrial gene for mitochondrial product",22.023763,107.278662,GeoLocate,114.504,SN02051,NA,https://doi.org/10.1023/b:bigi.0000026630.78770.fb,"China: Ningming, Guangxi"
"AY233140.1 Paramesotriton guanxiensis isolate SN02050 cytochrome b (cytb) gene, partial cds; mitochondrial gene for mitochondrial product",22.023763,107.278662,GeoLocate,114.504,SN02050,NA,https://doi.org/10.1023/b:bigi.0000026630.78770.fb,"China: Ningming, Guangxi"
"NC_069814.1 Paramesotriton guanxiensis voucher GZNU36 mitochondrion, complete genome",21.716667,107.583333,GeoLocate,92.713,GZNU36,DUPLICATE OF ON357932.1,https://doi.org/10.24272/j.issn.2095-8137.2022.081,"Shiwandashan, Guangxi, China"
"ON357932.1 Paramesotriton guanxiensis voucher Tissue ID:GZNU36 mitochondrion, complete genome",21.716667,107.583333,GeoLocate,92.713,Tissue ID:GZNU36,DUPLICATE OF NC_069814.1,https://doi.org/10.24272/j.issn.2095-8137.2022.081,"Shiwandashan, Guangxi, China"
