value,Lat,Lon,Error_km,Method,MuseumFieldNumber,Notes,Reference
"ON794027.1 Paramesotriton hongkongensis voucher KIZ09809 cytochrome b (CYTB) gene, partial cds; mitochondrial",22.269143,112.223471,3036,GeoLocate,KIZ09809,NA,"Zhi-Yong Yuan, Yun-Ke Wu, Fang Yan, Robert W. Murphy, Theodore J. Papenfuss, David B. Wake, Ya-Ping Zhang, Jing Che. Comparative multi-locus assessment of modern Asian newts (Cynops, Paramesotriton, and Pachytriton: Salamandridae) in southern China suggests a shared biogeographic history. Zoological Research, 2022, 43(5): 706-718. doi: 10.24272/j.issn.2095-8137.2022.080 "
"ON794025.1 Paramesotriton hongkongensis voucher KIZ09807 cytochrome b (CYTB) gene, partial cds; mitochondrial",22.269143,112.223471,3036,GeoLocate,KIZ09807,NA,"Zhi-Yong Yuan, Yun-Ke Wu, Fang Yan, Robert W. Murphy, Theodore J. Papenfuss, David B. Wake, Ya-Ping Zhang, Jing Che. Comparative multi-locus assessment of modern Asian newts (Cynops, Paramesotriton, and Pachytriton: Salamandridae) in southern China suggests a shared biogeographic history. Zoological Research, 2022, 43(5): 706-718. doi: 10.24272/j.issn.2095-8137.2022.080 "
"ON794026.1 Paramesotriton hongkongensis voucher KIZ09808 cytochrome b (CYTB) gene, partial cds; mitochondrial",22.269143,112.223471,3036,GeoLocate,KIZ09808,NA,"Zhi-Yong Yuan, Yun-Ke Wu, Fang Yan, Robert W. Murphy, Theodore J. Papenfuss, David B. Wake, Ya-Ping Zhang, Jing Che. Comparative multi-locus assessment of modern Asian newts (Cynops, Paramesotriton, and Pachytriton: Salamandridae) in southern China suggests a shared biogeographic history. Zoological Research, 2022, 43(5): 706-718. doi: 10.24272/j.issn.2095-8137.2022.080 "
"JX237748.1 Paramesotriton hongkongensis voucher MVZ 230368 cytochrome b (cytb) gene, complete cds; mitochondrial",22.25944,114.2,NA,Arctos,MVZ 230368,NA,"Wu, Yunke, Wang, Yuezhao, Hanken, James (2012): New species of Pachytriton (Caudata: Salamandridae) from the Nanling Mountain Range, southeastern China. Zootaxa 3388: 1-16"
"AY233145.1 Paramesotriton hongkongensis isolate 20020482 cytochrome b (cytb) gene, partial cds; mitochondrial gene for mitochondrial product",22.263822,114.197942,2385,GeoLocate,Isolate 20020482,"Hong Kong, China","Lu, S., Yuan, ZG., Pang, J. et al. Molecular Phylogeny of the Genus Paramesotriton (Caudata: Salamandridae). Biochem Genet 42, 139–148 (2004). https://doi-org.libproxy.unm.edu/10.1023/B:BIGI.0000026630.78770.fb"
"AY233144.1 Paramesotriton hongkongensis isolate 20020481 cytochrome b (cytb) gene, partial cds; mitochondrial gene for mitochondrial product",22.263822,114.197942,2385,GeoLocate,Isolate 20020481,"Hong Kong, China","Lu, S., Yuan, ZG., Pang, J. et al. Molecular Phylogeny of the Genus Paramesotriton (Caudata: Salamandridae). Biochem Genet 42, 139–148 (2004). https://doi-org.libproxy.unm.edu/10.1023/B:BIGI.0000026630.78770.fb"
"ON794049.1 Paramesotriton hongkongensis voucher KIZ013530 cytochrome b (CYTB) gene, partial cds; mitochondrial",22.952153,114.147834,3036,GeoLocate,KIZ013530,NA,"Zhi-Yong Yuan, Yun-Ke Wu, Fang Yan, Robert W. Murphy, Theodore J. Papenfuss, David B. Wake, Ya-Ping Zhang, Jing Che. Comparative multi-locus assessment of modern Asian newts (Cynops, Paramesotriton, and Pachytriton: Salamandridae) in southern China suggests a shared biogeographic history. Zoological Research, 2022, 43(5): 706-718. doi: 10.24272/j.issn.2095-8137.2022.080 "
"ON794048.1 Paramesotriton hongkongensis voucher KIZ013526 cytochrome b (CYTB) gene, partial cds; mitochondrial",22.952153,114.147834,3036,GeoLocate,KIZ013526,NA,"Zhi-Yong Yuan, Yun-Ke Wu, Fang Yan, Robert W. Murphy, Theodore J. Papenfuss, David B. Wake, Ya-Ping Zhang, Jing Che. Comparative multi-locus assessment of modern Asian newts (Cynops, Paramesotriton, and Pachytriton: Salamandridae) in southern China suggests a shared biogeographic history. Zoological Research, 2022, 43(5): 706-718. doi: 10.24272/j.issn.2095-8137.2022.080 "
"ON794047.1 Paramesotriton hongkongensis voucher KIZ013510 cytochrome b (CYTB) gene, partial cds; mitochondrial",22.553333,114.126389,1335,GeoLocate,KIZ013510,NA,"Zhi-Yong Yuan, Yun-Ke Wu, Fang Yan, Robert W. Murphy, Theodore J. Papenfuss, David B. Wake, Ya-Ping Zhang, Jing Che. Comparative multi-locus assessment of modern Asian newts (Cynops, Paramesotriton, and Pachytriton: Salamandridae) in southern China suggests a shared biogeographic history. Zoological Research, 2022, 43(5): 706-718. doi: 10.24272/j.issn.2095-8137.2022.080 "
"ON794045.1 Paramesotriton hongkongensis voucher KIZ01577 cytochrome b (CYTB) gene, partial cds; mitochondrial",22.40789,114.138977,NA,GoogleMaps,KIZ01577,NA,"Zhi-Yong Yuan, Yun-Ke Wu, Fang Yan, Robert W. Murphy, Theodore J. Papenfuss, David B. Wake, Ya-Ping Zhang, Jing Che. Comparative multi-locus assessment of modern Asian newts (Cynops, Paramesotriton, and Pachytriton: Salamandridae) in southern China suggests a shared biogeographic history. Zoological Research, 2022, 43(5): 706-718. doi: 10.24272/j.issn.2095-8137.2022.080 "
"ON794044.1 Paramesotriton hongkongensis voucher KIZ01576 cytochrome b (CYTB) gene, partial cds; mitochondrial",22.40789,114.138977,NA,GoogleMaps,KIZ01576,NA,"Zhi-Yong Yuan, Yun-Ke Wu, Fang Yan, Robert W. Murphy, Theodore J. Papenfuss, David B. Wake, Ya-Ping Zhang, Jing Che. Comparative multi-locus assessment of modern Asian newts (Cynops, Paramesotriton, and Pachytriton: Salamandridae) in southern China suggests a shared biogeographic history. Zoological Research, 2022, 43(5): 706-718. doi: 10.24272/j.issn.2095-8137.2022.080 "
"ON794046.1 Paramesotriton hongkongensis voucher KIZ013508 cytochrome b (CYTB) gene, partial cds; mitochondrial",22.553333,114.126389,1335,GeoLocate,KIZ013508,NA,"Zhi-Yong Yuan, Yun-Ke Wu, Fang Yan, Robert W. Murphy, Theodore J. Papenfuss, David B. Wake, Ya-Ping Zhang, Jing Che. Comparative multi-locus assessment of modern Asian newts (Cynops, Paramesotriton, and Pachytriton: Salamandridae) in southern China suggests a shared biogeographic history. Zoological Research, 2022, 43(5): 706-718. doi: 10.24272/j.issn.2095-8137.2022.080 "
"ON794029.1 Paramesotriton hongkongensis voucher KIZ09811 cytochrome b (CYTB) gene, partial cds; mitochondrial",23.647089,115.177402,3036,GeoLocate,KIZ09811,NA,"Zhi-Yong Yuan, Yun-Ke Wu, Fang Yan, Robert W. Murphy, Theodore J. Papenfuss, David B. Wake, Ya-Ping Zhang, Jing Che. Comparative multi-locus assessment of modern Asian newts (Cynops, Paramesotriton, and Pachytriton: Salamandridae) in southern China suggests a shared biogeographic history. Zoological Research, 2022, 43(5): 706-718. doi: 10.24272/j.issn.2095-8137.2022.080 "
"ON794028.1 Paramesotriton hongkongensis voucher KIZ09810 cytochrome b (CYTB) gene, partial cds; mitochondrial",23.647089,115.177402,3036,GeoLocate,KIZ09810,NA,"Zhi-Yong Yuan, Yun-Ke Wu, Fang Yan, Robert W. Murphy, Theodore J. Papenfuss, David B. Wake, Ya-Ping Zhang, Jing Che. Comparative multi-locus assessment of modern Asian newts (Cynops, Paramesotriton, and Pachytriton: Salamandridae) in southern China suggests a shared biogeographic history. Zoological Research, 2022, 43(5): 706-718. doi: 10.24272/j.issn.2095-8137.2022.080 "
"ON794024.1 Paramesotriton hongkongensis voucher KIZ09789 cytochrome b (CYTB) gene, partial cds; mitochondrial",23.647089,115.177402,3036,GeoLocate,KIZ09789,NA,"Zhi-Yong Yuan, Yun-Ke Wu, Fang Yan, Robert W. Murphy, Theodore J. Papenfuss, David B. Wake, Ya-Ping Zhang, Jing Che. Comparative multi-locus assessment of modern Asian newts (Cynops, Paramesotriton, and Pachytriton: Salamandridae) in southern China suggests a shared biogeographic history. Zoological Research, 2022, 43(5): 706-718. doi: 10.24272/j.issn.2095-8137.2022.080 "
"ON794023.1 Paramesotriton hongkongensis voucher KIZ09788 cytochrome b (CYTB) gene, partial cds; mitochondrial",23.647089,115.177402,3036,GeoLocate,KIZ09788,NA,"Zhi-Yong Yuan, Yun-Ke Wu, Fang Yan, Robert W. Murphy, Theodore J. Papenfuss, David B. Wake, Ya-Ping Zhang, Jing Che. Comparative multi-locus assessment of modern Asian newts (Cynops, Paramesotriton, and Pachytriton: Salamandridae) in southern China suggests a shared biogeographic history. Zoological Research, 2022, 43(5): 706-718. doi: 10.24272/j.issn.2095-8137.2022.080 "
