value,Lat,Lon,Method,Error_km,Museum_Field_Number,Notes,Reference
Pid19N,48.4592,-115.9,"Article, googleearth, GPScoords",200,NA,NA,https://doi.org/10.1093/sysbio/syu090
Pid20N,48.4592,-115.9,"Article, googleearth, GPScoords",200,NA,NA,https://doi.org/10.1093/sysbio/syu090
Pid11N,48.4592,-115.9,"Article, googleearth, GPScoords",200,NA,NA,https://doi.org/10.1093/sysbio/syu090
Pid17N,48.4592,-115.9,"Article, googleearth, GPScoords",200,NA,NA,https://doi.org/10.1093/sysbio/syu090
Pid18N,48.4592,-115.9,"Article, googleearth, GPScoords",200,NA,NA,https://doi.org/10.1093/sysbio/syu090
Pid21N,48.4592,-115.9,"Article, googleearth, GPScoords",200,NA,NA,https://doi.org/10.1093/sysbio/syu090
Pid13N,48.4592,-115.9,"Article, googleearth, GPScoords",200,NA,NA,https://doi.org/10.1093/sysbio/syu090
Pid15N,48.4592,-115.9,"Article, googleearth, GPScoords",200,NA,NA,https://doi.org/10.1093/sysbio/syu090
Pid16N,48.4592,-115.9,"Article, googleearth, GPScoords",200,NA,NA,https://doi.org/10.1093/sysbio/syu090
Pid14N,48.4592,-115.9,"Article, googleearth, GPScoords",200,NA,NA,https://doi.org/10.1093/sysbio/syu090
Pid12N,48.4592,-115.9,"Article, googleearth, GPScoords",200,NA,NA,https://doi.org/10.1093/sysbio/syu090
Pid10N,48.4592,-115.9,"Article, googleearth, GPScoords",200,NA,NA,https://doi.org/10.1093/sysbio/syu090
Pid9N,48.4592,-115.9,"Article, googleearth, GPScoords",200,NA,NA,https://doi.org/10.1093/sysbio/syu090
Pid1S,47.3983,-112.56027,"Article, googleearth, GPScoords",60,NA,NA,https://doi.org/10.1093/sysbio/syu090
Pid3S,47.3983,-112.56027,"Article, googleearth, GPScoords",60,NA,NA,https://doi.org/10.1093/sysbio/syu090
Pid4S,47.3983,-112.56027,"Article, googleearth, GPScoords",60,NA,NA,https://doi.org/10.1093/sysbio/syu090
Pid2S,47.3983,-112.56027,"Article, googleearth, GPScoords",60,NA,NA,https://doi.org/10.1093/sysbio/syu090
Pid8S,47.3983,-112.56027,"Article, googleearth, GPScoords",60,NA,NA,https://doi.org/10.1093/sysbio/syu090
Pid7S,47.3983,-112.56027,"Article, googleearth, GPScoords",60,NA,NA,https://doi.org/10.1093/sysbio/syu090
Pid5S,47.3983,-112.56027,"Article, googleearth, GPScoords",60,NA,NA,https://doi.org/10.1093/sysbio/syu090
Pid6S,47.3983,-112.56027,"Article, googleearth, GPScoords",60,NA,NA,https://doi.org/10.1093/sysbio/syu090 
