"value","accession","source_id","Lat","Lon","basis_of_record","coordinate_uncertainty_in_meters","issue","flag"
"KM883802_894786786","KM883802",894786786,34.68057,-94.60383,"PRESERVED_SPECIMEN",0,"GEODETIC_DATUM_ASSUMED_WGS84",
"KM883803_894786927","KM883803",894786927,34.711253,-94.112346,"PRESERVED_SPECIMEN",0,"GEODETIC_DATUM_ASSUMED_WGS84",
"KM883804_894786803","KM883804",894786803,34.711253,-94.112346,"PRESERVED_SPECIMEN",0,"GEODETIC_DATUM_ASSUMED_WGS84",
"KM883805_894786787","KM883805",894786787,34.686686,-94.358302,"PRESERVED_SPECIMEN",0,"GEODETIC_DATUM_ASSUMED_WGS84",
"KM883806_894786931","KM883806",894786931,34.690585,-94.302646,"PRESERVED_SPECIMEN",0,"GEODETIC_DATUM_ASSUMED_WGS84",
"KM883807_894786779","KM883807",894786779,34.690585,-94.302646,"PRESERVED_SPECIMEN",0,"GEODETIC_DATUM_ASSUMED_WGS84",
"KM883808_894786866","KM883808",894786866,34.428527,-94.150486,"PRESERVED_SPECIMEN",0,"GEODETIC_DATUM_ASSUMED_WGS84",
"KM883809_894786915","KM883809",894786915,34.428527,-94.150486,"PRESERVED_SPECIMEN",0,"GEODETIC_DATUM_ASSUMED_WGS84",
"KM883810_894781968","KM883810",894781968,34.41232,-93.82145,"PRESERVED_SPECIMEN",0,"GEODETIC_DATUM_ASSUMED_WGS84",
"KM883811_894781932","KM883811",894781932,34.41232,-93.82145,"PRESERVED_SPECIMEN",0,"GEODETIC_DATUM_ASSUMED_WGS84",
"KM883812_894781981","KM883812",894781981,34.41232,-93.82145,"PRESERVED_SPECIMEN",0,"GEODETIC_DATUM_ASSUMED_WGS84",
"KM883813_894781930","KM883813",894781930,34.43742,-94.17537,"PRESERVED_SPECIMEN",0,"GEODETIC_DATUM_ASSUMED_WGS84",
"KM883814_894781955","KM883814",894781955,34.43742,-94.17537,"PRESERVED_SPECIMEN",0,"GEODETIC_DATUM_ASSUMED_WGS84",
"KM883815_894781899","KM883815",894781899,34.43742,-94.17537,"PRESERVED_SPECIMEN",0,"GEODETIC_DATUM_ASSUMED_WGS84",
"KM883816_894781924","KM883816",894781924,34.43742,-94.17537,"PRESERVED_SPECIMEN",0,"GEODETIC_DATUM_ASSUMED_WGS84",
"KM883817_894781982","KM883817",894781982,34.69226,-94.31475,"PRESERVED_SPECIMEN",0,"GEODETIC_DATUM_ASSUMED_WGS84",
"KM883818_894781992","KM883818",894781992,34.70601,-94.33724,"PRESERVED_SPECIMEN",0,"GEODETIC_DATUM_ASSUMED_WGS84",
"KM883819_894784551","KM883819",894784551,34.6492,-93.95208,"PRESERVED_SPECIMEN",0,"GEODETIC_DATUM_ASSUMED_WGS84",
"KM883820_894784557","KM883820",894784557,34.72989,-94.38028,"PRESERVED_SPECIMEN",0,"GEODETIC_DATUM_ASSUMED_WGS84",
"KM883821_894785968","KM883821",894785968,34.6871,-94.24122,"PRESERVED_SPECIMEN",0,"GEODETIC_DATUM_ASSUMED_WGS84",
"KM883822_894788457","KM883822",894788457,34.34713,-94.41587,"PRESERVED_SPECIMEN",0,"GEODETIC_DATUM_ASSUMED_WGS84",
