"value","Lat","Lon","Error_km","Method","Voucher","Notes","Reference"
"Plethodon.caddoensis.JF504185",34.45915,-93.99715,"NA","NA","NA","NA","NA"
"Plethodon.caddoensis.JF504186",34.45915,-93.99715,"NA","NA","NA","NA","NA"
"Plethodon.caddoensis.JF504181",34.45915,-93.99715,"NA","NA","NA","NA","NA"
"Plethodon.caddoensis.JF504180",34.45915,-93.99715,"NA","NA","NA","NA","NA"
"Plethodon.caddoensis.JF504182",34.45915,-93.99715,"NA","NA","NA","NA","NA"
"Plethodon.caddoensis.JF504183",34.45915,-93.99715,"NA","NA","NA","NA","NA"
"Plethodon.caddoensis.JF504184",34.45915,-93.99715,"NA","NA","NA","NA","NA"
"Plethodon.caddoensis.JF504037",34.42727,-94.26144,"NA","paper","DBS_1907","NA","Shepard, D. B., & Burbrink, F. T. (2011). Local-scale environmental variation generates highly divergent lineages associated with stream drainages in a terrestrial salamander, Plethodon caddoensis. Molecular phylogenetics and evolution, 59(2), 399–411. https://doi.org/10.1016/j.ympev.2011.03.007"
"Plethodon.caddoensis.JF504038",34.42727,-94.26144,"NA","paper","NA","NA","Shepard, D. B., & Burbrink, F. T. (2011). Local-scale environmental variation generates highly divergent lineages associated with stream drainages in a terrestrial salamander, Plethodon caddoensis. Molecular phylogenetics and evolution, 59(2), 399–411. https://doi.org/10.1016/j.ympev.2011.03.007"
"Plethodon.caddoensis.JF504050",34.43439,-94.2244,"NA","paper","DBS_1924","NA","Shepard, D. B., & Burbrink, F. T. (2011). Local-scale environmental variation generates highly divergent lineages associated with stream drainages in a terrestrial salamander, Plethodon caddoensis. Molecular phylogenetics and evolution, 59(2), 399–411. https://doi.org/10.1016/j.ympev.2011.03.007"
"Plethodon.caddoensis.JF504046",34.43439,-94.2244,"NA","paper","NA","NA","Shepard, D. B., & Burbrink, F. T. (2011). Local-scale environmental variation generates highly divergent lineages associated with stream drainages in a terrestrial salamander, Plethodon caddoensis. Molecular phylogenetics and evolution, 59(2), 399–411. https://doi.org/10.1016/j.ympev.2011.03.007"
"Plethodon.caddoensis.JF504049",34.43439,-94.2244,"NA","paper","NA","NA","Shepard, D. B., & Burbrink, F. T. (2011). Local-scale environmental variation generates highly divergent lineages associated with stream drainages in a terrestrial salamander, Plethodon caddoensis. Molecular phylogenetics and evolution, 59(2), 399–411. https://doi.org/10.1016/j.ympev.2011.03.007"
"Plethodon.caddoensis.JF504045",34.43439,-94.2244,"NA","paper","NA","NA","Shepard, D. B., & Burbrink, F. T. (2011). Local-scale environmental variation generates highly divergent lineages associated with stream drainages in a terrestrial salamander, Plethodon caddoensis. Molecular phylogenetics and evolution, 59(2), 399–411. https://doi.org/10.1016/j.ympev.2011.03.007"
"Plethodon.caddoensis.JF504261",34.4285,-94.18676,"NA","paper","NA","NA","Shepard, D. B., & Burbrink, F. T. (2011). Local-scale environmental variation generates highly divergent lineages associated with stream drainages in a terrestrial salamander, Plethodon caddoensis. Molecular phylogenetics and evolution, 59(2), 399–411. https://doi.org/10.1016/j.ympev.2011.03.007"
"Plethodon.caddoensis.JF504047",34.43439,-94.2244,"NA","paper","NA","NA","Shepard, D. B., & Burbrink, F. T. (2011). Local-scale environmental variation generates highly divergent lineages associated with stream drainages in a terrestrial salamander, Plethodon caddoensis. Molecular phylogenetics and evolution, 59(2), 399–411. https://doi.org/10.1016/j.ympev.2011.03.007"
"Plethodon.caddoensis.JF504048",34.43439,-94.2244,"NA","paper","NA","NA","Shepard, D. B., & Burbrink, F. T. (2011). Local-scale environmental variation generates highly divergent lineages associated with stream drainages in a terrestrial salamander, Plethodon caddoensis. Molecular phylogenetics and evolution, 59(2), 399–411. https://doi.org/10.1016/j.ympev.2011.03.007"
"Plethodon.caddoensis.JF504101",34.42233,-94.15048,"NA","paper","NA","NA","Shepard, D. B., & Burbrink, F. T. (2011). Local-scale environmental variation generates highly divergent lineages associated with stream drainages in a terrestrial salamander, Plethodon caddoensis. Molecular phylogenetics and evolution, 59(2), 399–411. https://doi.org/10.1016/j.ympev.2011.03.007"
"Plethodon.caddoensis.JF504104",34.42233,-94.15048,"NA","paper","NA","NA","Shepard, D. B., & Burbrink, F. T. (2011). Local-scale environmental variation generates highly divergent lineages associated with stream drainages in a terrestrial salamander, Plethodon caddoensis. Molecular phylogenetics and evolution, 59(2), 399–411. https://doi.org/10.1016/j.ympev.2011.03.007"
"Plethodon.caddoensis.JF504260",34.4285,-94.18676,"NA","paper","NA","NA","Shepard, D. B., & Burbrink, F. T. (2011). Local-scale environmental variation generates highly divergent lineages associated with stream drainages in a terrestrial salamander, Plethodon caddoensis. Molecular phylogenetics and evolution, 59(2), 399–411. https://doi.org/10.1016/j.ympev.2011.03.007"
"Plethodon.caddoensis.JF504258",34.4285,-94.18676,"NA","paper","NA","NA","Shepard, D. B., & Burbrink, F. T. (2011). Local-scale environmental variation generates highly divergent lineages associated with stream drainages in a terrestrial salamander, Plethodon caddoensis. Molecular phylogenetics and evolution, 59(2), 399–411. https://doi.org/10.1016/j.ympev.2011.03.007"
"Plethodon.caddoensis.JF504259",34.4285,-94.18676,"NA","paper","NA","NA","Shepard, D. B., & Burbrink, F. T. (2011). Local-scale environmental variation generates highly divergent lineages associated with stream drainages in a terrestrial salamander, Plethodon caddoensis. Molecular phylogenetics and evolution, 59(2), 399–411. https://doi.org/10.1016/j.ympev.2011.03.007"
"Plethodon.caddoensis.JF504262",34.4285,-94.18676,"NA","paper","NA","NA","Shepard, D. B., & Burbrink, F. T. (2011). Local-scale environmental variation generates highly divergent lineages associated with stream drainages in a terrestrial salamander, Plethodon caddoensis. Molecular phylogenetics and evolution, 59(2), 399–411. https://doi.org/10.1016/j.ympev.2011.03.007"
"Plethodon.caddoensis.JF504263",34.4285,-94.18676,"NA","paper","NA","NA","Shepard, D. B., & Burbrink, F. T. (2011). Local-scale environmental variation generates highly divergent lineages associated with stream drainages in a terrestrial salamander, Plethodon caddoensis. Molecular phylogenetics and evolution, 59(2), 399–411. https://doi.org/10.1016/j.ympev.2011.03.007"
"Plethodon.caddoensis.JF504264",34.4285,-94.18676,"NA","paper","NA","NA","Shepard, D. B., & Burbrink, F. T. (2011). Local-scale environmental variation generates highly divergent lineages associated with stream drainages in a terrestrial salamander, Plethodon caddoensis. Molecular phylogenetics and evolution, 59(2), 399–411. https://doi.org/10.1016/j.ympev.2011.03.007"
"Plethodon.caddoensis.JF504265",34.4285,-94.18676,"NA","paper","NA","NA","Shepard, D. B., & Burbrink, F. T. (2011). Local-scale environmental variation generates highly divergent lineages associated with stream drainages in a terrestrial salamander, Plethodon caddoensis. Molecular phylogenetics and evolution, 59(2), 399–411. https://doi.org/10.1016/j.ympev.2011.03.007"
"Plethodon.caddoensis.JF504100",34.42233,-94.15048,"NA","paper","NA","NA","Shepard, D. B., & Burbrink, F. T. (2011). Local-scale environmental variation generates highly divergent lineages associated with stream drainages in a terrestrial salamander, Plethodon caddoensis. Molecular phylogenetics and evolution, 59(2), 399–411. https://doi.org/10.1016/j.ympev.2011.03.007"
"Plethodon.caddoensis.JF504218",34.42963,-94.16457,"NA","paper","NA","NA","Shepard, D. B., & Burbrink, F. T. (2011). Local-scale environmental variation generates highly divergent lineages associated with stream drainages in a terrestrial salamander, Plethodon caddoensis. Molecular phylogenetics and evolution, 59(2), 399–411. https://doi.org/10.1016/j.ympev.2011.03.007"
"Plethodon.caddoensis.JF504219",34.42963,-94.16457,"NA","paper","NA","NA","Shepard, D. B., & Burbrink, F. T. (2011). Local-scale environmental variation generates highly divergent lineages associated with stream drainages in a terrestrial salamander, Plethodon caddoensis. Molecular phylogenetics and evolution, 59(2), 399–411. https://doi.org/10.1016/j.ympev.2011.03.007"
"Plethodon.caddoensis.JF504103",34.42233,-94.15048,"NA","paper","NA","NA","Shepard, D. B., & Burbrink, F. T. (2011). Local-scale environmental variation generates highly divergent lineages associated with stream drainages in a terrestrial salamander, Plethodon caddoensis. Molecular phylogenetics and evolution, 59(2), 399–411. https://doi.org/10.1016/j.ympev.2011.03.007"
"Plethodon.caddoensis.JF504102",34.42233,-94.15048,"NA","paper","NA","NA","Shepard, D. B., & Burbrink, F. T. (2011). Local-scale environmental variation generates highly divergent lineages associated with stream drainages in a terrestrial salamander, Plethodon caddoensis. Molecular phylogenetics and evolution, 59(2), 399–411. https://doi.org/10.1016/j.ympev.2011.03.007"
"Plethodon.caddoensis.JF504097",34.42233,-94.15048,"NA","paper","NA","NA","Shepard, D. B., & Burbrink, F. T. (2011). Local-scale environmental variation generates highly divergent lineages associated with stream drainages in a terrestrial salamander, Plethodon caddoensis. Molecular phylogenetics and evolution, 59(2), 399–411. https://doi.org/10.1016/j.ympev.2011.03.007"
"Plethodon.caddoensis.JF504098",34.42233,-94.15048,"NA","paper","NA","NA","Shepard, D. B., & Burbrink, F. T. (2011). Local-scale environmental variation generates highly divergent lineages associated with stream drainages in a terrestrial salamander, Plethodon caddoensis. Molecular phylogenetics and evolution, 59(2), 399–411. https://doi.org/10.1016/j.ympev.2011.03.007"
"Plethodon.caddoensis.JF504099",34.42233,-94.15048,"NA","paper","NA","NA","Shepard, D. B., & Burbrink, F. T. (2011). Local-scale environmental variation generates highly divergent lineages associated with stream drainages in a terrestrial salamander, Plethodon caddoensis. Molecular phylogenetics and evolution, 59(2), 399–411. https://doi.org/10.1016/j.ympev.2011.03.007"
"Plethodon.caddoensis.JF504105",34.42233,-94.15048,"NA","paper","NA","NA","Shepard, D. B., & Burbrink, F. T. (2011). Local-scale environmental variation generates highly divergent lineages associated with stream drainages in a terrestrial salamander, Plethodon caddoensis. Molecular phylogenetics and evolution, 59(2), 399–411. https://doi.org/10.1016/j.ympev.2011.03.007"
"Plethodon.caddoensis.JF504297",34.4602,-94.1879,"NA","paper","NA","NA","Shepard, D. B., & Burbrink, F. T. (2011). Local-scale environmental variation generates highly divergent lineages associated with stream drainages in a terrestrial salamander, Plethodon caddoensis. Molecular phylogenetics and evolution, 59(2), 399–411. https://doi.org/10.1016/j.ympev.2011.03.007"
"Plethodon.caddoensis.JF504298",34.4602,-94.1879,"NA","paper","NA","NA","Shepard, D. B., & Burbrink, F. T. (2011). Local-scale environmental variation generates highly divergent lineages associated with stream drainages in a terrestrial salamander, Plethodon caddoensis. Molecular phylogenetics and evolution, 59(2), 399–411. https://doi.org/10.1016/j.ympev.2011.03.007"
"Plethodon.caddoensis.JF504256",34.4586,-94.19978,"NA","paper","NA","NA","Shepard, D. B., & Burbrink, F. T. (2011). Local-scale environmental variation generates highly divergent lineages associated with stream drainages in a terrestrial salamander, Plethodon caddoensis. Molecular phylogenetics and evolution, 59(2), 399–411. https://doi.org/10.1016/j.ympev.2011.03.007"
"Plethodon.caddoensis.JF504293",34.4602,-94.1879,"NA","paper","NA","NA","Shepard, D. B., & Burbrink, F. T. (2011). Local-scale environmental variation generates highly divergent lineages associated with stream drainages in a terrestrial salamander, Plethodon caddoensis. Molecular phylogenetics and evolution, 59(2), 399–411. https://doi.org/10.1016/j.ympev.2011.03.007"
"Plethodon.caddoensis.JF504294",34.4602,-94.1879,"NA","paper","NA","NA","Shepard, D. B., & Burbrink, F. T. (2011). Local-scale environmental variation generates highly divergent lineages associated with stream drainages in a terrestrial salamander, Plethodon caddoensis. Molecular phylogenetics and evolution, 59(2), 399–411. https://doi.org/10.1016/j.ympev.2011.03.007"
"Plethodon.caddoensis.JF504296",34.4602,-94.1879,"NA","paper","NA","NA","Shepard, D. B., & Burbrink, F. T. (2011). Local-scale environmental variation generates highly divergent lineages associated with stream drainages in a terrestrial salamander, Plethodon caddoensis. Molecular phylogenetics and evolution, 59(2), 399–411. https://doi.org/10.1016/j.ympev.2011.03.007"
"Plethodon.caddoensis.JF504299",34.4602,-94.1879,"NA","paper","NA","NA","Shepard, D. B., & Burbrink, F. T. (2011). Local-scale environmental variation generates highly divergent lineages associated with stream drainages in a terrestrial salamander, Plethodon caddoensis. Molecular phylogenetics and evolution, 59(2), 399–411. https://doi.org/10.1016/j.ympev.2011.03.007"
"Plethodon.caddoensis.JF504253",34.4586,-94.19978,"NA","paper","NA","NA","Shepard, D. B., & Burbrink, F. T. (2011). Local-scale environmental variation generates highly divergent lineages associated with stream drainages in a terrestrial salamander, Plethodon caddoensis. Molecular phylogenetics and evolution, 59(2), 399–411. https://doi.org/10.1016/j.ympev.2011.03.007"
"Plethodon.caddoensis.JF504254",34.4586,-94.19978,"NA","paper","NA","NA","Shepard, D. B., & Burbrink, F. T. (2011). Local-scale environmental variation generates highly divergent lineages associated with stream drainages in a terrestrial salamander, Plethodon caddoensis. Molecular phylogenetics and evolution, 59(2), 399–411. https://doi.org/10.1016/j.ympev.2011.03.007"
"Plethodon.caddoensis.JF504255",34.4586,-94.19978,"NA","paper","NA","NA","Shepard, D. B., & Burbrink, F. T. (2011). Local-scale environmental variation generates highly divergent lineages associated with stream drainages in a terrestrial salamander, Plethodon caddoensis. Molecular phylogenetics and evolution, 59(2), 399–411. https://doi.org/10.1016/j.ympev.2011.03.007"
"Plethodon.caddoensis.JF504257",34.4586,-94.19978,"NA","paper","NA","NA","Shepard, D. B., & Burbrink, F. T. (2011). Local-scale environmental variation generates highly divergent lineages associated with stream drainages in a terrestrial salamander, Plethodon caddoensis. Molecular phylogenetics and evolution, 59(2), 399–411. https://doi.org/10.1016/j.ympev.2011.03.007"
"Plethodon.caddoensis.JF504295",34.4602,-94.1879,"NA","paper","NA","NA","Shepard, D. B., & Burbrink, F. T. (2011). Local-scale environmental variation generates highly divergent lineages associated with stream drainages in a terrestrial salamander, Plethodon caddoensis. Molecular phylogenetics and evolution, 59(2), 399–411. https://doi.org/10.1016/j.ympev.2011.03.007"
"Plethodon.caddoensis.JF504245",34.47953,-94.18469,"NA","paper","NA","NA","Shepard, D. B., & Burbrink, F. T. (2011). Local-scale environmental variation generates highly divergent lineages associated with stream drainages in a terrestrial salamander, Plethodon caddoensis. Molecular phylogenetics and evolution, 59(2), 399–411. https://doi.org/10.1016/j.ympev.2011.03.007"
"Plethodon.caddoensis.JF504246",34.47953,-94.18469,"NA","paper","NA","NA","Shepard, D. B., & Burbrink, F. T. (2011). Local-scale environmental variation generates highly divergent lineages associated with stream drainages in a terrestrial salamander, Plethodon caddoensis. Molecular phylogenetics and evolution, 59(2), 399–411. https://doi.org/10.1016/j.ympev.2011.03.007"
"Plethodon.caddoensis.JF504247",34.47953,-94.18469,"NA","paper","NA","NA","Shepard, D. B., & Burbrink, F. T. (2011). Local-scale environmental variation generates highly divergent lineages associated with stream drainages in a terrestrial salamander, Plethodon caddoensis. Molecular phylogenetics and evolution, 59(2), 399–411. https://doi.org/10.1016/j.ympev.2011.03.007"
"Plethodon.caddoensis.JF504248",34.47953,-94.18469,"NA","paper","NA","NA","Shepard, D. B., & Burbrink, F. T. (2011). Local-scale environmental variation generates highly divergent lineages associated with stream drainages in a terrestrial salamander, Plethodon caddoensis. Molecular phylogenetics and evolution, 59(2), 399–411. https://doi.org/10.1016/j.ympev.2011.03.007"
"Plethodon.caddoensis.JF504249",34.47953,-94.18469,"NA","paper","NA","NA","Shepard, D. B., & Burbrink, F. T. (2011). Local-scale environmental variation generates highly divergent lineages associated with stream drainages in a terrestrial salamander, Plethodon caddoensis. Molecular phylogenetics and evolution, 59(2), 399–411. https://doi.org/10.1016/j.ympev.2011.03.007"
"Plethodon.caddoensis.JF504250",34.47953,-94.18469,"NA","paper","NA","NA","Shepard, D. B., & Burbrink, F. T. (2011). Local-scale environmental variation generates highly divergent lineages associated with stream drainages in a terrestrial salamander, Plethodon caddoensis. Molecular phylogenetics and evolution, 59(2), 399–411. https://doi.org/10.1016/j.ympev.2011.03.007"
"Plethodon.caddoensis.JF504251",34.47953,-94.18469,"NA","paper","NA","NA","Shepard, D. B., & Burbrink, F. T. (2011). Local-scale environmental variation generates highly divergent lineages associated with stream drainages in a terrestrial salamander, Plethodon caddoensis. Molecular phylogenetics and evolution, 59(2), 399–411. https://doi.org/10.1016/j.ympev.2011.03.007"
"Plethodon.caddoensis.JF504252",34.47953,-94.18469,"NA","paper","NA","NA","Shepard, D. B., & Burbrink, F. T. (2011). Local-scale environmental variation generates highly divergent lineages associated with stream drainages in a terrestrial salamander, Plethodon caddoensis. Molecular phylogenetics and evolution, 59(2), 399–411. https://doi.org/10.1016/j.ympev.2011.03.007"
"Plethodon.caddoensis.JF504290",34.51579,-94.26396,"NA","NA","NA","NA","NA"
"Plethodon.caddoensis.JF504291",34.51579,-94.26396,"NA","NA","NA","NA","NA"
"Plethodon.caddoensis.JF504292",34.51579,-94.26396,"NA","NA","NA","NA","NA"
"Plethodon.caddoensis.JF504032",34.49101,-94.25819,"NA","NA","NA","NA","NA"
"Plethodon.caddoensis.JF504054",34.46319,-94.23222,"NA","NA","NA","NA","NA"
"Plethodon.caddoensis.JF504052",34.46319,-94.23222,"NA","NA","NA","NA","NA"
"Plethodon.caddoensis.JF504051",34.46319,-94.23222,"NA","NA","NA","NA","NA"
"Plethodon.caddoensis.JF504053",34.46319,-94.23222,"NA","NA","NA","NA","NA"
"Plethodon.caddoensis.JF504216",34.47464,-94.25781,"NA","NA","NA","NA","NA"
"Plethodon.caddoensis.JF504029",34.49101,-94.25819,"NA","NA","NA","NA","NA"
"Plethodon.caddoensis.JF504033",34.49101,-94.25819,"NA","NA","NA","NA","NA"
"Plethodon.caddoensis.JF504034",34.49101,-94.25819,"NA","NA","NA","NA","NA"
"Plethodon.caddoensis.JF504201",34.50694,-94.28568,"NA","NA","NA","NA","NA"
"Plethodon.caddoensis.JF504202",34.50694,-94.28568,"NA","NA","NA","NA","NA"
"Plethodon.caddoensis.JF504203",34.50694,-94.28568,"NA","NA","NA","NA","NA"
"Plethodon.caddoensis.JF504204",34.50694,-94.28568,"NA","NA","NA","NA","NA"
"Plethodon.caddoensis.JF504205",34.50694,-94.28568,"NA","NA","NA","NA","NA"
"Plethodon.caddoensis.JF504206",34.50694,-94.28568,"NA","NA","NA","NA","NA"
"Plethodon.caddoensis.JF504207",34.50694,-94.28568,"NA","NA","NA","NA","NA"
"Plethodon.caddoensis.JF504209",34.49462,-94.29627,"NA","NA","NA","NA","NA"
"Plethodon.caddoensis.JF504211",34.49462,-94.29627,"NA","NA","NA","NA","NA"
"Plethodon.caddoensis.JF504030",34.49101,-94.25819,"NA","NA","NA","NA","NA"
"Plethodon.caddoensis.JF504031",34.49101,-94.25819,"NA","NA","NA","NA","NA"
"Plethodon.caddoensis.JF504210",34.49462,-94.29627,"NA","NA","NA","NA","NA"
"Plethodon.caddoensis.JF504208",34.49462,-94.29627,"NA","NA","NA","NA","NA"
"Plethodon.caddoensis.JF504213",34.47464,-94.25781,"NA","NA","NA","NA","NA"
"Plethodon.caddoensis.JF504214",34.47464,-94.25781,"NA","NA","NA","NA","NA"
"Plethodon.caddoensis.JF504215",34.47464,-94.25781,"NA","NA","NA","NA","NA"
"Plethodon.caddoensis.JF504217",34.47464,-94.25781,"NA","NA","NA","NA","NA"
"Plethodon.caddoensis.JF504212",34.47464,-94.25781,"NA","NA","NA","NA","NA"
"Plethodon.caddoensis.JF504319",34.211,-94.2249,"NA","NA","NA","NA","NA"
"Plethodon.caddoensis.JF504289",34.39882,-94.2059,"NA","NA","NA","NA","NA"
"Plethodon.caddoensis.JF504086",34.41282,-94.03467,"NA","NA","NA","NA","NA"
"Plethodon.caddoensis.JF504089",34.41282,-94.03467,"NA","NA","NA","NA","NA"
"Plethodon.caddoensis.JF504085",34.41282,-94.03467,"NA","NA","NA","NA","NA"
"Plethodon.caddoensis.JF504087",34.41282,-94.03467,"NA","NA","NA","NA","NA"
"Plethodon.caddoensis.JF504285",34.43742,-94.17537,"NA","NA","NA","NA","NA"
"Plethodon.caddoensis.JF504286",34.43742,-94.17537,"NA","NA","NA","NA","NA"
"Plethodon.caddoensis.JF504272",34.40732,-94.0769,"NA","NA","NA","NA","NA"
"Plethodon.caddoensis.JF504227",34.40965,-94.15945,"NA","NA","NA","NA","NA"
"Plethodon.caddoensis.JF504221",34.38261,-94.23587,"NA","NA","NA","NA","NA"
"Plethodon.caddoensis.JF504237",34.38261,-94.23587,"NA","NA","NA","NA","NA"
"Plethodon.caddoensis.JF504225",34.40965,-94.15945,"NA","NA","NA","NA","NA"
"Plethodon.caddoensis.JF504226",34.40965,-94.15945,"NA","NA","NA","NA","NA"
"Plethodon.caddoensis.JF504234",34.38261,-94.23587,"NA","NA","NA","NA","NA"
"Plethodon.caddoensis.JF504235",34.38261,-94.23587,"NA","NA","NA","NA","NA"
"Plethodon.caddoensis.JF504238",34.38261,-94.23587,"NA","NA","NA","NA","NA"
"Plethodon.caddoensis.JF504240",34.38261,-94.23587,"NA","NA","NA","NA","NA"
"Plethodon.caddoensis.JF504242",34.38261,-94.23587,"NA","NA","NA","NA","NA"
"Plethodon.caddoensis.JF504017",34.39043,-94.02961,"NA","NA","NA","NA","NA"
"Plethodon.caddoensis.JF504018",34.39043,-94.02961,"NA","NA","NA","NA","NA"
"Plethodon.caddoensis.JF504082",34.39043,-94.02961,"NA","NA","NA","NA","NA"
"Plethodon.caddoensis.JF504083",34.39043,-94.02961,"NA","NA","NA","NA","NA"
"Plethodon.caddoensis.JF504084",34.39043,-94.02961,"NA","NA","NA","NA","NA"
"Plethodon.caddoensis.JF504088",34.41282,-94.03467,"NA","NA","NA","NA","NA"
"Plethodon.caddoensis.JF504090",34.41282,-94.03467,"NA","NA","NA","NA","NA"
"Plethodon.caddoensis.JF504271",34.40673,-94.05972,"NA","NA","NA","NA","NA"
"Plethodon.caddoensis.JF504273",34.40732,-94.0769,"NA","NA","NA","NA","NA"
"Plethodon.caddoensis.JF504094",34.42927,-94.14016,"NA","NA","NA","NA","NA"
"Plethodon.caddoensis.JF504093",34.42927,-94.14016,"NA","NA","NA","NA","NA"
"Plethodon.caddoensis.JF504096",34.42927,-94.14016,"NA","NA","NA","NA","NA"
"Plethodon.caddoensis.JF504092",34.42927,-94.14016,"NA","NA","NA","NA","NA"
"Plethodon.caddoensis.JF504231",34.40203,-94.13403,"NA","NA","NA","NA","NA"
"Plethodon.caddoensis.JF504233",34.40203,-94.13403,"NA","NA","NA","NA","NA"
"Plethodon.caddoensis.JF504091",34.42927,-94.14016,"NA","NA","NA","NA","NA"
"Plethodon.caddoensis.JF504095",34.42927,-94.14016,"NA","NA","NA","NA","NA"
"Plethodon.caddoensis.JF504224",34.40965,-94.15945,"NA","NA","NA","NA","NA"
"Plethodon.caddoensis.JF504228",34.40203,-94.13403,"NA","NA","NA","NA","NA"
"Plethodon.caddoensis.JF504230",34.40203,-94.13403,"NA","NA","NA","NA","NA"
"Plethodon.caddoensis.JF504153",34.31985,-94.24,"NA","NA","NA","NA","NA"
"Plethodon.caddoensis.JF504149",34.3191,-94.22739,"NA","NA","NA","NA","NA"
"Plethodon.caddoensis.JF504150",34.31985,-94.24,"NA","NA","NA","NA","NA"
"Plethodon.caddoensis.JF504151",34.31985,-94.24,"NA","NA","NA","NA","NA"
"Plethodon.caddoensis.JF504152",34.31985,-94.24,"NA","NA","NA","NA","NA"
"Plethodon.caddoensis.JF504154",34.31985,-94.24,"NA","NA","NA","NA","NA"
"Plethodon.caddoensis.JF504236",34.38261,-94.23587,"NA","NA","NA","NA","NA"
"Plethodon.caddoensis.JF504239",34.38261,-94.23587,"NA","NA","NA","NA","NA"
"Plethodon.caddoensis.JF504241",34.38261,-94.23587,"NA","NA","NA","NA","NA"
"Plethodon.caddoensis.JF504316",34.205,-94.2299,"NA","NA","NA","NA","NA"
"Plethodon.caddoensis.JF504317",34.211,-94.2249,"NA","NA","NA","NA","NA"
"Plethodon.caddoensis.JF504318",34.211,-94.2249,"NA","NA","NA","NA","NA"
"Plethodon.caddoensis.JF504148",34.3191,-94.22739,"NA","NA","NA","NA","NA"
"Plethodon.caddoensis.JF504288",34.39882,-94.2059,"NA","NA","NA","NA","NA"
"Plethodon.caddoensis.JF504315",34.205,-94.2299,"NA","NA","NA","NA","NA"
"Plethodon.caddoensis.JF504040",34.45549,-94.14297,"NA","NA","NA","NA","NA"
"Plethodon.caddoensis.JF504140",34.38777,-94.16478,"NA","NA","NA","NA","NA"
"Plethodon.caddoensis.JF504141",34.38777,-94.16478,"NA","NA","NA","NA","NA"
"Plethodon.caddoensis.JF504142",34.38777,-94.16478,"NA","NA","NA","NA","NA"
"Plethodon.caddoensis.JF504143",34.38777,-94.16478,"NA","NA","NA","NA","NA"
"Plethodon.caddoensis.JF504144",34.38777,-94.16478,"NA","NA","NA","NA","NA"
"Plethodon.caddoensis.JF504145",34.38777,-94.16478,"NA","NA","NA","NA","NA"
"Plethodon.caddoensis.JF504146",34.38777,-94.16478,"NA","NA","NA","NA","NA"
"Plethodon.caddoensis.JF504147",34.38777,-94.16478,"NA","NA","NA","NA","NA"
"Plethodon.caddoensis.JF504284",34.43742,-94.17537,"NA","NA","NA","NA","NA"
"Plethodon.caddoensis.JF504287",34.43742,-94.17537,"NA","NA","NA","NA","NA"
"Plethodon.caddoensis.JF504269",34.44154,-94.19344,"NA","NA","NA","NA","NA"
"Plethodon.caddoensis.JF504268",34.44154,-94.19344,"NA","NA","NA","NA","NA"
"Plethodon.caddoensis.JF504267",34.44154,-94.19344,"NA","NA","NA","NA","NA"
"Plethodon.caddoensis.JF504266",34.44154,-94.19344,"NA","NA","NA","NA","NA"
"Plethodon.caddoensis.JF504220",34.42963,-94.16457,"NA","NA","NA","NA","NA"
"Plethodon.caddoensis.JF504044",34.45549,-94.14297,"NA","NA","NA","NA","NA"
"Plethodon.caddoensis.JF504043",34.45549,-94.14297,"NA","NA","NA","NA","NA"
"Plethodon.caddoensis.JF504042",34.45549,-94.14297,"NA","NA","NA","NA","NA"
"Plethodon.caddoensis.JF504041",34.45549,-94.14297,"NA","NA","NA","NA","NA"
"Plethodon.caddoensis.JF504039",34.45549,-94.14297,"NA","NA","NA","NA","NA"
"Plethodon.caddoensis.FJ266742",34.43742,-94.17537,"NA","NA","NA","NA","NA"
"Plethodon.caddoensis.JF504229",34.40203,-94.13403,"NA","NA","NA","NA","NA"
"Plethodon.caddoensis.JF504232",34.40203,-94.13403,"NA","NA","NA","NA","NA"
"Plethodon.caddoensis.JF504106",34.40031,-93.77914,"NA","NA","NA","NA","NA"
"Plethodon.caddoensis.JF504107",34.40031,-93.77914,"NA","NA","NA","NA","NA"
"Plethodon.caddoensis.JF504108",34.40031,-93.77914,"NA","NA","NA","NA","NA"
"Plethodon.caddoensis.JF504109",34.40031,-93.77914,"NA","NA","NA","NA","NA"
"Plethodon.caddoensis.JF504111",34.40031,-93.77914,"NA","NA","NA","NA","NA"
"Plethodon.caddoensis.JF504113",34.40031,-93.77914,"NA","NA","NA","NA","NA"
"Plethodon.caddoensis.JF504114",34.40031,-93.77914,"NA","NA","NA","NA","NA"
"Plethodon.caddoensis.JF504116",34.40031,-93.77914,"NA","NA","NA","NA","NA"
"Plethodon.caddoensis.JF504110",34.40031,-93.77914,"NA","NA","NA","NA","NA"
"Plethodon.caddoensis.JF504112",34.40031,-93.77914,"NA","NA","NA","NA","NA"
"Plethodon.caddoensis.JF504115",34.40031,-93.77914,"NA","NA","NA","NA","NA"
"Plethodon.caddoensis.JF504310",34.38101,-93.65746,"NA","NA","NA","NA","NA"
"Plethodon.caddoensis.JF504304",34.3782,-93.64834,"NA","NA","NA","NA","NA"
"Plethodon.caddoensis.JF504314",34.38101,-93.65746,"NA","NA","NA","NA","NA"
"Plethodon.caddoensis.JF504312",34.38101,-93.65746,"NA","NA","NA","NA","NA"
"Plethodon.caddoensis.JF504305",34.3782,-93.64834,"NA","NA","NA","NA","NA"
"Plethodon.caddoensis.JF504306",34.3782,-93.64834,"NA","NA","NA","NA","NA"
"Plethodon.caddoensis.JF504307",34.3782,-93.64834,"NA","NA","NA","NA","NA"
"Plethodon.caddoensis.JF504308",34.3782,-93.64834,"NA","NA","NA","NA","NA"
"Plethodon.caddoensis.JF504309",34.3782,-93.64834,"NA","NA","NA","NA","NA"
"Plethodon.caddoensis.JF504311",34.38101,-93.65746,"NA","NA","NA","NA","NA"
"Plethodon.caddoensis.JF504313",34.38101,-93.65746,"NA","NA","NA","NA","NA"
"Plethodon.caddoensis.JF504068",34.45478,-93.47263,"NA","NA","NA","NA","NA"
"Plethodon.caddoensis.JF504069",34.45478,-93.47263,"NA","NA","NA","NA","NA"
"Plethodon.caddoensis.JF504301",34.45478,-93.47263,"NA","NA","NA","NA","NA"
"Plethodon.caddoensis.JF504302",34.45478,-93.47263,"NA","NA","NA","NA","NA"
"Plethodon.caddoensis.JF504070",34.45478,-93.47263,"NA","NA","NA","NA","NA"
"Plethodon.caddoensis.JF504073",34.42412,-93.547,"NA","NA","NA","NA","NA"
"Plethodon.caddoensis.JF504074",34.42412,-93.547,"NA","NA","NA","NA","NA"
"Plethodon.caddoensis.JF504300",34.42412,-93.547,"NA","NA","NA","NA","NA"
"Plethodon.caddoensis.JF504071",34.42412,-93.547,"NA","NA","NA","NA","NA"
"Plethodon.caddoensis.JF504072",34.42412,-93.547,"NA","NA","NA","NA","NA"
