"value","accession","Lat","Lon","error (m)","method","voucher","reference"
"Plethodon richmondi","AY378067",36.2347222222222,-81.5008333333333,"Manuscript",58109,"Jack W. Sites, Mariana Morando, Richard Highton, Fred Huber, Robin E. Jung ""Phylogenetic Relationships of the Endangered Shenandoah Salamander (Plethodon shenandoah) and Other Salamanders of the Plethodon cinereus Group (Caudata: Plethodontidae),"" Journal of Herpetology, 38(1), 96-105, (1 March 2004)",
"Plethodon richmondi","AY378068",36.2347222222222,-81.5008333333333,"Manuscript",58108,"Jack W. Sites, Mariana Morando, Richard Highton, Fred Huber, Robin E. Jung ""Phylogenetic Relationships of the Endangered Shenandoah Salamander (Plethodon shenandoah) and Other Salamanders of the Plethodon cinereus Group (Caudata: Plethodontidae),"" Journal of Herpetology, 38(1), 96-105, (1 March 2004)",
"Plethodon richmondi","AY378069",38.4036111111111,-82.4341666666667,"Manuscript",52930,"Jack W. Sites, Mariana Morando, Richard Highton, Fred Huber, Robin E. Jung ""Phylogenetic Relationships of the Endangered Shenandoah Salamander (Plethodon shenandoah) and Other Salamanders of the Plethodon cinereus Group (Caudata: Plethodontidae),"" Journal of Herpetology, 38(1), 96-105, (1 March 2004)",
"Plethodon richmondi","AY378070",38.4036111111111,-82.4341666666667,"Manuscript",52931,"Jack W. Sites, Mariana Morando, Richard Highton, Fred Huber, Robin E. Jung ""Phylogenetic Relationships of the Endangered Shenandoah Salamander (Plethodon shenandoah) and Other Salamanders of the Plethodon cinereus Group (Caudata: Plethodontidae),"" Journal of Herpetology, 38(1), 96-105, (1 March 2004)",
"Plethodon richmondi","AY378071",37.7141666666667,-80.895,"Manuscript",51450,"Jack W. Sites, Mariana Morando, Richard Highton, Fred Huber, Robin E. Jung ""Phylogenetic Relationships of the Endangered Shenandoah Salamander (Plethodon shenandoah) and Other Salamanders of the Plethodon cinereus Group (Caudata: Plethodontidae),"" Journal of Herpetology, 38(1), 96-105, (1 March 2004)",
"Plethodon richmondi","AY378072",37.9252777777778,-84.7019444444445,"Manuscript",53586,"Jack W. Sites, Mariana Morando, Richard Highton, Fred Huber, Robin E. Jung ""Phylogenetic Relationships of the Endangered Shenandoah Salamander (Plethodon shenandoah) and Other Salamanders of the Plethodon cinereus Group (Caudata: Plethodontidae),"" Journal of Herpetology, 38(1), 96-105, (1 March 2004)",
"Plethodon richmondi","DQ994975",36.231106,-81.696425,17067,"GeoLocate","APPSU 23850","Wiens, J. J., Engstrom, T. N., & Chippindale, P. T. (2006). Rapid diversification, incomplete isolation, and the ""speciation clock"" in North American salamanders (genus Plethodon): Testing the hybrid swarm hypothesis of rapid radiation. Evolution, 60(12), 2585-2603. https://doi.org/10.1554/06-138.1"
"Plethodon richmondi","DQ994976",36.229573,-81.500103,1433,"GeoLocate","RH 58109","Wiens, J. J., Engstrom, T. N., & Chippindale, P. T. (2006). Rapid diversification, incomplete isolation, and the ""speciation clock"" in North American salamanders (genus Plethodon): Testing the hybrid swarm hypothesis of rapid radiation. Evolution, 60(12), 2585-2603. https://doi.org/10.1554/06-138.1"
"Plethodon richmondi","DQ994977",38.430433,-84.624569,3774,"GeoLocate","RMB 2790","Wiens, J. J., Engstrom, T. N., & Chippindale, P. T. (2006). Rapid diversification, incomplete isolation, and the ""speciation clock"" in North American salamanders (genus Plethodon): Testing the hybrid swarm hypothesis of rapid radiation. Evolution, 60(12), 2585-2603. https://doi.org/10.1554/06-138.1"
"Plethodon richmondi","MK029500",36.76,-81.22,"phylogatR",,,
"Plethodon richmondi","MK029501",36.76,-81.22,"phylogatR",,,
"Plethodon richmondi","MK029502",36.76,-81.22,"phylogatR",,,
