value,Lat,Lon,Error_m,Method,Voucher,Notes,Reference
DQ994904_cytb,33.679876,-82.16476,1526,GeoLocate,APPSU 24211,NA,NA
DQ994903_cytb,33.679876,-82.16476,1526,GeoLocate,APPSU 24210,NA,NA
DQ994996_cytb,33.679876,-82.16476,1526,GeoLocate,APPSU 24208,NA,NA
AY378076_cytb,32.6047222222222,-85.2991666666667,NA,paper,77343,"Alabama Lee, Near Opelika","Jack W. Sites, Mariana Morando, Richard Highton, Fred Huber, Robin E. Jung ""Phylogenetic Relationships of the Endangered Shenandoah Salamander (Plethodon shenandoah) and Other Salamanders of the Plethodon cinereus Group (Caudata: Plethodontidae),"" Journal of Herpetology, 38(1), 96-105, (1 March 2004)"
KY887639_cytb,33.086336,-87.068456,12381,GeoLocate,Pwcz06,NA,NA
KY887638_cytb,33.086336,-87.068456,12381,GeoLocate,Pwcz04,NA,NA
KY887640_cytb,33.086336,-87.068456,12381,GeoLocate,Pwcz07,NA,NA
KY887641_cytb,33.086336,-87.068456,12381,GeoLocate,Pwcz08,NA,NA
KY887643_cytb,33.086336,-87.068456,12381,GeoLocate,Pwcz10,NA,NA
KY887650_cytb,33.086336,-87.068456,12381,GeoLocate,WEB-4671,NA,NA
KY887648_cytb,33.086336,-87.068456,12381,GeoLocate,WEB-4668,NA,NA
KY887647_cytb,33.086336,-87.068456,12381,GeoLocate,Pwcz16,NA,NA
