value,Lat,Lon,Method,Error_km,Museum_Field_Number,Notes,Reference
Pla14WN,47.83694,-120.87138,"Article,googleearth,GPScoords",20,NA,NA,https://doi.org/10.1093/sysbio/syu090
Pla15WN,47.83694,-120.87138,"Article,googleearth,GPScoords",20,NA,NA,https://doi.org/10.1093/sysbio/syu090
Pla16WN,47.83694,-120.87138,"Article,googleearth,GPScoords",20,NA,NA,https://doi.org/10.1093/sysbio/syu090
Pla17WN,47.83694,-120.87138,"Article,googleearth,GPScoords",20,NA,NA,https://doi.org/10.1093/sysbio/syu090
Pla13WN,47.83694,-120.87138,"Article,googleearth,GPScoords",20,NA,NA,https://doi.org/10.1093/sysbio/syu090
Pla18WN,47.83694,-120.87138,"Article,googleearth,GPScoords",20,NA,NA,https://doi.org/10.1093/sysbio/syu090
Pla19WN,47.83694,-120.87138,"Article,googleearth,GPScoords",20,NA,NA,https://doi.org/10.1093/sysbio/syu090
Pla11WS,46.17694,-121.6575,"Article,googleearth,GPScoords",80,NA,NA,https://doi.org/10.1093/sysbio/syu090
Pla10WS,46.17694,-121.6575,"Article,googleearth,GPScoords",80,NA,NA,https://doi.org/10.1093/sysbio/syu090
Pla9WS,46.17694,-121.6575,"Article,googleearth,GPScoords",80,NA,NA,https://doi.org/10.1093/sysbio/syu090
Pla8WS,46.17694,-121.6575,"Article,googleearth,GPScoords",80,NA,NA,https://doi.org/10.1093/sysbio/syu090
Pla7WS,46.17694,-121.6575,"Article,googleearth,GPScoords",80,NA,NA,https://doi.org/10.1093/sysbio/syu090
Pla1O,45.5527,-121.4575,"Article,googleearth,GPScoords",30,NA,NA,https://doi.org/10.1093/sysbio/syu090
Pla2O,45.5527,-121.4575,"Article,googleearth,GPScoords",30,NA,NA,https://doi.org/10.1093/sysbio/syu090
Pla3O,45.5527,-121.4575,"Article,googleearth,GPScoords",30,NA,NA,https://doi.org/10.1093/sysbio/syu090
Pla4O,45.5527,-121.4575,"Article,googleearth,GPScoords",30,NA,NA,https://doi.org/10.1093/sysbio/syu090
Pla5O,45.5527,-121.4575,"Article,googleearth,GPScoords",30,NA,NA,https://doi.org/10.1093/sysbio/syu090
Pla6O,45.5527,-121.4575,"Article,googleearth,GPScoords",30,NA,NA,https://doi.org/10.1093/sysbio/syu090
