value,species,Lat,Lon,max error,original coordinate units,coordinate source,remarks,source reference
MT795669 Plethodon hubrichti,Plethodon hubrichti,37.4931,-79.5493,decimal degrees,GenBank,"Page, R. B., Conarroe, C., Quintanilla, D., Palomo, A., Solis, J., Aguilar, A., ... & Marsh, D. M. (2020). Genetic variation in Plethodon cinereus and Plethodon hubrichti from in and around a contact zone. Ecology and Evolution, 10(18), 9948-9967.",,
MT795668 Plethodon hubrichti,Plethodon hubrichti,37.4931,-79.5493,decimal degrees,GenBank,"Page, R. B., Conarroe, C., Quintanilla, D., Palomo, A., Solis, J., Aguilar, A., ... & Marsh, D. M. (2020). Genetic variation in Plethodon cinereus and Plethodon hubrichti from in and around a contact zone. Ecology and Evolution, 10(18), 9948-9967.",,
MT795667 Plethodon hubrichti,Plethodon hubrichti,37.4931,-79.5493,decimal degrees,GenBank,"Page, R. B., Conarroe, C., Quintanilla, D., Palomo, A., Solis, J., Aguilar, A., ... & Marsh, D. M. (2020). Genetic variation in Plethodon cinereus and Plethodon hubrichti from in and around a contact zone. Ecology and Evolution, 10(18), 9948-9967.",,
MT795666 Plethodon hubrichti,Plethodon hubrichti,37.4931,-79.5493,decimal degrees,GenBank,"Page, R. B., Conarroe, C., Quintanilla, D., Palomo, A., Solis, J., Aguilar, A., ... & Marsh, D. M. (2020). Genetic variation in Plethodon cinereus and Plethodon hubrichti from in and around a contact zone. Ecology and Evolution, 10(18), 9948-9967.",,
MT795665 Plethodon hubrichti,Plethodon hubrichti,37.4931,-79.5493,decimal degrees,GenBank,"Page, R. B., Conarroe, C., Quintanilla, D., Palomo, A., Solis, J., Aguilar, A., ... & Marsh, D. M. (2020). Genetic variation in Plethodon cinereus and Plethodon hubrichti from in and around a contact zone. Ecology and Evolution, 10(18), 9948-9967.",,
MT795664 Plethodon hubrichti,Plethodon hubrichti,37.4931,-79.5493,decimal degrees,GenBank,"Page, R. B., Conarroe, C., Quintanilla, D., Palomo, A., Solis, J., Aguilar, A., ... & Marsh, D. M. (2020). Genetic variation in Plethodon cinereus and Plethodon hubrichti from in and around a contact zone. Ecology and Evolution, 10(18), 9948-9967.",,
MT795663 Plethodon hubrichti,Plethodon hubrichti,37.4931,-79.5493,decimal degrees,GenBank,"Page, R. B., Conarroe, C., Quintanilla, D., Palomo, A., Solis, J., Aguilar, A., ... & Marsh, D. M. (2020). Genetic variation in Plethodon cinereus and Plethodon hubrichti from in and around a contact zone. Ecology and Evolution, 10(18), 9948-9967.",,
AF302874 Plethodon hubrichti,Plethodon hubrichti,37.315145,-79.521433,34513,USA: Head Foremost Mountain,geo-locate.org,"Carpenter, D. W., Jung, R. E., & Sites Jr, J. W. (2001, May). Conservation genetics of the endangered Shenandoah salamander (Plethodon shenandoah, Plethodontidae). In Animal Conservation Forum (Vol. 4, No. 2, pp. 111-119). Cambridge University Press.",
AF302873 Plethodon hubrichti,Plethodon hubrichti,37.315145,-79.521433,34513,USA: Head Foremost Mountain,geo-locate.org,"Carpenter, D. W., Jung, R. E., & Sites Jr, J. W. (2001, May). Conservation genetics of the endangered Shenandoah salamander (Plethodon shenandoah, Plethodontidae). In Animal Conservation Forum (Vol. 4, No. 2, pp. 111-119). Cambridge University Press.",
AF302872 Plethodon hubrichti,Plethodon hubrichti,37.315145,-79.521433,34513,USA: Head Foremost Mountain,geo-locate.org,"Carpenter, D. W., Jung, R. E., & Sites Jr, J. W. (2001, May). Conservation genetics of the endangered Shenandoah salamander (Plethodon shenandoah, Plethodontidae). In Animal Conservation Forum (Vol. 4, No. 2, pp. 111-119). Cambridge University Press.",
AF302871 Plethodon hubrichti,Plethodon hubrichti,37.315145,-79.521433,34513,USA: Head Foremost Mountain,geo-locate.org,"Carpenter, D. W., Jung, R. E., & Sites Jr, J. W. (2001, May). Conservation genetics of the endangered Shenandoah salamander (Plethodon shenandoah, Plethodontidae). In Animal Conservation Forum (Vol. 4, No. 2, pp. 111-119). Cambridge University Press.",
MT795679 Plethodon hubrichti,Plethodon hubrichti,37.5131,-79.507,decimal degrees,GenBank,"Page, R. B., Conarroe, C., Quintanilla, D., Palomo, A., Solis, J., Aguilar, A., ... & Marsh, D. M. (2020). Genetic variation in Plethodon cinereus and Plethodon hubrichti from in and around a contact zone. Ecology and Evolution, 10(18), 9948-9967.",,
MT795687 Plethodon hubrichti,Plethodon hubrichti,37.5154,-79.5082,decimal degrees,GenBank,"Page, R. B., Conarroe, C., Quintanilla, D., Palomo, A., Solis, J., Aguilar, A., ... & Marsh, D. M. (2020). Genetic variation in Plethodon cinereus and Plethodon hubrichti from in and around a contact zone. Ecology and Evolution, 10(18), 9948-9967.",,
MT795684 Plethodon hubrichti,Plethodon hubrichti,37.5154,-79.5082,decimal degrees,GenBank,"Page, R. B., Conarroe, C., Quintanilla, D., Palomo, A., Solis, J., Aguilar, A., ... & Marsh, D. M. (2020). Genetic variation in Plethodon cinereus and Plethodon hubrichti from in and around a contact zone. Ecology and Evolution, 10(18), 9948-9967.",,
MT795683 Plethodon hubrichti,Plethodon hubrichti,37.5154,-79.5082,decimal degrees,GenBank,"Page, R. B., Conarroe, C., Quintanilla, D., Palomo, A., Solis, J., Aguilar, A., ... & Marsh, D. M. (2020). Genetic variation in Plethodon cinereus and Plethodon hubrichti from in and around a contact zone. Ecology and Evolution, 10(18), 9948-9967.",,
MT795682 Plethodon hubrichti,Plethodon hubrichti,37.5131,-79.507,decimal degrees,GenBank,"Page, R. B., Conarroe, C., Quintanilla, D., Palomo, A., Solis, J., Aguilar, A., ... & Marsh, D. M. (2020). Genetic variation in Plethodon cinereus and Plethodon hubrichti from in and around a contact zone. Ecology and Evolution, 10(18), 9948-9967.",,
MT795681 Plethodon hubrichti,Plethodon hubrichti,37.5131,-79.507,decimal degrees,GenBank,"Page, R. B., Conarroe, C., Quintanilla, D., Palomo, A., Solis, J., Aguilar, A., ... & Marsh, D. M. (2020). Genetic variation in Plethodon cinereus and Plethodon hubrichti from in and around a contact zone. Ecology and Evolution, 10(18), 9948-9967.",,
MT795680 Plethodon hubrichti,Plethodon hubrichti,37.5131,-79.507,decimal degrees,GenBank,"Page, R. B., Conarroe, C., Quintanilla, D., Palomo, A., Solis, J., Aguilar, A., ... & Marsh, D. M. (2020). Genetic variation in Plethodon cinereus and Plethodon hubrichti from in and around a contact zone. Ecology and Evolution, 10(18), 9948-9967.",,
MT795678 Plethodon hubrichti,Plethodon hubrichti,37.5131,-79.507,decimal degrees,GenBank,"Page, R. B., Conarroe, C., Quintanilla, D., Palomo, A., Solis, J., Aguilar, A., ... & Marsh, D. M. (2020). Genetic variation in Plethodon cinereus and Plethodon hubrichti from in and around a contact zone. Ecology and Evolution, 10(18), 9948-9967.",,
MT795677 Plethodon hubrichti,Plethodon hubrichti,37.5131,-79.507,decimal degrees,GenBank,"Page, R. B., Conarroe, C., Quintanilla, D., Palomo, A., Solis, J., Aguilar, A., ... & Marsh, D. M. (2020). Genetic variation in Plethodon cinereus and Plethodon hubrichti from in and around a contact zone. Ecology and Evolution, 10(18), 9948-9967.",,
MT795676 Plethodon hubrichti,Plethodon hubrichti,37.5131,-79.507,decimal degrees,GenBank,"Page, R. B., Conarroe, C., Quintanilla, D., Palomo, A., Solis, J., Aguilar, A., ... & Marsh, D. M. (2020). Genetic variation in Plethodon cinereus and Plethodon hubrichti from in and around a contact zone. Ecology and Evolution, 10(18), 9948-9967.",,
MT795675 Plethodon hubrichti,Plethodon hubrichti,37.5131,-79.507,decimal degrees,GenBank,"Page, R. B., Conarroe, C., Quintanilla, D., Palomo, A., Solis, J., Aguilar, A., ... & Marsh, D. M. (2020). Genetic variation in Plethodon cinereus and Plethodon hubrichti from in and around a contact zone. Ecology and Evolution, 10(18), 9948-9967.",,
MT795674 Plethodon hubrichti,Plethodon hubrichti,37.5131,-79.507,decimal degrees,GenBank,"Page, R. B., Conarroe, C., Quintanilla, D., Palomo, A., Solis, J., Aguilar, A., ... & Marsh, D. M. (2020). Genetic variation in Plethodon cinereus and Plethodon hubrichti from in and around a contact zone. Ecology and Evolution, 10(18), 9948-9967.",,
MT795673 Plethodon hubrichti,Plethodon hubrichti,37.5131,-79.507,decimal degrees,GenBank,"Page, R. B., Conarroe, C., Quintanilla, D., Palomo, A., Solis, J., Aguilar, A., ... & Marsh, D. M. (2020). Genetic variation in Plethodon cinereus and Plethodon hubrichti from in and around a contact zone. Ecology and Evolution, 10(18), 9948-9967.",,
MT795672 Plethodon hubrichti,Plethodon hubrichti,37.5131,-79.507,decimal degrees,GenBank,"Page, R. B., Conarroe, C., Quintanilla, D., Palomo, A., Solis, J., Aguilar, A., ... & Marsh, D. M. (2020). Genetic variation in Plethodon cinereus and Plethodon hubrichti from in and around a contact zone. Ecology and Evolution, 10(18), 9948-9967.",,
MT795671 Plethodon hubrichti,Plethodon hubrichti,37.5131,-79.507,decimal degrees,GenBank,"Page, R. B., Conarroe, C., Quintanilla, D., Palomo, A., Solis, J., Aguilar, A., ... & Marsh, D. M. (2020). Genetic variation in Plethodon cinereus and Plethodon hubrichti from in and around a contact zone. Ecology and Evolution, 10(18), 9948-9967.",,
MT795670 Plethodon hubrichti,Plethodon hubrichti,37.5131,-79.507,decimal degrees,GenBank,"Page, R. B., Conarroe, C., Quintanilla, D., Palomo, A., Solis, J., Aguilar, A., ... & Marsh, D. M. (2020). Genetic variation in Plethodon cinereus and Plethodon hubrichti from in and around a contact zone. Ecology and Evolution, 10(18), 9948-9967.",,
MT795685 Plethodon hubrichti,Plethodon hubrichti,37.5154,-79.5082,decimal degrees,GenBank,"Page, R. B., Conarroe, C., Quintanilla, D., Palomo, A., Solis, J., Aguilar, A., ... & Marsh, D. M. (2020). Genetic variation in Plethodon cinereus and Plethodon hubrichti from in and around a contact zone. Ecology and Evolution, 10(18), 9948-9967.",,
MT795686 Plethodon hubrichti,Plethodon hubrichti,37.5154,-79.5082,decimal degrees,GenBank,"Page, R. B., Conarroe, C., Quintanilla, D., Palomo, A., Solis, J., Aguilar, A., ... & Marsh, D. M. (2020). Genetic variation in Plethodon cinereus and Plethodon hubrichti from in and around a contact zone. Ecology and Evolution, 10(18), 9948-9967.",,
