"value","Lat","Lon","Error_km","Method","Voucher","Notes","Reference"
"MK029504",37.25,-80.18,"phylogatR",,,,
"MG561993_cytb",37.2313,-80.3876,"paper","Kuchta SR, Brown AD, Highton R. Disintegrating over space and time: Paraphyly and species delimitation in the Wehrle's Salamander complex. Zool Scr. 2018; 47: 285–299. https://doi.org/10.1111/zsc.12281",,,
"MG561994_cytb",37.2239,-80.3829,"paper","Kuchta SR, Brown AD, Highton R. Disintegrating over space and time: Paraphyly and species delimitation in the Wehrle's Salamander complex. Zool Scr. 2018; 47: 285–299. https://doi.org/10.1111/zsc.12281",,,
"MG561995_cytb",37.2239,-80.3829,"paper","Kuchta SR, Brown AD, Highton R. Disintegrating over space and time: Paraphyly and species delimitation in the Wehrle's Salamander complex. Zool Scr. 2018; 47: 285–299. https://doi.org/10.1111/zsc.12281",,,
"MK029505",37.23,-80.39,"phylogatR",,,,
"MK029506",37.23,-80.39,"phylogatR",,,,
"Plethodon.wehrlei.DQ994997",41.394718,-78.762799,3185,"GeoLocate","CM 153100",,
"MG562000_cytb",40.4431,-79.2111,"paper","Kuchta SR, Brown AD, Highton R. Disintegrating over space and time: Paraphyly and species delimitation in the Wehrle's Salamander complex. Zool Scr. 2018; 47: 285–299. https://doi.org/10.1111/zsc.12281",,,
"Plethodon.wehrlei.AY378079",40.7019444444444,-78.8022222222222,"paper","Sites et al., 2004",,,
"MG561998_cytb",40.4431,-79.2111,"paper","Kuchta SR, Brown AD, Highton R. Disintegrating over space and time: Paraphyly and species delimitation in the Wehrle's Salamander complex. Zool Scr. 2018; 47: 285–299. https://doi.org/10.1111/zsc.12281",,,
"MG561999_cytb",40.4431,-79.2111,"paper","Kuchta SR, Brown AD, Highton R. Disintegrating over space and time: Paraphyly and species delimitation in the Wehrle's Salamander complex. Zool Scr. 2018; 47: 285–299. https://doi.org/10.1111/zsc.12281",,,
"MG562001_cytb",40.7131,-79.0833,"paper","Kuchta SR, Brown AD, Highton R. Disintegrating over space and time: Paraphyly and species delimitation in the Wehrle's Salamander complex. Zool Scr. 2018; 47: 285–299. https://doi.org/10.1111/zsc.12281",,,
"MG561996_cytb",41.9908,-78.7141,"paper","Kuchta SR, Brown AD, Highton R. Disintegrating over space and time: Paraphyly and species delimitation in the Wehrle's Salamander complex. Zool Scr. 2018; 47: 285–299. https://doi.org/10.1111/zsc.12281",,,
"MG562040_cytb",37.7983,-80.85,"paper","Kuchta SR, Brown AD, Highton R. Disintegrating over space and time: Paraphyly and species delimitation in the Wehrle's Salamander complex. Zool Scr. 2018; 47: 285–299. https://doi.org/10.1111/zsc.12281",,,
"MG561997_cytb",38.9297,-79.6811,"paper","Kuchta SR, Brown AD, Highton R. Disintegrating over space and time: Paraphyly and species delimitation in the Wehrle's Salamander complex. Zool Scr. 2018; 47: 285–299. https://doi.org/10.1111/zsc.12281",,,
"MG562043_cytb",38.9358,-79.7311,"paper","Kuchta SR, Brown AD, Highton R. Disintegrating over space and time: Paraphyly and species delimitation in the Wehrle's Salamander complex. Zool Scr. 2018; 47: 285–299. https://doi.org/10.1111/zsc.12281",,,
"MG562002_cytb",37.1622,-80.1931,"paper","Kuchta SR, Brown AD, Highton R. Disintegrating over space and time: Paraphyly and species delimitation in the Wehrle's Salamander complex. Zool Scr. 2018; 47: 285–299. https://doi.org/10.1111/zsc.12281",,,
"Plethodon.wehrlei.DQ994998",36.501268,-80.926888,1807,"GeoLocate","RWV S18",,
"MG562041_cytb",36.5,-80.925,"paper","Kuchta SR, Brown AD, Highton R. Disintegrating over space and time: Paraphyly and species delimitation in the Wehrle's Salamander complex. Zool Scr. 2018; 47: 285–299. https://doi.org/10.1111/zsc.12281",,,
"MG562042_cytb",36.5,-80.925,"paper","Kuchta SR, Brown AD, Highton R. Disintegrating over space and time: Paraphyly and species delimitation in the Wehrle's Salamander complex. Zool Scr. 2018; 47: 285–299. https://doi.org/10.1111/zsc.12281",,,
