"value","species","Lat","Lon","max error","original coordinate units","coordinate source","remarks","source reference"
"AY183764_cytb","Plethodon elongatus",42.794416,-123.960915,5938,"Oregon: Coos Co.; Eden Ridge, above South Fork Coquille River","geo-locate.org","Mahoney, M. J. (2004). Molecular systematics and phylogeography of the Plethodon elongatus species group: combining phylogenetic and population genetic methods to investigate species history. Molecular Ecology, 13(1), 149-166.",
"AY183765_cytb","Plethodon elongatus",42.650114,-123.617294,577,"Oregon: Josephine Co.; Rainie Falls","geo-locate.org","Mahoney, M. J. (2004). Molecular systematics and phylogeography of the Plethodon elongatus species group: combining phylogenetic and population genetic methods to investigate species history. Molecular Ecology, 13(1), 149-166.",
"AY183766_cytb","Plethodon elongatus",42.650114,-123.617294,577,"Oregon: Josephine Co.; Rainie Falls","geo-locate.org","Mahoney, M. J. (2004). Molecular systematics and phylogeography of the Plethodon elongatus species group: combining phylogenetic and population genetic methods to investigate species history. Molecular Ecology, 13(1), 149-166.",
"AY183768_cytb","Plethodon elongatus",42.506769,-124.295984,47,"Oregon: Curry Co.; Lobster Creek Bridge north side of Rogue River","geo-locate.org","Mahoney, M. J. (2004). Molecular systematics and phylogeography of the Plethodon elongatus species group: combining phylogenetic and population genetic methods to investigate species history. Molecular Ecology, 13(1), 149-166.",
"AY183769_cytb","Plethodon elongatus",42.506769,-124.295984,47,"Oregon: Curry Co.; Lobster Creek Bridge north side of Rogue River","geo-locate.org","Mahoney, M. J. (2004). Molecular systematics and phylogeography of the Plethodon elongatus species group: combining phylogenetic and population genetic methods to investigate species history. Molecular Ecology, 13(1), 149-166.",
"AY183773_cytb","Plethodon elongatus",42.012887,-124.091415,2201,"Oregon: Curry Co.; Bear Creek, close to California border","Mahoney, M. J. (2004). Molecular systematics and phylogeography of the Plethodon elongatus species group: combining phylogenetic and population genetic methods to investigate species history. Molecular Ecology, 13(1), 149-166.",,
"AY183777_cytb","Plethodon elongatus",42.12029,-123.439997,1416,"Oregon: Josephine Co.; Oregon Hwy 46, 13.9 miles east Hwy 199 at Cave Junction","geo-locate.org","Mahoney, M. J. (2004). Molecular systematics and phylogeography of the Plethodon elongatus species group: combining phylogenetic and population genetic methods to investigate species history. Molecular Ecology, 13(1), 149-166.",
"AY183778_cytb","Plethodon elongatus",42.12029,-123.439997,1416,"Oregon: Josephine Co.; Oregon Hwy 46, 13.9 miles east Hwy 199 at Cave Junction","geo-locate.org","Mahoney, M. J. (2004). Molecular systematics and phylogeography of the Plethodon elongatus species group: combining phylogenetic and population genetic methods to investigate species history. Molecular Ecology, 13(1), 149-166.",
"AY183779_cytb","Plethodon elongatus",42.12029,-123.439997,1416,"Oregon: Josephine Co.; Oregon Hwy 46, 13.9 miles east Hwy 199 at Cave Junction","geo-locate.org","Mahoney, M. J. (2004). Molecular systematics and phylogeography of the Plethodon elongatus species group: combining phylogenetic and population genetic methods to investigate species history. Molecular Ecology, 13(1), 149-166.",
"AY183788_cytb","Plethodon elongatus",41.978163,-124.050636,2166,"California: Del Norte Co.; Rowdy Creek, near Oregon border","geo-locate.org","Mahoney, M. J. (2004). Molecular systematics and phylogeography of the Plethodon elongatus species group: combining phylogenetic and population genetic methods to investigate species history. Molecular Ecology, 13(1), 149-166.",
"AY183789_cytb","Plethodon elongatus",41.903223,-123.993063,8067,"California: Del Norte Co.; North Fork Smith River","geo-locate.org","Mahoney, M. J. (2004). Molecular systematics and phylogeography of the Plethodon elongatus species group: combining phylogenetic and population genetic methods to investigate species history. Molecular Ecology, 13(1), 149-166.",
"AY183790_cytb","Plethodon elongatus",41.923635,-124.098169,3998,"California: Del Norte Co.; Rowdy Creek Road","geo-locate.org","Mahoney, M. J. (2004). Molecular systematics and phylogeography of the Plethodon elongatus species group: combining phylogenetic and population genetic methods to investigate species history. Molecular Ecology, 13(1), 149-166.",
"AY183791_cytb","Plethodon elongatus",41.923635,-124.098169,3998,"California: Del Norte Co.; Rowdy Creek Road","geo-locate.org","Mahoney, M. J. (2004). Molecular systematics and phylogeography of the Plethodon elongatus species group: combining phylogenetic and population genetic methods to investigate species history. Molecular Ecology, 13(1), 149-166.",
"AY183792_cytb","Plethodon elongatus",41.795902,-124.108578,5317,"California: Del Norte Co.; Jedediah Smith State Park","geo-locate.org","Mahoney, M. J. (2004). Molecular systematics and phylogeography of the Plethodon elongatus species group: combining phylogenetic and population genetic methods to investigate species history. Molecular Ecology, 13(1), 149-166.",
"AY183793_cytb","Plethodon elongatus",41.808318,-124.062394,1098,"California: Del Norte Co.; Myrtle Creek, near Smith River","geo-locate.org","Mahoney, M. J. (2004). Molecular systematics and phylogeography of the Plethodon elongatus species group: combining phylogenetic and population genetic methods to investigate species history. Molecular Ecology, 13(1), 149-166.",
"AY183794_cytb","Plethodon elongatus",41.821966,-123.940443,7178,"California: Del Norte Co.; 1 mile up French Hill Road","geo-locate.org","Mahoney, M. J. (2004). Molecular systematics and phylogeography of the Plethodon elongatus species group: combining phylogenetic and population genetic methods to investigate species history. Molecular Ecology, 13(1), 149-166.",
"AY183795_cytb","Plethodon elongatus",41.821966,-123.940443,7178,"California: Del Norte Co.; 1 mile up French Hill Road","geo-locate.org","Mahoney, M. J. (2004). Molecular systematics and phylogeography of the Plethodon elongatus species group: combining phylogenetic and population genetic methods to investigate species history. Molecular Ecology, 13(1), 149-166.",
"AY183797_cytb","Plethodon elongatus",41.844336,-123.96201,832,"California: Del Norte Co.; near Gasquet, Middle Fork Smith River","geo-locate.org","Mahoney, M. J. (2004). Molecular systematics and phylogeography of the Plethodon elongatus species group: combining phylogenetic and population genetic methods to investigate species history. Molecular Ecology, 13(1), 149-166.",
"AY183798_cytb","Plethodon elongatus",41.873189,-123.749006,2354,"California: Del Norte Co.; Miller Redwood Co., along Fall Creek","geo-locate.org","Mahoney, M. J. (2004). Molecular systematics and phylogeography of the Plethodon elongatus species group: combining phylogenetic and population genetic methods to investigate species history. Molecular Ecology, 13(1), 149-166.",
"AY183800_cytb","Plethodon elongatus",41.76529,-123.863167,11242,"California: Del Norte Co.; Hurdygurdy Creek","geo-locate.org","Mahoney, M. J. (2004). Molecular systematics and phylogeography of the Plethodon elongatus species group: combining phylogenetic and population genetic methods to investigate species history. Molecular Ecology, 13(1), 149-166.",
"AY183801_cytb","Plethodon elongatus",41.695736,-123.870627,2322,"California: Del Norte Co.; Jones Ridge, above Jones Creek","geo-locate.org","Mahoney, M. J. (2004). Molecular systematics and phylogeography of the Plethodon elongatus species group: combining phylogenetic and population genetic methods to investigate species history. Molecular Ecology, 13(1), 149-166.",
"AY183802_cytb","Plethodon elongatus",41.638904,-123.865834,3503,"California: Del Norte Co.; Buck Mountain, South Fork Smith River","geo-locate.org","Mahoney, M. J. (2004). Molecular systematics and phylogeography of the Plethodon elongatus species group: combining phylogenetic and population genetic methods to investigate species history. Molecular Ecology, 13(1), 149-166.",
"AY183804_cytb","Plethodon elongatus",41.893381,-123.854714,2770,"California: Del Norte Co.; Patrick's Creek","geo-locate.org","Mahoney, M. J. (2004). Molecular systematics and phylogeography of the Plethodon elongatus species group: combining phylogenetic and population genetic methods to investigate species history. Molecular Ecology, 13(1), 149-166.",
"AY183805_cytb","Plethodon elongatus",41.893381,-123.854714,2770,"California: Del Norte Co.; Patrick's Creek","geo-locate.org","Mahoney, M. J. (2004). Molecular systematics and phylogeography of the Plethodon elongatus species group: combining phylogenetic and population genetic methods to investigate species history. Molecular Ecology, 13(1), 149-166.",
"AY183806_cytb","Plethodon elongatus",41.893381,-123.854714,2770,"California: Del Norte Co.; Patrick's Creek","geo-locate.org","Mahoney, M. J. (2004). Molecular systematics and phylogeography of the Plethodon elongatus species group: combining phylogenetic and population genetic methods to investigate species history. Molecular Ecology, 13(1), 149-166.",
"AY183807_cytb","Plethodon elongatus",41.886409,-123.801511,828,"California: Del Norte Co.; Washington Flat, Middle Fork Smith River","geo-locate.org","Mahoney, M. J. (2004). Molecular systematics and phylogeography of the Plethodon elongatus species group: combining phylogenetic and population genetic methods to investigate species history. Molecular Ecology, 13(1), 149-166.",
"AY183809_cytb","Plethodon elongatus",41.769968,-124.169875,3181,"California: Del Norte Co.; Elk Creek","geo-locate.org","Mahoney, M. J. (2004). Molecular systematics and phylogeography of the Plethodon elongatus species group: combining phylogenetic and population genetic methods to investigate species history. Molecular Ecology, 13(1), 149-166.",
"AY183812_cytb","Plethodon elongatus",41.809004,-123.741736,5536,"California: Del Norte Co.; near Bear Basin Butte, South Siskiyou Fork Smith River","geo-locate.org","Mahoney, M. J. (2004). Molecular systematics and phylogeography of the Plethodon elongatus species group: combining phylogenetic and population genetic methods to investigate species history. Molecular Ecology, 13(1), 149-166.",
"AY183828_cytb","Plethodon elongatus",41.746118,-123.228964,11782,"California: Siskiyou Co.; small tributary of Grider Creek","geo-locate.org","Mahoney, M. J. (2004). Molecular systematics and phylogeography of the Plethodon elongatus species group: combining phylogenetic and population genetic methods to investigate species history. Molecular Ecology, 13(1), 149-166.",
"AY183829_cytb","Plethodon elongatus",41.788798,-123.171242,5697,"California: Siskiyou Co.; Walker Creek","geo-locate.org","Mahoney, M. J. (2004). Molecular systematics and phylogeography of the Plethodon elongatus species group: combining phylogenetic and population genetic methods to investigate species history. Molecular Ecology, 13(1), 149-166.",
"AY183830_cytb","Plethodon elongatus",41.779903,-123.439365,4214,"California: Siskiyou Co.; Little Grider Creek","geo-locate.org","Mahoney, M. J. (2004). Molecular systematics and phylogeography of the Plethodon elongatus species group: combining phylogenetic and population genetic methods to investigate species history. Molecular Ecology, 13(1), 149-166.",
"AY183831_cytb","Plethodon elongatus",41.779903,-123.439365,4214,"California: Siskiyou Co.; Little Grider Creek","geo-locate.org","Mahoney, M. J. (2004). Molecular systematics and phylogeography of the Plethodon elongatus species group: combining phylogenetic and population genetic methods to investigate species history. Molecular Ecology, 13(1), 149-166.",
"AY183834_cytb","Plethodon elongatus",41.733405,-123.451892,1816,"California: Siskiyou Co.; Wingate Creek","geo-locate.org","Mahoney, M. J. (2004). Molecular systematics and phylogeography of the Plethodon elongatus species group: combining phylogenetic and population genetic methods to investigate species history. Molecular Ecology, 13(1), 149-166.",
"AY183835_cytb","Plethodon elongatus",41.733405,-123.451892,1816,"California: Siskiyou Co.; Wingate Creek","geo-locate.org","Mahoney, M. J. (2004). Molecular systematics and phylogeography of the Plethodon elongatus species group: combining phylogenetic and population genetic methods to investigate species history. Molecular Ecology, 13(1), 149-166.",
"AY183836_cytb","Plethodon elongatus",41.785771,-123.385932,301,"California: Siskiyou Co.; 0.5 miles south Happy Camp on Elk Creek Road","geo-locate.org","Mahoney, M. J. (2004). Molecular systematics and phylogeography of the Plethodon elongatus species group: combining phylogenetic and population genetic methods to investigate species history. Molecular Ecology, 13(1), 149-166.",
"AY183837_cytb","Plethodon elongatus",41.785771,-123.385932,301,"California: Siskiyou Co.; 0.5 miles south Happy Camp on Elk Creek Road","geo-locate.org","Mahoney, M. J. (2004). Molecular systematics and phylogeography of the Plethodon elongatus species group: combining phylogenetic and population genetic methods to investigate species history. Molecular Ecology, 13(1), 149-166.",
"AY183838_cytb","Plethodon elongatus",41.777716,-123.269539,2941,"California: Siskiyou Co.; South Fork China Creek, West of Grider Ridge","geo-locate.org","Mahoney, M. J. (2004). Molecular systematics and phylogeography of the Plethodon elongatus species group: combining phylogenetic and population genetic methods to investigate species history. Molecular Ecology, 13(1), 149-166.",
"AY183840_cytb","Plethodon elongatus",41.629706,-123.535316,4854,"California: Siskiyou Co.; Swillup Creek","geo-locate.org","Mahoney, M. J. (2004). Molecular systematics and phylogeography of the Plethodon elongatus species group: combining phylogenetic and population genetic methods to investigate species history. Molecular Ecology, 13(1), 149-166.",
"AY183841_cytb","Plethodon elongatus",41.629706,-123.535316,4854,"California: Siskiyou Co.; near Swillup Creek","geo-locate.org","Mahoney, M. J. (2004). Molecular systematics and phylogeography of the Plethodon elongatus species group: combining phylogenetic and population genetic methods to investigate species history. Molecular Ecology, 13(1), 149-166.",
"AY183842_cytb","Plethodon elongatus",41.698239,-123.35434,11742,"California: Siskiyou Co.; Titus Ridge, above Elk Creek","geo-locate.org","Mahoney, M. J. (2004). Molecular systematics and phylogeography of the Plethodon elongatus species group: combining phylogenetic and population genetic methods to investigate species history. Molecular Ecology, 13(1), 149-166.",
"AY183843_cytb","Plethodon elongatus",41.633684,-124.079798,3975,"California: Del Norte Co.; Wilson Creek Road","geo-locate.org","Mahoney, M. J. (2004). Molecular systematics and phylogeography of the Plethodon elongatus species group: combining phylogenetic and population genetic methods to investigate species history. Molecular Ecology, 13(1), 149-166.",
"AY183844_cytb","Plethodon elongatus",41.633684,-124.079798,3975,"California: Del Norte Co.; Wilson Creek Road","geo-locate.org","Mahoney, M. J. (2004). Molecular systematics and phylogeography of the Plethodon elongatus species group: combining phylogenetic and population genetic methods to investigate species history. Molecular Ecology, 13(1), 149-166.",
"AY183845_cytb","Plethodon elongatus",41.633684,-124.079798,3975,"California: Del Norte Co.; Wilson Creek Road","geo-locate.org","Mahoney, M. J. (2004). Molecular systematics and phylogeography of the Plethodon elongatus species group: combining phylogenetic and population genetic methods to investigate species history. Molecular Ecology, 13(1), 149-166.",
"AY183846_cytb","Plethodon elongatus",41.590828,-124.070841,2704,"California: Del Norte Co.; High Prairie Creek","geo-locate.org","Mahoney, M. J. (2004). Molecular systematics and phylogeography of the Plethodon elongatus species group: combining phylogenetic and population genetic methods to investigate species history. Molecular Ecology, 13(1), 149-166.",
"AY183849_cytb","Plethodon elongatus",41.464031,-123.659994,2841,"California: Del Norte Co.; North Fork Bluff Creek","geo-locate.org","Mahoney, M. J. (2004). Molecular systematics and phylogeography of the Plethodon elongatus species group: combining phylogenetic and population genetic methods to investigate species history. Molecular Ecology, 13(1), 149-166.",
"AY183855_cytb","Plethodon elongatus",41.531166,-123.475379,4678,"California: Siskiyou Co.; Ti Creek, west Klamath Rivers NF","geo-locate.org","Mahoney, M. J. (2004). Molecular systematics and phylogeography of the Plethodon elongatus species group: combining phylogenetic and population genetic methods to investigate species history. Molecular Ecology, 13(1), 149-166.",
"AY183856_cytb","Plethodon elongatus",41.531166,-123.475379,4678,"California: Siskiyou Co.; Ti Creek, west Klamath Rivers NF","geo-locate.org","Mahoney, M. J. (2004). Molecular systematics and phylogeography of the Plethodon elongatus species group: combining phylogenetic and population genetic methods to investigate species history. Molecular Ecology, 13(1), 149-166.",
"AY183858_cytb","Plethodon elongatus",41.504687,-123.476316,4846,"California: Siskiyou Co.; Sandy Bar Creek","geo-locate.org","Mahoney, M. J. (2004). Molecular systematics and phylogeography of the Plethodon elongatus species group: combining phylogenetic and population genetic methods to investigate species history. Molecular Ecology, 13(1), 149-166.",
"AY183860_cytb","Plethodon elongatus",41.595913,-123.537114,2271,"California: Siskiyou Co.; Aubrey, Creek, Six Rivers NF","geo-locate.org","Mahoney, M. J. (2004). Molecular systematics and phylogeography of the Plethodon elongatus species group: combining phylogenetic and population genetic methods to investigate species history. Molecular Ecology, 13(1), 149-166.",
"AY183861_cytb","Plethodon elongatus",41.595913,-123.537114,2271,"California: Siskiyou Co.; Aubrey, Creek, Six Rivers NF","geo-locate.org","Mahoney, M. J. (2004). Molecular systematics and phylogeography of the Plethodon elongatus species group: combining phylogenetic and population genetic methods to investigate species history. Molecular Ecology, 13(1), 149-166.",
"AY183862_cytb","Plethodon elongatus",41.433599,-123.511061,1167,"California: Siskiyou Co.; near Green Riffle","geo-locate.org","Mahoney, M. J. (2004). Molecular systematics and phylogeography of the Plethodon elongatus species group: combining phylogenetic and population genetic methods to investigate species history. Molecular Ecology, 13(1), 149-166.",
"AY183863_cytb","Plethodon elongatus",41.433599,-123.511061,1167,"California: Siskiyou Co.; near Green Riffle","geo-locate.org","Mahoney, M. J. (2004). Molecular systematics and phylogeography of the Plethodon elongatus species group: combining phylogenetic and population genetic methods to investigate species history. Molecular Ecology, 13(1), 149-166.",
"AY183865_cytb","Plethodon elongatus",41.398746,-123.524435,2328,"California: Siskiyou Co.; Teneyck Creek, northwest of Somes Bar","geo-locate.org","Mahoney, M. J. (2004). Molecular systematics and phylogeography of the Plethodon elongatus species group: combining phylogenetic and population genetic methods to investigate species history. Molecular Ecology, 13(1), 149-166.",
"AY183866_cytb","Plethodon elongatus",41.364452,-123.615136,9504,"California: Humboldt Co.; Ridge above Camp Creek Six Rivers N. F.","geo-locate.org","Mahoney, M. J. (2004). Molecular systematics and phylogeography of the Plethodon elongatus species group: combining phylogenetic and population genetic methods to investigate species history. Molecular Ecology, 13(1), 149-166.",
"AY183867_cytb","Plethodon elongatus",41.364452,-123.615136,9504,"California: Humboldt Co.; Ridge above Camp Creek Six Rivers N. F.","geo-locate.org","Mahoney, M. J. (2004). Molecular systematics and phylogeography of the Plethodon elongatus species group: combining phylogenetic and population genetic methods to investigate species history. Molecular Ecology, 13(1), 149-166.",
"AY183868_cytb","Plethodon elongatus",41.297644,-123.639876,6031,"California: Humboldt Co.; Slate Creek","geo-locate.org","Mahoney, M. J. (2004). Molecular systematics and phylogeography of the Plethodon elongatus species group: combining phylogenetic and population genetic methods to investigate species history. Molecular Ecology, 13(1), 149-166.",
"AY183869_cytb","Plethodon elongatus",41.328075,-123.523317,3559,"California: Humboldt Co.; north Orleans, west Klamath River","geo-locate.org","Mahoney, M. J. (2004). Molecular systematics and phylogeography of the Plethodon elongatus species group: combining phylogenetic and population genetic methods to investigate species history. Molecular Ecology, 13(1), 149-166.",
"AY183873_cytb","Plethodon elongatus",41.007445,-123.515774,9113,"California: Humboldt Co.; Horse Linto","geo-locate.org","Mahoney, M. J. (2004). Molecular systematics and phylogeography of the Plethodon elongatus species group: combining phylogenetic and population genetic methods to investigate species history. Molecular Ecology, 13(1), 149-166.",
"AY183874_cytb","Plethodon elongatus",40.989825,-123.518521,8229,"California: Humboldt Co.; Lone Pine Ridge, above Horse Linto Creek","geo-locate.org","Mahoney, M. J. (2004). Molecular systematics and phylogeography of the Plethodon elongatus species group: combining phylogenetic and population genetic methods to investigate species history. Molecular Ecology, 13(1), 149-166.",
"AY183875_cytb","Plethodon elongatus",40.975133,-123.569496,5848,"California: Humboldt Co.; Waterman Ridge","geo-locate.org","Mahoney, M. J. (2004). Molecular systematics and phylogeography of the Plethodon elongatus species group: combining phylogenetic and population genetic methods to investigate species history. Molecular Ecology, 13(1), 149-166.",
"AY183876_cytb","Plethodon elongatus",40.975133,-123.569496,5848,"California: Humboldt Co.; Waterman Ridge clearcut","geo-locate.org","Mahoney, M. J. (2004). Molecular systematics and phylogeography of the Plethodon elongatus species group: combining phylogenetic and population genetic methods to investigate species history. Molecular Ecology, 13(1), 149-166.",
"AY183877_cytb","Plethodon elongatus",40.907656,-123.707249,125,"California: Humboldt Co.; East Fork Willow Creek Campground","geo-locate.org","Mahoney, M. J. (2004). Molecular systematics and phylogeography of the Plethodon elongatus species group: combining phylogenetic and population genetic methods to investigate species history. Molecular Ecology, 13(1), 149-166.",
"AY183878_cytb","Plethodon elongatus",40.863468,-123.676996,4798,"California: Humboldt Co.; Friday Ridge, above East Fork Willow Creek","geo-locate.org","Mahoney, M. J. (2004). Molecular systematics and phylogeography of the Plethodon elongatus species group: combining phylogenetic and population genetic methods to investigate species history. Molecular Ecology, 13(1), 149-166.",
"AY183879_cytb","Plethodon elongatus",40.863468,-123.676996,4798,"California: Humboldt Co.; Friday Ridge, above East Fork Willow Creek","geo-locate.org","Mahoney, M. J. (2004). Molecular systematics and phylogeography of the Plethodon elongatus species group: combining phylogenetic and population genetic methods to investigate species history. Molecular Ecology, 13(1), 149-166.",
"AY183882_cytb","Plethodon elongatus",40.882731,-123.547869,301,"California: Humboldt Co.; Hwy. 299, rest area 2.6 miles by road southeast of Salyer","Mahoney, M. J. (2004). Molecular systematics and phylogeography of the Plethodon elongatus species group: combining phylogenetic and population genetic methods to investigate species history. Molecular Ecology, 13(1), 149-166.",,
"AY183883_cytb","Plethodon elongatus",40.882731,-123.547869,301,"California: Humboldt Co.; Hwy. 299, rest area 2.6 miles by road southeast of Salyer","Mahoney, M. J. (2004). Molecular systematics and phylogeography of the Plethodon elongatus species group: combining phylogenetic and population genetic methods to investigate species history. Molecular Ecology, 13(1), 149-166.",,
"AY183884_cytb","Plethodon elongatus",40.882731,-123.547869,301,"California: Humboldt Co.; Hwy. 299, rest area 2.6 miles by road southeast of Salyer","Mahoney, M. J. (2004). Molecular systematics and phylogeography of the Plethodon elongatus species group: combining phylogenetic and population genetic methods to investigate species history. Molecular Ecology, 13(1), 149-166.",,
"AY688269_cytb (reversed)","Plethodon elongatus",41.774316,-123.571323,13365,"CA; Siskiyou, Clear Creek","geo-locate.org","Mead, L. S., Clayton, D. R., Nauman, R. S., Olson, D. H., & Pfrender, M. E. (2005). Newly discovered populations of salamanders from Siskiyou County California represent a species distinct from Plethodon stormi. Herpetologica, 61(2), 158-177.",
"AY688270_cytb (reversed)","Plethodon elongatus",41.597782,-123.615551,7845,"CA; Siskiyou, Dillon Creek","geo-locate.org","Mead, L. S., Clayton, D. R., Nauman, R. S., Olson, D. H., & Pfrender, M. E. (2005). Newly discovered populations of salamanders from Siskiyou County California represent a species distinct from Plethodon stormi. Herpetologica, 61(2), 158-177.",
"AY688271_cytb (reversed)","Plethodon elongatus",41.53917,-123.542152,1362,"CA; Siskiyou, Dobbins Creek","geo-locate.org","Mead, L. S., Clayton, D. R., Nauman, R. S., Olson, D. H., & Pfrender, M. E. (2005). Newly discovered populations of salamanders from Siskiyou County California represent a species distinct from Plethodon stormi. Herpetologica, 61(2), 158-177.",
"AY688273_cytb (reversed)","Plethodon elongatus",41.668997,-123.331644,14705,"CA; Siskiyou, Elk Creek","geo-locate.org","Mead, L. S., Clayton, D. R., Nauman, R. S., Olson, D. H., & Pfrender, M. E. (2005). Newly discovered populations of salamanders from Siskiyou County California represent a species distinct from Plethodon stormi. Herpetologica, 61(2), 158-177.",
"AY688275_cytb (reversed)","Plethodon elongatus",42.650114,-123.617294,577,"OR; Josephine, Rainie Falls","geo-locate.org","Mead, L. S., Clayton, D. R., Nauman, R. S., Olson, D. H., & Pfrender, M. E. (2005). Newly discovered populations of salamanders from Siskiyou County California represent a species distinct from Plethodon stormi. Herpetologica, 61(2), 158-177.",
"AY688278_cytb (reversed)","Plethodon elongatus",41.746012,-123.224844,11483,"CA; Siskiyou, Grider Creek","geo-locate.org","Mead, L. S., Clayton, D. R., Nauman, R. S., Olson, D. H., & Pfrender, M. E. (2005). Newly discovered populations of salamanders from Siskiyou County California represent a species distinct from Plethodon stormi. Herpetologica, 61(2), 158-177.",
"AY688282_cytb (reversed)","Plethodon elongatus",41.765271,-123.334555,785,"CA; Siskiyou, Ottley Gulch","geo-locate.org","Mead, L. S., Clayton, D. R., Nauman, R. S., Olson, D. H., & Pfrender, M. E. (2005). Newly discovered populations of salamanders from Siskiyou County California represent a species distinct from Plethodon stormi. Herpetologica, 61(2), 158-177.",
"AY688283_cytb (reversed)","Plethodon elongatus",42.264625,-123.317324,5898,"OR; Josephine, Powell Creek","geo-locate.org","Mead, L. S., Clayton, D. R., Nauman, R. S., Olson, D. H., & Pfrender, M. E. (2005). Newly discovered populations of salamanders from Siskiyou County California represent a species distinct from Plethodon stormi. Herpetologica, 61(2), 158-177.",
"AY688284_cytb (reversed)","Plethodon elongatus",42.650114,-123.617294,577,"OR; Josephine, Rainie Falls","geo-locate.org","Mead, L. S., Clayton, D. R., Nauman, R. S., Olson, D. H., & Pfrender, M. E. (2005). Newly discovered populations of salamanders from Siskiyou County California represent a species distinct from Plethodon stormi. Herpetologica, 61(2), 158-177.",
"AY688285_cytb (reversed)","Plethodon elongatus",41.297359,-123.13032,750,"CA; Siskiyou, Sawyers Bar","geo-locate.org","Mead, L. S., Clayton, D. R., Nauman, R. S., Olson, D. H., & Pfrender, M. E. (2005). Newly discovered populations of salamanders from Siskiyou County California represent a species distinct from Plethodon stormi. Herpetologica, 61(2), 158-177.",
"AY688288_cytb (reversed)","Plethodon elongatus",41.380392,-123.488915,1944,"CA; Siskiyou Sawyers Bar","geo-locate.org","Mead, L. S., Clayton, D. R., Nauman, R. S., Olson, D. H., & Pfrender, M. E. (2005). Newly discovered populations of salamanders from Siskiyou County California represent a species distinct from Plethodon stormi. Herpetologica, 61(2), 158-177.",
"AY688291_cytb (reversed)","Plethodon elongatus",42.114813,-123.43279,3376,"OR; Josephine, Cave Creek","geo-locate.org","Mead, L. S., Clayton, D. R., Nauman, R. S., Olson, D. H., & Pfrender, M. E. (2005). Newly discovered populations of salamanders from Siskiyou County California represent a species distinct from Plethodon stormi. Herpetologica, 61(2), 158-177.",
"AY688298_cytb (reversed)","Plethodon elongatus",41.836619,-123.186008,2305,"CA; Siskiyou, Seiad Valley","Mead, L. S., Clayton, D. R., Nauman, R. S., Olson, D. H., & Pfrender, M. E. (2005). Newly discovered populations of salamanders from Siskiyou County California represent a species distinct from Plethodon stormi. Herpetologica, 61(2), 158-177.",,
