"value","Lat","Lon","Error_km","Method","MuseumFieldNumber","Notes","Reference"
"MK029495 Plethodon cinereus",37.23,-80.39,"phylogatR","USNM:Herp:574847",,,
"AF302868 Plethodon cinereus",38.59816,-78.373278,1807,"GeoLocate","PCS7","Stony Man Mountain, VA. Probably Plethodon shenandoah","NA"
"AF302870 Plethodon cinereus",38.59816,-78.373278,1807,"GeoLocate","PCS9","Stony Man Mountain, VA. Probably Plethodon shenandoah","NA"
"AF302849 Plethodon cinereus",38.555394,-78.395003,1807,"GeoLocate","PCH6","Hawksbill Mountain, VA. Probably Plethodon shenandoah","NA"
"AY378041 Plethodon cinereus",38.5555555555556,-78.3863888888889,"NA","Manuscript","PCH7","Hawksbill Mountain, Shenandoah National Park, VA. ","Sites et al. 2004"
"AY378042 Plethodon cinereus",38.5555555555556,-78.3863888888889,"NA","Manuscript","PCH1","Hawksbill Mountain, Shenandoah National Park, VA. ","Sites et al. 2004"
"AY378039 Plethodon cinereus",36.8738888888889,-76.9577777777778,"NA","Manuscript",75349,"Near Berlin","Sites et al. 2004"
"AY378040 Plethodon cinereus",36.8738888888889,-76.9577777777778,"NA","Manuscript",75347,"Near Berlin","Sites et al. 2004"
"AY378038 Plethodon cinereus",38.6263888888889,-78.3358333333333,"NA","Manuscript","PCP7","Pinnacles, Shenandoah National Park, VA.","Sites et al. 2004"
"AY378033 Plethodon cinereus",38.5966666666667,-78.3791666666667,"NA","Manuscript","PCS3","Stony Man Mountain, Shenandoah National Park, VA. ","Sites et al. 2004"
"AY378037 Plethodon cinereus",38.6263888888889,-78.3358333333333,"NA","Manuscript","PCP4","Pinnacles, Shenandoah National Park, VA.","Sites et al. 2004"
"AY378034 Plethodon cinereus",38.5555555555556,-78.3863888888889,"NA","Manuscript","PCH2","Hawksbill Mountain, Shenandoah National Park, VA. ","Sites et al. 2004"
"AY378035 Plethodon cinereus",38.6263888888889,-78.3358333333333,"NA","Manuscript","PCP5","Pinnacles, Shenandoah National Park, VA.","Sites et al. 2004"
"AY378036 Plethodon cinereus",38.6263888888889,-78.3358333333333,"NA","Manuscript","PCP6","Pinnacles, Shenandoah National Park, VA.","Sites et al. 2004"
"AY378032 Plethodon cinereus",39.4566666666667,-79.5188888888889,"NA","Manuscript",75179,"Near Lake Terra Alta","Sites et al. 2004"
"MK029497 Plethodon cinereus",36.76,-81.23,"phylogatR","USNM:Herp:589875",,,
"MK029496 Plethodon cinereus",37.23,-80.39,"phylogatR","USNM:Herp:574844",,,
"MK029494 Plethodon cinereus",37.23,-80.39,"phylogatR","USNM:Herp:574841",,,
"AY378025 Plethodon cinereus",36.11,-82.3611111111111,"NA","NA",64112,"Indian Grave Gap","NA"
"AY378028 Plethodon cinereus",37.5394444444444,-79.49,"NA","Manuscript","TR3","Thunder Ridge","Sites et al. 2004"
"AY378027 Plethodon cinereus",38.7,-84.8169444444444,"NA","Manuscript",59867,"Near Glencoe","NA"
"AY378026 Plethodon cinereus",36.8369444444444,-82.0875,"NA","Manuscript",57217,"Low Gap","Sites et al. 2004"
