"value","accession","source_id","Lat","Lon","basis_of_record","coordinate_uncertainty_in_meters","issue","flag"
"FJ266740_894786911","FJ266740",894786911,34.683044,-93.941448,"PRESERVED_SPECIMEN",0,"GEODETIC_DATUM_ASSUMED_WGS84",
"FJ266741_894784254","FJ266741",894784254,34.68457,-94.15258,"PRESERVED_SPECIMEN",0,"GEODETIC_DATUM_ASSUMED_WGS84",
"FJ611346_894782402","FJ611346",894782402,34.68726,-94.20039,"PRESERVED_SPECIMEN",0,"GEODETIC_DATUM_ASSUMED_WGS84",
"FJ611347_894782428","FJ611347",894782428,34.68726,-94.20039,"PRESERVED_SPECIMEN",0,"GEODETIC_DATUM_ASSUMED_WGS84",
"FJ611348_894782453","FJ611348",894782453,34.68726,-94.20039,"PRESERVED_SPECIMEN",0,"GEODETIC_DATUM_ASSUMED_WGS84",
"FJ611349_894782476","FJ611349",894782476,34.68726,-94.20039,"PRESERVED_SPECIMEN",0,"GEODETIC_DATUM_ASSUMED_WGS84",
"FJ611350_894784265","FJ611350",894784265,34.6492,-93.95208,"PRESERVED_SPECIMEN",0,"GEODETIC_DATUM_ASSUMED_WGS84",
"FJ611351_894784228","FJ611351",894784228,34.68457,-94.15258,"PRESERVED_SPECIMEN",0,"GEODETIC_DATUM_ASSUMED_WGS84",
"FJ611352_894784314","FJ611352",894784314,34.68949,-94.19797,"PRESERVED_SPECIMEN",0,"GEODETIC_DATUM_ASSUMED_WGS84",
"FJ611353_894784341","FJ611353",894784341,34.68949,-94.19797,"PRESERVED_SPECIMEN",0,"GEODETIC_DATUM_ASSUMED_WGS84",
"FJ611354_894784232","FJ611354",894784232,34.68949,-94.19797,"PRESERVED_SPECIMEN",0,"GEODETIC_DATUM_ASSUMED_WGS84",
"FJ611363_894784326","FJ611363",894784326,34.68946,-94.13101,"PRESERVED_SPECIMEN",0,"GEODETIC_DATUM_ASSUMED_WGS84",
"FJ611364_894784300","FJ611364",894784300,34.69059,-94.12463,"PRESERVED_SPECIMEN",0,"GEODETIC_DATUM_ASSUMED_WGS84",
"FJ611365_894784302","FJ611365",894784302,34.6882,-94.14156,"PRESERVED_SPECIMEN",0,"GEODETIC_DATUM_ASSUMED_WGS84",
"FJ611366_894784279","FJ611366",894784279,34.68607,-94.1499,"PRESERVED_SPECIMEN",0,"GEODETIC_DATUM_ASSUMED_WGS84",
"FJ611367_894784329","FJ611367",894784329,34.68304,-93.94145,"PRESERVED_SPECIMEN",0,"GEODETIC_DATUM_ASSUMED_WGS84",
"FJ611368_894784291","FJ611368",894784291,34.71018,-94.27843,"PRESERVED_SPECIMEN",0,"GEODETIC_DATUM_ASSUMED_WGS84",
"FJ611369_894784312","FJ611369",894784312,34.70744,-94.27448,"PRESERVED_SPECIMEN",0,"GEODETIC_DATUM_ASSUMED_WGS84",
"FJ611370_894784242","FJ611370",894784242,34.70916,-94.27319,"PRESERVED_SPECIMEN",0,"GEODETIC_DATUM_ASSUMED_WGS84",
"FJ611371_894784259","FJ611371",894784259,34.70001,-94.05876,"PRESERVED_SPECIMEN",0,"GEODETIC_DATUM_ASSUMED_WGS84",
"FJ611372_894784283","FJ611372",894784283,34.70001,-94.05876,"PRESERVED_SPECIMEN",0,"GEODETIC_DATUM_ASSUMED_WGS84",
"FJ611373_894784313","FJ611373",894784313,34.70001,-94.05876,"PRESERVED_SPECIMEN",0,"GEODETIC_DATUM_ASSUMED_WGS84",
"FJ611374_894784216","FJ611374",894784216,34.70001,-94.05876,"PRESERVED_SPECIMEN",0,"GEODETIC_DATUM_ASSUMED_WGS84",
"FJ611375_894784233","FJ611375",894784233,34.67875,-94.0132,"PRESERVED_SPECIMEN",0,"GEODETIC_DATUM_ASSUMED_WGS84",
"FJ611376_894784266","FJ611376",894784266,34.67875,-94.0132,"PRESERVED_SPECIMEN",0,"GEODETIC_DATUM_ASSUMED_WGS84",
"FJ611377_894784290","FJ611377",894784290,34.67875,-94.0132,"PRESERVED_SPECIMEN",0,"GEODETIC_DATUM_ASSUMED_WGS84",
"FJ611378_894784307","FJ611378",894784307,34.67875,-94.0132,"PRESERVED_SPECIMEN",0,"GEODETIC_DATUM_ASSUMED_WGS84",
"FJ611379_894785872","FJ611379",894785872,34.67709,-94.19698,"PRESERVED_SPECIMEN",0,"GEODETIC_DATUM_ASSUMED_WGS84",
"FJ611380_894785863","FJ611380",894785863,34.67709,-94.19698,"PRESERVED_SPECIMEN",0,"GEODETIC_DATUM_ASSUMED_WGS84",
"FJ611381_894785853","FJ611381",894785853,34.67709,-94.19698,"PRESERVED_SPECIMEN",0,"GEODETIC_DATUM_ASSUMED_WGS84",
"FJ611382_894785851","FJ611382",894785851,34.67893,-94.2069,"PRESERVED_SPECIMEN",0,"GEODETIC_DATUM_ASSUMED_WGS84",
"FJ611383_894785873","FJ611383",894785873,34.67893,-94.2069,"PRESERVED_SPECIMEN",0,"GEODETIC_DATUM_ASSUMED_WGS84",
"FJ611384_894785859","FJ611384",894785859,34.67893,-94.2069,"PRESERVED_SPECIMEN",0,"GEODETIC_DATUM_ASSUMED_WGS84",
"FJ611385_894785877","FJ611385",894785877,34.67893,-94.2069,"PRESERVED_SPECIMEN",0,"GEODETIC_DATUM_ASSUMED_WGS84",
"FJ611386_894785868","FJ611386",894785868,34.67893,-94.2069,"PRESERVED_SPECIMEN",0,"GEODETIC_DATUM_ASSUMED_WGS84",
"FJ611387_894785876","FJ611387",894785876,34.67893,-94.2069,"PRESERVED_SPECIMEN",0,"GEODETIC_DATUM_ASSUMED_WGS84",
"FJ611388_894785870","FJ611388",894785870,34.6848,-94.22601,"PRESERVED_SPECIMEN",0,"GEODETIC_DATUM_ASSUMED_WGS84",
"FJ611389_894785884","FJ611389",894785884,34.6848,-94.22601,"PRESERVED_SPECIMEN",0,"GEODETIC_DATUM_ASSUMED_WGS84",
"FJ611390_894785880","FJ611390",894785880,34.6848,-94.22601,"PRESERVED_SPECIMEN",0,"GEODETIC_DATUM_ASSUMED_WGS84",
"FJ611391_894785864","FJ611391",894785864,34.6848,-94.22601,"PRESERVED_SPECIMEN",0,"GEODETIC_DATUM_ASSUMED_WGS84",
"FJ611392_894785894","FJ611392",894785894,34.6848,-94.22601,"PRESERVED_SPECIMEN",0,"GEODETIC_DATUM_ASSUMED_WGS84",
"FJ611393_894785950","FJ611393",894785950,34.6871,-94.24122,"PRESERVED_SPECIMEN",0,"GEODETIC_DATUM_ASSUMED_WGS84",
"FJ611394_894785871","FJ611394",894785871,34.6871,-94.24122,"PRESERVED_SPECIMEN",0,"GEODETIC_DATUM_ASSUMED_WGS84",
"FJ611395_894785883","FJ611395",894785883,34.6871,-94.24122,"PRESERVED_SPECIMEN",0,"GEODETIC_DATUM_ASSUMED_WGS84",
"FJ611396_894785878","FJ611396",894785878,34.6871,-94.24122,"PRESERVED_SPECIMEN",0,"GEODETIC_DATUM_ASSUMED_WGS84",
"FJ611397_894785874","FJ611397",894785874,34.6871,-94.24122,"PRESERVED_SPECIMEN",0,"GEODETIC_DATUM_ASSUMED_WGS84",
"FJ611398_894785889","FJ611398",894785889,34.6871,-94.24122,"PRESERVED_SPECIMEN",0,"GEODETIC_DATUM_ASSUMED_WGS84",
"FJ611399_894785882","FJ611399",894785882,34.6871,-94.24122,"PRESERVED_SPECIMEN",0,"GEODETIC_DATUM_ASSUMED_WGS84",
"FJ611400_894785893","FJ611400",894785893,34.6871,-94.24122,"PRESERVED_SPECIMEN",0,"GEODETIC_DATUM_ASSUMED_WGS84",
"FJ611401_894785955","FJ611401",894785955,34.68789,-94.23879,"PRESERVED_SPECIMEN",0,"GEODETIC_DATUM_ASSUMED_WGS84",
"FJ611402_894785971","FJ611402",894785971,34.68789,-94.23879,"PRESERVED_SPECIMEN",0,"GEODETIC_DATUM_ASSUMED_WGS84",
"FJ611403_894785970","FJ611403",894785970,34.68789,-94.23879,"PRESERVED_SPECIMEN",0,"GEODETIC_DATUM_ASSUMED_WGS84",
"FJ611404_894785869","FJ611404",894785869,34.68789,-94.23879,"PRESERVED_SPECIMEN",0,"GEODETIC_DATUM_ASSUMED_WGS84",
"FJ611405_894785897","FJ611405",894785897,34.65121,-93.91746,"PRESERVED_SPECIMEN",0,"GEODETIC_DATUM_ASSUMED_WGS84",
"FJ611406_894785875","FJ611406",894785875,34.65593,-93.94975,"PRESERVED_SPECIMEN",0,"GEODETIC_DATUM_ASSUMED_WGS84",
"FJ611407_894785885","FJ611407",894785885,34.65593,-93.94975,"PRESERVED_SPECIMEN",0,"GEODETIC_DATUM_ASSUMED_WGS84",
"FJ611408_894785890","FJ611408",894785890,34.65593,-93.94975,"PRESERVED_SPECIMEN",0,"GEODETIC_DATUM_ASSUMED_WGS84",
"FJ611409_894785909","FJ611409",894785909,34.65593,-93.94975,"PRESERVED_SPECIMEN",0,"GEODETIC_DATUM_ASSUMED_WGS84",
"FJ611410_894785896","FJ611410",894785896,34.65593,-93.94975,"PRESERVED_SPECIMEN",0,"GEODETIC_DATUM_ASSUMED_WGS84",
"FJ611411_894785902","FJ611411",894785902,34.65121,-93.91746,"PRESERVED_SPECIMEN",0,"GEODETIC_DATUM_ASSUMED_WGS84",
"FJ611412_894785899","FJ611412",894785899,34.65121,-93.91746,"PRESERVED_SPECIMEN",0,"GEODETIC_DATUM_ASSUMED_WGS84",
"FJ611413_894785886","FJ611413",894785886,34.65121,-93.91746,"PRESERVED_SPECIMEN",0,"GEODETIC_DATUM_ASSUMED_WGS84",
"FJ611414_894785892","FJ611414",894785892,34.65121,-93.91746,"PRESERVED_SPECIMEN",0,"GEODETIC_DATUM_ASSUMED_WGS84",
"FJ611415_894785900","FJ611415",894785900,34.68789,-94.23879,"PRESERVED_SPECIMEN",0,"GEODETIC_DATUM_ASSUMED_WGS84",
"FJ611416_894785912","FJ611416",894785912,34.67303,-93.95681,"PRESERVED_SPECIMEN",0,"GEODETIC_DATUM_ASSUMED_WGS84",
"FJ611417_894785888","FJ611417",894785888,34.67303,-93.95681,"PRESERVED_SPECIMEN",0,"GEODETIC_DATUM_ASSUMED_WGS84",
"FJ611418_894785906","FJ611418",894785906,34.67303,-93.95681,"PRESERVED_SPECIMEN",0,"GEODETIC_DATUM_ASSUMED_WGS84",
"FJ611419_894785911","FJ611419",894785911,34.67303,-93.95681,"PRESERVED_SPECIMEN",0,"GEODETIC_DATUM_ASSUMED_WGS84",
"FJ611420_894785895","FJ611420",894785895,34.67303,-93.95681,"PRESERVED_SPECIMEN",0,"GEODETIC_DATUM_ASSUMED_WGS84",
"FJ611421_894785914","FJ611421",894785914,34.67303,-93.95681,"PRESERVED_SPECIMEN",0,"GEODETIC_DATUM_ASSUMED_WGS84",
"FJ611422_894785891","FJ611422",894785891,34.67764,-93.98171,"PRESERVED_SPECIMEN",0,"GEODETIC_DATUM_ASSUMED_WGS84",
"FJ611423_894785919","FJ611423",894785919,34.67764,-93.98171,"PRESERVED_SPECIMEN",0,"GEODETIC_DATUM_ASSUMED_WGS84",
"FJ611424_894785933","FJ611424",894785933,34.67663,-93.98601,"PRESERVED_SPECIMEN",0,"GEODETIC_DATUM_ASSUMED_WGS84",
"FJ611425_894785913","FJ611425",894785913,34.67663,-93.98601,"PRESERVED_SPECIMEN",0,"GEODETIC_DATUM_ASSUMED_WGS84",
"FJ611426_894785904","FJ611426",894785904,34.67663,-93.98601,"PRESERVED_SPECIMEN",0,"GEODETIC_DATUM_ASSUMED_WGS84",
"FJ611427_894785903","FJ611427",894785903,34.67663,-93.98601,"PRESERVED_SPECIMEN",0,"GEODETIC_DATUM_ASSUMED_WGS84",
"FJ611428_894785901","FJ611428",894785901,34.67663,-93.98601,"PRESERVED_SPECIMEN",0,"GEODETIC_DATUM_ASSUMED_WGS84",
"FJ611429_894785898","FJ611429",894785898,34.67663,-93.98601,"PRESERVED_SPECIMEN",0,"GEODETIC_DATUM_ASSUMED_WGS84",
"FJ611430_894785918","FJ611430",894785918,34.67536,-94.00231,"PRESERVED_SPECIMEN",0,"GEODETIC_DATUM_ASSUMED_WGS84",
"FJ611431_894785910","FJ611431",894785910,34.67536,-94.00231,"PRESERVED_SPECIMEN",0,"GEODETIC_DATUM_ASSUMED_WGS84",
"FJ611432_894785922","FJ611432",894785922,34.6865,-94.16506,"PRESERVED_SPECIMEN",0,"GEODETIC_DATUM_ASSUMED_WGS84",
"FJ611433_894785917","FJ611433",894785917,34.68304,-93.94145,"PRESERVED_SPECIMEN",0,"GEODETIC_DATUM_ASSUMED_WGS84",
"FJ611434_894785928","FJ611434",894785928,34.68304,-93.94145,"PRESERVED_SPECIMEN",0,"GEODETIC_DATUM_ASSUMED_WGS84",
"FJ611435_894785920","FJ611435",894785920,34.69172,-93.94386,"PRESERVED_SPECIMEN",0,"GEODETIC_DATUM_ASSUMED_WGS84",
"FJ611436_894785924","FJ611436",894785924,34.69172,-93.94386,"PRESERVED_SPECIMEN",0,"GEODETIC_DATUM_ASSUMED_WGS84",
"FJ611437_894785925","FJ611437",894785925,34.69172,-93.94386,"PRESERVED_SPECIMEN",0,"GEODETIC_DATUM_ASSUMED_WGS84",
"FJ611438_894785936","FJ611438",894785936,34.69172,-93.94386,"PRESERVED_SPECIMEN",0,"GEODETIC_DATUM_ASSUMED_WGS84",
"FJ611439_894785915","FJ611439",894785915,34.69172,-93.94386,"PRESERVED_SPECIMEN",0,"GEODETIC_DATUM_ASSUMED_WGS84",
"FJ611440_894785934","FJ611440",894785934,34.69172,-93.94386,"PRESERVED_SPECIMEN",0,"GEODETIC_DATUM_ASSUMED_WGS84",
"FJ611441_894785938","FJ611441",894785938,34.68738,-94.11278,"PRESERVED_SPECIMEN",0,"GEODETIC_DATUM_ASSUMED_WGS84",
"FJ611442_894785921","FJ611442",894785921,34.68738,-94.11278,"PRESERVED_SPECIMEN",0,"GEODETIC_DATUM_ASSUMED_WGS84",
"FJ611443_894785930","FJ611443",894785930,34.68738,-94.11278,"PRESERVED_SPECIMEN",0,"GEODETIC_DATUM_ASSUMED_WGS84",
"FJ611444_894785926","FJ611444",894785926,34.68738,-94.11278,"PRESERVED_SPECIMEN",0,"GEODETIC_DATUM_ASSUMED_WGS84",
"FJ611445_894785929","FJ611445",894785929,34.68738,-94.11278,"PRESERVED_SPECIMEN",0,"GEODETIC_DATUM_ASSUMED_WGS84",
"FJ611446_894785916","FJ611446",894785916,34.68738,-94.11278,"PRESERVED_SPECIMEN",0,"GEODETIC_DATUM_ASSUMED_WGS84",
"FJ611447_894785939","FJ611447",894785939,34.68834,-94.0725,"PRESERVED_SPECIMEN",0,"GEODETIC_DATUM_ASSUMED_WGS84",
"FJ611448_894785923","FJ611448",894785923,34.68834,-94.0725,"PRESERVED_SPECIMEN",0,"GEODETIC_DATUM_ASSUMED_WGS84",
"FJ611449_894785941","FJ611449",894785941,34.68834,-94.0725,"PRESERVED_SPECIMEN",0,"GEODETIC_DATUM_ASSUMED_WGS84",
"FJ611450_894785940","FJ611450",894785940,34.68834,-94.0725,"PRESERVED_SPECIMEN",0,"GEODETIC_DATUM_ASSUMED_WGS84",
"FJ611451_894785946","FJ611451",894785946,34.68834,-94.0725,"PRESERVED_SPECIMEN",0,"GEODETIC_DATUM_ASSUMED_WGS84",
"FJ611452_894785931","FJ611452",894785931,34.69233,-94.03766,"PRESERVED_SPECIMEN",0,"GEODETIC_DATUM_ASSUMED_WGS84",
"FJ611453_894785960","FJ611453",894785960,34.69233,-94.03766,"PRESERVED_SPECIMEN",0,"GEODETIC_DATUM_ASSUMED_WGS84",
"FJ611454_894785927","FJ611454",894785927,34.69233,-94.03766,"PRESERVED_SPECIMEN",0,"GEODETIC_DATUM_ASSUMED_WGS84",
"FJ611455_894785947","FJ611455",894785947,34.69233,-94.03766,"PRESERVED_SPECIMEN",0,"GEODETIC_DATUM_ASSUMED_WGS84",
"FJ611456_894785942","FJ611456",894785942,34.69233,-94.03766,"PRESERVED_SPECIMEN",0,"GEODETIC_DATUM_ASSUMED_WGS84",
"FJ611457_894785935","FJ611457",894785935,34.69233,-94.03766,"PRESERVED_SPECIMEN",0,"GEODETIC_DATUM_ASSUMED_WGS84",
"FJ611458_894785953","FJ611458",894785953,34.64019,-93.88511,"PRESERVED_SPECIMEN",0,"GEODETIC_DATUM_ASSUMED_WGS84",
"FJ611459_894785949","FJ611459",894785949,34.65131,-93.99664,"PRESERVED_SPECIMEN",0,"GEODETIC_DATUM_ASSUMED_WGS84",
"FJ611460_894785961","FJ611460",894785961,34.65126,-93.9929,"PRESERVED_SPECIMEN",0,"GEODETIC_DATUM_ASSUMED_WGS84",
"FJ611461_894785952","FJ611461",894785952,34.69172,-93.94386,"PRESERVED_SPECIMEN",0,"GEODETIC_DATUM_ASSUMED_WGS84",
"FJ611462_894785959","FJ611462",894785959,34.69172,-93.94386,"PRESERVED_SPECIMEN",0,"GEODETIC_DATUM_ASSUMED_WGS84",
"FJ611463_894785937","FJ611463",894785937,34.69172,-93.94386,"PRESERVED_SPECIMEN",0,"GEODETIC_DATUM_ASSUMED_WGS84",
"FJ611464_894785963","FJ611464",894785963,34.69172,-93.94386,"PRESERVED_SPECIMEN",0,"GEODETIC_DATUM_ASSUMED_WGS84",
"FJ611465_894786885","FJ611465",894786885,34.675928,-94.18924,"PRESERVED_SPECIMEN",0,"GEODETIC_DATUM_ASSUMED_WGS84",
"FJ611466_894786918","FJ611466",894786918,34.675928,-94.18924,"PRESERVED_SPECIMEN",0,"GEODETIC_DATUM_ASSUMED_WGS84",
"FJ611467_894786941","FJ611467",894786941,34.673995,-94.191417,"PRESERVED_SPECIMEN",0,"GEODETIC_DATUM_ASSUMED_WGS84",
"FJ611468_894786963","FJ611468",894786963,34.673995,-94.191417,"PRESERVED_SPECIMEN",0,"GEODETIC_DATUM_ASSUMED_WGS84",
"FJ611469_894786828","FJ611469",894786828,34.661611,-93.971195,"PRESERVED_SPECIMEN",0,"GEODETIC_DATUM_ASSUMED_WGS84",
"FJ611470_894786855","FJ611470",894786855,34.661611,-93.971195,"PRESERVED_SPECIMEN",0,"GEODETIC_DATUM_ASSUMED_WGS84",
"FJ611471_894782129","FJ611471",894782129,34.6871,-94.24122,"PRESERVED_SPECIMEN",0,"GEODETIC_DATUM_ASSUMED_WGS84",
"FJ611472_894782155","FJ611472",894782155,34.6871,-94.24122,"PRESERVED_SPECIMEN",0,"GEODETIC_DATUM_ASSUMED_WGS84",
"FJ611473_894782096","FJ611473",894782096,34.6871,-94.24122,"PRESERVED_SPECIMEN",0,"GEODETIC_DATUM_ASSUMED_WGS84",
"FJ611474_894782123","FJ611474",894782123,34.6871,-94.24122,"PRESERVED_SPECIMEN",0,"GEODETIC_DATUM_ASSUMED_WGS84",
"FJ611475_894782089","FJ611475",894782089,34.6871,-94.24122,"PRESERVED_SPECIMEN",0,"GEODETIC_DATUM_ASSUMED_WGS84",
"FJ611476_894782072","FJ611476",894782072,34.68434,-94.25429,"PRESERVED_SPECIMEN",0,"GEODETIC_DATUM_ASSUMED_WGS84",
"FJ611481_894785967","FJ611481",894785967,34.64019,-93.88511,"PRESERVED_SPECIMEN",0,"GEODETIC_DATUM_ASSUMED_WGS84",
