"value","accession","Lat","Lon","error (m)","voucher","method",
"Plethodon.grobmani.","EU427791",33.31,-86.77,"LS0692","GenBank",,
"Plethodon grobmani","EU427818",33.07,-87.64,"phylogatR",,,
"Plethodon grobmani","EU427826",33.31,-87.61,"phylogatR",,,
"Plethodon grobmani","EU427808",33.47,-87.55,"phylogatR",,,
"Plethodon grobmani","EU427838",33.07,-87.64,"phylogatR",,,
"Plethodon.grobmani.","DQ994941",30.752296,-85.195789,301,"UTA A-56970","GeoLocate",139
"Plethodon.grobmani.","DQ994940",31.8167,-86.6167,4711,"AC-02-41","GeoLocate",73
