value,Lat,Lon,Method,Error_km,Museum_Field_Number,Notes,Reference
Pva5O,47.67972,-123.7527,"Article, googleearth, GPScoords",120,NA,NA,https://doi.org/10.1093/sysbio/syu090
Pva4O,47.67972,-123.7527,"Article, googleearth, GPScoords",120,NA,NA,https://doi.org/10.1093/sysbio/syu090
Pva10O,47.67972,-123.7527,"Article, googleearth, GPScoords",120,NA,NA,https://doi.org/10.1093/sysbio/syu090
Pva11O,47.67972,-123.7527,"Article, googleearth, GPScoords",120,NA,NA,https://doi.org/10.1093/sysbio/syu090
Pva9O,47.67972,-123.7527,"Article, googleearth, GPScoords",120,NA,NA,https://doi.org/10.1093/sysbio/syu090
Pva7O,47.67972,-123.7527,"Article, googleearth, GPScoords",120,NA,NA,https://doi.org/10.1093/sysbio/syu090
Pva2W,46.436,-123.7588,"Article, googleearth, GPScoords",8,NA,NA,https://doi.org/10.1093/sysbio/syu090
Pva3W,46.436,-123.7588,"Article, googleearth, GPScoords",8,NA,NA,https://doi.org/10.1093/sysbio/syu090
Pva1W,46.436,-123.7588,"Article, googleearth, GPScoords",8,NA,NA,https://doi.org/10.1093/sysbio/syu090
Pva18C,46.17694,-121.658,"Article, googleearth, GPScoords",80,NA,NA,https://doi.org/10.1093/sysbio/syu090
PvaC8,46.17694,-121.658,"Article, googleearth, GPScoords",80,NA,NA,https://doi.org/10.1093/sysbio/syu090
Pva19C,46.17694,-121.658,"Article, googleearth, GPScoords",80,NA,NA,https://doi.org/10.1093/sysbio/syu090
Pva17C,46.17694,-121.658,"Article, googleearth, GPScoords",80,NA,NA,https://doi.org/10.1093/sysbio/syu090
Pva15C,46.17694,-121.658,"Article, googleearth, GPScoords",80,NA,NA,https://doi.org/10.1093/sysbio/syu090
Pva14C,46.17694,-121.658,"Article, googleearth, GPScoords",80,NA,NA,https://doi.org/10.1093/sysbio/syu090
Pva13C,46.17694,-121.658,"Article, googleearth, GPScoords",80,NA,NA,https://doi.org/10.1093/sysbio/syu090
Pva20C,46.17694,-121.658,"Article, googleearth, GPScoords",80,NA,NA,https://doi.org/10.1093/sysbio/syu090
Pva16C,46.17694,-121.658,"Article, googleearth, GPScoords",80,NA,NA,https://doi.org/10.1093/sysbio/syu090
