"value","accession","Lat","Lon","voucher"
"Plethodon glutinosus","MN723515",33.78735,-85.5685,
"Plethodon glutinosus","MN723523 ",33.34541,-85.5147,
"Plethodon glutinosus","MN723501",32.68363,-85.2047,
"Plethodon glutinosus","MN723502",32.68363,-85.2047,
"Plethodon glutinosus","MN723504",32.68363,-85.2047,
"Plethodon glutinosus","MN723529",34.67523,-86.3283,
"Plethodon glutinosus","MN723528 ",34.67523,-86.3283,
"Plethodon glutinosus","MN723527 ",34.67523,-86.3283,
"Plethodon glutinosus","MN723509",34.7508,-85.5719,
"Plethodon glutinosus","MN723508 ",34.7508,-85.5719,
"Plethodon glutinosus","MN723507 ",34.7508,-85.5719,
"Plethodon glutinosus","MN723524 ",33.70475,-86.7016,
"Plethodon_glutinosus","EU427836",33.99,-86.98,
"Plethodon_glutinosus","EU427829",33.99,-86.98,
"Plethodon_glutinosus","EU427830",33.99,-86.97,
"Plethodon_glutinosus","EU427835",33.99,-86.99,
