value,Lat,Lon,Method,Error,Reference
DQ994993_cytb,37.208967,-84.638833,Geolocate from location given by Genbank ,301,
DQ994994_cytb,36.0167,-83.9333,Geolocate from location given by Genbank ,301,
KY823503_cytb,33.008779,-87.114633,Geolocate from location given by Genbank ,21802,
KY823504_cytb,33.008779,-87.114633,Geolocate from location given by Genbank ,21802,
KY823505_cytb,33.008779,-87.114633,Geolocate from location given by Genbank ,21802,
KY823506_cytb,33.008779,-87.114633,Geolocate from location given by Genbank ,21802,
KY823507_cytb,33.008779,-87.114633,Geolocate from location given by Genbank ,21802,
KY823508_cytb,33.008779,-87.114633,Geolocate from location given by Genbank ,21802,
KY823509_cytb,33.008779,-87.114633,Geolocate from location given by Genbank ,21802,
KY823510_cytb,33.008779,-87.114633,Geolocate from location given by Genbank ,21802,
