"value","Lat","Lon","Method","Reference"
"AY336639.1 Pleurodeles poireti haplotype P9 cytochrome b (cytb) gene, partial cds; mitochondrial",36.867,7.3,"Article, GPS","https://doi.org/10.1111/j.1365-2699.2004.00957.x"
"AY222508.1 Pleurodeles poireti Anc14 cytochrome b (Cytb) gene, partial cds; mitochondrial gene for mitochondrial product",36.88,7.623,"Article, google earth","https://www.researchgate.net/publication/232026783_History_of_West_Mediterranean_newts_Pleurodeles_Amphibia_Salamandridae_inferred_from_old_and_recent_DNA_sequences"
"AY222507.1 Pleurodeles poireti Anc13 cytochrome b (Cytb) gene, partial cds; mitochondrial gene for mitochondrial product",36.88,7.623,"Article, google earth","https://web.archive.org/web/20190203233530/http://molevol.cmima.csic.es:80/carranza/pdf/Pleurodeles1.pdf"
"AY336634.1 Pleurodeles poireti haplotype P2 cytochrome b (cytb) gene, partial cds; mitochondrial",36.899,7.3793,"Article, GPS","https://doi.org/10.1111/j.1365-2699.2004.00957.x"
"AY336635.1 Pleurodeles poireti haplotype P3 cytochrome b (cytb) gene, partial cds; mitochondrial",36.8847,7.29672,"Article, GPS","https://doi.org/10.1111/j.1365-2699.2004.00957.x"
"AY336636.1 Pleurodeles poireti haplotype P5 cytochrome b (cytb) gene, partial cds; mitochondrial",36.81667,7.46667,"Article, GPS","https://doi.org/10.1111/j.1365-2699.2004.00957.x"
"AY336637.1 Pleurodeles poireti haplotype P6 cytochrome b (cytb) gene, partial cds; mitochondrial",36.81667,7.46667,"Article, GPS","https://doi.org/10.1111/j.1365-2699.2004.00957.x"
"AY336638.1 Pleurodeles poireti haplotype P8 cytochrome b (cytb) gene, partial cds; mitochondrial",36.95,7.26667,"Article, GPS","https://doi.org/10.1111/j.1365-2699.2004.00957.x"
"AY336640.1 Pleurodeles poireti haplotype P4 cytochrome b (cytb) gene, partial cds; mitochondrial",36.81395,7.2788,"Article, GPS","https://doi.org/10.1111/j.1365-2699.2004.00957.x"
"AY336641.1 Pleurodeles poireti haplotype P7 cytochrome b (cytb) gene, partial cds; mitochondrial",36.8333,7.28333,"Article, GPS","https://doi.org/10.1111/j.1365-2699.2004.00957.x"
"AY336633.1 Pleurodeles poireti haplotype P1 cytochrome b (cytb) gene, partial cds; mitochondrial",36.7328,8.02898,"Article, GPS","https://doi.org/10.1111/j.1365-2699.2004.00957.x"
"AY336643.1 Pleurodeles poireti haplotype P11 cytochrome b (cytb) gene, partial cds; mitochondrial",36.77935,8.267767,"Article, GPS","https://doi.org/10.1111/j.1365-2699.2004.00957.x"
"AY336645.1 Pleurodeles poireti haplotype P13 cytochrome b (cytb) gene, partial cds; mitochondrial",36.61667,8.43333,"Article, GPS","https://doi.org/10.1111/j.1365-2699.2004.00957.x"
"AY336644.1 Pleurodeles poireti haplotype P12 cytochrome b (cytb) gene, partial cds; mitochondrial",36.8128,8.4435,"Article, GPS","https://doi.org/10.1111/j.1365-2699.2004.00957.x"
"AY336642.1 Pleurodeles poireti haplotype P10 cytochrome b (cytb) gene, partial cds; mitochondrial",36.8609,8.25108,"Article, GPS","https://doi.org/10.1111/j.1365-2699.2004.00957.x"
"AY222541.1 Pleurodeles poireti E18127 cytochrome b (Cytb) gene, partial cds; mitochondrial gene for mitochondrial product",36.64087,8.69703,"Article","https://web.archive.org/web/20190203233530/http://molevol.cmima.csic.es:80/carranza/pdf/Pleurodeles1.pdf"
"AY222540.1 Pleurodeles poireti E18126 cytochrome b (Cytb) gene, partial cds; mitochondrial gene for mitochondrial product",36.4941,8.76945,"Article","https://web.archive.org/web/20190203233530/http://molevol.cmima.csic.es:80/carranza/pdf/Pleurodeles1.pdf"
"AY222539.1 Pleurodeles poireti E18125 cytochrome b (Cytb) gene, partial cds; mitochondrial gene for mitochondrial product",36.6739,8.75785,"Article","https://web.archive.org/web/20190203233530/http://molevol.cmima.csic.es:80/carranza/pdf/Pleurodeles1.pdf"
"AY222538.1 Pleurodeles poireti E18124 cytochrome b (Cytb) gene, partial cds; mitochondrial gene for mitochondrial product",36.6739,8.75785,"Article","https://web.archive.org/web/20190203233530/http://molevol.cmima.csic.es:80/carranza/pdf/Pleurodeles1.pdf"
"AY222535.1 Pleurodeles poireti E18123 cytochrome b (Cytb) gene, partial cds; mitochondrial gene for mitochondrial product",36.6739,8.75785,"Article","https://web.archive.org/web/20190203233530/http://molevol.cmima.csic.es:80/carranza/pdf/Pleurodeles1.pdf"
"AY222526.1 Pleurodeles poireti E18122 cytochrome b (Cytb) gene, partial cds; mitochondrial gene for mitochondrial product",36.6739,8.75785,"Article","https://web.archive.org/web/20190203233530/http://molevol.cmima.csic.es:80/carranza/pdf/Pleurodeles1.pdf"
"AY222521.1 Pleurodeles poireti E181213 cytochrome b (Cytb) gene, partial cds; mitochondrial gene for mitochondrial product",36.70915,8.68623,"Article","https://web.archive.org/web/20190203233530/http://molevol.cmima.csic.es:80/carranza/pdf/Pleurodeles1.pdf"
"AY222517.1 Pleurodeles poireti 18121 cytochrome b (Cytb) gene, partial cds; mitochondrial gene for mitochondrial product",36.6739,8.75785,"Article","https://web.archive.org/web/20190203233530/http://molevol.cmima.csic.es:80/carranza/pdf/Pleurodeles1.pdf"
"AY222545.1 Pleurodeles poireti E30092 cytochrome b (Cytb) gene, partial cds; mitochondrial gene for mitochondrial product",35.8461,2.03806,"Article, google earth","https://web.archive.org/web/20190203233530/http://molevol.cmima.csic.es:80/carranza/pdf/Pleurodeles1.pdf"
"AY222544.1 Pleurodeles poireti E30091 cytochrome b (Cytb) gene, partial cds; mitochondrial gene for mitochondrial product",35.8461,2.03806,"Article, google earth","https://web.archive.org/web/20190203233530/http://molevol.cmima.csic.es:80/carranza/pdf/Pleurodeles1.pdf"
"AY222511.1 Pleurodeles poireti Anc9 cytochrome b (Cytb) gene, partial cds; mitochondrial gene for mitochondrial product",36.7389,3.13917,"Article, google earth","https://web.archive.org/web/20190203233530/http://molevol.cmima.csic.es:80/carranza/pdf/Pleurodeles1.pdf"
"AY222510.1 Pleurodeles poireti Anc8 cytochrome b (Cytb) gene, partial cds; mitochondrial gene for mitochondrial product",36.5783,3.17417,"Article, google earth","https://web.archive.org/web/20190203233530/http://molevol.cmima.csic.es:80/carranza/pdf/Pleurodeles1.pdf"
"AY222505.1 Pleurodeles poireti Anc11 cytochrome b (Cytb) gene, partial cds; mitochondrial gene for mitochondrial product",36.77,5.00694,"Article, google earth","https://web.archive.org/web/20190203233530/http://molevol.cmima.csic.es:80/carranza/pdf/Pleurodeles1.pdf"
"AY222504.1 Pleurodeles poireti Anc10 cytochrome b (Cytb) gene, partial cds; mitochondrial gene for mitochondrial product",36.5783,3.17417,"Article, google earth","https://web.archive.org/web/20190203233530/http://molevol.cmima.csic.es:80/carranza/pdf/Pleurodeles1.pdf"
"AY336647.1 Pleurodeles poireti haplotype P15 cytochrome b (cytb) gene, partial cds; mitochondrial",36.9649,9.013067,"Article, GPS","https://doi.org/10.1111/j.1365-2699.2004.00957.x"
"AY336646.1 Pleurodeles poireti haplotype P14 cytochrome b (cytb) gene, partial cds; mitochondrial",36.92842,8.75495,"Article, GPS","https://doi.org/10.1111/j.1365-2699.2004.00957.x"
"AY222543.1 Pleurodeles poireti E18129 cytochrome b (Cytb) gene, partial cds; mitochondrial gene for mitochondrial product",36.90778,8.74952,"Article, google earth","https://web.archive.org/web/20190203233530/http://molevol.cmima.csic.es:80/carranza/pdf/Pleurodeles1.pdf"
"AY222542.1 Pleurodeles poireti E18128 cytochrome b (Cytb) gene, partial cds; mitochondrial gene for mitochondrial product",36.90778,8.74952,"Article, google earth","https://web.archive.org/web/20190203233530/http://molevol.cmima.csic.es:80/carranza/pdf/Pleurodeles1.pdf"
"AY222522.1 Pleurodeles poireti E181214 cytochrome b (Cytb) gene, partial cds; mitochondrial gene for mitochondrial product",36.97944,9.08083,"Article, google earth","https://web.archive.org/web/20190203233530/http://molevol.cmima.csic.es:80/carranza/pdf/Pleurodeles1.pdf"
"AY222520.1 Pleurodeles poireti E181212 cytochrome b (Cytb) gene, partial cds; mitochondrial gene for mitochondrial product",36.94556,8.74833,"Article, google earth","https://web.archive.org/web/20190203233530/http://molevol.cmima.csic.es:80/carranza/pdf/Pleurodeles1.pdf"
"AY222519.1 Pleurodeles poireti E181211 cytochrome b (Cytb) gene, partial cds; mitochondrial gene for mitochondrial product",36.94556,8.74833,"Article, google earth","https://web.archive.org/web/20190203233530/http://molevol.cmima.csic.es:80/carranza/pdf/Pleurodeles1.pdf"
"AY222518.1 Pleurodeles poireti E181210 cytochrome b (Cytb) gene, partial cds; mitochondrial gene for mitochondrial product",36.94556,8.74833,"Article, google earth","https://web.archive.org/web/20190203233530/http://molevol.cmima.csic.es:80/carranza/pdf/Pleurodeles1.pdf"
