"value","Lat","Lon","Method","Error_km","Notes","Reference"
"DQ494779.2 Proteus anguinus haplotype DP206 cytochrome b gene, partial cds; tRNA-Thr gene, intergenic spacer, tRNA-Pro gene, and D-loop, complete sequence; and tRNA-Phe gene, partial sequence; mitochondrial",44.6667,16.5,"Geolocate",0.305,"Lika-Krajina Bosnia and Herzegovina Haplotype DP206","https://doi.org/10.1016/j.gene.2006.04.016"
"DQ494780.2 Proteus anguinus haplotype SP168 cytochrome b gene, partial cds; tRNA-Thr gene, intergenic spacer, tRNA-Pro gene, and D-loop, complete sequence; and tRNA-Phe gene, partial sequence; mitochondrial",44.6667,16.5,"Geolocate",0.305,"Lika-Krajina Bosnia and Herzegovina Haplotype SP168","https://doi.org/10.1016/j.gene.2006.04.016"
"OQ319371.1 Proteus anguinus voucher PA169 cytochrome b gene, partial cds; tRNA-Thr and tRNA-Pro genes and D-loop, complete sequence; and tRNA-Phe gene, partial sequence; mitochondrial",44.701,16.471,"Article","NA","1st excel sheet under supplementary info","https://doi.org/10.1111/mec.16868"
"OQ319375.1 Proteus anguinus voucher PA205 cytochrome b gene, partial cds; tRNA-Thr and tRNA-Pro genes and D-loop, complete sequence; and tRNA-Phe gene, partial sequence; mitochondrial",44.701,16.471,"Article","NA","1st excel sheet under supplementary info","https://doi.org/10.1111/mec.16868"
"OQ319388.1 Proteus anguinus voucher PA260 cytochrome b gene, partial cds; tRNA-Thr and tRNA-Pro genes and D-loop, complete sequence; and tRNA-Phe gene, partial sequence; mitochondrial",44.701,16.471,"Article","NA","1st excel sheet under supplementary info","https://doi.org/10.1111/mec.16868"
"OQ319387.1 Proteus anguinus voucher PA259 cytochrome b gene, partial cds; tRNA-Thr and tRNA-Pro genes and D-loop, complete sequence; and tRNA-Phe gene, partial sequence; mitochondrial",44.701,16.471,"Article","NA","1st excel sheet under supplementary info","https://doi.org/10.1111/mec.16868"
"OQ319386.1 Proteus anguinus voucher PA258 cytochrome b gene, partial cds; tRNA-Thr and tRNA-Pro genes and D-loop, complete sequence; and tRNA-Phe gene, partial sequence; mitochondrial",44.701,16.471,"Article","NA","1st excel sheet under supplementary info","https://doi.org/10.1111/mec.16868"
"OQ319385.1 Proteus anguinus voucher PA257 cytochrome b gene, partial cds; tRNA-Thr and tRNA-Pro genes and D-loop, complete sequence; and tRNA-Phe gene, partial sequence; mitochondrial",44.701,16.471,"Article","NA","1st excel sheet under supplementary info","https://doi.org/10.1111/mec.16868"
"OQ319369.1 Proteus anguinus voucher PA162 cytochrome b gene, partial cds; tRNA-Thr and tRNA-Pro genes and D-loop, complete sequence; and tRNA-Phe gene, partial sequence; mitochondrial",42.846,17.984,"Article","NA","1st excel sheet under supplementary info","https://doi.org/10.1111/mec.16868"
"OQ319365.1 Proteus anguinus voucher PA155 cytochrome b gene, partial cds; tRNA-Thr and tRNA-Pro genes and D-loop, complete sequence; and tRNA-Phe gene, partial sequence; mitochondrial",42.846,17.984,"Article","NA","1st excel sheet under supplementary info","https://doi.org/10.1111/mec.16868"
"DQ494786.1 Proteus anguinus haplotype VJ154 cytochrome b gene, partial cds; tRNA-Thr gene, intergenic spacer, tRNA-Pro gene, and D-loop, complete sequence; and tRNA-Phe gene, partial sequence; mitochondrial",42.9144,17.9522,"GoogleEarth",5,"Southern Coastal Region of Bosnia and Herzegovina","https://doi.org/10.1016/j.gene.2006.04.016"
"DQ494785.1 Proteus anguinus haplotype VR48 cytochrome b gene, partial cds; tRNA-Thr gene, intergenic spacer, tRNA-Pro gene, and D-loop, complete sequence; and tRNA-Phe gene, partial sequence; mitochondrial",43.5414,16.8547,"GoogleEarth",5,"Southern Coastal Region of Croatia","https://doi.org/10.1016/j.gene.2006.04.016"
"DQ494784.1 Proteus anguinus haplotype VR36 cytochrome b gene, partial cds; tRNA-Thr gene, intergenic spacer, tRNA-Pro gene, and D-loop, complete sequence; and tRNA-Phe gene, partial sequence; mitochondrial",43.5414,16.8547,"GoogleEarth",5,"Southern Coastal Region of Croatia","https://doi.org/10.1016/j.gene.2006.04.016"
"DQ494783.1 Proteus anguinus haplotype VR33 cytochrome b gene, partial cds; tRNA-Thr gene, intergenic spacer, tRNA-Pro gene, and D-loop, complete sequence; and tRNA-Phe gene, partial sequence; mitochondrial",43.5414,16.8547,"GoogleEarth",5,"Southern Coastal Region of Croatia","https://doi.org/10.1016/j.gene.2006.04.016"
"OQ319335.1 Proteus anguinus voucher PA044 cytochrome b gene, partial cds; tRNA-Thr and tRNA-Pro genes and D-loop, complete sequence; and tRNA-Phe gene, partial sequence; mitochondrial",43.621,16.745,"Article","NA","1st excel sheet under supplementary info","https://doi.org/10.1111/mec.16868"
"OQ319334.1 Proteus anguinus voucher PA042 cytochrome b gene, partial cds; tRNA-Thr and tRNA-Pro genes and D-loop, complete sequence; and tRNA-Phe gene, partial sequence; mitochondrial",43.621,16.745,"Article","NA","1st excel sheet under supplementary info","https://doi.org/10.1111/mec.16868"
"OQ319333.1 Proteus anguinus voucher PA039 cytochrome b gene, partial cds; tRNA-Thr and tRNA-Pro genes and D-loop, complete sequence; and tRNA-Phe gene, partial sequence; mitochondrial",43.621,16.745,"Article","NA","1st excel sheet under supplementary info","https://doi.org/10.1111/mec.16868"
"OQ319332.1 Proteus anguinus voucher PA037 cytochrome b gene, partial cds; tRNA-Thr and tRNA-Pro genes and D-loop, complete sequence; and tRNA-Phe gene, partial sequence; mitochondrial",43.621,16.745,"Article","NA","1st excel sheet under supplementary info","https://doi.org/10.1111/mec.16868"
"DQ494782.1 Proteus anguinus haplotype MI158-variant2 cytochrome b gene, partial cds; tRNA-Thr gene, intergenic spacer, tRNA-Pro gene, and D-loop, complete sequence; and tRNA-Phe gene, partial sequence; mitochondrial",43.9989,15.9563,"GoogleEarth",5,"Southern Coastal Region of Croatia","https://doi.org/10.1016/j.gene.2006.04.016"
"DQ494781.1 Proteus anguinus haplotype MI158-variant1 cytochrome b gene, partial cds; tRNA-Thr gene, intergenic spacer, tRNA-Pro gene, and D-loop, complete sequence; and tRNA-Phe gene, partial sequence; mitochondrial",43.9989,15.9563,"GoogleEarth",5,"Southern Coastal Region of Croatia","https://doi.org/10.1016/j.gene.2006.04.016"
"OQ319414.1 Proteus anguinus voucher PA295 cytochrome b gene, partial cds; tRNA-Thr and tRNA-Pro genes and D-loop, complete sequence; and tRNA-Phe gene, partial sequence; mitochondrial",44.003,16.019,"Article","NA","1st excel sheet under supplementary info","https://doi.org/10.1111/mec.16868"
"OQ319413.1 Proteus anguinus voucher PA294 cytochrome b gene, partial cds; tRNA-Thr and tRNA-Pro genes and D-loop, complete sequence; and tRNA-Phe gene, partial sequence; mitochondrial",44.003,16.019,"Article","NA","1st excel sheet under supplementary info","https://doi.org/10.1111/mec.16868"
"OQ319412.1 Proteus anguinus voucher PA293 cytochrome b gene, partial cds; tRNA-Thr and tRNA-Pro genes and D-loop, complete sequence; and tRNA-Phe gene, partial sequence; mitochondrial",44.003,16.019,"Article","NA","1st excel sheet under supplementary info","https://doi.org/10.1111/mec.16868"
"OQ319411.1 Proteus anguinus voucher PA292 cytochrome b gene, partial cds; tRNA-Thr and tRNA-Pro genes and D-loop, complete sequence; and tRNA-Phe gene, partial sequence; mitochondrial",44.003,16.019,"Article","NA","1st excel sheet under supplementary info","https://doi.org/10.1111/mec.16868"
"OQ319410.1 Proteus anguinus voucher PA291 cytochrome b gene, partial cds; tRNA-Thr and tRNA-Pro genes and D-loop, complete sequence; and tRNA-Phe gene, partial sequence; mitochondrial",44.003,16.019,"Article","NA","1st excel sheet under supplementary info","https://doi.org/10.1111/mec.16868"
"OQ319392.1 Proteus anguinus voucher PA269 cytochrome b gene, partial cds; tRNA-Thr and tRNA-Pro genes and D-loop, complete sequence; and tRNA-Phe gene, partial sequence; mitochondrial",44.003,16.019,"Article","NA","1st excel sheet under supplementary info","https://doi.org/10.1111/mec.16868"
"OQ319390.1 Proteus anguinus voucher PA265 cytochrome b gene, partial cds; tRNA-Thr and tRNA-Pro genes and D-loop, complete sequence; and tRNA-Phe gene, partial sequence; mitochondrial",44.003,16.019,"Article","NA","1st excel sheet under supplementary info","https://doi.org/10.1111/mec.16868"
"OQ319368.1 Proteus anguinus voucher PA161 cytochrome b gene, partial cds; tRNA-Thr and tRNA-Pro genes and D-loop, complete sequence; and tRNA-Phe gene, partial sequence; mitochondrial",43.817,16.013,"Article","NA","1st excel sheet under supplementary info","https://doi.org/10.1111/mec.16868"
"OQ319367.1 Proteus anguinus voucher PA159 cytochrome b gene, partial cds; tRNA-Thr and tRNA-Pro genes and D-loop, complete sequence; and tRNA-Phe gene, partial sequence; mitochondrial",44.003,16.019,"Article","NA","1st excel sheet under supplementary info","https://doi.org/10.1111/mec.16868"
"OQ319366.1 Proteus anguinus voucher PA157 cytochrome b gene, partial cds; tRNA-Thr and tRNA-Pro genes and D-loop, complete sequence; and tRNA-Phe gene, partial sequence; mitochondrial",44.003,16.019,"Article","NA","1st excel sheet under supplementary info","https://doi.org/10.1111/mec.16868"
"OQ319415.1 Proteus anguinus voucher PA296 cytochrome b gene, partial cds; tRNA-Thr and tRNA-Pro genes and D-loop, complete sequence; and tRNA-Phe gene, partial sequence; mitochondrial",43.817,16.013,"Article","NA","1st excel sheet under supplementary info","https://doi.org/10.1111/mec.16868"
"OQ319428.1 Proteus anguinus voucher PA315 cytochrome b gene, partial cds; tRNA-Thr and tRNA-Pro genes and D-loop, complete sequence; and tRNA-Phe gene, partial sequence; mitochondrial",45.213,15.233,"Article","NA","1st excel sheet under supplementary info","https://doi.org/10.1111/mec.16868"
"DQ494778.2 Proteus anguinus haplotype RP156 cytochrome b gene, partial cds; tRNA-Thr gene, intergenic spacer, tRNA-Pro gene, and D-loop, complete sequence; and tRNA-Phe gene, partial sequence; mitochondrial",45.25278,15.2722,"GoogleEarth",5,"Lika-Krajina Croatia","https://doi.org/10.1016/j.gene.2006.04.016"
"OQ319426.1 Proteus anguinus voucher PA311 cytochrome b gene, partial cds; tRNA-Thr and tRNA-Pro genes and D-loop, complete sequence; and tRNA-Phe gene, partial sequence; mitochondrial",45.186,15.225,"Article","NA","1st excel sheet under supplementary info","https://doi.org/10.1111/mec.16868"
"OQ319405.1 Proteus anguinus voucher PA286 cytochrome b gene, partial cds; tRNA-Thr and tRNA-Pro genes and D-loop, complete sequence; and tRNA-Phe gene, partial sequence; mitochondrial",45.04,15.242,"Article","NA","1st excel sheet under supplementary info","https://doi.org/10.1111/mec.16868"
"OQ319404.1 Proteus anguinus voucher PA285 cytochrome b gene, partial cds; tRNA-Thr and tRNA-Pro genes and D-loop, complete sequence; and tRNA-Phe gene, partial sequence; mitochondrial",45.04,15.242,"Article","NA","1st excel sheet under supplementary info","https://doi.org/10.1111/mec.16868"
"OQ319402.1 Proteus anguinus voucher PA283 cytochrome b gene, partial cds; tRNA-Thr and tRNA-Pro genes and D-loop, complete sequence; and tRNA-Phe gene, partial sequence; mitochondrial",45.186,15.225,"Article","NA","1st excel sheet under supplementary info","https://doi.org/10.1111/mec.16868"
"OQ319401.1 Proteus anguinus voucher PA282 cytochrome b gene, partial cds; tRNA-Thr and tRNA-Pro genes and D-loop, complete sequence; and tRNA-Phe gene, partial sequence; mitochondrial",45.186,15.225,"Article","NA","1st excel sheet under supplementary info","https://doi.org/10.1111/mec.16868"
"OQ319400.1 Proteus anguinus voucher PA281 cytochrome b gene, partial cds; tRNA-Thr and tRNA-Pro genes and D-loop, complete sequence; and tRNA-Phe gene, partial sequence; mitochondrial",45.186,15.225,"Article","NA","1st excel sheet under supplementary info","https://doi.org/10.1111/mec.16868"
"OQ319399.1 Proteus anguinus voucher PA280 cytochrome b gene, partial cds; tRNA-Thr and tRNA-Pro genes and D-loop, complete sequence; and tRNA-Phe gene, partial sequence; mitochondrial",45.186,15.225,"Article","NA","1st excel sheet under supplementary info","https://doi.org/10.1111/mec.16868"
"OQ319398.1 Proteus anguinus voucher PA279 cytochrome b gene, partial cds; tRNA-Thr and tRNA-Pro genes and D-loop, complete sequence; and tRNA-Phe gene, partial sequence; mitochondrial",45.186,15.225,"Article","NA","1st excel sheet under supplementary info","https://doi.org/10.1111/mec.16868"
"OQ319397.1 Proteus anguinus voucher PA278 cytochrome b gene, partial cds; tRNA-Thr and tRNA-Pro genes and D-loop, complete sequence; and tRNA-Phe gene, partial sequence; mitochondrial",45.186,15.225,"Article","NA","1st excel sheet under supplementary info","https://doi.org/10.1111/mec.16868"
"OQ319396.1 Proteus anguinus voucher PA277 cytochrome b gene, partial cds; tRNA-Thr and tRNA-Pro genes and D-loop, complete sequence; and tRNA-Phe gene, partial sequence; mitochondrial",45.186,15.225,"Article","NA","1st excel sheet under supplementary info","https://doi.org/10.1111/mec.16868"
"OQ319395.1 Proteus anguinus voucher PA274 cytochrome b gene, partial cds; tRNA-Thr and tRNA-Pro genes and D-loop, complete sequence; and tRNA-Phe gene, partial sequence; mitochondrial",45.186,15.225,"Article","NA","1st excel sheet under supplementary info","https://doi.org/10.1111/mec.16868"
"OQ319394.1 Proteus anguinus voucher PA273 cytochrome b gene, partial cds; tRNA-Thr and tRNA-Pro genes and D-loop, complete sequence; and tRNA-Phe gene, partial sequence; mitochondrial",45.186,15.225,"Article","NA","1st excel sheet under supplementary info","https://doi.org/10.1111/mec.16868"
"OQ319393.1 Proteus anguinus voucher PA272 cytochrome b gene, partial cds; tRNA-Thr and tRNA-Pro genes and D-loop, complete sequence; and tRNA-Phe gene, partial sequence; mitochondrial",45.186,15.225,"Article","NA","1st excel sheet under supplementary info","https://doi.org/10.1111/mec.16868"
"DQ494777.2 Proteus anguinus haplotype MP160 cytochrome b gene, partial cds; tRNA-Thr gene, intergenic spacer, tRNA-Pro gene, and D-loop, complete sequence; and tRNA-Phe gene, partial sequence; mitochondrial",45.0136,15.2664,"GoogleEarth",5,"Lika-Krajina Croatia","https://doi.org/10.1016/j.gene.2006.04.016"
"OQ319427.1 Proteus anguinus voucher PA313 cytochrome b gene, partial cds; tRNA-Thr and tRNA-Pro genes and D-loop, complete sequence; and tRNA-Phe gene, partial sequence; mitochondrial",45.209,15.224,"Article","NA","1st excel sheet under supplementary info","https://doi.org/10.1111/mec.16868"
"OQ319425.1 Proteus anguinus voucher PA310 cytochrome b gene, partial cds; tRNA-Thr and tRNA-Pro genes and D-loop, complete sequence; and tRNA-Phe gene, partial sequence; mitochondrial",45.07,15.191,"Article","NA","1st excel sheet under supplementary info","https://doi.org/10.1111/mec.16868"
"OQ319424.1 Proteus anguinus voucher PA308 cytochrome b gene, partial cds; tRNA-Thr and tRNA-Pro genes and D-loop, complete sequence; and tRNA-Phe gene, partial sequence; mitochondrial",45.07,15.191,"Article","NA","1st excel sheet under supplementary info","https://doi.org/10.1111/mec.16868"
"OQ319423.1 Proteus anguinus voucher PA307 cytochrome b gene, partial cds; tRNA-Thr and tRNA-Pro genes and D-loop, complete sequence; and tRNA-Phe gene, partial sequence; mitochondrial",45.07,15.191,"Article","NA","1st excel sheet under supplementary info","https://doi.org/10.1111/mec.16868"
"OQ319409.1 Proteus anguinus voucher PA290 cytochrome b gene, partial cds; tRNA-Thr and tRNA-Pro genes and D-loop, complete sequence; and tRNA-Phe gene, partial sequence; mitochondrial",45.04,15.242,"Article","NA","1st excel sheet under supplementary info","https://doi.org/10.1111/mec.16868"
"OQ319408.1 Proteus anguinus voucher PA289 cytochrome b gene, partial cds; tRNA-Thr and tRNA-Pro genes and D-loop, complete sequence; and tRNA-Phe gene, partial sequence; mitochondrial",45.04,15.242,"Article","NA","1st excel sheet under supplementary info","https://doi.org/10.1111/mec.16868"
"OQ319407.1 Proteus anguinus voucher PA288 cytochrome b gene, partial cds; tRNA-Thr and tRNA-Pro genes and D-loop, complete sequence; and tRNA-Phe gene, partial sequence; mitochondrial",45.04,15.242,"Article","NA","1st excel sheet under supplementary info","https://doi.org/10.1111/mec.16868"
"OQ319406.1 Proteus anguinus voucher PA287 cytochrome b gene, partial cds; tRNA-Thr and tRNA-Pro genes and D-loop, complete sequence; and tRNA-Phe gene, partial sequence; mitochondrial",45.04,15.242,"Article","NA","1st excel sheet under supplementary info","https://doi.org/10.1111/mec.16868"
"OQ319403.1 Proteus anguinus voucher PA284 cytochrome b gene, partial cds; tRNA-Thr and tRNA-Pro genes and D-loop, complete sequence; and tRNA-Phe gene, partial sequence; mitochondrial",45.04,15.242,"Article","NA","1st excel sheet under supplementary info","https://doi.org/10.1111/mec.16868"
"OQ319432.1 Proteus anguinus voucher PA331 cytochrome b gene, partial cds; tRNA-Thr and tRNA-Pro genes and D-loop, complete sequence; and tRNA-Phe gene, partial sequence; mitochondrial",45.17,14.16,"Article","NA","1st excel sheet under supplementary info","https://doi.org/10.1111/mec.16868"
"OQ319418.1 Proteus anguinus voucher PA302 cytochrome b gene, partial cds; tRNA-Thr and tRNA-Pro genes and D-loop, complete sequence; and tRNA-Phe gene, partial sequence; mitochondrial",45.287,13.635,"Article","NA","1st excel sheet under supplementary info","https://doi.org/10.1111/mec.16868"
"OQ319416.1 Proteus anguinus voucher PA299 cytochrome b gene, partial cds; tRNA-Thr and tRNA-Pro genes and D-loop, complete sequence; and tRNA-Phe gene, partial sequence; mitochondrial",45.287,13.635,"Article","NA","1st excel sheet under supplementary info","https://doi.org/10.1111/mec.16868"
"DQ494776.1 Proteus anguinus haplotype PI121 cytochrome b gene, partial cds; tRNA-Thr gene, intergenic spacer, tRNA-Pro gene, and D-loop, complete sequence; and tRNA-Phe gene, partial sequence; mitochondrial",45,14,"Geolocate",0.301,"Istra Croatia","https://doi.org/10.1016/j.gene.2006.04.016"
"OQ319421.1 Proteus anguinus voucher PA305 cytochrome b gene, partial cds; tRNA-Thr and tRNA-Pro genes and D-loop, complete sequence; and tRNA-Phe gene, partial sequence; mitochondrial",45.287,13.635,"Article","NA","1st excel sheet under supplementary info","https://doi.org/10.1111/mec.16868"
"OQ319420.1 Proteus anguinus voucher PA304 cytochrome b gene, partial cds; tRNA-Thr and tRNA-Pro genes and D-loop, complete sequence; and tRNA-Phe gene, partial sequence; mitochondrial",45.287,13.635,"Article","NA","1st excel sheet under supplementary info","https://doi.org/10.1111/mec.16868"
"OQ319419.1 Proteus anguinus voucher PA303 cytochrome b gene, partial cds; tRNA-Thr and tRNA-Pro genes and D-loop, complete sequence; and tRNA-Phe gene, partial sequence; mitochondrial",45.287,13.635,"Article","NA","1st excel sheet under supplementary info","https://doi.org/10.1111/mec.16868"
"OQ319417.1 Proteus anguinus voucher PA300 cytochrome b gene, partial cds; tRNA-Thr and tRNA-Pro genes and D-loop, complete sequence; and tRNA-Phe gene, partial sequence; mitochondrial",45.287,13.635,"Article","NA","1st excel sheet under supplementary info","https://doi.org/10.1111/mec.16868"
"OQ319391.1 Proteus anguinus voucher PA267 cytochrome b gene, partial cds; tRNA-Thr and tRNA-Pro genes and D-loop, complete sequence; and tRNA-Phe gene, partial sequence; mitochondrial",45.287,13.635,"Article","NA","1st excel sheet under supplementary info","https://doi.org/10.1111/mec.16868"
"OQ319344.1 Proteus anguinus voucher PA119 cytochrome b gene, partial cds; tRNA-Thr and tRNA-Pro genes and D-loop, complete sequence; and tRNA-Phe gene, partial sequence; mitochondrial",45.287,13.635,"Article","NA","1st excel sheet under supplementary info","https://doi.org/10.1111/mec.16868"
"OQ319343.1 Proteus anguinus voucher PA118 cytochrome b gene, partial cds; tRNA-Thr and tRNA-Pro genes and D-loop, complete sequence; and tRNA-Phe gene, partial sequence; mitochondrial",45.287,13.635,"Article","NA","1st excel sheet under supplementary info","https://doi.org/10.1111/mec.16868"
"OQ319342.1 Proteus anguinus voucher PA117 cytochrome b gene, partial cds; tRNA-Thr and tRNA-Pro genes and D-loop, complete sequence; and tRNA-Phe gene, partial sequence; mitochondrial",45.287,13.635,"Article","NA","1st excel sheet under supplementary info","https://doi.org/10.1111/mec.16868"
"OQ319341.1 Proteus anguinus voucher PA116 cytochrome b gene, partial cds; tRNA-Thr and tRNA-Pro genes and D-loop, complete sequence; and tRNA-Phe gene, partial sequence; mitochondrial",45.287,13.635,"Article","NA","1st excel sheet under supplementary info","https://doi.org/10.1111/mec.16868"
"OQ319340.1 Proteus anguinus voucher PA115 cytochrome b gene, partial cds; tRNA-Thr and tRNA-Pro genes and D-loop, complete sequence; and tRNA-Phe gene, partial sequence; mitochondrial",45.287,13.635,"Article","NA","1st excel sheet under supplementary info","https://doi.org/10.1111/mec.16868"
"OQ319339.1 Proteus anguinus voucher PA114 cytochrome b gene, partial cds; tRNA-Thr and tRNA-Pro genes and D-loop, complete sequence; and tRNA-Phe gene, partial sequence; mitochondrial",45.287,13.635,"Article","NA","1st excel sheet under supplementary info","https://doi.org/10.1111/mec.16868"
"OQ319338.1 Proteus anguinus voucher PA112 cytochrome b gene, partial cds; tRNA-Thr and tRNA-Pro genes and D-loop, complete sequence; and tRNA-Phe gene, partial sequence; mitochondrial",45.287,13.635,"Article","NA","1st excel sheet under supplementary info","https://doi.org/10.1111/mec.16868"
"OQ319422.1 Proteus anguinus voucher PA306 cytochrome b gene, partial cds; tRNA-Thr and tRNA-Pro genes and D-loop, complete sequence; and tRNA-Phe gene, partial sequence; mitochondrial",45.287,13.635,"Article","NA","1st excel sheet under supplementary info","https://doi.org/10.1111/mec.16868"
"OQ319345.1 Proteus anguinus voucher PA120 cytochrome b gene, partial cds; tRNA-Thr and tRNA-Pro genes and D-loop, complete sequence; and tRNA-Phe gene, partial sequence; mitochondrial",45.287,13.635,"Article","NA","1st excel sheet under supplementary info","https://doi.org/10.1111/mec.16868"
"OQ319465.1 Proteus anguinus voucher PB270 cytochrome b gene, partial cds; tRNA-Thr and tRNA-Pro genes and D-loop, complete sequence; and tRNA-Phe gene, partial sequence; mitochondrial",45.845,13.965,"Article","NA","1st excel sheet under supplementary info","https://doi.org/10.1111/mec.16868"
"DQ494758.1 Proteus anguinus haplotype MA109 cytochrome b gene, partial cds; tRNA-Thr gene, intergenic spacer, tRNA-Pro gene, and D-loop, complete sequence; and tRNA-Phe gene, partial sequence; mitochondrial",46.0086,14.3581,"GoogleEarth",5,"SW region of Slovenia","https://doi.org/10.1016/j.gene.2006.04.016"
"DQ494759.1 Proteus anguinus haplotype MA110 cytochrome b gene, partial cds; tRNA-Thr gene, intergenic spacer, tRNA-Pro gene, and D-loop, complete sequence; and tRNA-Phe gene, partial sequence; mitochondrial",46.0086,14.3581,"GoogleEarth",5,"SW region of Slovenia","https://doi.org/10.1016/j.gene.2006.04.016"
"OQ319370.1 Proteus anguinus voucher PA165 cytochrome b gene, partial cds; tRNA-Thr and tRNA-Pro genes and D-loop, complete sequence; and tRNA-Phe gene, partial sequence; mitochondrial",45.95,14.296,"Article","NA","1st excel sheet under supplementary info","https://doi.org/10.1111/mec.16868"
"DQ494767.1 Proteus anguinus haplotype VE164 cytochrome b gene, partial cds; tRNA-Thr gene, intergenic spacer, tRNA-Pro gene, and D-loop, complete sequence; and tRNA-Phe gene, partial sequence; mitochondrial",46.0281,14.4317,"GoogleEarth",5,"SW region of Slovenia","https://doi.org/10.1016/j.gene.2006.04.016"
"DQ494766.1 Proteus anguinus haplotype VE163 cytochrome b gene, partial cds; tRNA-Thr gene, intergenic spacer, tRNA-Pro gene, and D-loop, complete sequence; and tRNA-Phe gene, partial sequence; mitochondrial",46.0281,14.4317,"GoogleEarth",5,"SW region of Slovenia","https://doi.org/10.1016/j.gene.2006.04.016"
"DQ494760.1 Proteus anguinus haplotype MO102 cytochrome b gene, partial cds; tRNA-Thr gene, intergenic spacer, tRNA-Pro gene, and D-loop, complete sequence; and tRNA-Phe gene, partial sequence; mitochondrial",46.04917,14.3867,"GoogleEarth",5,"SW region of Slovenia","https://doi.org/10.1016/j.gene.2006.04.016"
"OQ319439.1 Proteus anguinus voucher PA648 cytochrome b gene, partial cds; tRNA-Thr and tRNA-Pro genes and D-loop, complete sequence; and tRNA-Phe gene, partial sequence; mitochondrial",45.862,14.343,"Article","NA","1st excel sheet under supplementary info","https://doi.org/10.1111/mec.16868"
"OQ319435.1 Proteus anguinus voucher PA340 cytochrome b gene, partial cds; tRNA-Thr and tRNA-Pro genes and D-loop, complete sequence; and tRNA-Phe gene, partial sequence; mitochondrial",45.861,14.263,"Article","NA","1st excel sheet under supplementary info","https://doi.org/10.1111/mec.16868"
"DQ494757.1 Proteus anguinus haplotype GA167 cytochrome b gene, partial cds; tRNA-Thr gene, intergenic spacer, tRNA-Pro gene, and D-loop, complete sequence; and tRNA-Phe gene, partial sequence; mitochondrial",45.9533,14.34556,"GoogleEarth",5,"SW region of Slovenia","https://doi.org/10.1016/j.gene.2006.04.016"
"OQ319381.1 Proteus anguinus voucher PA223 cytochrome b gene, partial cds; tRNA-Thr and tRNA-Pro genes and D-loop, complete sequence; and tRNA-Phe gene, partial sequence; mitochondrial",45.651,13.988,"Article","NA","1st excel sheet under supplementary info","https://doi.org/10.1111/mec.16868"
"OQ319380.1 Proteus anguinus voucher PA222 cytochrome b gene, partial cds; tRNA-Thr and tRNA-Pro genes and D-loop, complete sequence; and tRNA-Phe gene, partial sequence; mitochondrial",45.887,14.767,"Article","NA","1st excel sheet under supplementary info","https://doi.org/10.1111/mec.16868"
"DQ494754.1 Proteus anguinus haplotype ME55 cytochrome b gene, partial cds; tRNA-Thr gene, intergenic spacer, tRNA-Pro gene, and D-loop, complete sequence; and tRNA-Phe gene, partial sequence; mitochondrial",45.57167,13.94833,"GoogleEarth",5,"SW region of Slovenia","https://doi.org/10.1016/j.gene.2006.04.016"
"DQ494761.1 Proteus anguinus haplotype PL3 cytochrome b gene, partial cds; tRNA-Thr gene, intergenic spacer, tRNA-Pro gene, and D-loop, complete sequence; and tRNA-Phe gene, partial sequence; mitochondrial",45.74778,14.34639,"GoogleEarth",5,"SW region of Slovenia","https://doi.org/10.1016/j.gene.2006.04.016"
"DQ494764.1 Proteus anguinus haplotype PL149 cytochrome b gene, partial cds; tRNA-Thr gene, intergenic spacer, tRNA-Pro gene, and D-loop, complete sequence; and tRNA-Phe gene, partial sequence; mitochondrial",45.83722,14.3431,"GoogleEarth",5,"SW region of Slovenia","https://doi.org/10.1016/j.gene.2006.04.016"
"DQ494755.1 Proteus anguinus haplotype PD53 cytochrome b gene, partial cds; tRNA-Thr gene, intergenic spacer, tRNA-Pro gene, and D-loop, complete sequence; and tRNA-Phe gene, partial sequence; mitochondrial",45.7669,13.88278,"GoogleEarth",5,"SW region of Slovenia","https://doi.org/10.1016/j.gene.2006.04.016"
"DQ494763.1 Proteus anguinus haplotype PL98 cytochrome b gene, partial cds; tRNA-Thr gene, intergenic spacer, tRNA-Pro gene, D-loop, and tRNA-Phe gene, complete sequence; and 12S ribosomal RNA gene, partial sequence; mitochondrial",45.74778,14.34639,"GoogleEarth",5,"SW region of Slovenia","https://doi.org/10.1016/j.gene.2006.04.016"
"DQ494762.1 Proteus anguinus haplotype PL14 cytochrome b gene, partial cds; tRNA-Thr gene, intergenic spacer, tRNA-Pro gene, and D-loop, complete sequence; and tRNA-Phe gene, partial sequence; mitochondrial",45.74778,14.34639,"GoogleEarth",5,"SW region of Slovenia","https://doi.org/10.1016/j.gene.2006.04.016"
"DQ494765.1 Proteus anguinus haplotype PL150 cytochrome b gene, partial cds; tRNA-Thr gene, intergenic spacer, tRNA-Pro gene, and D-loop, complete sequence; and tRNA-Phe gene, partial sequence; mitochondrial",45.74778,14.34639,"GoogleEarth",5,"SW region of Slovenia","https://doi.org/10.1016/j.gene.2006.04.016"
"DQ494756.1 Proteus anguinus haplotype AM144 cytochrome b gene, partial cds; tRNA-Thr gene, intergenic spacer, tRNA-Pro gene, and D-loop, complete sequence; and tRNA-Phe gene, partial sequence; mitochondrial",45.6677,14.17889,"GoogleEarth",5,"SW region of Slovenia","https://doi.org/10.1016/j.gene.2006.04.016"
"OQ319336.1 Proteus anguinus voucher PA099 cytochrome b gene, partial cds; tRNA-Thr and tRNA-Pro genes and D-loop, complete sequence; and tRNA-Phe gene, partial sequence; mitochondrial",45.82,14.246,"Article","NA","1st excel sheet under supplementary info","https://doi.org/10.1111/mec.16868"
"OQ319464.1 Proteus anguinus voucher PA845 cytochrome b gene, partial cds; tRNA-Thr and tRNA-Pro genes and D-loop, complete sequence; and tRNA-Phe gene, partial sequence; mitochondrial",45.725,14.463,"Article","NA","1st excel sheet under supplementary info","https://doi.org/10.1111/mec.16868"
"OQ319463.1 Proteus anguinus voucher PA823 cytochrome b gene, partial cds; tRNA-Thr and tRNA-Pro genes and D-loop, complete sequence; and tRNA-Phe gene, partial sequence; mitochondrial",45.756,13.938,"Article","NA","1st excel sheet under supplementary info","https://doi.org/10.1111/mec.16868"
"OQ319452.1 Proteus anguinus voucher PA735 cytochrome b gene, partial cds; tRNA-Thr and tRNA-Pro genes and D-loop, complete sequence; and tRNA-Phe gene, partial sequence; mitochondrial",45.68,13.851,"Article","NA","1st excel sheet under supplementary info","https://doi.org/10.1111/mec.16868"
"OQ319451.1 Proteus anguinus voucher PA734 cytochrome b gene, partial cds; tRNA-Thr and tRNA-Pro genes and D-loop, complete sequence; and tRNA-Phe gene, partial sequence; mitochondrial",45.68,13.851,"Article","NA","1st excel sheet under supplementary info","https://doi.org/10.1111/mec.16868"
"OQ319450.1 Proteus anguinus voucher PA733 cytochrome b gene, partial cds; tRNA-Thr and tRNA-Pro genes and D-loop, complete sequence; and tRNA-Phe gene, partial sequence; mitochondrial",45.68,13.851,"Article","NA","1st excel sheet under supplementary info","https://doi.org/10.1111/mec.16868"
"OQ319446.1 Proteus anguinus voucher PA726 cytochrome b gene, partial cds; tRNA-Thr and tRNA-Pro genes and D-loop, complete sequence; and tRNA-Phe gene, partial sequence; mitochondrial",45.68,13.851,"Article","NA","1st excel sheet under supplementary info","https://doi.org/10.1111/mec.16868"
"OQ319445.1 Proteus anguinus voucher PA725 cytochrome b gene, partial cds; tRNA-Thr and tRNA-Pro genes and D-loop, complete sequence; and tRNA-Phe gene, partial sequence; mitochondrial",45.68,13.851,"Article","NA","1st excel sheet under supplementary info","https://doi.org/10.1111/mec.16868"
"OQ319443.1 Proteus anguinus voucher PA722 cytochrome b gene, partial cds; tRNA-Thr and tRNA-Pro genes and D-loop, complete sequence; and tRNA-Phe gene, partial sequence; mitochondrial",45.68,13.851,"Article","NA","1st excel sheet under supplementary info","https://doi.org/10.1111/mec.16868"
"OQ319436.1 Proteus anguinus voucher PA590 cytochrome b gene, partial cds; tRNA-Thr and tRNA-Pro genes and D-loop, complete sequence; and tRNA-Phe gene, partial sequence; mitochondrial",45.82,14.246,"Article","NA","1st excel sheet under supplementary info","https://doi.org/10.1111/mec.16868"
"OQ319383.1 Proteus anguinus voucher PA226 cytochrome b gene, partial cds; tRNA-Thr and tRNA-Pro genes and D-loop, complete sequence; and tRNA-Phe gene, partial sequence; mitochondrial",45.831,13.844,"Article","NA","1st excel sheet under supplementary info","https://doi.org/10.1111/mec.16868"
"OQ319379.1 Proteus anguinus voucher PA215 cytochrome b gene, partial cds; tRNA-Thr and tRNA-Pro genes and D-loop, complete sequence; and tRNA-Phe gene, partial sequence; mitochondrial",45.82,14.246,"Article","NA","1st excel sheet under supplementary info","https://doi.org/10.1111/mec.16868"
"OQ319378.1 Proteus anguinus voucher PA214 cytochrome b gene, partial cds; tRNA-Thr and tRNA-Pro genes and D-loop, complete sequence; and tRNA-Phe gene, partial sequence; mitochondrial",45.82,14.246,"Article","NA","1st excel sheet under supplementary info","https://doi.org/10.1111/mec.16868"
"OQ319376.1 Proteus anguinus voucher PA212 cytochrome b gene, partial cds; tRNA-Thr and tRNA-Pro genes and D-loop, complete sequence; and tRNA-Phe gene, partial sequence; mitochondrial",45.82,14.246,"Article","NA","1st excel sheet under supplementary info","https://doi.org/10.1111/mec.16868"
"OQ319372.1 Proteus anguinus voucher PA198 cytochrome b gene, partial cds; tRNA-Thr and tRNA-Pro genes and D-loop, complete sequence; and tRNA-Phe gene, partial sequence; mitochondrial",45.82,14.246,"Article","NA","1st excel sheet under supplementary info","https://doi.org/10.1111/mec.16868"
"OQ319357.1 Proteus anguinus voucher PA135 cytochrome b gene, partial cds; tRNA-Thr and tRNA-Pro genes and D-loop, complete sequence; and tRNA-Phe gene, partial sequence; mitochondrial",45.711,14.175,"Article","NA","1st excel sheet under supplementary info","https://doi.org/10.1111/mec.16868"
"OQ319330.1 Proteus anguinus voucher PA020 cytochrome b gene, partial cds; tRNA-Thr and tRNA-Pro genes and D-loop, complete sequence; and tRNA-Phe gene, partial sequence; mitochondrial",45.82,14.246,"Article","NA","1st excel sheet under supplementary info","https://doi.org/10.1111/mec.16868"
"OQ319329.1 Proteus anguinus voucher PA015 cytochrome b gene, partial cds; tRNA-Thr and tRNA-Pro genes and D-loop, complete sequence; and tRNA-Phe gene, partial sequence; mitochondrial",45.82,14.246,"Article","NA","1st excel sheet under supplementary info","https://doi.org/10.1111/mec.16868"
"OQ319323.1 Proteus anguinus voucher PA002 cytochrome b gene, partial cds; tRNA-Thr and tRNA-Pro genes and D-loop, complete sequence; and tRNA-Phe gene, partial sequence; mitochondrial",45.82,14.246,"Article","NA","1st excel sheet under supplementary info","https://doi.org/10.1111/mec.16868"
"OQ319322.1 Proteus anguinus voucher PA001 cytochrome b gene, partial cds; tRNA-Thr and tRNA-Pro genes and D-loop, complete sequence; and tRNA-Phe gene, partial sequence; mitochondrial",45.82,14.246,"Article","NA","1st excel sheet under supplementary info","https://doi.org/10.1111/mec.16868"
"OQ319433.1 Proteus anguinus voucher PA332 cytochrome b gene, partial cds; tRNA-Thr and tRNA-Pro genes and D-loop, complete sequence; and tRNA-Phe gene, partial sequence; mitochondrial",45.709,13.806,"Article","NA","1st excel sheet under supplementary info","https://doi.org/10.1111/mec.16868"
"OQ319431.1 Proteus anguinus voucher PA330 cytochrome b gene, partial cds; tRNA-Thr and tRNA-Pro genes and D-loop, complete sequence; and tRNA-Phe gene, partial sequence; mitochondrial",45.68,13.851,"Article","NA","1st excel sheet under supplementary info","https://doi.org/10.1111/mec.16868"
"OQ319458.1 Proteus anguinus voucher PA801 cytochrome b gene, partial cds; tRNA-Thr and tRNA-Pro genes and D-loop, complete sequence; and tRNA-Phe gene, partial sequence; mitochondrial",45.791,13.596,"Article","NA","1st excel sheet under supplementary info","https://doi.org/10.1111/mec.16868"
"OQ319456.1 Proteus anguinus voucher PA799 cytochrome b gene, partial cds; tRNA-Thr and tRNA-Pro genes and D-loop, complete sequence; and tRNA-Phe gene, partial sequence; mitochondrial",45.791,13.596,"Article","NA","1st excel sheet under supplementary info","https://doi.org/10.1111/mec.16868"
"OQ319389.1 Proteus anguinus voucher PA262 cytochrome b gene, partial cds; tRNA-Thr and tRNA-Pro genes and D-loop, complete sequence; and tRNA-Phe gene, partial sequence; mitochondrial",45.791,13.596,"Article","NA","1st excel sheet under supplementary info","https://doi.org/10.1111/mec.16868"
"OQ319457.1 Proteus anguinus voucher PA800 cytochrome b gene, partial cds; tRNA-Thr and tRNA-Pro genes and D-loop, complete sequence; and tRNA-Phe gene, partial sequence; mitochondrial",45.791,13.596,"Article","NA","1st excel sheet under supplementary info","https://doi.org/10.1111/mec.16868"
"OQ319434.1 Proteus anguinus voucher PA334 cytochrome b gene, partial cds; tRNA-Thr and tRNA-Pro genes and D-loop, complete sequence; and tRNA-Phe gene, partial sequence; mitochondrial",45.889,13.504,"Article","NA","1st excel sheet under supplementary info","https://doi.org/10.1111/mec.16868"
"OQ319455.1 Proteus anguinus voucher PA763 cytochrome b gene, partial cds; tRNA-Thr and tRNA-Pro genes and D-loop, complete sequence; and tRNA-Phe gene, partial sequence; mitochondrial",45.697,13.876,"Article","NA","1st excel sheet under supplementary info","https://doi.org/10.1111/mec.16868"
"OQ319454.1 Proteus anguinus voucher PA762 cytochrome b gene, partial cds; tRNA-Thr and tRNA-Pro genes and D-loop, complete sequence; and tRNA-Phe gene, partial sequence; mitochondrial",45.697,13.876,"Article","NA","1st excel sheet under supplementary info","https://doi.org/10.1111/mec.16868"
"OQ319449.1 Proteus anguinus voucher PA732 cytochrome b gene, partial cds; tRNA-Thr and tRNA-Pro genes and D-loop, complete sequence; and tRNA-Phe gene, partial sequence; mitochondrial",45.68,13.851,"Article","NA","1st excel sheet under supplementary info","https://doi.org/10.1111/mec.16868"
"OQ319444.1 Proteus anguinus voucher PA723 cytochrome b gene, partial cds; tRNA-Thr and tRNA-Pro genes and D-loop, complete sequence; and tRNA-Phe gene, partial sequence; mitochondrial",45.68,13.851,"Article","NA","1st excel sheet under supplementary info","https://doi.org/10.1111/mec.16868"
"OQ319442.1 Proteus anguinus voucher PA720 cytochrome b gene, partial cds; tRNA-Thr and tRNA-Pro genes and D-loop, complete sequence; and tRNA-Phe gene, partial sequence; mitochondrial",45.68,13.851,"Article","NA","1st excel sheet under supplementary info","https://doi.org/10.1111/mec.16868"
"OQ319448.1 Proteus anguinus voucher PA728 cytochrome b gene, partial cds; tRNA-Thr and tRNA-Pro genes and D-loop, complete sequence; and tRNA-Phe gene, partial sequence; mitochondrial",45.68,13.851,"Article","NA","1st excel sheet under supplementary info","https://doi.org/10.1111/mec.16868"
"OQ319447.1 Proteus anguinus voucher PA727 cytochrome b gene, partial cds; tRNA-Thr and tRNA-Pro genes and D-loop, complete sequence; and tRNA-Phe gene, partial sequence; mitochondrial",45.68,13.851,"Article","NA","1st excel sheet under supplementary info","https://doi.org/10.1111/mec.16868"
"DQ494768.1 Proteus anguinus haplotype RU70 cytochrome b gene, partial cds; tRNA-Thr gene, intergenic spacer, tRNA-Pro gene, and D-loop, complete sequence; and tRNA-Phe gene, partial sequence; mitochondrial",46.0142,14.7902778,"GoogleEarth",5,"SE region of Slovenia","https://doi.org/10.1016/j.gene.2006.04.016"
"OQ319471.1 Proteus anguinus voucher PC456 cytochrome b gene, partial cds; tRNA-Thr and tRNA-Pro genes and D-loop, complete sequence; and tRNA-Phe gene, partial sequence; mitochondrial",45.949,14.815,"Article","NA","1st excel sheet under supplementary info","https://doi.org/10.1111/mec.16868"
"OQ319470.1 Proteus anguinus voucher PC455 cytochrome b gene, partial cds; tRNA-Thr and tRNA-Pro genes and D-loop, complete sequence; and tRNA-Phe gene, partial sequence; mitochondrial",45.949,14.815,"Article","NA","1st excel sheet under supplementary info","https://doi.org/10.1111/mec.16868"
"OQ319469.1 Proteus anguinus voucher PC454 cytochrome b gene, partial cds; tRNA-Thr and tRNA-Pro genes and D-loop, complete sequence; and tRNA-Phe gene, partial sequence; mitochondrial",45.949,14.815,"Article","NA","1st excel sheet under supplementary info","https://doi.org/10.1111/mec.16868"
"OQ319468.1 Proteus anguinus voucher PC453 cytochrome b gene, partial cds; tRNA-Thr and tRNA-Pro genes and D-loop, complete sequence; and tRNA-Phe gene, partial sequence; mitochondrial",45.949,14.815,"Article","NA","1st excel sheet under supplementary info","https://doi.org/10.1111/mec.16868"
"OQ319453.1 Proteus anguinus voucher PA745 cytochrome b gene, partial cds; tRNA-Thr and tRNA-Pro genes and D-loop, complete sequence; and tRNA-Phe gene, partial sequence; mitochondrial",45.949,14.815,"Article","NA","1st excel sheet under supplementary info","https://doi.org/10.1111/mec.16868"
"OQ319438.1 Proteus anguinus voucher PA645 cytochrome b gene, partial cds; tRNA-Thr and tRNA-Pro genes and D-loop, complete sequence; and tRNA-Phe gene, partial sequence; mitochondrial",45.569,15.147,"Article","NA","1st excel sheet under supplementary info","https://doi.org/10.1111/mec.16868"
"OQ319437.1 Proteus anguinus voucher PA591 cytochrome b gene, partial cds; tRNA-Thr and tRNA-Pro genes and D-loop, complete sequence; and tRNA-Phe gene, partial sequence; mitochondrial",45.569,15.147,"Article","NA","1st excel sheet under supplementary info","https://doi.org/10.1111/mec.16868"
"OQ319430.1 Proteus anguinus voucher PA319 cytochrome b gene, partial cds; tRNA-Thr and tRNA-Pro genes and D-loop, complete sequence; and tRNA-Phe gene, partial sequence; mitochondrial",45.573,15.149,"Article","NA","1st excel sheet under supplementary info","https://doi.org/10.1111/mec.16868"
"OQ319429.1 Proteus anguinus voucher PA317 cytochrome b gene, partial cds; tRNA-Thr and tRNA-Pro genes and D-loop, complete sequence; and tRNA-Phe gene, partial sequence; mitochondrial",45.573,15.149,"Article","NA","1st excel sheet under supplementary info","https://doi.org/10.1111/mec.16868"
"OQ319384.1 Proteus anguinus voucher PA228 cytochrome b gene, partial cds; tRNA-Thr and tRNA-Pro genes and D-loop, complete sequence; and tRNA-Phe gene, partial sequence; mitochondrial",45.573,15.149,"Article","NA","1st excel sheet under supplementary info","https://doi.org/10.1111/mec.16868"
"OQ319374.1 Proteus anguinus voucher PA202 cytochrome b gene, partial cds; tRNA-Thr and tRNA-Pro genes and D-loop, complete sequence; and tRNA-Phe gene, partial sequence; mitochondrial",45.573,15.149,"Article","NA","1st excel sheet under supplementary info","https://doi.org/10.1111/mec.16868"
"OQ319364.1 Proteus anguinus voucher PA152 cytochrome b gene, partial cds; tRNA-Thr and tRNA-Pro genes and D-loop, complete sequence; and tRNA-Phe gene, partial sequence; mitochondrial",45.573,15.149,"Article","NA","1st excel sheet under supplementary info","https://doi.org/10.1111/mec.16868"
"OQ319331.1 Proteus anguinus voucher PA027 cytochrome b gene, partial cds; tRNA-Thr and tRNA-Pro genes and D-loop, complete sequence; and tRNA-Phe gene, partial sequence; mitochondrial",45.573,15.149,"Article","NA","1st excel sheet under supplementary info","https://doi.org/10.1111/mec.16868"
"OQ319327.1 Proteus anguinus voucher PA009 cytochrome b gene, partial cds; tRNA-Thr and tRNA-Pro genes and D-loop, complete sequence; and tRNA-Phe gene, partial sequence; mitochondrial",45.573,15.149,"Article","NA","1st excel sheet under supplementary info","https://doi.org/10.1111/mec.16868"
"OQ319326.1 Proteus anguinus voucher PA008 cytochrome b gene, partial cds; tRNA-Thr and tRNA-Pro genes and D-loop, complete sequence; and tRNA-Phe gene, partial sequence; mitochondrial",45.573,15.149,"Article","NA","1st excel sheet under supplementary info","https://doi.org/10.1111/mec.16868"
"OQ319325.1 Proteus anguinus voucher PA007 cytochrome b gene, partial cds; tRNA-Thr and tRNA-Pro genes and D-loop, complete sequence; and tRNA-Phe gene, partial sequence; mitochondrial",45.573,15.149,"Article","NA","1st excel sheet under supplementary info","https://doi.org/10.1111/mec.16868"
"DQ494771.1 Proteus anguinus haplotype JE143-variant1 cytochrome b gene, partial cds; tRNA-Thr gene, intergenic spacer, tRNA-Pro gene, and D-loop, complete sequence; and tRNA-Phe gene, partial sequence; mitochondrial",45.5336,15.1186,"GoogleEarth",5,"SE region of Slovenia","https://doi.org/10.1016/j.gene.2006.04.016"
"DQ494772.1 Proteus anguinus haplotype JE143-variant2 cytochrome b gene, partial cds; tRNA-Thr gene, intergenic spacer, tRNA-Pro gene, and D-loop, complete sequence; and tRNA-Phe gene, partial sequence; mitochondrial",45.5336,15.1186,"GoogleEarth",5,"SE region of Slovenia","https://doi.org/10.1016/j.gene.2006.04.016"
"OQ319461.1 Proteus anguinus voucher PA805 cytochrome b gene, partial cds; tRNA-Thr and tRNA-Pro genes and D-loop, complete sequence; and tRNA-Phe gene, partial sequence; mitochondrial",45.904,14.705,"Article","NA","1st excel sheet under supplementary info","https://doi.org/10.1111/mec.16868"
"OQ319460.1 Proteus anguinus voucher PA804 cytochrome b gene, partial cds; tRNA-Thr and tRNA-Pro genes and D-loop, complete sequence; and tRNA-Phe gene, partial sequence; mitochondrial",45.904,14.705,"Article","NA","1st excel sheet under supplementary info","https://doi.org/10.1111/mec.16868"
"OQ319459.1 Proteus anguinus voucher PA803 cytochrome b gene, partial cds; tRNA-Thr and tRNA-Pro genes and D-loop, complete sequence; and tRNA-Phe gene, partial sequence; mitochondrial",45.904,14.705,"Article","NA","1st excel sheet under supplementary info","https://doi.org/10.1111/mec.16868"
"OQ319467.1 Proteus anguinus voucher PB549 cytochrome b gene, partial cds; tRNA-Thr and tRNA-Pro genes and D-loop, complete sequence; and tRNA-Phe gene, partial sequence; mitochondrial",45.649,14.887,"Article","NA","1st excel sheet under supplementary info","https://doi.org/10.1111/mec.16868"
"OQ319440.1 Proteus anguinus voucher PA702 cytochrome b gene, partial cds; tRNA-Thr and tRNA-Pro genes and D-loop, complete sequence; and tRNA-Phe gene, partial sequence; mitochondrial",45.739,15.045,"Article","NA","1st excel sheet under supplementary info","https://doi.org/10.1111/mec.16868"
"OQ319462.1 Proteus anguinus voucher PA806 cytochrome b gene, partial cds; tRNA-Thr and tRNA-Pro genes and D-loop, complete sequence; and tRNA-Phe gene, partial sequence; mitochondrial",45.608,15.192,"Article","NA","1st excel sheet under supplementary info","https://doi.org/10.1111/mec.16868"
"OQ319441.1 Proteus anguinus voucher PA703 cytochrome b gene, partial cds; tRNA-Thr and tRNA-Pro genes and D-loop, complete sequence; and tRNA-Phe gene, partial sequence; mitochondrial",45.739,15.045,"Article","NA","1st excel sheet under supplementary info","https://doi.org/10.1111/mec.16868"
"DQ494774.1 Proteus anguinus haplotype OT141 cytochrome b gene, partial cds; tRNA-Thr gene, intergenic spacer, tRNA-Pro gene, and D-loop, complete sequence; and tRNA-Phe gene, partial sequence; mitochondrial",45.62583,15.1538,"GoogleEarth",5,"SE region of Slovenia","https://doi.org/10.1016/j.gene.2006.04.016"
"DQ494773.1 Proteus anguinus haplotype OT13 cytochrome b gene, partial cds; tRNA-Thr gene, intergenic spacer, tRNA-Pro gene, and D-loop, complete sequence; and tRNA-Phe gene, partial sequence; mitochondrial",45.62583,15.1538,"GoogleEarth",5,"SE region of Slovenia","https://doi.org/10.1016/j.gene.2006.04.016"
"DQ494775.1 Proteus anguinus haplotype OT153 cytochrome b gene, partial cds; tRNA-Thr gene, intergenic spacer, tRNA-Pro gene, and D-loop, complete sequence; and tRNA-Phe gene, partial sequence; mitochondrial",45.62583,15.1538,"GoogleEarth",5,"SE region of Slovenia","https://doi.org/10.1016/j.gene.2006.04.016"
"OQ319377.1 Proteus anguinus voucher PA213 cytochrome b gene, partial cds; tRNA-Thr and tRNA-Pro genes and D-loop, complete sequence; and tRNA-Phe gene, partial sequence; mitochondrial",45.592,15.167,"Article","NA","1st excel sheet under supplementary info","https://doi.org/10.1111/mec.16868"
"OQ319363.1 Proteus anguinus voucher PA151 cytochrome b gene, partial cds; tRNA-Thr and tRNA-Pro genes and D-loop, complete sequence; and tRNA-Phe gene, partial sequence; mitochondrial",45.592,15.167,"Article","NA","1st excel sheet under supplementary info","https://doi.org/10.1111/mec.16868"
"OQ319362.1 Proteus anguinus voucher PA142 cytochrome b gene, partial cds; tRNA-Thr and tRNA-Pro genes and D-loop, complete sequence; and tRNA-Phe gene, partial sequence; mitochondrial",45.592,15.167,"Article","NA","1st excel sheet under supplementary info","https://doi.org/10.1111/mec.16868"
"OQ319361.1 Proteus anguinus voucher PA140 cytochrome b gene, partial cds; tRNA-Thr and tRNA-Pro genes and D-loop, complete sequence; and tRNA-Phe gene, partial sequence; mitochondrial",45.592,15.167,"Article","NA","1st excel sheet under supplementary info","https://doi.org/10.1111/mec.16868"
"OQ319359.1 Proteus anguinus voucher PA137 cytochrome b gene, partial cds; tRNA-Thr and tRNA-Pro genes and D-loop, complete sequence; and tRNA-Phe gene, partial sequence; mitochondrial",45.592,15.167,"Article","NA","1st excel sheet under supplementary info","https://doi.org/10.1111/mec.16868"
"OQ319356.1 Proteus anguinus voucher PA133 cytochrome b gene, partial cds; tRNA-Thr and tRNA-Pro genes and D-loop, complete sequence; and tRNA-Phe gene, partial sequence; mitochondrial",45.592,15.167,"Article","NA","1st excel sheet under supplementary info","https://doi.org/10.1111/mec.16868"
"OQ319355.1 Proteus anguinus voucher PA132 cytochrome b gene, partial cds; tRNA-Thr and tRNA-Pro genes and D-loop, complete sequence; and tRNA-Phe gene, partial sequence; mitochondrial",45.592,15.167,"Article","NA","1st excel sheet under supplementary info","https://doi.org/10.1111/mec.16868"
"OQ319337.1 Proteus anguinus voucher PA101 cytochrome b gene, partial cds; tRNA-Thr and tRNA-Pro genes and D-loop, complete sequence; and tRNA-Phe gene, partial sequence; mitochondrial",45.604,15.171,"Article","NA","1st excel sheet under supplementary info","https://doi.org/10.1111/mec.16868"
"OQ319324.1 Proteus anguinus voucher PA004 cytochrome b gene, partial cds; tRNA-Thr and tRNA-Pro genes and D-loop, complete sequence; and tRNA-Phe gene, partial sequence; mitochondrial",45.592,15.167,"Article","NA","1st excel sheet under supplementary info","https://doi.org/10.1111/mec.16868"
"DQ494769.1 Proteus anguinus haplotype KO12 cytochrome b gene, partial cds; tRNA-Thr gene, intergenic spacer, tRNA-Pro gene, D-loop, and tRNA-Phe gene, complete sequence; and 12S ribosomal RNA gene, partial sequence; mitochondrial",45.8191667,14.08694,"GoogleEarth",5,"SE region of Slovenia","https://doi.org/10.1016/j.gene.2006.04.016"
"OQ319466.1 Proteus anguinus voucher PB521 cytochrome b gene, partial cds; tRNA-Thr and tRNA-Pro genes and D-loop, complete sequence; and tRNA-Phe gene, partial sequence; mitochondrial",45.655,14.895,"Article","NA","1st excel sheet under supplementary info","https://doi.org/10.1111/mec.16868"
"OQ319382.1 Proteus anguinus voucher PA225 cytochrome b gene, partial cds; tRNA-Thr and tRNA-Pro genes and D-loop, complete sequence; and tRNA-Phe gene, partial sequence; mitochondrial",45.708,14.79,"Article","NA","1st excel sheet under supplementary info","https://doi.org/10.1111/mec.16868"
"OQ319373.1 Proteus anguinus voucher PA201 cytochrome b gene, partial cds; tRNA-Thr and tRNA-Pro genes and D-loop, complete sequence; and tRNA-Phe gene, partial sequence; mitochondrial",45.8,14.731,"Article","NA","1st excel sheet under supplementary info","https://doi.org/10.1111/mec.16868"
"OQ319360.1 Proteus anguinus voucher PA139 cytochrome b gene, partial cds; tRNA-Thr and tRNA-Pro genes and D-loop, complete sequence; and tRNA-Phe gene, partial sequence; mitochondrial",45.8,14.731,"Article","NA","1st excel sheet under supplementary info","https://doi.org/10.1111/mec.16868"
"OQ319358.1 Proteus anguinus voucher PA136 cytochrome b gene, partial cds; tRNA-Thr and tRNA-Pro genes and D-loop, complete sequence; and tRNA-Phe gene, partial sequence; mitochondrial",45.8,14.731,"Article","NA","1st excel sheet under supplementary info","https://doi.org/10.1111/mec.16868"
"OQ319354.1 Proteus anguinus voucher PA131 cytochrome b gene, partial cds; tRNA-Thr and tRNA-Pro genes and D-loop, complete sequence; and tRNA-Phe gene, partial sequence; mitochondrial",45.66,14.749,"Article","NA","1st excel sheet under supplementary info","https://doi.org/10.1111/mec.16868"
"OQ319353.1 Proteus anguinus voucher PA130 cytochrome b gene, partial cds; tRNA-Thr and tRNA-Pro genes and D-loop, complete sequence; and tRNA-Phe gene, partial sequence; mitochondrial",45.66,14.749,"Article","NA","1st excel sheet under supplementary info","https://doi.org/10.1111/mec.16868"
"OQ319352.1 Proteus anguinus voucher PA129 cytochrome b gene, partial cds; tRNA-Thr and tRNA-Pro genes and D-loop, complete sequence; and tRNA-Phe gene, partial sequence; mitochondrial",45.66,14.749,"Article","NA","1st excel sheet under supplementary info","https://doi.org/10.1111/mec.16868"
"OQ319351.1 Proteus anguinus voucher PA128 cytochrome b gene, partial cds; tRNA-Thr and tRNA-Pro genes and D-loop, complete sequence; and tRNA-Phe gene, partial sequence; mitochondrial",45.66,14.749,"Article","NA","1st excel sheet under supplementary info","https://doi.org/10.1111/mec.16868"
"OQ319350.1 Proteus anguinus voucher PA127 cytochrome b gene, partial cds; tRNA-Thr and tRNA-Pro genes and D-loop, complete sequence; and tRNA-Phe gene, partial sequence; mitochondrial",45.66,14.749,"Article","NA","1st excel sheet under supplementary info","https://doi.org/10.1111/mec.16868"
"OQ319348.1 Proteus anguinus voucher PA125 cytochrome b gene, partial cds; tRNA-Thr and tRNA-Pro genes and D-loop, complete sequence; and tRNA-Phe gene, partial sequence; mitochondrial",45.66,14.749,"Article","NA","1st excel sheet under supplementary info","https://doi.org/10.1111/mec.16868"
"OQ319347.1 Proteus anguinus voucher PA123 cytochrome b gene, partial cds; tRNA-Thr and tRNA-Pro genes and D-loop, complete sequence; and tRNA-Phe gene, partial sequence; mitochondrial",45.66,14.749,"Article","NA","1st excel sheet under supplementary info","https://doi.org/10.1111/mec.16868"
"OQ319346.1 Proteus anguinus voucher PA122 cytochrome b gene, partial cds; tRNA-Thr and tRNA-Pro genes and D-loop, complete sequence; and tRNA-Phe gene, partial sequence; mitochondrial",45.66,14.749,"Article","NA","1st excel sheet under supplementary info","https://doi.org/10.1111/mec.16868"
"OQ319328.1 Proteus anguinus voucher PA011 cytochrome b gene, partial cds; tRNA-Thr and tRNA-Pro genes and D-loop, complete sequence; and tRNA-Phe gene, partial sequence; mitochondrial",45.8,14.731,"Article","NA","1st excel sheet under supplementary info","https://doi.org/10.1111/mec.16868"
"DQ494770.1 Proteus anguinus haplotype MB166 cytochrome b gene, partial cds; tRNA-Thr gene, intergenic spacer, tRNA-Pro gene, and D-loop, complete sequence; and tRNA-Phe gene, partial sequence; mitochondrial",45.68472,14.65527,"GoogleEarth",5,"SE region of Slovenia","https://doi.org/10.1016/j.gene.2006.04.016"
"OQ319349.1 Proteus anguinus voucher PA126 cytochrome b gene, partial cds; tRNA-Thr and tRNA-Pro genes and D-loop, complete sequence; and tRNA-Phe gene, partial sequence; mitochondrial",45.66,14.749,"Article","NA","1st excel sheet under supplementary info","https://doi.org/10.1111/mec.16868"
