"value","Lat","Lon","Error","voucher","Reference"
"KP900057 Pseudoeurycea robertsi",19.166288,-99.819485,3036,"IBH:22232",
"AF380792 Pseudoeurycea robertsi",19.166288,-99.819485,3036,,
"ON369410 Pseudoeurycea robertsi",19.106012,-99.869066,6257,"IBH:CNAR:32424","García-Sánchez, J.C., Arredondo-Centeno, J., Segovia-Ramírez, M.G. et al. Factors Influencing Bacterial and Fungal Skin Communities of Montane Salamanders of Central Mexico. Microb Ecol 86, 670–686 (2023). https://doi-org.libproxy.unm.edu/10.1007/s00248-022-02049-x"
"Pseudoeurycea_robertsi.MK357661",19.19,-100.03,,,
"Pseudoeurycea_robertsi.MK357671",19.17,-99.88,,,
"Pseudoeurycea_robertsi.MK357677",19.15,-99.81,,,
"Pseudoeurycea_robertsi.MK357676",19.16,-99.82,,,
"Pseudoeurycea_robertsi.MK357675",19.19,-100.03,,,
"Pseudoeurycea_robertsi.MK357674",19.17,-99.88,,,
"Pseudoeurycea_robertsi.MK357673",19.15,-99.81,,,
"Pseudoeurycea_robertsi.MK357672",19.16,-99.82,,,
