value,Lat,Lon,Error_km,Method,voucher,Notes,Reference
KR054886 Pseudotriton ruber,32.534921,-86.642757,15417,NA,FOLT-0284,NA,https://www.sciencedirect.com/science/article/pii/S1055790316000324?via%3Dihub
KR054885 Pseudotriton ruber,32.534921,-86.642757,15417,NA,FOLT-0283,NA,https://www.sciencedirect.com/science/article/pii/S1055790316000324?via%3Dihub
KR054921 Pseudotriton ruber,30.853342,-90.040525,16280,NA,LSUMZ-20597,"Washington, LA",https://www.sciencedirect.com/science/article/pii/S1055790316000324?via%3Dihub
KR054920 Pseudotriton ruber,30.853342,-90.040525,16280,NA,LSUMZ-2853,"Washington, LA",https://www.sciencedirect.com/science/article/pii/S1055790316000324?via%3Dihub
KR054913 Pseudotriton ruber,33.088491,-89.034429,13987,NA,LSUMZ-1933,"Winston, MS",https://www.sciencedirect.com/science/article/pii/S1055790316000324?via%3Dihub
KR054912 Pseudotriton ruber,33.347307,-89.248381,14718,NA,LSUMZ-1932,"Choctaw, MS",https://www.sciencedirect.com/science/article/pii/S1055790316000324?via%3Dihub
KR054911 Pseudotriton ruber,30.853342,-90.040525,16280,NA,LSUMZ-1579,"Washington, LA",https://www.sciencedirect.com/science/article/pii/S1055790316000324?via%3Dihub
KR054890 Pseudotriton ruber,36.883447,-88.329381,14830,NA,FOLT-0303,"Marshall, KY",https://www.sciencedirect.com/science/article/pii/S1055790316000324?via%3Dihub
KR054889 Pseudotriton ruber,36.883447,-88.329381,14830,NA,FOLT-0301,"Marshall, KY",https://www.sciencedirect.com/science/article/pii/S1055790316000324?via%3Dihub
KR054884 Pseudotriton ruber,31.248493,-86.451248,23754,NA,FOLT-0263,"Covington, AL",https://www.sciencedirect.com/science/article/pii/S1055790316000324?via%3Dihub
KR054883 Pseudotriton ruber,31.248493,-86.451248,23754,NA,FOLT-0262,"Covington, AL",https://www.sciencedirect.com/science/article/pii/S1055790316000324?via%3Dihub
KR054903 Pseudotriton ruber,31.248493,-86.451248,23754,NA,FOLT-0336,"Covington, AL",https://www.sciencedirect.com/science/article/pii/S1055790316000324?via%3Dihub
