"value","Lat","Lon"
"Pseudoeurycea.leprosa.GQ468468",19.7130556,-97.539
"Pseudoeurycea.leprosa.GQ468470",19.7116667,-97.4761
"Pseudoeurycea.leprosa.GQ468469",19.7116667,-97.4761
"Pseudoeurycea.leprosa.GQ468473",19.6308333,-97.0905
"Pseudoeurycea.leprosa.GQ468467",19.7130556,-97.539
"Pseudoeurycea.leprosa.GQ468478",19.6308333,-97.0905
"Pseudoeurycea.leprosa.GQ468476",19.6308333,-97.0905
"Pseudoeurycea.leprosa.GQ468477",19.6308333,-97.0905
"Pseudoeurycea.leprosa.GQ468475",19.6308333,-97.0905
"Pseudoeurycea.leprosa.GQ468474",19.6308333,-97.0905
"Pseudoeurycea.leprosa.GQ468485",19.3505556,-97.2469
"Pseudoeurycea.leprosa.GQ468486",19.3505556,-97.2469
"Pseudoeurycea.leprosa.GQ468481",19.6308333,-97.0905
"Pseudoeurycea.leprosa.GQ468484",19.6308333,-97.0905
"Pseudoeurycea.leprosa.GQ468482",19.6308333,-97.0905
"Pseudoeurycea.leprosa.GQ468483",19.6308333,-97.0905
"Pseudoeurycea.leprosa.GQ468472",19.6308333,-97.0905
"Pseudoeurycea.leprosa.GQ468492",18.975,-97.1905
"Pseudoeurycea.leprosa.GQ468490",18.975,-97.1905
"Pseudoeurycea.leprosa.GQ468491",18.975,-97.1905
