"value","Lat","Lon","Error"
"AF380761 Lineatriton lineolus",18.557716,-95.200793,3115
"AF380759 Lineatriton lineolus",18.557716,-95.200793,3115
"AF380760 Lineatriton lineolus",18.557716,-95.200793,3115
"AF380758 Lineatriton lineolus",18.557716,-95.200793,3115
"Pseudoeurycea.lineola.AF380762",18.891835,-97.005943,1140
"Pseudoeurycea.lineola.AF380764",18.86,-97.01,
"Pseudoeurycea.lineola.AF380769",18.86,-97.01,
"Pseudoeurycea.lineola.AF380768",18.891835,-97.005943,1140
"Pseudoeurycea.lineola.AF380766",18.857595,-97.012797,922
"Pseudoeurycea.lineola.AF380767",18.8577,-97.0127,
"Pseudoeurycea.lineola.AF380765",18.8577,-97.0127,
"Pseudoeurycea.lineola.KP900070",18.86,-97.01,
"Pseudoeurycea.lineola.AF380763",18.8577,-97.0127,
