value,Lat,Lon,Method,Error_km,Museum_Field_Number,Notes,Reference
AY713120_cytb,30.8333,-87.29444,NA,NA,NA,NA,https://doi.org/10.1016/j.ympev.2005.09.015
AY713121_cytb,30.76833,-85.82388,"Article,googleearth,GPS",8,NA,NA,https://doi.org/10.1016/j.ympev.2005.09.015
AY713122_cytb,30.76833,-85.82388,"Article,googleearth,GPS",8,NA,NA,https://doi.org/10.1016/j.ympev.2005.09.015
AY713123_cytb,30.76833,-85.82388,"Article,googleearth,GPS",8,NA,NA,https://doi.org/10.1016/j.ympev.2005.09.015
AY713124_cytb,30.7661111,-85.70388,"Article,googleearth,GPS",4,NA,NA,https://doi.org/10.1016/j.ympev.2005.09.015
AY713125_cytb,30.7661111,-85.70388,"Article,googleearth,GPS",4,NA,NA,https://doi.org/10.1016/j.ympev.2005.09.015
AY713126_cytb,30.7661111,-85.70388,"Article,googleearth,GPS",4,NA,NA,https://doi.org/10.1016/j.ympev.2005.09.015
AY713127_cytb,31.22,-84.479166,"Article,googleearth,GPS",1,NA,NA,https://doi.org/10.1016/j.ympev.2005.09.015
AY713128_cytb,31.22,-84.479166,"Article,googleearth,GPS",1,NA,NA,https://doi.org/10.1016/j.ympev.2005.09.015
AY713129_cytb,31.22,-84.479166,"Article,googleearth,GPS",1,NA,NA,https://doi.org/10.1016/j.ympev.2005.09.015
AY713130_cytb,31.85777,-84.2294,"Article,googleearth,GPS",0.5,NA,NA,https://doi.org/10.1016/j.ympev.2005.09.015
AY713131_cytb,31.85777,-84.2294,"Article,googleearth,GPS",0.5,NA,NA,https://doi.org/10.1016/j.ympev.2005.09.015
AY713132_cytb,30.19361,-84.44277,"Article,googleearth,GPS",1,NA,NA,https://doi.org/10.1016/j.ympev.2005.09.015
AY713133_cytb,30.19361,-84.44277,"Article,googleearth,GPS",1,NA,NA,https://doi.org/10.1016/j.ympev.2005.09.015
AY713134_cytb,30.2863889,-83.315,"Article,googleearth,GPS",1,NA,NA,https://doi.org/10.1016/j.ympev.2005.09.015
AY713135_cytb,30.2863889,-83.315,"Article,googleearth,GPS",1,NA,NA,https://doi.org/10.1016/j.ympev.2005.09.015
AY713136_cytb,30.2863889,-83.315,"Article,googleearth,GPS",1,NA,NA,https://doi.org/10.1016/j.ympev.2005.09.015
AY713137_cytb,30.4222,-83.56333,"Article,googleearth,GPS",1,NA,NA,https://doi.org/10.1016/j.ympev.2005.09.015
AY713138_cytb,30.4222,-83.56333,"Article,googleearth,GPS",1,NA,NA,https://doi.org/10.1016/j.ympev.2005.09.015
AY713139_cytb,30.4222,-83.56333,"Article,googleearth,GPS",1,NA,NA,https://doi.org/10.1016/j.ympev.2005.09.015
AY713140_cytb,30.4222,-83.56333,"Article,googleearth,GPS",1,NA,NA,https://doi.org/10.1016/j.ympev.2005.09.015
AY713141_cytb,30.4222,-83.56333,"Article,googleearth,GPS",1,NA,NA,https://doi.org/10.1016/j.ympev.2005.09.015
AY713142_cytb,30.4222,-83.56333,"Article,googleearth,GPS",1,NA,NA,https://doi.org/10.1016/j.ympev.2005.09.015
AY713143_cytb,29.46916,-82.99833,"Article,googleearth,GPS",5,NA,NA,https://doi.org/10.1016/j.ympev.2005.09.015
AY713144_cytb,29.6041667,-82.7544,"Article,googleearth,GPS",4,NA,NA,https://doi.org/10.1016/j.ympev.2005.09.015
AY713145_cytb,29.6041667,-82.7544,"Article,googleearth,GPS",4,NA,NA,https://doi.org/10.1016/j.ympev.2005.09.015
AY713146_cytb,29.6041667,-82.7544,"Article,googleearth,GPS",4,NA,NA,https://doi.org/10.1016/j.ympev.2005.09.015
AY713147_cytb,29.6041667,-82.7544,"Article,googleearth,GPS",4,NA,NA,https://doi.org/10.1016/j.ympev.2005.09.015
AY713148_cytb,29.6041667,-82.7544,"Article,googleearth,GPS",4,NA,NA,https://doi.org/10.1016/j.ympev.2005.09.015
AY713149_cytb,29.6041667,-82.7544,"Article,googleearth,GPS",4,NA,NA,https://doi.org/10.1016/j.ympev.2005.09.015
AY713149.1_cytb,29.4430556,-82.754722,"Article,googleearth,GPS",5,NA,NA,https://doi.org/10.1016/j.ympev.2005.09.015
AY713150_cytb,29.4430556,-82.754722,"Article,googleearth,GPS",5,NA,NA,https://doi.org/10.1016/j.ympev.2005.09.015
AY713151_cytb,29.4430556,-82.754722,"Article,googleearth,GPS",5,NA,NA,https://doi.org/10.1016/j.ympev.2005.09.015
AY713152_cytb,29.4430556,-82.754722,"Article,googleearth,GPS",5,NA,NA,https://doi.org/10.1016/j.ympev.2005.09.015
AY713153_cytb,28.5175,-82.57805,"Article,googleearth,GPS",2,NA,NA,https://doi.org/10.1016/j.ympev.2005.09.015
AY713154_cytb,28.4972,-82.18333,"Article,googleearth,GPS",2,NA,NA,https://doi.org/10.1016/j.ympev.2005.09.015
AY713155_cytb,28.4972,-82.18333,"Article,googleearth,GPS",2,NA,NA,https://doi.org/10.1016/j.ympev.2005.09.015
AY713156_cytb,28.4972,-82.18333,"Article,googleearth,GPS",2,NA,NA,https://doi.org/10.1016/j.ympev.2005.09.015
AY713157_cytb,28.4972,-82.18333,"Article,googleearth,GPS",2,NA,NA,https://doi.org/10.1016/j.ympev.2005.09.015
AY713158_cytb,33.31138,-80.81888,"Article,googleearth,GPS",2,NA,NA,https://doi.org/10.1016/j.ympev.2005.09.015
AY713159_cytb,31.87861,-81.60666,"Article,googleearth,GPS",3,NA,NA,https://doi.org/10.1016/j.ympev.2005.09.015
AY713160.1_cytb,31.9352778,-81.75166,"Article,googleearth,GPS",3,NA,NA,https://doi.org/10.1016/j.ympev.2005.09.015
AY713160.2_cytb,31.689722,-81.471666,"Article,googleearth,GPS",3,NA,NA,https://doi.org/10.1016/j.ympev.2005.09.015
AY713160_cytb,31.87861,-81.60666,"Article,googleearth,GPS",3,NA,NA,https://doi.org/10.1016/j.ympev.2005.09.015
AY713161_cytb,31.9352778,-81.75166,"Article,googleearth,GPS",3,NA,NA,https://doi.org/10.1016/j.ympev.2005.09.015
AY713162_cytb,31.9352778,-81.75166,"Article,googleearth,GPS",3,NA,NA,https://doi.org/10.1016/j.ympev.2005.09.015
AY713163_cytb,31.9352778,-81.75166,"Article,googleearth,GPS",3,NA,NA,https://doi.org/10.1016/j.ympev.2005.09.015
AY713164_cytb,31.689722,-81.47166,"Article,googleearth,GPS",3,NA,NA,https://doi.org/10.1016/j.ympev.2005.09.015
AY713165_cytb,31.689722,-81.47166,"Article,googleearth,GPS",3,NA,NA,https://doi.org/10.1016/j.ympev.2005.09.015
AY713166_cytb,31.689722,-81.47166,"Article,googleearth,GPS",3,NA,NA,https://doi.org/10.1016/j.ympev.2005.09.015
AY713167_cytb,31.689722,-81.47166,"Article,googleearth,GPS",3,NA,NA,https://doi.org/10.1016/j.ympev.2005.09.015
AY713168_cytb,31.57833,-81.5775,"Article,googleearth,GPS",10,NA,Only given that it is on the county line ,https://doi.org/10.1016/j.ympev.2005.09.015
AY713169_cytb,31.57833,-81.5775,"Article,googleearth,GPS",10,NA,Only given that it is on the county line ,https://doi.org/10.1016/j.ympev.2005.09.015
AY713170_cytb,31.57833,-81.7557,"Article,googleearth,GPS",10,NA,Only given that it is on the county line ,https://doi.org/10.1016/j.ympev.2005.09.015
AY713171_cytb,31.57833,-81.7557,"Article,googleearth,GPS",10,NA,Only given that it is on the county line ,https://doi.org/10.1016/j.ympev.2005.09.015
AY713172_cytb,31.57833,-81.7557,"Article,googleearth,GPS",10,NA,Only given that it is on the county line ,https://doi.org/10.1016/j.ympev.2005.09.015
AY713173_cytb,31.57833,-81.7557,"Article,googleearth,GPS",10,NA,NA,https://doi.org/10.1016/j.ympev.2005.09.015
AY713174_cytb,31.57833,-81.7557,"Article,googleearth,GPS",10,NA,NA,https://doi.org/10.1016/j.ympev.2005.09.015
AY713175_cytb,31.3713889,-81.84583,"Article,googleearth,GPS",5,NA,NA,https://doi.org/10.1016/j.ympev.2005.09.015
AY713176_cytb,31.3713889,-81.84583,"Article,googleearth,GPS",5,NA,NA,https://doi.org/10.1016/j.ympev.2005.09.015
AY713177_cytb,31.3713889,-81.84583,"Article,googleearth,GPS",5,NA,NA,https://doi.org/10.1016/j.ympev.2005.09.015
AY713178_cytb,31.3713889,-81.84583,"Article,googleearth,GPS",5,NA,NA,https://doi.org/10.1016/j.ympev.2005.09.015
AY713179_cytb,31.3713889,-81.84583,"Article,googleearth,GPS",5,NA,NA,https://doi.org/10.1016/j.ympev.2005.09.015
AY713180_cytb,31.3713889,-81.84583,"Article,googleearth,GPS",5,NA,NA,https://doi.org/10.1016/j.ympev.2005.09.015
AY713181_cytb,31.3541667,-81.948055,"Article,googleearth,GPS",1,NA,NA,https://doi.org/10.1016/j.ympev.2005.09.015
AY713182_cytb,31.3541667,-81.948055,"Article,googleearth,GPS",1,NA,NA,https://doi.org/10.1016/j.ympev.2005.09.015
AY713183_cytb,31.3541667,-81.948055,"Article,googleearth,GPS",1,NA,NA,https://doi.org/10.1016/j.ympev.2005.09.015
AY713184_cytb,31.3541667,-81.948055,"Article,googleearth,GPS",1,NA,NA,https://doi.org/10.1016/j.ympev.2005.09.015
AY713185_cytb,31.3541667,-81.948055,"Article,googleearth,GPS",1,NA,NA,https://doi.org/10.1016/j.ympev.2005.09.015
AY713186_cytb,31.3541667,-81.948055,"Article,googleearth,GPS",1,NA,NA,https://doi.org/10.1016/j.ympev.2005.09.015
AY713187_cytb,31.3541667,-81.948055,"Article,googleearth,GPS",1,NA,NA,https://doi.org/10.1016/j.ympev.2005.09.015
AY713188_cytb,31.3541667,-81.948055,"Article,googleearth,GPS",1,NA,NA,https://doi.org/10.1016/j.ympev.2005.09.015
AY713189_cytb,30.3822,-82.74916,"Article,googleearth,GPS",1,NA,NA,https://doi.org/10.1016/j.ympev.2005.09.015
AY713190_cytb,30.3822,-82.74916,"Article,googleearth,GPS",1,NA,NA,https://doi.org/10.1016/j.ympev.2005.09.015
AY713191_cytb,30.3822,-82.74916,"Article,googleearth,GPS",1,NA,NA,https://doi.org/10.1016/j.ympev.2005.09.015
AY713192_cytb,30.68194,-82.55861,"Article,googleearth,GPS",0.5,NA,NA,https://doi.org/10.1016/j.ympev.2005.09.015
AY713193_cytb,30.68194,-82.55861,"Article,googleearth,GPS",0.5,NA,NA,https://doi.org/10.1016/j.ympev.2005.09.015
AY713194_cytb,30.68194,-82.55861,"Article,googleearth,GPS",0.5,NA,NA,https://doi.org/10.1016/j.ympev.2005.09.015
AY713195_cytb,30.68194,-82.55861,"Article,googleearth,GPS",0.5,NA,NA,https://doi.org/10.1016/j.ympev.2005.09.015
AY713196_cytb,30.68194,-82.55861,"Article,googleearth,GPS",0.5,NA,NA,https://doi.org/10.1016/j.ympev.2005.09.015
AY713197_cytb,30.68194,-82.55861,"Article,googleearth,GPS",0.5,NA,NA,https://doi.org/10.1016/j.ympev.2005.09.015
AY713198_cytb,30.68194,-82.55861,"Article,googleearth,GPS",0.5,NA,NA,https://doi.org/10.1016/j.ympev.2005.09.015
AY713199_cytb,30.68194,-82.55861,"Article,googleearth,GPS",0.5,NA,NA,https://doi.org/10.1016/j.ympev.2005.09.015
AY713200.1_cytb,30.68194,-82.55861,"Article,googleearth,GPS",0.5,NA,NA,https://doi.org/10.1016/j.ympev.2005.09.015
AY713200_cytb,30.5675,-82.435833,"Article,googleearth,GPS",0.5,NA,NA,https://doi.org/10.1016/j.ympev.2005.09.015
AY713201_cytb,30.5675,-82.435833,"Article,googleearth,GPS",0.5,NA,NA,https://doi.org/10.1016/j.ympev.2005.09.015
AY713202_cytb,30.5675,-82.435833,"Article,googleearth,GPS",0.5,NA,NA,https://doi.org/10.1016/j.ympev.2005.09.015
AY713203_cytb,30.5675,-82.435833,"Article,googleearth,GPS",0.5,NA,NA,https://doi.org/10.1016/j.ympev.2005.09.015
AY713204_cytb,30.5675,-82.435833,"Article,googleearth,GPS",0.5,NA,NA,https://doi.org/10.1016/j.ympev.2005.09.015
AY713205_cytb,30.5675,-82.435833,"Article,googleearth,GPS",0.5,NA,NA,https://doi.org/10.1016/j.ympev.2005.09.015
AY713206_cytb,30.5675,-82.435833,"Article,googleearth,GPS",0.5,NA,NA,https://doi.org/10.1016/j.ympev.2005.09.015
AY713207_cytb,30.5675,-82.435833,"Article,googleearth,GPS",0.5,NA,NA,https://doi.org/10.1016/j.ympev.2005.09.015
AY713208_cytb,30.5675,-82.435833,"Article,googleearth,GPS",0.5,NA,NA,https://doi.org/10.1016/j.ympev.2005.09.015
AY713209_cytb,30.4358333,-82.26888,"Article,googleearth,GPS",0.4,NA,NA,https://doi.org/10.1016/j.ympev.2005.09.015
AY713210_cytb,30.4358333,-82.26888,"Article,googleearth,GPS",0.4,NA,NA,https://doi.org/10.1016/j.ympev.2005.09.015
AY713211_cytb,30.4730556,-82.01944,"Article,googleearth,GPS",1,NA,NA,https://doi.org/10.1016/j.ympev.2005.09.015
AY713212_cytb,29.82555,-82.143055,"Article,googleearth,GPS",0.5,NA,NA,https://doi.org/10.1016/j.ympev.2005.09.015
AY713213_cytb,29.82555,-82.143055,"Article,googleearth,GPS",0.5,NA,NA,https://doi.org/10.1016/j.ympev.2005.09.015
AY713214_cytb,29.82555,-82.143055,"Article,googleearth,GPS",0.5,NA,NA,https://doi.org/10.1016/j.ympev.2005.09.015
AY713215_cytb,29.82555,-82.143055,"Article,googleearth,GPS",0.5,NA,NA,https://doi.org/10.1016/j.ympev.2005.09.015
AY713216_cytb,29.82555,-82.143055,"Article,googleearth,GPS",0.5,NA,NA,https://doi.org/10.1016/j.ympev.2005.09.015
AY713217_cytb,29.82555,-82.143055,"Article,googleearth,GPS",0.5,NA,NA,https://doi.org/10.1016/j.ympev.2005.09.015
AY713218_cytb,29.82555,-82.143055,"Article,googleearth,GPS",0.5,NA,NA,https://doi.org/10.1016/j.ympev.2005.09.015
AY713219_cytb,29.82555,-82.143055,"Article,googleearth,GPS",0.5,NA,NA,https://doi.org/10.1016/j.ympev.2005.09.015
AY713220_cytb,29.82555,-82.143055,"Article,googleearth,GPS",0.5,NA,NA,https://doi.org/10.1016/j.ympev.2005.09.015
AY713221_cytb,29.82555,-82.143055,"Article,googleearth,GPS",0.5,NA,NA,https://doi.org/10.1016/j.ympev.2005.09.015
AY713222_cytb,29.533611,-82.240833,"Article,googleearth,GPS",1,NA,NA,https://doi.org/10.1016/j.ympev.2005.09.015
AY713223_cytb,29.533611,-82.240833,"Article,googleearth,GPS",1,NA,NA,https://doi.org/10.1016/j.ympev.2005.09.015
AY713224_cytb,28.84444,-80.9130556,"Article,googleearth,GPS",0.5,NA,NA,https://doi.org/10.1016/j.ympev.2005.09.015
AY713225_cytb,28.84444,-80.913056,"Article,googleearth,GPS",0.5,NA,NA,https://doi.org/10.1016/j.ympev.2005.09.015
AY713285_cytb,28.49722,-82.1833,"Article,googleearth,GPS",2,NA,NA,https://doi.org/10.1016/j.ympev.2005.09.015
