"value","Lat","Lon","Method","Error_km","Museum_Field_Number","Notes","Reference"
"AY753840_cytochrome-b",44.656,-123.941,"Article",0,"NA","NA","https://doi.org/10.1093/jhered/esl038"
"AY753838.1_cytochrome-b",45.123,-123.892,"Article",0,"NA","NA","https://doi.org/10.1093/jhered/esl038"
"AY753838_cytochrome-b",45.107,-123.819,"Article",0,"NA","NA","https://doi.org/10.1093/jhered/esl038"
"AY753839_cytochrome-b",44.92,-123.94,"Article",0,"NA","NA","https://doi.org/10.1093/jhered/esl038"
"AY753874.1_cytochrome-b",41.55,-123.887,"Article",0,"NA","NA","https://doi.org/10.1093/jhered/esl038"
"AY753874_cytochrome-b",41.748,-124.054,"Article",0,"NA","NA","https://doi.org/10.1093/jhered/esl038"
"AY753878_cytochrome-b",41.269,-123.826,"Article",0,"NA","NA","https://doi.org/10.1093/jhered/esl038"
"AY753876.1_cytochrome-b",41.59,-123.95,"Article",0,"NA","NA","https://doi.org/10.1093/jhered/esl038"
"AY753876.2_cytochrome-b",41.59,-123.97,"Article",0,"NA","NA","https://doi.org/10.1093/jhered/esl038"
"AY753876_cytochrome-b",41.575,-124.029,"Article",0,"NA","NA","https://doi.org/10.1093/jhered/esl038"
"AY753880_cytochrome-b",40.978,-124.052,"Article",0,"NA","NA","https://doi.org/10.1093/jhered/esl038"
"AY753882_cytochrome-b",40.858,-124.018,"Article",0,"NA","NA","https://doi.org/10.1093/jhered/esl038"
"AY753888_cytochrome-b",39.236,-123.773,"Article",0,"NA","NA","https://doi.org/10.1093/jhered/esl038"
"AY753877_cytochrome-b",41.455,-123.974,"Article",0,"NA","NA","https://doi.org/10.1093/jhered/esl038"
"AY753883.1_cytochrome-b",40.711,-123.888,"Article",0,"NA","NA","https://doi.org/10.1093/jhered/esl038"
"AY753883_cytochrome-b",40.65,-123.472,"Article",0,"NA","NA","https://doi.org/10.1093/jhered/esl038"
"AY753881.1_cytochrome-b",40.711,-123.888,"Article",0,"NA","NA","https://doi.org/10.1093/jhered/esl038"
"AY753881.2_cytochrome-b",40.817,-124.034,"Article",0,"NA","NA","https://doi.org/10.1093/jhered/esl038"
"AY753881_cytochrome-b",40.714,-123.847,"Article",0,"NA","NA","https://doi.org/10.1093/jhered/esl038"
"AY753879.1_cytochrome-b",41.02,-123.902,"Article",0,"NA","NA","https://doi.org/10.1093/jhered/esl038"
"AY753879.2_cytochrome-b",40.843,-124.019,"Article",0,"NA","NA","https://doi.org/10.1093/jhered/esl038"
"AY753879.3_cytochrome-b",40.843,-124.019,"Article",0,"NA","NA","https://doi.org/10.1093/jhered/esl038"
"AY753879_cytochrome-b",41.221,-124.091,"Article",0,"NA","NA","https://doi.org/10.1093/jhered/esl038"
"AY753885.1_cytochrome-b",39.741,-123.594,"Article",0,"NA","NA","https://doi.org/10.1093/jhered/esl038"
"AY753885.2_cytochrome-b",39.736,-123.617,"Article",0,"NA","NA","https://doi.org/10.1093/jhered/esl038"
"AY753885.3_cytochrome-b",39.738,-123.615,"Article",0,"NA","NA","https://doi.org/10.1093/jhered/esl038"
"AY753885_cytochrome-b",39.753,-123.598,"Article",0,"NA","NA","https://doi.org/10.1093/jhered/esl038"
"AY728219_cob",39.4713889,-123.735,"Article,googleearth,GPScoords",5,222581,"NA","https://doi.org/10.1073/pnas.0405785101"
"AY753884_cytochrome-b",40.714,-123.847,"Article",0,"NA","NA","https://doi.org/10.1093/jhered/esl038"
"AY753887_cytochrome-b",39.628,-123.761,"Article",0,"NA","NA","https://doi.org/10.1093/jhered/esl038"
"AY753889_cytochrome-b",39.005,-123.639,"Article",0,"NA","NA","https://doi.org/10.1093/jhered/esl038"
"AY753886_cytochrome-b",39.628,-123.761,"Article",0,"NA","NA","https://doi.org/10.1093/jhered/esl038"
"AY753842_cytochrome-b",44.495,-123.551,"Article",0,"NA","NA","https://doi.org/10.1093/jhered/esl038"
"AY753841_cytochrome-b",44.587,-123.728,"Article",0,"NA","NA","https://doi.org/10.1093/jhered/esl038"
"AY753844_cytochrome-b",44.411,-124.064,"Article",0,"NA","NA","https://doi.org/10.1093/jhered/esl038"
"AY753863_cytochrome-b",42.71,-124.365,"Article",0,"NA","NA","https://doi.org/10.1093/jhered/esl038"
"AY753864_cytochrome-b",42.71,-124.365,"Article",0,"NA","NA","https://doi.org/10.1093/jhered/esl038"
"AY753851_cytochrome-b",43.32,-123.618,"Article",0,"NA","NA","https://doi.org/10.1093/jhered/esl038"
"AY753862_cytochrome-b",42.702,-124.327,"Article",0,"NA","NA","https://doi.org/10.1093/jhered/esl038"
"AY753865_cytochrome-b",42.485,-124.236,"Article",0,"NA","NA","https://doi.org/10.1093/jhered/esl038"
"AY753873_cytochrome-b",41.77,-124.012,"Article",0,"NA","NA","https://doi.org/10.1093/jhered/esl038"
"AY753869.1_cytochrome-b",42.145,-124.143,"Article",0,"NA","NA","https://doi.org/10.1093/jhered/esl038"
"AY753869_cytochrome-b",42.284,-124.313,"Article",0,"NA","NA","https://doi.org/10.1093/jhered/esl038"
"AY753871_cytochrome-b",42.024,-124.101,"Article",0,"NA","NA","https://doi.org/10.1093/jhered/esl038"
"AY753870_cytochrome-b",42.13,-124.173,"Article",0,"NA","NA","https://doi.org/10.1093/jhered/esl038"
"AY753872_cytochrome-b",41.87,-124.025,"Article",0,"NA","NA","https://doi.org/10.1093/jhered/esl038"
"AY753875_cytochrome-b",41.963,-124.13,"Article",0,"NA","NA","https://doi.org/10.1093/jhered/esl038"
"AY753850.1_cytochrome-b",43.589,-124.026,"Article",0,"NA","NA","https://doi.org/10.1093/jhered/esl038"
"AY753850_cytochrome-b",43.492,-124.034,"Article",0,"NA","NA","https://doi.org/10.1093/jhered/esl038"
"AY753852_cytochrome-b",43.48,-123.44,"Article",0,"NA","NA","https://doi.org/10.1093/jhered/esl038"
"AY753857.1_cytochrome-b",44.306,-123.546,"Article",0,"NA","NA","https://doi.org/10.1093/jhered/esl038"
"AY753857_cytochrome-b",42.904,-123.632,"Article",0,"NA","NA","https://doi.org/10.1093/jhered/esl038"
"AY753868_cytochrome-b",42.423,-123.439,"Article",0,"NA","NA","https://doi.org/10.1093/jhered/esl038"
"AY753867_cytochrome-b",42.543,-123.631,"Article",0,"NA","NA","https://doi.org/10.1093/jhered/esl038"
"AY753866_cytochrome-b",42.539,-123.694,"Article",0,"NA","NA","https://doi.org/10.1093/jhered/esl038"
"AY753858_cytochrome-b",42.876,-123.257,"Article",0,"NA","NA","https://doi.org/10.1093/jhered/esl038"
"AY753859_cytochrome-b",42.905,-123.396,"Article",0,"NA","NA","https://doi.org/10.1093/jhered/esl038"
"AY753860_cytochrome-b",42.905,-123.396,"Article",0,"NA","NA","https://doi.org/10.1093/jhered/esl038"
"AY753861_cytochrome-b",42.877,-123.316,"Article",0,"NA","NA","https://doi.org/10.1093/jhered/esl038"
"AY753843_cytochrome-b",44.306,-123.546,"Article",0,"NA","NA","https://doi.org/10.1093/jhered/esl038"
"AY753847.1_cytochrome-b",44.31,-123.704,"Article",0,"NA","NA","https://doi.org/10.1093/jhered/esl038"
"AY753847_cytochrome-b",44.252,-123.461,"Article",0,"NA","NA","https://doi.org/10.1093/jhered/esl038"
"AY753848_cytochrome-b",43.92,-123.856,"Article",0,"NA","NA","https://doi.org/10.1093/jhered/esl038"
"AY753849_cytochrome-b",43.89,-123.82,"Article",0,"NA","NA","https://doi.org/10.1093/jhered/esl038"
"AY753856.1_cytochrome-b",43.368,-122.754,"Article",0,"NA","NA","https://doi.org/10.1093/jhered/esl038"
"AY753856.2_cytochrome-b",43.368,-122.794,"Article",0,"NA","NA","https://doi.org/10.1093/jhered/esl038"
"AY753856.3_cytochrome-b",43.348,-123.063,"Article",0,"NA","NA","https://doi.org/10.1093/jhered/esl038"
"AY753856_cytochrome-b",43.397,-122.794,"Article",0,"NA","NA","https://doi.org/10.1093/jhered/esl038"
"AY753853.1_cytochrome-b",43.831,-122.696,"Article",0,"NA","NA","https://doi.org/10.1093/jhered/esl038"
"AY753853.2_cytochrome-b",43.776,-122.616,"Article",0,"NA","NA","https://doi.org/10.1093/jhered/esl038"
"AY753853_cytochrome-b",43.831,-122.676,"Article",0,"NA","NA","https://doi.org/10.1093/jhered/esl038"
"AY753855_cytochrome-b",43.573,-122.656,"Article",0,"NA","NA","https://doi.org/10.1093/jhered/esl038"
"AY753854_cytochrome-b",43.642,-122.681,"Article",0,"NA","NA","https://doi.org/10.1093/jhered/esl038"
"AY753846.1_cytochrome-b",44.31,-123.704,"Article",0,"NA","NA","https://doi.org/10.1093/jhered/esl038"
"AY753846_cytochrome-b",44.35,-123.749,"Article",0,"NA","NA","https://doi.org/10.1093/jhered/esl038"
"AY753845_cytochrome-b",44.349,-123.79,"Article",0,"NA","NA","https://doi.org/10.1093/jhered/esl038"
