"value","Lat","Lon","Method","Error_km","Museum_Field_Number","Notes","Reference"
"Salamandrella.keyserlingii.EU156990",48.833,120.5166,"Article,GPScoords",0,"NA","K13, Internal Mongolia","https://doi.org/10.1134/S1022795408080097"
"Salamandrella.keyserlingii.EU156992",48.333,120.5166,"Article,GPScoords",0,"NA","K15, Internal Mongolia","https://doi.org/10.1134/S1022795408080097"
"Salamandrella.keyserlingii.EU157016",52.6333,130.3166,"Article,GPScoords",0,"NA","K100, Amur region","https://doi.org/10.1134/S1022795408080097"
"Salamandrella.keyserlingii.JX508747",47.4622,130.106388,"Article,googleearth,GPScoords",2,"NA","SK472","https://doi.org/10.1016/j.ympev.2013.02.004"
"Salamandrella.keyserlingii.GQ849165",47.4344,128.99861,"Article,googleearth,GPScoords",20,"NA","K38, haplogroup C1, China","https://doi.org/10.1016/j.ympev.2010.04.005"
"Salamandrella.keyserlingii.GQ849161",48.64,135.25388,"Article,googleearth,GPScoords",24,"NA","K34, haplogroup C1a, Khabarovsk","https://doi.org/10.1016/j.ympev.2010.04.005"
"Salamandrella.keyserlingii.GQ849187",50.5263889,143.10527,"Article,googleearth,GPScoords",700,"NA","K76, haplogroup C3, Sakhalin","https://doi.org/10.1016/j.ympev.2010.04.005"
"Salamandrella.keyserlingii.GQ849150",48.64,135.25388,"Article,googleearth,GPScoords",24,"NA","K23, haplogroup C1a, Khabarovsk","https://doi.org/10.1016/j.ympev.2010.04.005"
"Salamandrella.keyserlingii.GQ849178",48.64,135.25388,"Article,googleearth,GPScoords",24,"NA","K52, haplogroup C1a, Khabarovsk","https://doi.org/10.1016/j.ympev.2010.04.005"
"Salamandrella.keyserlingii.GQ849166",48.64,135.25388,"Article,googleearth,GPScoords",24,"NA","K39, haplogroup C1a, Khabarovsk","https://doi.org/10.1016/j.ympev.2010.04.005"
"Salamandrella.keyserlingii.JX508763",48.8458,140.0447,"NA",1,"NA","SK8440","https://doi.org/10.1016/j.ympev.2013.02.004"
"Salamandrella.keyserlingii.GQ849179",48.64,135.25388,"Article,googleearth,GPScoords",24,"NA","K53, haplogroup C1a, Khabarovsk","https://doi.org/10.1016/j.ympev.2010.04.005"
"Salamandrella.keyserlingii.GQ849167",48.64,135.25388,"Article,googleearth,GPScoords",24,"NA","K40, haplogroup C1a, Khabarovsk","https://doi.org/10.1016/j.ympev.2010.04.005"
"Salamandrella.keyserlingii.GQ849170",48.64,135.25388,"Article,googleearth,GPScoords",24,"NA","K43, haplogroup C1a, Khabarovsk","https://doi.org/10.1016/j.ympev.2010.04.005"
"Salamandrella.keyserlingii.JX508760",51.19972,139.0333,"Article,googleearth,GPScoords",2,"NA","SK8301","https://doi.org/10.1016/j.ympev.2013.02.004"
"Salamandrella.keyserlingii.GQ849168",48.64,135.25388,"Article,googleearth,GPScoords",24,"NA","K41, haplogroup C1a, Khabarovsk","https://doi.org/10.1016/j.ympev.2010.04.005"
"Salamandrella.keyserlingii.GQ849169",48.64,135.25388,"Article,googleearth,GPScoords",24,"NA","K42, haplogroup C1a, Khabarovsk","https://doi.org/10.1016/j.ympev.2010.04.005"
"Salamandrella.keyserlingii.DQ333814",48.790555,127.208611,"Article,googleearth,GPScoords",10,"NA","Gives a mountain range","https://doi.org/10.1073/pnas.0602325103"
"Salamandrella.keyserlingii.EU157013",52.6333,130.3166,"Article,GPScoords",0,"NA","K94, Amur region","https://doi.org/10.1134/S1022795408080097"
"Salamandrella.keyserlingii.GQ849172",48.4463889,131.38972,"Article,googleearth,GPScoords",195,"NA","K45, haplogroup C1, Jewish autonomy","https://doi.org/10.1016/j.ympev.2010.04.005"
"Salamandrella.keyserlingii.GQ849189",48.64,135.25388,"Article,googleearth,GPScoords",24,"NA","K78, haplogroup C1, Khabarovsk","https://doi.org/10.1016/j.ympev.2010.04.005"
"Salamandrella.keyserlingii.AB363593",46.7144,142.52027,"Article,googleearth,GPScoords",1,"NA","Sakhalin, Aniva","https://doi.org/10.1016/j.ympev.2008.04.010"
"Salamandrella.keyserlingii.GQ849155",50.13611,137.22166,"Article,googleearth,GPScoords",160,"NA","K28, haplogroup C1,Amur","https://doi.org/10.1016/j.ympev.2010.04.005"
"Salamandrella.keyserlingii.GQ849145",49.08222,138.433055,"Article,googleearth,GPScoords",260,"NA","K17, haplogroup C2, Khabarovsk","https://doi.org/10.1016/j.ympev.2010.04.005"
"Salamandrella.keyserlingii.GQ849177",49.08222,138.433055,"Article,googleearth,GPScoords",260,"NA","K50, haplogroup C2, Khabarovsk","https://doi.org/10.1016/j.ympev.2010.04.005"
"Salamandrella.keyserlingii.AB363592",46.7144,142.52027,"Article,googleearth,GPScoords",1,"NA","Sakhalin, Aniva","https://doi.org/10.1016/j.ympev.2008.04.010"
"Salamandrella.keyserlingii.JX508755",48.95833,134.40722,"Article,googleearth,GPScoords",1,"NA","SK1001","https://doi.org/10.1016/j.ympev.2013.02.004"
"Salamandrella.keyserlingii.GQ849175",48.280833,132.93722,"Article,googleearth,GPScoords",30,"NA","K48, haplogroup C2, Jewish autonomy","https://doi.org/10.1016/j.ympev.2010.04.005"
"Salamandrella.keyserlingii.GQ849182",50.52639,143.1053,"Article,googleearth,GPScoords",700,"NA","K70, haplogroup C3, Sakhalin","https://doi.org/10.1016/j.ympev.2010.04.005"
"Salamandrella.keyserlingii.AB363575",49.0708333,142.0975,"Article,googleearth,GPScoords",5,"NA","Sakhalin, Uglegorsk","https://doi.org/10.1016/j.ympev.2008.04.010"
"Salamandrella.keyserlingii.AB363581",49.0708333,142.0975,"Article,googleearth,GPScoords",5,"NA","Sakhalin, Uglegorsk","https://doi.org/10.1016/j.ympev.2008.04.010"
"Salamandrella.keyserlingii.AB363595",47.4636,142.0147,"Article,googleearth,GPScoords",8,"NA","Sakhalin, near Chekov","https://doi.org/10.1016/j.ympev.2008.04.010"
"Salamandrella.keyserlingii.GQ849143",50.5263889,143.10527,"Article,googleearth,GPScoords",700,"NA","K15, haplogroup C3, Sakhalin","https://doi.org/10.1016/j.ympev.2010.04.005"
"Salamandrella.keyserlingii.AB363579",49.0708333,142.0975,"Article,googleearth,GPScoords",5,"NA","Sakhalin, Uglegorsk","https://doi.org/10.1016/j.ympev.2008.04.010"
"Salamandrella.keyserlingii.JX508744",51.8544,143.1388,"Article,googleearth,GPScoords",2,"NA","SK430","https://doi.org/10.1016/j.ympev.2013.02.004"
"Salamandrella.keyserlingii.GQ849144",50.5263889,143.10527,"Article,googleearth,GPScoords",700,"NA","K16, haplogroup C3, Sakhalin","https://doi.org/10.1016/j.ympev.2010.04.005"
"Salamandrella.keyserlingii.GQ849184",50.5263889,143.10527,"Article,googleearth,GPScoords",700,"NA","K72, haplogroup C3, Sakhalin","https://doi.org/10.1016/j.ympev.2010.04.005"
"Salamandrella.keyserlingii.AB363586",47.3022,141.9911,"Article,googleearth,GPScoords",5,"NA","Sakhalin, Slepikovsky","https://doi.org/10.1016/j.ympev.2008.04.010"
"Salamandrella.keyserlingii.AB363587",47.3022,141.9911,"Article,googleearth,GPScoords",5,"NA","Sakhalin, Slepikovsky","https://doi.org/10.1016/j.ympev.2008.04.010"
"Salamandrella.keyserlingii.AB363588",47.3022,141.9911,"Article,googleearth,GPScoords",5,"NA","Sakhalin, Slepikovsky","https://doi.org/10.1016/j.ympev.2008.04.010"
"Salamandrella.keyserlingii.AB363590",47.3022,141.9911,"Article,googleearth,GPScoords",5,"NA","Sakhalin, Slepikovsky","https://doi.org/10.1016/j.ympev.2008.04.010"
"Salamandrella.keyserlingii.AB363591",47.3022,141.9911,"Article,googleearth,GPScoords",5,"NA","Sakhalin, Slepikovsky","https://doi.org/10.1016/j.ympev.2008.04.010"
"Salamandrella.keyserlingii.AB363584",47.3022,141.9911,"Article,googleearth,GPScoords",5,"NA","Sakhalin, Slepikovsky","https://doi.org/10.1016/j.ympev.2008.04.010"
"Salamandrella.keyserlingii.AB363589",47.3022,141.9911,"Article,googleearth,GPScoords",5,"NA","Sakhalin, Slepikovsky","https://doi.org/10.1016/j.ympev.2008.04.010"
"Salamandrella.keyserlingii.AB363585",47.3022,141.9911,"Article,googleearth,GPScoords",5,"NA","Sakhalin, Slepikovsky","https://doi.org/10.1016/j.ympev.2008.04.010"
"Salamandrella.keyserlingii.AB363577",49.0708333,142.0975,"Article,googleearth,GPScoords",5,"NA","Sakhalin, Uglegorsk","https://doi.org/10.1016/j.ympev.2008.04.010"
"Salamandrella.keyserlingii.AB363582",49.0708333,142.0975,"Article,googleearth,GPScoords",5,"NA","Sakhalin, Uglegorsk","https://doi.org/10.1016/j.ympev.2008.04.010"
"Salamandrella.keyserlingii.AB363578",49.0708333,142.0975,"Article,googleearth,GPScoords",5,"NA","Sakhalin, Uglegorsk","https://doi.org/10.1016/j.ympev.2008.04.010"
"Salamandrella.keyserlingii.AB363580",49.0708333,142.0975,"Article,googleearth,GPScoords",5,"NA","Sakhalin, Uglegorsk","https://doi.org/10.1016/j.ympev.2008.04.010"
"Salamandrella.keyserlingii.AB363583",49.0708333,142.0975,"Article,googleearth,GPScoords",5,"NA","Sakhalin, Uglegorsk","https://doi.org/10.1016/j.ympev.2008.04.010"
"Salamandrella.keyserlingii.JX508743",46.65111,141.9125,"Article,googleearth,GPScoords",1,"NA","SK364","https://doi.org/10.1016/j.ympev.2013.02.004"
"Salamandrella.keyserlingii.AB363594",47.76222,142.08388,"Article,googleearth,GPScoords",2,"NA","Sakhalin, Tomari","https://doi.org/10.1016/j.ympev.2008.04.010"
"Salamandrella.keyserlingii.AB363576",49.0708333,142.0975,"Article,googleearth,GPScoords",5,"NA","Sakhalin, Uglegorsk","https://doi.org/10.1016/j.ympev.2008.04.010"
"Salamandrella.keyserlingii.GQ849181",49.08222,138.433055,"Article,googleearth,GPScoords",260,"NA","K56, haplogroup C2, Khabarovsk","https://doi.org/10.1016/j.ympev.2010.04.005"
"Salamandrella.keyserlingii.GQ849174",48.280833,132.93722,"Article,googleearth,GPScoords",30,"NA","K47, haplogroup C2, Jewish autonomy","https://doi.org/10.1016/j.ympev.2010.04.005"
"Salamandrella.keyserlingii.JX508759",49.156944,138.6,"Article,googleearth,GPScoords",5,"NA","SK8250","https://doi.org/10.1016/j.ympev.2013.02.004"
"Salamandrella.keyserlingii.JX508746",47.8711,130.2622,"Article,googleearth,GPScoords",5,"NA","SK471","https://doi.org/10.1016/j.ympev.2013.02.004"
"Salamandrella.keyserlingii.GQ849164",47.4344,128.99861,"Article,googleearth,GPScoords",20,"NA","K37, haplogroup C1, China","https://doi.org/10.1016/j.ympev.2010.04.005"
"Salamandrella.keyserlingii.JX508751",47.8711,130.2622,"Article,googleearth,GPScoords",5,"NA","SK741","https://doi.org/10.1016/j.ympev.2013.02.004"
"Salamandrella.keyserlingii.JX508753",53.3544,159.729166,"Article,googleearth,GPScoords",2,"NA","SK751","https://doi.org/10.1016/j.ympev.2013.02.004"
"Salamandrella.keyserlingii.JX508739",66.50361,179.27722,"Article,googleearth,GPScoords",2,"NA","SK181","https://doi.org/10.1016/j.ympev.2013.02.004"
"Salamandrella.keyserlingii.JX508748",59.8630556,151.78055,"Article,googleearth,GPScoords",5,"NA","SK701","https://doi.org/10.1016/j.ympev.2013.02.004"
"Salamandrella.keyserlingii.JX508740",56.83722,47.558611,"Article,googleearth,GPScoords",10,"NA","SK224","https://doi.org/10.1016/j.ympev.2013.02.004"
"Salamandrella.keyserlingii.JX508741",58.41194,78.824166,"Article,googleearth,GPScoords",10,"NA","SK314","https://doi.org/10.1016/j.ympev.2013.02.004"
"Salamandrella.keyserlingii.JX508749",63.3713889,140.250277,"Article,googleearth,GPScoords",10,"NA","SK711","https://doi.org/10.1016/j.ympev.2013.02.004"
"Salamandrella.keyserlingii.JX508764",63.28222,151.6644,"Article,googleearth,GPScoords",10,"NA","SKN9","https://doi.org/10.1016/j.ympev.2013.02.004"
"Salamandrella.keyserlingii.JX508745",69.6611,159.91611,"Article,googleearth,GPScoords",5,"NA","SK441a","https://doi.org/10.1016/j.ympev.2013.02.004"
"Salamandrella.keyserlingii.JX508750",56.03944,109.690277,"Article,googleearth,GPScoords",5,"NA","SK721","https://doi.org/10.1016/j.ympev.2013.02.004"
"Salamandrella.keyserlingii.JX508752",60.035833,149.811,"Article,googleearth,GPScoords",5,"NA","SK745","https://doi.org/10.1016/j.ympev.2013.02.004"
"Salamandrella.keyserlingii.GQ849153",48.64,135.25388,"Article,googleearth,GPScoords",24,"NA","K26, haplogroup C1, Khabarovsk","https://doi.org/10.1016/j.ympev.2010.04.005"
"Salamandrella.keyserlingii.EU157001",49.6333,112.533,"Article,GPScoords",0,"NA","K34, Chita Oblast","https://doi.org/10.1134/S1022795408080097"
"Salamandrella.keyserlingii.EU157019",52.6333,130.3166,"Article,GPScoords",0,"NA","K103, Amur region","https://doi.org/10.1134/S1022795408080097"
"Salamandrella.keyserlingii.GQ849152",48.64,135.25388,"Article,googleearth,GPScoords",260,"NA","K25, haplogroup C1, Khabarovsk","https://doi.org/10.1016/j.ympev.2010.04.005"
"Salamandrella.keyserlingii.GQ849171",48.4463889,131.38972,"Article,googleearth,GPScoords",195,"NA","K44, haplogroup C1, Jewish autonomy","https://doi.org/10.1016/j.ympev.2010.04.005"
"Salamandrella.keyserlingii.GQ849160",50.13611,137.22166,"Article,googleearth,GPScoords",160,"NA","K33, haplogroup C1, Amur","https://doi.org/10.1016/j.ympev.2010.04.005"
"Salamandrella.keyserlingii.GQ849180",48.64,135.25388,"Article,googleearth,GPScoords",700,"NA","K55, haplogroup C1, Khabarovsk","https://doi.org/10.1016/j.ympev.2010.04.005"
"Salamandrella.keyserlingii.GQ849154",50.13611,137.22166,"Article,googleearth,GPScoords",160,"NA","K27, haplogroup C1, Amur","https://doi.org/10.1016/j.ympev.2010.04.005"
"Salamandrella.keyserlingii.GQ849185",51.0136,142.595,"Article,googleearth,GPScoords",5,"NA","K73, haplogroup C1, Sakhalin","https://doi.org/10.1016/j.ympev.2010.04.005"
"Salamandrella.keyserlingii.GQ849156",50.13611,137.22166,"Article,googleearth,GPScoords",160,"NA","K29, haplogroup C1, Amur","https://doi.org/10.1016/j.ympev.2010.04.005"
"Salamandrella.keyserlingii.GQ849188",48.64,135.25388,"Article,googleearth,GPScoords",700,"NA","K77, haplogroup C1, Khabarovsk","https://doi.org/10.1016/j.ympev.2010.04.005"
"Salamandrella.keyserlingii.GQ849157",48.446389,131.38972,"Article,googleearth,GPScoords",700,"NA","K30, haplogroup C1, Jewish autonomy","https://doi.org/10.1016/j.ympev.2010.04.005"
"Salamandrella.keyserlingii.GQ849159",50.13611,137.22166,"Article,googleearth,GPScoords",160,"NA","K32, haplogroup C1, Amur","https://doi.org/10.1016/j.ympev.2010.04.005"
"Salamandrella.keyserlingii.GQ849162",48.446389,131.38972,"Article,googleearth,GPScoords",195,"NA","K35, haplogroup C1, Jewish autonomy","https://doi.org/10.1016/j.ympev.2010.04.005"
"Salamandrella.keyserlingii.GQ849173",48.446389,131.38972,"Article,googleearth,GPScoords",195,"NA","K46, haplotype C1, Jewish autonomy","https://doi.org/10.1016/j.ympev.2010.04.005"
"Salamandrella.keyserlingii.JX508754",49.04333,130.9222,"NA",10,"NA","SK921","https://doi.org/10.1016/j.ympev.2013.02.004"
"Salamandrella.keyserlingii.JX508758",50.7680556,137.57611,"Article,googleearth,GPScoords",10,"NA","SK8191","https://doi.org/10.1016/j.ympev.2013.02.004"
"Salamandrella.keyserlingii.AB363573",43.09277,144.22805,"Article,googleearth,GPScoords",10,"NA","Hokkaido, Kushiro","https://doi.org/10.1016/j.ympev.2008.04.010"
"Salamandrella.keyserlingii.GQ849149",48.65694,135.333,"Article,googleearth,GPScoords",10,"NA","K21, Haplogroup B, Khanarovsk","https://doi.org/10.1016/j.ympev.2010.04.005"
"Salamandrella.keyserlingii.GQ849148",48.65694,135.333,"Article,googleearth,GPScoords",10,"NA","K20, Haplogroup B, Khabarovsk","https://doi.org/10.1016/j.ympev.2010.04.005"
"Salamandrella.keyserlingii.GQ849190",48.65694,135.333,"Article,googleearth,GPScoords",10,"NA","K79 Haplogroup B","https://doi.org/10.1016/j.ympev.2010.04.005"
"Salamandrella.keyserlingii.JX508762",51.485833,140.53444,"Article,googleearth,GPScoords",4,"NA","SK8391","https://doi.org/10.1016/j.ympev.2013.02.004"
"Salamandrella.keyserlingii.AB363574",49.070833,142.0975,"Article,googleearth,GPScoords",5,"NA","Sakhalin, Uglegorsk","https://doi.org/10.1016/j.ympev.2008.04.010"
"Salamandrella.keyserlingii.GQ849147",48.65694,135.333,"Article,googleearth,GPScoords",10,"NA","K19 Haplogroup B, Khabarovsk","https://doi.org/10.1016/j.ympev.2010.04.005"
"Salamandrella.keyserlingii.GQ849146",47.7727,142.0644,"Article,googleearth,GPScoords",10,"NA","K18 Haplogroup B, Sakhalin","https://doi.org/10.1016/j.ympev.2010.04.005"
"Salamandrella.keyserlingii.JX508742",46.240833,142.17194,"Article,googleearth,GPScoords",3,"NA","SK363","https://doi.org/10.1016/j.ympev.2013.02.004"
"Salamandrella.keyserlingii.GQ849186",48.3925,139.860833,"Article,googleearth,GPScoords",500,"NA","K75 haplogroup B","https://doi.org/10.1016/j.ympev.2010.04.005"
"Salamandrella.keyserlingii.GQ849139",48.5411,133.6377,"Article,googleearth,GPScoords",100,"NA","K2 haplogroup A, Jewish autonomy","https://doi.org/10.1016/j.ympev.2010.04.005"
"Salamandrella.keyserlingii.GQ849138",48.56472,135.04749,"Article,googleearth,GPScoords",10,"NA","K1 haplogroup A, Khabarovsk","https://doi.org/10.1016/j.ympev.2010.04.005"
"Salamandrella.keyserlingii.GQ849140.1",48.5411,133.6377,"Article,googleearth,GPScoords",100,"NA","K3, Haplogroup A, Jewish autonomy","https://doi.org/10.1016/j.ympev.2010.04.005"
"Salamandrella.keyserlingii.JX508756",48.52722,134.37861,"Article,googleearth,GPScoords",3,"NA","SK8021","https://doi.org/10.1016/j.ympev.2013.02.004"
"Salamandrella.keyserlingii.JX508761",49.2144,136.3299,"Article,googleearth,GPScoords",2,"NA","SK8321","https://doi.org/10.1016/j.ympev.2013.02.004"
"Salamandrella.keyserlingii.GQ849140",48.56472,135.04749,"Article,googleearth,GPScoords",10,"NA","K3, haplogroup A, Khabarovsk","https://doi.org/10.1016/j.ympev.2013.02.004"
"Salamandrella.keyserlingii.GQ849183",52.3680556,143.0788,"Article,googleearth,GPScoords",8,"NA","K71, Haplogroup A, Sakhalin","https://doi.org/10.1016/j.ympev.2010.04.005"
"Salamandrella.keyserlingii.GQ849141.1",48.5411,133.6377,"Article,googleearth,GPScoords",100,"NA","K5, Haplogroup A, Jewish autonomy","https://doi.org/10.1016/j.ympev.2010.04.005"
"Salamandrella.keyserlingii.JX508757",51.55166,135.699722,"Article,googleearth,GPScoords",5,"NA","SK8070","https://doi.org/10.1016/j.ympev.2013.02.004"
"Salamandrella.keyserlingii.GQ849141",48.56472,135.04749,"Article,googleearth,GPScoords",10,"NA","K5, haplogroup A, Khabarovsk","https://doi.org/10.1016/j.ympev.2013.02.004"
"Salamandrella.keyserlingii.GQ849142",48.56472,135.04749,"Article,googleearth,GPScoords",10,"NA","K6, haplogroup A, Khabarovsk","https://doi.org/10.1016/j.ympev.2010.04.005"
"Salamandrella.keyserlingii.GQ849151",48.56472,125.04749,"Article,googleearth,GPScoords",10,"NA","K24, haplogroup A, Khabarovsk","https://doi.org/10.1016/j.ympev.2010.04.005"
"Salamandrella.keyserlingii.GQ849163",48.5411,133.6377,"Article,googleearth,GPScoords",100,"NA","K36, haplogroup A, Jewish autonomy","https://doi.org/10.1016/j.ympev.2010.04.005"
