"value","Lat","Lon","Error_km","Method","MuseumFieldNumber","Notes","Reference"
"AY035817 Salamandra atra",46.056999,9.544791,301,"GeoLocate","NA","NA","Riberon, A., Miaud, C., Grossenbacher, K., & Taberlet, P. (2001). Phylogeography of the Alpine salamander, Salamandra atra (Salamandridae) and the influence of the Pleistocene climatic oscillations on population divergence. Molecular ecology, 10(10), 2555–2560. https://doi-org.libproxy.unm.edu/10.1046/j.1365-294x.2001.01373.x"
"AY035812 Salamandra atra",46.385833,13.483056,301,"GeoLocate","NA","NA","Riberon, A., Miaud, C., Grossenbacher, K., & Taberlet, P. (2001). Phylogeography of the Alpine salamander, Salamandra atra (Salamandridae) and the influence of the Pleistocene climatic oscillations on population divergence. Molecular ecology, 10(10), 2555–2560. https://doi-org.libproxy.unm.edu/10.1046/j.1365-294x.2001.01373.x"
"AY035811 Salamandra atra",46.557724,12.685992,923,"GeoLocate","NA","NA","Riberon, A., Miaud, C., Grossenbacher, K., & Taberlet, P. (2001). Phylogeography of the Alpine salamander, Salamandra atra (Salamandridae) and the influence of the Pleistocene climatic oscillations on population divergence. Molecular ecology, 10(10), 2555–2560. https://doi-org.libproxy.unm.edu/10.1046/j.1365-294x.2001.01373.x"
"AY035813 Salamandra atra",45.581944,14.463333,1807,"GeoLocate","NA","NA","Riberon, A., Miaud, C., Grossenbacher, K., & Taberlet, P. (2001). Phylogeography of the Alpine salamander, Salamandra atra (Salamandridae) and the influence of the Pleistocene climatic oscillations on population divergence. Molecular ecology, 10(10), 2555–2560. https://doi-org.libproxy.unm.edu/10.1046/j.1365-294x.2001.01373.x"
"MN255344 Salamandra atra",43.639033,17.641315,1807,"GeoLocate","C12-19","NA","Sunje et al. 2021"
"AY035818 Salamandra atra",45.227778,15.007778,1435,"GeoLocate","NA","NA","Riberon, A., Miaud, C., Grossenbacher, K., & Taberlet, P. (2001). Phylogeography of the Alpine salamander, Salamandra atra (Salamandridae) and the influence of the Pleistocene climatic oscillations on population divergence. Molecular ecology, 10(10), 2555–2560. https://doi-org.libproxy.unm.edu/10.1046/j.1365-294x.2001.01373.x"
"MN255348 Salamandra atra",43.110021,17.837851,3036,"GeoLocate","Z8-19","NA","Sunje et al. 2021"
"MG968414 Salamandra atra",43.110021,17.837851,3036,"GeoLocate","PR04cb","NA","Bonato L, Corbetta A, Giovine G, et al. Diversity among peripheral populations: genetic and evolutionary differentiation of Salamandra atra at the southern edge of the Alps. J Zool Syst Evol Res. 2018; 56: 533–548. https://doi-org.libproxy.unm.edu/10.1111/jzs.12224"
"AY035810 Salamandra atra",47.124924,10.270381,3565,"GeoLocate","NA","NA","Riberon, A., Miaud, C., Grossenbacher, K., & Taberlet, P. (2001). Phylogeography of the Alpine salamander, Salamandra atra (Salamandridae) and the influence of the Pleistocene climatic oscillations on population divergence. Molecular ecology, 10(10), 2555–2560. https://doi-org.libproxy.unm.edu/10.1046/j.1365-294x.2001.01373.x"
"AY035814 Salamandra atra",46.761791,7.447284,301,"GeoLocate","NA","NA","NA"
"AY042785 Salamandra atra",46.761791,7.447284,301,"GeoLocate","NA","NA","NA"
"AY042786 Salamandra atra",46.71405,8.265548,210,"GeoLocate","NA","NA","Riberon, A., Miaud, C., Grossenbacher, K., & Taberlet, P. (2001). Phylogeography of the Alpine salamander, Salamandra atra (Salamandridae) and the influence of the Pleistocene climatic oscillations on population divergence. Molecular ecology, 10(10), 2555–2560. https://doi-org.libproxy.unm.edu/10.1046/j.1365-294x.2001.01373.x"
"AY035815 Salamandra atra",47.083333,8.266667,3036,"GeoLocate","NA","NA","Riberon, A., Miaud, C., Grossenbacher, K., & Taberlet, P. (2001). Phylogeography of the Alpine salamander, Salamandra atra (Salamandridae) and the influence of the Pleistocene climatic oscillations on population divergence. Molecular ecology, 10(10), 2555–2560. https://doi-org.libproxy.unm.edu/10.1046/j.1365-294x.2001.01373.x"
