"value","Lat","Lon","Method","Error_km","Museum_Field_Number","Notes","Reference"
"HQ915525.1 Salamandrina perspicillata isolate MR_41 haplotype X cytochrome b (cytb) gene, partial cds; mitochondrial",41.35,14.683,"Article",1,"NA","NA","https://doi.org/10.1111/j.1469-7998.2011.00807.x"
"HQ915539.1 Salamandrina perspicillata isolate MR_54 haplotype I cytochrome b (cytb) gene, partial cds; mitochondrial",41.35,14.683,"Article",1,"NA","Rough","https://doi.org/10.1111/j.1469-7998.2011.00807.x"
"JN657507.1 Salamandrina perspicillata isolate PEN1 tRNA-Glu gene, partial sequence; and cytochrome b (Cytb) gene, partial cds; mitochondrial",43.983333,10.316667,"NA","NA","NA","NA","https://doi.org/10.1111/j.1469-7998.2011.00807.x"
"JN657508.1 Salamandrina perspicillata isolate PET1 tRNA-Glu gene, partial sequence; and cytochrome b (Cytb) gene, partial cds; mitochondrial",41.128952,13.900499,"NA","NA","NA","NA","https://doi.org/10.1111/j.1469-7998.2011.00807.x"
"HQ915448.1 Salamandrina perspicillata isolate ER_29 haplotype VII cytochrome b (cytb) gene, partial cds; mitochondrial",42.517,12.633,"NA","NA","NA","NA","https://doi.org/10.1111/j.1469-7998.2011.00807.x"
"HQ915438.1 Salamandrina perspicillata isolate ER_16 haplotype VII cytochrome b (cytb) gene, partial cds; mitochondrial",42.517,12.633,"NA","NA","NA","NA","https://doi.org/10.1111/j.1469-7998.2011.00807.x"
"HQ915437.1 Salamandrina perspicillata isolate ER_14 haplotype VII cytochrome b (cytb) gene, partial cds; mitochondrial",42.517,12.633,"NA","NA","NA","NA","https://doi.org/10.1111/j.1469-7998.2011.00807.x"
"HQ915434.1 Salamandrina perspicillata isolate ER_08 haplotype VII cytochrome b (cytb) gene, partial cds; mitochondrial",42.517,12.633,"NA","NA","NA","NA","NA"
"HQ915432.1 Salamandrina perspicillata isolate ER_06 haplotype VII cytochrome b (cytb) gene, partial cds; mitochondrial",42.517,12.633,"NA","NA","NA","NA","NA"
"HQ915430.1 Salamandrina perspicillata isolate ER_02 haplotype VII cytochrome b (cytb) gene, partial cds; mitochondrial",42.517,12.633,"NA","NA","NA","NA","https://doi.org/10.1111/j.1469-7998.2011.00807.x"
"HQ915431.1 Salamandrina perspicillata isolate ER_03 haplotype VIII cytochrome b (cytb) gene, partial cds; mitochondrial",42.517,12.633,"NA","NA","NA","NA","NA"
"HQ915426.1 Salamandrina perspicillata isolate CM_26 haplotype III cytochrome b (cytb) gene, partial cds; mitochondrial",41.617,13.95,"NA","NA","NA","NA","https://doi.org/10.1111/j.1469-7998.2011.00807.x"
"HQ915425.1 Salamandrina perspicillata isolate CM_25 haplotype III cytochrome b (cytb) gene, partial cds; mitochondrial",41.617,13.95,"NA","NA","NA","NA","NA"
"HQ915424.1 Salamandrina perspicillata isolate CM_22 haplotype III cytochrome b (cytb) gene, partial cds; mitochondrial",41.617,13.95,"NA","NA","NA","NA","https://doi.org/10.1111/j.1469-7998.2011.00807.x"
"HQ915421.1 Salamandrina perspicillata isolate CM_18 haplotype III cytochrome b (cytb) gene, partial cds; mitochondrial",41.617,13.95,"NA","NA","NA","NA","NA"
"HQ915411.1 Salamandrina perspicillata isolate BC_21 haplotype I cytochrome b (cytb) gene, partial cds; mitochondrial",44.467,11.283,"NA","NA","NA","NA","NA"
"HQ915410.1 Salamandrina perspicillata isolate BC_20 haplotype I cytochrome b (cytb) gene, partial cds; mitochondrial",44.467,11.283,"NA","NA","NA","NA","NA"
"HQ915409.1 Salamandrina perspicillata isolate BC_18 haplotype I cytochrome b (cytb) gene, partial cds; mitochondrial",44.467,11.283,"NA","NA","NA","NA","NA"
"HQ915408.1 Salamandrina perspicillata isolate BC_17 haplotype I cytochrome b (cytb) gene, partial cds; mitochondrial",44.467,11.283,"NA","NA","NA","NA","NA"
"HQ915407.1 Salamandrina perspicillata isolate BC_14 haplotype I cytochrome b (cytb) gene, partial cds; mitochondrial",44.467,11.283,"NA","NA","NA","NA","NA"
"HQ915406.1 Salamandrina perspicillata isolate BC_12 haplotype I cytochrome b (cytb) gene, partial cds; mitochondrial",44.467,11.283,"NA","NA","NA","NA","NA"
"HQ915405.1 Salamandrina perspicillata isolate BC_10 haplotype I cytochrome b (cytb) gene, partial cds; mitochondrial",44.467,11.283,"NA","NA","NA","NA","NA"
"HQ915404.1 Salamandrina perspicillata isolate BC_09 haplotype I cytochrome b (cytb) gene, partial cds; mitochondrial",44.467,11.283,"NA","NA","NA","NA","NA"
"HQ915403.1 Salamandrina perspicillata isolate BC_07 haplotype I cytochrome b (cytb) gene, partial cds; mitochondrial",44.467,11.283,"NA","NA","NA","NA","NA"
"HQ915402.1 Salamandrina perspicillata isolate BC_06 haplotype I cytochrome b (cytb) gene, partial cds; mitochondrial",44.467,11.283,"NA","NA","NA","NA","https://doi.org/10.1111/j.1469-7998.2011.00807.x"
"HQ915401.1 Salamandrina perspicillata isolate BC_05 haplotype I cytochrome b (cytb) gene, partial cds; mitochondrial",44.467,11.283,"NA","NA","NA","NA","NA"
"HQ915399.1 Salamandrina perspicillata isolate BC_02 haplotype I cytochrome b (cytb) gene, partial cds; mitochondrial",44.467,11.283,"NA","NA","NA","NA","NA"
"HQ915398.1 Salamandrina perspicillata isolate BC_01 haplotype I cytochrome b (cytb) gene, partial cds; mitochondrial",44.467,11.283,"NA","NA","NA","NA","NA"
"HQ915449.1 Salamandrina perspicillata isolate ER_30 haplotype I cytochrome b (cytb) gene, partial cds; mitochondrial",42.517,12.633,"NA","NA","NA","NA","NA"
"HQ915447.1 Salamandrina perspicillata isolate ER_28 haplotype I cytochrome b (cytb) gene, partial cds; mitochondrial",42.517,12.633,"NA","NA","NA","NA","NA"
"HQ915446.1 Salamandrina perspicillata isolate ER_27 haplotype I cytochrome b (cytb) gene, partial cds; mitochondrial",42.517,12.633,"NA","NA","NA","NA","NA"
"HQ915445.1 Salamandrina perspicillata isolate ER_26 haplotype I cytochrome b (cytb) gene, partial cds; mitochondrial",42.517,12.633,"NA","NA","NA","NA","NA"
"HQ915444.1 Salamandrina perspicillata isolate ER_25 haplotype I cytochrome b (cytb) gene, partial cds; mitochondrial",42.517,12.633,"NA","NA","NA","NA","NA"
"HQ915443.1 Salamandrina perspicillata isolate ER_23 haplotype I cytochrome b (cytb) gene, partial cds; mitochondrial",42.517,12.633,"NA","NA","NA","NA","NA"
"HQ915442.1 Salamandrina perspicillata isolate ER_22 haplotype I cytochrome b (cytb) gene, partial cds; mitochondrial",42.517,12.633,"NA","NA","NA","NA","NA"
"HQ915441.1 Salamandrina perspicillata isolate ER_20 haplotype I cytochrome b (cytb) gene, partial cds; mitochondrial",42.517,12.633,"NA","NA","NA","NA","NA"
"HQ915439.1 Salamandrina perspicillata isolate ER_18 haplotype I cytochrome b (cytb) gene, partial cds; mitochondrial",42.517,12.633,"NA","NA","NA","NA","NA"
"HQ915436.1 Salamandrina perspicillata isolate ER_13 haplotype I cytochrome b (cytb) gene, partial cds; mitochondrial",42.517,12.633,"NA","NA","NA","NA","NA"
"HQ915435.1 Salamandrina perspicillata isolate ER_10 haplotype I cytochrome b (cytb) gene, partial cds; mitochondrial",42.517,12.633,"NA","NA","NA","NA","NA"
"HQ915433.1 Salamandrina perspicillata isolate ER_07 haplotype I cytochrome b (cytb) gene, partial cds; mitochondrial",42.517,12.633,"NA","NA","NA","NA","NA"
"HQ915429.1 Salamandrina perspicillata isolate ER_01 haplotype I cytochrome b (cytb) gene, partial cds; mitochondrial",42.517,12.633,"NA","NA","NA","NA","NA"
"HQ915428.1 Salamandrina perspicillata isolate CM_32 haplotype I cytochrome b (cytb) gene, partial cds; mitochondrial",41.617,13.95,"NA","NA","NA","NA","NA"
"HQ915427.1 Salamandrina perspicillata isolate CM_30 haplotype I cytochrome b (cytb) gene, partial cds; mitochondrial",41.617,13.95,"NA","NA","NA","NA","NA"
"HQ915423.1 Salamandrina perspicillata isolate CM_21 haplotype I cytochrome b (cytb) gene, partial cds; mitochondrial",41.617,13.95,"NA","NA","NA","NA","NA"
"HQ915422.1 Salamandrina perspicillata isolate CM_19 haplotype I cytochrome b (cytb) gene, partial cds; mitochondrial",41.617,13.95,"NA","NA","NA","NA","NA"
"HQ915420.1 Salamandrina perspicillata isolate CM_16 haplotype I cytochrome b (cytb) gene, partial cds; mitochondrial",41.617,13.95,"NA","NA","NA","NA","NA"
"HQ915419.1 Salamandrina perspicillata isolate CM_14 haplotype I cytochrome b (cytb) gene, partial cds; mitochondrial",41.617,13.95,"NA","NA","NA","NA","NA"
"HQ915418.1 Salamandrina perspicillata isolate CM_13 haplotype I cytochrome b (cytb) gene, partial cds; mitochondrial",41.617,13.95,"NA","NA","NA","NA","NA"
"HQ915417.1 Salamandrina perspicillata isolate CM_11 haplotype I cytochrome b (cytb) gene, partial cds; mitochondrial",41.617,13.95,"NA","NA","NA","NA","NA"
"HQ915416.1 Salamandrina perspicillata isolate CM_10 haplotype I cytochrome b (cytb) gene, partial cds; mitochondrial",41.617,13.95,"NA","NA","NA","NA","NA"
"HQ915415.1 Salamandrina perspicillata isolate CM_06 haplotype I cytochrome b (cytb) gene, partial cds; mitochondrial",41.617,13.95,"NA","NA","NA","NA","NA"
"HQ915414.1 Salamandrina perspicillata isolate CM_03 haplotype I cytochrome b (cytb) gene, partial cds; mitochondrial",41.617,13.95,"NA","NA","NA","NA","NA"
"HQ915413.1 Salamandrina perspicillata isolate CM_01 haplotype I cytochrome b (cytb) gene, partial cds; mitochondrial",41.617,13.95,"NA","NA","NA","NA","NA"
"HQ915412.1 Salamandrina perspicillata isolate BC_22 haplotype I cytochrome b (cytb) gene, partial cds; mitochondrial",44.467,11.283,"NA","NA","NA","NA","NA"
"HQ915566.1 Salamandrina perspicillata isolate RR_07 haplotype I cytochrome b (cytb) gene, partial cds; mitochondrial",44.683,9.033,"NA","NA","NA","NA","NA"
"HQ915565.1 Salamandrina perspicillata isolate RR_05 haplotype I cytochrome b (cytb) gene, partial cds; mitochondrial",44.683,9.033,"NA","NA","NA","NA","NA"
"HQ915564.1 Salamandrina perspicillata isolate RR_04 haplotype I cytochrome b (cytb) gene, partial cds; mitochondrial",44.683,9.033,"NA","NA","NA","NA","NA"
"HQ915563.1 Salamandrina perspicillata isolate RR_02 haplotype I cytochrome b (cytb) gene, partial cds; mitochondrial",44.683,9.033,"NA","NA","NA","NA","NA"
"HQ915562.1 Salamandrina perspicillata isolate MT_08 haplotype I cytochrome b (cytb) gene, partial cds; mitochondrial",42.717,13.5,"NA","NA","NA","NA","NA"
"HQ915561.1 Salamandrina perspicillata isolate MT_06 haplotype I cytochrome b (cytb) gene, partial cds; mitochondrial",42.717,13.5,"NA","NA","NA","NA","NA"
"HQ915560.1 Salamandrina perspicillata isolate MT_05 haplotype I cytochrome b (cytb) gene, partial cds; mitochondrial",42.717,13.5,"NA","NA","NA","NA","NA"
"HQ915559.1 Salamandrina perspicillata isolate MT_22 haplotype I cytochrome b (cytb) gene, partial cds; mitochondrial",42.717,13.5,"NA","NA","NA","NA","NA"
"HQ915558.1 Salamandrina perspicillata isolate MT_21 haplotype I cytochrome b (cytb) gene, partial cds; mitochondrial",42.717,13.5,"NA","NA","NA","NA","NA"
"HQ915557.1 Salamandrina perspicillata isolate MT_20 haplotype I cytochrome b (cytb) gene, partial cds; mitochondrial",42.717,13.5,"NA","NA","NA","NA","NA"
"HQ915556.1 Salamandrina perspicillata isolate MT_19 haplotype I cytochrome b (cytb) gene, partial cds; mitochondrial",42.717,13.5,"NA","NA","NA","NA","NA"
"HQ915555.1 Salamandrina perspicillata isolate MT_18 haplotype I cytochrome b (cytb) gene, partial cds; mitochondrial",42.717,13.5,"NA","NA","NA","NA","NA"
"HQ915554.1 Salamandrina perspicillata isolate MT_16 haplotype I cytochrome b (cytb) gene, partial cds; mitochondrial",42.717,13.5,"NA","NA","NA","NA","NA"
"HQ915553.1 Salamandrina perspicillata isolate MT_15 haplotype I cytochrome b (cytb) gene, partial cds; mitochondrial",42.717,13.5,"NA","NA","NA","NA","NA"
"HQ915552.1 Salamandrina perspicillata isolate MT_14 haplotype I cytochrome b (cytb) gene, partial cds; mitochondrial",42.717,13.5,"NA","NA","NA","NA","NA"
"HQ915551.1 Salamandrina perspicillata isolate MT_13 haplotype I cytochrome b (cytb) gene, partial cds; mitochondrial",42.717,13.5,"NA","NA","NA","NA","NA"
"HQ915550.1 Salamandrina perspicillata isolate MT_12 haplotype I cytochrome b (cytb) gene, partial cds; mitochondrial",42.717,13.5,"NA","NA","NA","NA","NA"
"HQ915549.1 Salamandrina perspicillata isolate MT_11 haplotype I cytochrome b (cytb) gene, partial cds; mitochondrial",42.717,13.5,"NA","NA","NA","NA","NA"
"HQ915548.1 Salamandrina perspicillata isolate MT_10 haplotype I cytochrome b (cytb) gene, partial cds; mitochondrial",42.717,13.5,"NA","NA","NA","NA","NA"
"HQ915547.1 Salamandrina perspicillata isolate MT_09 haplotype I cytochrome b (cytb) gene, partial cds; mitochondrial",42.717,13.5,"NA","NA","NA","NA","NA"
"HQ915546.1 Salamandrina perspicillata isolate MT_07 haplotype I cytochrome b (cytb) gene, partial cds; mitochondrial",42.717,13.5,"NA","NA","NA","NA","NA"
"HQ915545.1 Salamandrina perspicillata isolate MT_01 haplotype I cytochrome b (cytb) gene, partial cds; mitochondrial",42.717,13.5,"NA","NA","NA","NA","NA"
"HQ915634.1 Salamandrina perspicillata isolate VO_36 haplotype I cytochrome b (cytb) gene, partial cds; mitochondrial",41.55,13.05,"NA","NA","NA","NA","NA"
"HQ915635.1 Salamandrina perspicillata isolate VO_37 haplotype I cytochrome b (cytb) gene, partial cds; mitochondrial",41.55,13.05,"NA","NA","NA","NA","NA"
"HQ915636.1 Salamandrina perspicillata isolate VO_38 haplotype I cytochrome b (cytb) gene, partial cds; mitochondrial",41.55,13.05,"NA","NA","NA","NA","NA"
"HQ915637.1 Salamandrina perspicillata isolate VO_39 haplotype I cytochrome b (cytb) gene, partial cds; mitochondrial",41.55,13.05,"NA","NA","NA","NA","NA"
"HQ915638.1 Salamandrina perspicillata isolate VO_40 haplotype I cytochrome b (cytb) gene, partial cds; mitochondrial",41.55,13.05,"NA","NA","NA","NA","NA"
"HQ915567.1 Salamandrina perspicillata isolate RR_08 haplotype I cytochrome b (cytb) gene, partial cds; mitochondrial",44.683,9.033,"NA","NA","NA","NA","NA"
"HQ915568.1 Salamandrina perspicillata isolate RR_09 haplotype I cytochrome b (cytb) gene, partial cds; mitochondrial",44.683,9.033,"NA","NA","NA","NA","NA"
"HQ915569.1 Salamandrina perspicillata isolate RR_10 haplotype I cytochrome b (cytb) gene, partial cds; mitochondrial",44.683,9.033,"NA","NA","NA","NA","NA"
"HQ915570.1 Salamandrina perspicillata isolate RR_11 haplotype I cytochrome b (cytb) gene, partial cds; mitochondrial",44.683,9.033,"NA","NA","NA","NA","NA"
"HQ915571.1 Salamandrina perspicillata isolate RR_12 haplotype I cytochrome b (cytb) gene, partial cds; mitochondrial",44.683,9.033,"NA","NA","NA","NA","NA"
"HQ915572.1 Salamandrina perspicillata isolate RR_14 haplotype I cytochrome b (cytb) gene, partial cds; mitochondrial",44.683,9.033,"NA","NA","NA","NA","NA"
"HQ915573.1 Salamandrina perspicillata isolate RR_15 haplotype I cytochrome b (cytb) gene, partial cds; mitochondrial",44.683,9.033,"NA","NA","NA","NA","NA"
"HQ915574.1 Salamandrina perspicillata isolate RR_16 haplotype I cytochrome b (cytb) gene, partial cds; mitochondrial",44.683,9.033,"NA","NA","NA","NA","NA"
"HQ915575.1 Salamandrina perspicillata isolate RR_17 haplotype I cytochrome b (cytb) gene, partial cds; mitochondrial",44.683,9.033,"NA","NA","NA","NA","NA"
"HQ915576.1 Salamandrina perspicillata isolate RR_19 haplotype I cytochrome b (cytb) gene, partial cds; mitochondrial",44.683,9.033,"NA","NA","NA","NA","NA"
"HQ915577.1 Salamandrina perspicillata isolate RR_20 haplotype I cytochrome b (cytb) gene, partial cds; mitochondrial",44.683,9.033,"NA","NA","NA","NA","NA"
"HQ915578.1 Salamandrina perspicillata isolate RR_21 haplotype I cytochrome b (cytb) gene, partial cds; mitochondrial",44.683,9.033,"NA","NA","NA","NA","NA"
"HQ915579.1 Salamandrina perspicillata isolate RR_22 haplotype I cytochrome b (cytb) gene, partial cds; mitochondrial",44.683,9.033,"NA","NA","NA","NA","NA"
"HQ915580.1 Salamandrina perspicillata isolate RR_23 haplotype I cytochrome b (cytb) gene, partial cds; mitochondrial",44.683,9.033,"NA","NA","NA","NA","NA"
"HQ915623.1 Salamandrina perspicillata isolate VO_25 haplotype I cytochrome b (cytb) gene, partial cds; mitochondrial",41.55,13.05,"NA","NA","NA","NA","NA"
"HQ915624.1 Salamandrina perspicillata isolate VO_26 haplotype I cytochrome b (cytb) gene, partial cds; mitochondrial",41.55,13.05,"NA","NA","NA","NA","NA"
"HQ915625.1 Salamandrina perspicillata isolate VO_27 haplotype I cytochrome b (cytb) gene, partial cds; mitochondrial",41.55,13.05,"NA","NA","NA","NA","NA"
"HQ915626.1 Salamandrina perspicillata isolate VO_28 haplotype I cytochrome b (cytb) gene, partial cds; mitochondrial",41.55,13.05,"NA","NA","NA","NA","NA"
"HQ915627.1 Salamandrina perspicillata isolate VO_29 haplotype I cytochrome b (cytb) gene, partial cds; mitochondrial",41.55,13.05,"NA","NA","NA","NA","NA"
"HQ915628.1 Salamandrina perspicillata isolate VO_30 haplotype I cytochrome b (cytb) gene, partial cds; mitochondrial",41.55,13.05,"NA","NA","NA","NA","NA"
"HQ915629.1 Salamandrina perspicillata isolate VO_31 haplotype I cytochrome b (cytb) gene, partial cds; mitochondrial",41.55,13.05,"NA","NA","NA","NA","NA"
"HQ915630.1 Salamandrina perspicillata isolate VO_32 haplotype I cytochrome b (cytb) gene, partial cds; mitochondrial",41.55,13.05,"NA","NA","NA","NA","NA"
"HQ915631.1 Salamandrina perspicillata isolate VO_33 haplotype I cytochrome b (cytb) gene, partial cds; mitochondrial",41.55,13.05,"NA","NA","NA","NA","NA"
"HQ915632.1 Salamandrina perspicillata isolate VO_34 haplotype I cytochrome b (cytb) gene, partial cds; mitochondrial",41.55,13.05,"NA","NA","NA","NA","NA"
"HQ915633.1 Salamandrina perspicillata isolate VO_35 haplotype I cytochrome b (cytb) gene, partial cds; mitochondrial",41.55,13.05,"NA","NA","NA","NA","NA"
"HQ915440.1 Salamandrina perspicillata isolate ER_19 haplotype VI cytochrome b (cytb) gene, partial cds; mitochondrial",42.517,12.633,"NA","NA","NA","NA","NA"
