"value","Lat","Lon","Method","Error_km","Museum_Field_Number","Notes","Reference"
"AY898738.1 Salamandrina terdigitata isolate LIG1 tRNA-Glu gene, partial sequence; and cytochrome b (Cytb) gene, partial cds; mitochondrial",44.61583,8.73722,"Article,googleearth,GPScoords",2,"NA","NA","https://doi.org/10.11646/zootaxa.995.1.1"
"AY898739.1 Salamandrina terdigitata isolate UMB1 tRNA-Glu gene, partial sequence; and cytochrome b (Cytb) gene, partial cds; mitochondrial",42.8652778,12.25833,"Article,googleearth,GPScoords",5,"NA","NA","https://doi.org/10.11646/zootaxa.995.1.1"
"HQ915470.1 Salamandrina terdigitata isolate FO_09 haplotype XIII cytochrome b (cytb) gene, partial cds; mitochondrial",39.9716667,16.450277,"Article,googleearth,GPScoords",2,"NA","NA","https://doi.org/10.1111/j.1469-7998.2011.00807.x"
"HQ915469.1 Salamandrina terdigitata isolate FO_08 haplotype XIII cytochrome b (cytb) gene, partial cds; mitochondrial",39.9716667,16.450277,"Article,googleearth,GPScoords",2,"NA","NA","https://doi.org/10.1111/j.1469-7998.2011.00807.x"
"HQ915468.1 Salamandrina terdigitata isolate FO_07 haplotype XIII cytochrome b (cytb) gene, partial cds; mitochondrial",39.9716667,16.450277,"Article,googleearth,GPScoords",2,"NA","NA","https://doi.org/10.1111/j.1469-7998.2011.00807.x"
"HQ915467.1 Salamandrina terdigitata isolate FO_06 haplotype XIII cytochrome b (cytb) gene, partial cds; mitochondrial",39.9716667,16.450277,"Article,googleearth,GPScoords",2,"NA","NA","https://doi.org/10.1111/j.1469-7998.2011.00807.x"
"HQ915466.1 Salamandrina terdigitata isolate FO_05 haplotype XIII cytochrome b (cytb) gene, partial cds; mitochondrial",39.9716667,16.450277,"Article,googleearth,GPScoords",2,"NA","NA","https://doi.org/10.1111/j.1469-7998.2011.00807.x"
"HQ915465.1 Salamandrina terdigitata isolate FO_04 haplotype XIII cytochrome b (cytb) gene, partial cds; mitochondrial",39.9716667,16.450277,"Article,googleearth,GPScoords",2,"NA","NA","https://doi.org/10.1111/j.1469-7998.2011.00807.x"
"HQ915464.1 Salamandrina terdigitata isolate FO_03 haplotype XIII cytochrome b (cytb) gene, partial cds; mitochondrial",39.9716667,16.450277,"Article,googleearth,GPScoords",2,"NA","NA","https://doi.org/10.1111/j.1469-7998.2011.00807.x"
"HQ915463.1 Salamandrina terdigitata isolate FO_24 haplotype XIII cytochrome b (cytb) gene, partial cds; mitochondrial",39.9716667,16.450277,"Article,googleearth,GPScoords",2,"NA","NA","https://doi.org/10.1111/j.1469-7998.2011.00807.x"
"HQ915462.1 Salamandrina terdigitata isolate FO_23 haplotype XIII cytochrome b (cytb) gene, partial cds; mitochondrial",39.9716667,16.450277,"Article,googleearth,GPScoords",2,"NA","NA","https://doi.org/10.1111/j.1469-7998.2011.00807.x"
"HQ915461.1 Salamandrina terdigitata isolate FO_22 haplotype XIII cytochrome b (cytb) gene, partial cds; mitochondrial",39.9716667,16.450277,"Article,googleearth,GPScoords",2,"NA","NA","https://doi.org/10.1111/j.1469-7998.2011.00807.x"
"HQ915460.1 Salamandrina terdigitata isolate FO_02 haplotype XIII cytochrome b (cytb) gene, partial cds; mitochondrial",39.9716667,16.450277,"Article,googleearth,GPScoords",2,"NA","NA","https://doi.org/10.1111/j.1469-7998.2011.00807.x"
"HQ915459.1 Salamandrina terdigitata isolate FO_18 haplotype XIII cytochrome b (cytb) gene, partial cds; mitochondrial",39.9716667,16.450277,"Article,googleearth,GPScoords",2,"NA","NA","https://doi.org/10.1111/j.1469-7998.2011.00807.x"
"HQ915458.1 Salamandrina terdigitata isolate FO_17 haplotype XIII cytochrome b (cytb) gene, partial cds; mitochondrial",39.9716667,16.450277,"Article,googleearth,GPScoords",2,"NA","NA","https://doi.org/10.1111/j.1469-7998.2011.00807.x"
"HQ915457.1 Salamandrina terdigitata isolate FO_16 haplotype XIII cytochrome b (cytb) gene, partial cds; mitochondrial",39.9716667,16.450277,"Article,googleearth,GPScoords",2,"NA","NA","https://doi.org/10.1111/j.1469-7998.2011.00807.x"
"HQ915456.1 Salamandrina terdigitata isolate FO_15 haplotype XIII cytochrome b (cytb) gene, partial cds; mitochondrial",39.9716667,16.450277,"Article,googleearth,GPScoords",2,"NA","NA","https://doi.org/10.1111/j.1469-7998.2011.00807.x"
"HQ915455.1 Salamandrina terdigitata isolate FO_14 haplotype XIII cytochrome b (cytb) gene, partial cds; mitochondrial",39.9716667,16.450277,"Article,googleearth,GPScoords",2,"NA","NA","https://doi.org/10.1111/j.1469-7998.2011.00807.x"
"HQ915454.1 Salamandrina terdigitata isolate FO_13 haplotype XIII cytochrome b (cytb) gene, partial cds; mitochondrial",39.9716667,16.450277,"Article,googleearth,GPScoords",2,"NA","NA","https://doi.org/10.1111/j.1469-7998.2011.00807.x"
"HQ915453.1 Salamandrina terdigitata isolate FO_12 haplotype XIII cytochrome b (cytb) gene, partial cds; mitochondrial",39.9716667,16.450277,"Article,googleearth,GPScoords",2,"NA","NA","https://doi.org/10.1111/j.1469-7998.2011.00807.x"
"HQ915452.1 Salamandrina terdigitata isolate FO_11 haplotype XIII cytochrome b (cytb) gene, partial cds; mitochondrial",39.9716667,16.450277,"Article,googleearth,GPScoords",2,"NA","NA","https://doi.org/10.1111/j.1469-7998.2011.00807.x"
"HQ915451.1 Salamandrina terdigitata isolate FO_10 haplotype XIII cytochrome b (cytb) gene, partial cds; mitochondrial",39.9716667,16.450277,"Article,googleearth,GPScoords",2,"NA","NA","https://doi.org/10.1111/j.1469-7998.2011.00807.x"
"HQ915450.1 Salamandrina terdigitata isolate FO_01 haplotype XIII cytochrome b (cytb) gene, partial cds; mitochondrial",39.9716667,16.450277,"Article,googleearth,GPScoords",2,"NA","NA","https://doi.org/10.1111/j.1469-7998.2011.00807.x"
"HQ915608.1 Salamandrina terdigitata isolate VC_04 haplotype XII cytochrome b (cytb) gene, partial cds; mitochondrial",40.281111,15.364166,"Article,googleearth,GPScoords",2,"NA","NA","https://doi.org/10.1111/j.1469-7998.2011.00807.x"
"HQ915597.1 Salamandrina terdigitata isolate ST_24 haplotype X cytochrome b (cytb) gene, partial cds; mitochondrial",40.72666,14.960277,"Article,googleearth,GPScoords",2,"NA","NA","https://doi.org/10.1111/j.1469-7998.2011.00807.x"
"HQ915589.1 Salamandrina terdigitata isolate ST_17 haplotype XI cytochrome b (cytb) gene, partial cds; mitochondrial",40.72666,14.960277,"Article,googleearth,GPScoords",2,"NA","NA","https://doi.org/10.1111/j.1469-7998.2011.00807.x"
"HQ915581.1 Salamandrina terdigitata isolate ST_01 haplotype XI cytochrome b (cytb) gene, partial cds; mitochondrial",40.72666,14.960277,"Article,googleearth,GPScoords",2,"NA","NA","https://doi.org/10.1111/j.1469-7998.2011.00807.x"
"HQ915622.1 Salamandrina terdigitata isolate VC_20 haplotype X cytochrome b (cytb) gene, partial cds; mitochondrial",40.281111,15.364166,"Article,googleearth,GPScoords",2,"NA","NA","https://doi.org/10.1111/j.1469-7998.2011.00807.x"
"HQ915621.1 Salamandrina terdigitata isolate VC_19 haplotype X cytochrome b (cytb) gene, partial cds; mitochondrial",40.281111,15.364166,"Article,googleearth,GPScoords",2,"NA","NA","https://doi.org/10.1111/j.1469-7998.2011.00807.x"
"HQ915620.1 Salamandrina terdigitata isolate VC_16 haplotype X cytochrome b (cytb) gene, partial cds; mitochondrial",40.281111,15.364166,"Article,googleearth,GPScoords",2,"NA","NA","https://doi.org/10.1111/j.1469-7998.2011.00807.x"
"HQ915619.1 Salamandrina terdigitata isolate VC_15 haplotype X cytochrome b (cytb) gene, partial cds; mitochondrial",40.281111,15.364166,"Article,googleearth,GPScoords",2,"NA","NA","https://doi.org/10.1111/j.1469-7998.2011.00807.x"
"HQ915618.1 Salamandrina terdigitata isolate VC_14 haplotype X cytochrome b (cytb) gene, partial cds; mitochondrial",40.281111,15.364166,"Article,googleearth,GPScoords",2,"NA","NA","https://doi.org/10.1111/j.1469-7998.2011.00807.x"
"HQ915617.1 Salamandrina terdigitata isolate VC_13 haplotype X cytochrome b (cytb) gene, partial cds; mitochondrial",40.281111,15.364166,"Article,googleearth,GPScoords",2,"NA","NA","https://doi.org/10.1111/j.1469-7998.2011.00807.x"
"HQ915616.1 Salamandrina terdigitata isolate VC_12 haplotype X cytochrome b (cytb) gene, partial cds; mitochondrial",40.281111,15.364166,"Article,googleearth,GPScoords",2,"NA","NA","https://doi.org/10.1111/j.1469-7998.2011.00807.x"
"HQ915615.1 Salamandrina terdigitata isolate VC_11 haplotype X cytochrome b (cytb) gene, partial cds; mitochondrial",40.281111,15.364166,"Article,googleearth,GPScoords",2,"NA","NA","https://doi.org/10.1111/j.1469-7998.2011.00807.x"
"HQ915614.1 Salamandrina terdigitata isolate VC_10 haplotype X cytochrome b (cytb) gene, partial cds; mitochondrial",40.281111,15.364166,"Article,googleearth,GPScoords",2,"NA","NA","https://doi.org/10.1111/j.1469-7998.2011.00807.x"
"HQ915613.1 Salamandrina terdigitata isolate VC_09 haplotype X cytochrome b (cytb) gene, partial cds; mitochondrial",40.281111,15.364166,"Article,googleearth,GPScoords",2,"NA","NA","https://doi.org/10.1111/j.1469-7998.2011.00807.x"
"HQ915612.1 Salamandrina terdigitata isolate VC_08 haplotype X cytochrome b (cytb) gene, partial cds; mitochondrial",40.281111,15.364166,"Article,googleearth,GPScoords",2,"NA","NA","https://doi.org/10.1111/j.1469-7998.2011.00807.x"
"HQ915611.1 Salamandrina terdigitata isolate VC_07 haplotype X cytochrome b (cytb) gene, partial cds; mitochondrial",40.281111,15.364166,"Article,googleearth,GPScoords",2,"NA","NA","https://doi.org/10.1111/j.1469-7998.2011.00807.x"
"HQ915610.1 Salamandrina terdigitata isolate VC_06 haplotype X cytochrome b (cytb) gene, partial cds; mitochondrial",40.281111,15.364166,"Article,googleearth,GPScoords",2,"NA","NA","https://doi.org/10.1111/j.1469-7998.2011.00807.x"
"HQ915609.1 Salamandrina terdigitata isolate VC_05 haplotype X cytochrome b (cytb) gene, partial cds; mitochondrial",40.281111,15.364166,"Article,googleearth,GPScoords",2,"NA","NA","https://doi.org/10.1111/j.1469-7998.2011.00807.x"
"HQ915607.1 Salamandrina terdigitata isolate VC_03 haplotype X cytochrome b (cytb) gene, partial cds; mitochondrial",40.281111,15.364166,"Article,googleearth,GPScoords",2,"NA","NA","https://doi.org/10.1111/j.1469-7998.2011.00807.x"
"HQ915606.1 Salamandrina terdigitata isolate VC_02 haplotype X cytochrome b (cytb) gene, partial cds; mitochondrial",40.281111,15.364166,"Article,googleearth,GPScoords",2,"NA","NA","https://doi.org/10.1111/j.1469-7998.2011.00807.x"
"HQ915605.1 Salamandrina terdigitata isolate VC_01 haplotype X cytochrome b (cytb) gene, partial cds; mitochondrial",40.281111,15.364166,"Article,googleearth,GPScoords",2,"NA","NA","https://doi.org/10.1111/j.1469-7998.2011.00807.x"
"HQ915604.1 Salamandrina terdigitata isolate ST_09 haplotype X cytochrome b (cytb) gene, partial cds; mitochondrial",40.72666,14.960277,"Article,googleearth,GPScoords",2,"NA","NA","https://doi.org/10.1111/j.1469-7998.2011.00807.x"
"HQ915603.1 Salamandrina terdigitata isolate ST_08 haplotype X cytochrome b (cytb) gene, partial cds; mitochondrial",40.72666,14.960277,"Article,googleearth,GPScoords",2,"NA","NA","https://doi.org/10.1111/j.1469-7998.2011.00807.x"
"HQ915602.1 Salamandrina terdigitata isolate ST_07 haplotype X cytochrome b (cytb) gene, partial cds; mitochondrial",40.72666,14.960277,"Article,googleearth,GPScoords",2,"NA","NA","https://doi.org/10.1111/j.1469-7998.2011.00807.x"
"HQ915601.1 Salamandrina terdigitata isolate ST_06 haplotype X cytochrome b (cytb) gene, partial cds; mitochondrial",40.72666,14.960277,"Article,googleearth,GPScoords",2,"NA","NA","https://doi.org/10.1111/j.1469-7998.2011.00807.x"
"HQ915600.1 Salamandrina terdigitata isolate ST_05 haplotype X cytochrome b (cytb) gene, partial cds; mitochondrial",40.72666,14.960277,"Article,googleearth,GPScoords",2,"NA","NA","https://doi.org/10.1111/j.1469-7998.2011.00807.x"
"HQ915599.1 Salamandrina terdigitata isolate ST_04 haplotype X cytochrome b (cytb) gene, partial cds; mitochondrial",40.72666,14.960277,"Article,googleearth,GPScoords",2,"NA","NA","https://doi.org/10.1111/j.1469-7998.2011.00807.x"
"HQ915598.1 Salamandrina terdigitata isolate ST_03 haplotype X cytochrome b (cytb) gene, partial cds; mitochondrial",40.72666,14.960277,"Article,googleearth,GPScoords",2,"NA","NA","https://doi.org/10.1111/j.1469-7998.2011.00807.x"
"HQ915596.1 Salamandrina terdigitata isolate ST_23 haplotype X cytochrome b (cytb) gene, partial cds; mitochondrial",40.72666,14.960277,"Article,googleearth,GPScoords",2,"NA","NA","https://doi.org/10.1111/j.1469-7998.2011.00807.x"
"HQ915595.1 Salamandrina terdigitata isolate ST_22 haplotype X cytochrome b (cytb) gene, partial cds; mitochondrial",40.72666,14.960277,"Article,googleearth,GPScoords",2,"NA","NA","https://doi.org/10.1111/j.1469-7998.2011.00807.x"
"HQ915594.1 Salamandrina terdigitata isolate ST_21 haplotype X cytochrome b (cytb) gene, partial cds; mitochondrial",40.72666,14.960277,"Article,googleearth,GPScoords",2,"NA","NA","https://doi.org/10.1111/j.1469-7998.2011.00807.x"
"HQ915593.1 Salamandrina terdigitata isolate ST_20 haplotype X cytochrome b (cytb) gene, partial cds; mitochondrial",40.72666,14.960277,"Article,googleearth,GPScoords",2,"NA","NA","https://doi.org/10.1111/j.1469-7998.2011.00807.x"
"HQ915592.1 Salamandrina terdigitata isolate ST_02 haplotype X cytochrome b (cytb) gene, partial cds; mitochondrial",40.72666,14.960277,"Article,googleearth,GPScoords",2,"NA","NA","https://doi.org/10.1111/j.1469-7998.2011.00807.x"
"HQ915591.1 Salamandrina terdigitata isolate ST_19 haplotype X cytochrome b (cytb) gene, partial cds; mitochondrial",40.72666,14.960277,"Article,googleearth,GPScoords",2,"NA","NA","https://doi.org/10.1111/j.1469-7998.2011.00807.x"
"HQ915590.1 Salamandrina terdigitata isolate ST_18 haplotype X cytochrome b (cytb) gene, partial cds; mitochondrial",40.72666,14.960277,"Article,googleearth,GPScoords",2,"NA","NA","https://doi.org/10.1111/j.1469-7998.2011.00807.x"
"HQ915588.1 Salamandrina terdigitata isolate ST_16 haplotype X cytochrome b (cytb) gene, partial cds; mitochondrial",40.72666,14.960277,"Article,googleearth,GPScoords",2,"NA","NA","https://doi.org/10.1111/j.1469-7998.2011.00807.x"
"HQ915587.1 Salamandrina terdigitata isolate ST_15 haplotype X cytochrome b (cytb) gene, partial cds; mitochondrial",40.72666,14.960277,"Article,googleearth,GPScoords",2,"NA","NA","https://doi.org/10.1111/j.1469-7998.2011.00807.x"
"HQ915586.1 Salamandrina terdigitata isolate ST_14 haplotype X cytochrome b (cytb) gene, partial cds; mitochondrial",40.72666,14.960277,"Article,googleearth,GPScoords",2,"NA","NA","https://doi.org/10.1111/j.1469-7998.2011.00807.x"
"HQ915585.1 Salamandrina terdigitata isolate ST_13 haplotype X cytochrome b (cytb) gene, partial cds; mitochondrial",40.72666,14.960277,"Article,googleearth,GPScoords",2,"NA","NA","https://doi.org/10.1111/j.1469-7998.2011.00807.x"
"HQ915584.1 Salamandrina terdigitata isolate ST_12 haplotype X cytochrome b (cytb) gene, partial cds; mitochondrial",40.72666,14.960277,"Article,googleearth,GPScoords",2,"NA","NA","https://doi.org/10.1111/j.1469-7998.2011.00807.x"
"HQ915583.1 Salamandrina terdigitata isolate ST_11 haplotype XI cytochrome b (cytb) gene, partial cds; mitochondrial",40.72666,14.9602777,"Article,googleearth,GPScoords",2,"NA","NA","https://doi.org/10.1111/j.1469-7998.2011.00807.x"
"HQ915582.1 Salamandrina terdigitata isolate ST_10 haplotype X cytochrome b (cytb) gene, partial cds; mitochondrial",40.72666,14.960277,"Article,googleearth,GPScoords",2,"NA","NA","https://doi.org/10.1111/j.1469-7998.2011.00807.x"
"HQ915489.1 Salamandrina terdigitata isolate FS_19 haplotype X cytochrome b (cytb) gene, partial cds; mitochondrial",38.03555,16.019166,"Article,googleearth,GPScoords",2,"NA","NA","https://doi.org/10.1111/j.1469-7998.2011.00807.x"
"HQ915488.1 Salamandrina terdigitata isolate FS_18 haplotype X cytochrome b (cytb) gene, partial cds; mitochondrial",38.03555,16.019166,"Article,googleearth,GPScoords",2,"NA","NA","https://doi.org/10.1111/j.1469-7998.2011.00807.x"
"HQ915487.1 Salamandrina terdigitata isolate FS_17 haplotype X cytochrome b (cytb) gene, partial cds; mitochondrial",38.03555,16.019166,"Article,googleearth,GPScoords",2,"NA","NA","https://doi.org/10.1111/j.1469-7998.2011.00807.x"
"HQ915486.1 Salamandrina terdigitata isolate FS_16 haplotype X cytochrome b (cytb) gene, partial cds; mitochondrial",38.03555,16.019166,"Article,googleearth,GPScoords",2,"NA","NA","https://doi.org/10.1111/j.1469-7998.2011.00807.x"
"HQ915485.1 Salamandrina terdigitata isolate FS_15 haplotype X cytochrome b (cytb) gene, partial cds; mitochondrial",38.03555,16.019166,"Article,googleearth,GPScoords",2,"NA","NA","https://doi.org/10.1111/j.1469-7998.2011.00807.x"
"HQ915484.1 Salamandrina terdigitata isolate FS_14 haplotype X cytochrome b (cytb) gene, partial cds; mitochondrial",38.03555,16.019166,"Article,googleearth,GPScoords",2,"NA","NA","https://doi.org/10.1111/j.1469-7998.2011.00807.x"
"HQ915483.1 Salamandrina terdigitata isolate FS_13 haplotype X cytochrome b (cytb) gene, partial cds; mitochondrial",38.03555,16.019166,"Article,googleearth,GPScoords",2,"NA","NA","https://doi.org/10.1111/j.1469-7998.2011.00807.x"
"HQ915482.1 Salamandrina terdigitata isolate FS_12 haplotype X cytochrome b (cytb) gene, partial cds; mitochondrial",38.03555,16.019166,"Article,googleearth,GPScoords",2,"NA","NA","https://doi.org/10.1111/j.1469-7998.2011.00807.x"
"HQ915481.1 Salamandrina terdigitata isolate FS_11 haplotype X cytochrome b (cytb) gene, partial cds; mitochondrial",38.03555,16.019166,"Article,googleearth,GPScoords",2,"NA","NA","https://doi.org/10.1111/j.1469-7998.2011.00807.x"
"HQ915480.1 Salamandrina terdigitata isolate FS_10 haplotype X cytochrome b (cytb) gene, partial cds; mitochondrial",38.03555,16.019166,"Article,googleearth,GPScoords",2,"NA","NA","https://doi.org/10.1111/j.1469-7998.2011.00807.x"
"HQ915479.1 Salamandrina terdigitata isolate FS_09 haplotype X cytochrome b (cytb) gene, partial cds; mitochondrial",38.03555,16.019166,"Article,googleearth,GPScoords",2,"NA","NA","https://doi.org/10.1111/j.1469-7998.2011.00807.x"
"HQ915478.1 Salamandrina terdigitata isolate FS_08 haplotype X cytochrome b (cytb) gene, partial cds; mitochondrial",38.03555,16.019166,"Article,googleearth,GPScoords",2,"NA","NA","https://doi.org/10.1111/j.1469-7998.2011.00807.x"
"HQ915477.1 Salamandrina terdigitata isolate FS_07 haplotype X cytochrome b (cytb) gene, partial cds; mitochondrial",38.03555,16.019166,"Article,googleearth,GPScoords",2,"NA","NA","https://doi.org/10.1111/j.1469-7998.2011.00807.x"
"HQ915476.1 Salamandrina terdigitata isolate FS_06 haplotype X cytochrome b (cytb) gene, partial cds; mitochondrial",38.03555,16.019166,"Article,googleearth,GPScoords",2,"NA","NA","https://doi.org/10.1111/j.1469-7998.2011.00807.x"
"HQ915475.1 Salamandrina terdigitata isolate FS_05 haplotype X cytochrome b (cytb) gene, partial cds; mitochondrial",38.03555,16.019166,"Article,googleearth,GPScoords",2,"NA","NA","https://doi.org/10.1111/j.1469-7998.2011.00807.x"
"HQ915474.1 Salamandrina terdigitata isolate FS_04 haplotype X cytochrome b (cytb) gene, partial cds; mitochondrial",38.03555,16.019166,"Article,googleearth,GPScoords",2,"NA","NA","https://doi.org/10.1111/j.1469-7998.2011.00807.x"
"HQ915473.1 Salamandrina terdigitata isolate FS_03 haplotype X cytochrome b (cytb) gene, partial cds; mitochondrial",38.03555,16.019166,"Article,googleearth,GPScoords",2,"NA","NA","https://doi.org/10.1111/j.1469-7998.2011.00807.x"
"HQ915472.1 Salamandrina terdigitata isolate FS_02 haplotype X cytochrome b (cytb) gene, partial cds; mitochondrial",38.03555,16.019166,"Article,googleearth,GPScoords",2,"NA","NA","https://doi.org/10.1111/j.1469-7998.2011.00807.x"
"HQ915471.1 Salamandrina terdigitata isolate FS_01 haplotype X cytochrome b (cytb) gene, partial cds; mitochondrial",38.03555,16.019166,"Article,googleearth,GPScoords",2,"NA","NA","https://doi.org/10.1111/j.1469-7998.2011.00807.x"
"KF431281.1 Salamandrina terdigitata voucher SR-64 cytochrome b gene, partial cds; mitochondrial",39.526944,16.081388,"Article,googleearth,GPScoords",2,"NA","NA","10.1016/j.ympev.2013.08.015"
"KF431280.1 Salamandrina terdigitata voucher SR-62 cytochrome b gene, partial cds; mitochondrial",39.526944,16.081388,"Article,googleearth,GPScoords",2,"NA","NA","10.1016/j.ympev.2013.08.015"
"KF431279.1 Salamandrina terdigitata voucher SR-61 cytochrome b gene, partial cds; mitochondrial",39.526944,16.081388,"Article,googleearth,GPScoords",2,"NA","NA","10.1016/j.ympev.2013.08.015"
"KF431278.1 Salamandrina terdigitata voucher SR-59 cytochrome b gene, partial cds; mitochondrial",39.526944,16.081388,"Article,googleearth,GPScoords",2,"NA","NA","10.1016/j.ympev.2013.08.015"
"KF431277.1 Salamandrina terdigitata voucher SR-56 cytochrome b gene, partial cds; mitochondrial",39.526944,16.081388,"Article,googleearth,GPScoords",2,"NA","NA","10.1016/j.ympev.2013.08.015"
"KF431276.1 Salamandrina terdigitata voucher SR-54 cytochrome b gene, partial cds; mitochondrial",39.526944,16.081388,"Article,googleearth,GPScoords",2,"NA","NA","10.1016/j.ympev.2013.08.015"
"KF431275.1 Salamandrina terdigitata voucher SR-53 cytochrome b gene, partial cds; mitochondrial",39.526944,16.081388,"Article,googleearth,GPScoords",2,"NA","NA","10.1016/j.ympev.2013.08.015"
"KF431274.1 Salamandrina terdigitata voucher SR-52 cytochrome b gene, partial cds; mitochondrial",39.526944,16.081388,"Article,googleearth,GPScoords",2,"NA","NA","10.1016/j.ympev.2013.08.015"
"KF431273.1 Salamandrina terdigitata voucher SR-51 cytochrome b gene, partial cds; mitochondrial",39.526944,16.081388,"Article,googleearth,GPScoords",2,"NA","NA","10.1016/j.ympev.2013.08.015"
"KF431272.1 Salamandrina terdigitata voucher SR-49 cytochrome b gene, partial cds; mitochondrial",39.526944,16.081388,"Article,googleearth,GPScoords",2,"NA","NA","10.1016/j.ympev.2013.08.015"
"KF431271.1 Salamandrina terdigitata voucher SR-47 cytochrome b gene, partial cds; mitochondrial",39.526944,16.081388,"Article,googleearth,GPScoords",2,"NA","NA","10.1016/j.ympev.2013.08.015"
"KF431270.1 Salamandrina terdigitata voucher SR-45 cytochrome b gene, partial cds; mitochondrial",39.526944,16.081388,"Article,googleearth,GPScoords",2,"NA","NA","10.1016/j.ympev.2013.08.015"
"KF431269.1 Salamandrina terdigitata voucher SR-43 cytochrome b gene, partial cds; mitochondrial",39.526944,16.081388,"Article,googleearth,GPScoords",2,"NA","NA","10.1016/j.ympev.2013.08.015"
"KF431268.1 Salamandrina terdigitata voucher SR-41 cytochrome b gene, partial cds; mitochondrial",39.526944,16.081388,"Article,googleearth,GPScoords",2,"NA","NA","10.1016/j.ympev.2013.08.015"
"KF431267.1 Salamandrina terdigitata voucher SR-40 cytochrome b gene, partial cds; mitochondrial",39.526944,16.081388,"Article,googleearth,GPScoords",2,"NA","NA","10.1016/j.ympev.2013.08.015"
"KF431266.1 Salamandrina terdigitata voucher SR-38 cytochrome b gene, partial cds; mitochondrial",39.526944,16.081388,"Article,googleearth,GPScoords",2,"NA","NA","10.1016/j.ympev.2013.08.015"
"KF431265.1 Salamandrina terdigitata voucher SR-36 cytochrome b gene, partial cds; mitochondrial",39.526944,16.081388,"Article,googleearth,GPScoords",2,"NA","NA","10.1016/j.ympev.2013.08.015"
"KF431264.1 Salamandrina terdigitata voucher SR-34 cytochrome b gene, partial cds; mitochondrial",39.526944,16.081388,"Article,googleearth,GPScoords",2,"NA","NA","10.1016/j.ympev.2013.08.015"
"AY898737.1 Salamandrina terdigitata isolate POL1 tRNA-Glu gene, partial sequence; and cytochrome b (Cytb) gene, partial cds; mitochondrial",39.89,16.405833,"Article,googleearth,GPScoords",4,"NA","NA","https://doi.org/10.11646/zootaxa.995.1.1"
"JN657509.1 Salamandrina terdigitata isolate SER2 tRNA-Glu gene, partial sequence; and cytochrome b (Cytb) gene, partial cds; mitochondrial",38.5513889,16.3061,"Article,googleearth,GPScoords",4,"NA","Calabria, VV, Serra San Bruno","https://doi.org/10.1111/j.1095-8312.2011.01747.x"
