"value","Lat","Lon","Error_km","Method","MuseumFieldNumber","Notes","Reference"
"AB363605 Salamandrella schrenckii",43.202066,131.996474,3414,"NA","NA","NA","NA"
"AB363603 Salamandrella schrenckii",43.202066,131.996474,3414,"NA","NA","NA","NA"
"EU567400 Salamandrella schrenckii",48.212508,134.858724,6568,"NA","NA","NA","NA"
"AB363606 Salamandrella schrenckii",43.350677,133.780206,15177,"NA","NA","NA","NA"
"AB363604 Salamandrella schrenckii",43.202066,131.996474,3414,"NA","NA","NA","NA"
"AB363601 Salamandrella schrenckii",48.411716,135.151547,11616,"NA","NA","NA","NA"
"AB363602 Salamandrella schrenckii",48.411716,135.151547,11616,"NA","NA","NA","NA"
"AB363599 Salamandrella schrenckii",48.411716,135.151547,11616,"NA","NA","NA","NA"
"AB363598 Salamandrella schrenckii",48.411716,135.151547,11616,"NA","NA","NA","NA"
"AB363596 Salamandrella schrenckii",48.411716,135.151547,11616,"NA","NA","NA","NA"
"AB363597 Salamandrella schrenckii",48.411716,135.151547,11616,"NA","NA","NA","NA"
"AB363607 Salamandrella schrenckii",43.350677,133.780206,15177,"NA","NA","NA","NA"
"AB363608 Salamandrella schrenckii",43.350677,133.780206,15177,"NA","NA","NA","NA"
"AB363600 Salamandrella schrenckii",48.411716,135.151547,11616,"NA","NA","NA","NA"
