"value","Lat","Lon","Error_km","Method","Voucher","Notes","Reference"
"Salamandra.salamandra.KF645924",36.421075,-6.148614,2732,"Geolocate","DD_I5","NA","Vences et al., 2014"
"Salamandra.salamandra.KF645926",37.935567,-5.773342,1573,"Geolocate","NA","NA","NA"
"Salamandra.salamandra.AY196265",43.533333,-6.533333,1255,"Geolocate","NA","NA","NA"
"Salamandra.salamandra.KT799689",43.423328,-7.360387,3036,"Geolocate","GVA3673","NA","NA"
"Salamandra.salamandra.AY196218",43.402643,-6.715697,1623,"Geolocate","NA","NA","NA"
"Salamandra.salamandra.KT799700",43.5100799583412,-7.54796392013146,"NA","Google Maps","GVA3873","NA","NA"
"Salamandra.salamandra.AY196262",43.266667,-6.616667,301,"Geolocate","NA","NA","NA"
"Salamandra.salamandra.AY196260",42.9753837162854,-6.53722838266251,"NA","Google Maps","NA","NA","NA"
"Salamandra.salamandra.AY196238",42.937494,-6.340033,1342,"Geolocate","NA","NA","NA"
"Salamandra.salamandra.AY196259",42.9753837162854,-6.53722838266251,"NA","Google Maps","NA","NA","NA"
"Salamandra.salamandra.AY196264",43.266667,-6.616667,301,"Geolocate","NA","NA","NA"
"Salamandra.salamandra.AY196261",42.9753837162854,-6.53722838266251,"NA","Google Maps","NA","NA","NA"
