"value","Lat","Lon","Method","Error_km","Museum_Field_Number","Notes","Reference"
"KT365389 Salamandra corsica",42.033,9.1833,"Article,GPScoords","NA","NA","H32","https://doi.org/10.1111/jbi.12624"
"KT365379 Salamandra corsica",41.9333,9.15,"Article,GPScoords","NA","NA","H30","https://doi.org/10.1111/jbi.12624"
"KT365376.1 Salamandra corsica",41.95,9.18333,"Article,GPScoords","NA","NA","H18","https://doi.org/10.1111/jbi.12624"
"KT365376.2 Salamandra corsica",41.9333,9.15,"Article,GPScoords","NA","NA","H18","https://doi.org/10.1111/jbi.12624"
"KT365376 Salamandra corsica",42.033,9.1833,"Article,GPScoords","NA","NA","H18","https://doi.org/10.1111/jbi.12624"
"KT365370 Salamandra corsica",41.95,9.1833,"Article,GPScoords","NA","NA","H19","https://doi.org/10.1111/jbi.12624"
"KT365390 Salamandra corsica",42,9.2,"Article,GPScoords","NA","NA","H6","https://doi.org/10.1111/jbi.12624"
"KT365365 Salamandra corsica",42,9.2,"Article,GPScoords","NA","NA","H9","https://doi.org/10.1111/jbi.12624"
"KT365385.1 Salamandra corsica",41.6666,9.18333,"Article,GPScoords","NA","NA","H4","https://doi.org/10.1111/jbi.12624"
"KT365385.2 Salamandra corsica",41.7333,9.16666,"Article,GPScoords","NA","NA","H4","https://doi.org/10.1111/jbi.12624"
"KT365378.1 Salamandra corsica",41.6666,9.18333,"Article,GPScoords","NA","NA","H22","https://doi.org/10.1111/jbi.12624"
"KT365360 Salamandra corsica",42.4166,8.95,"Article,GPScoords","NA","NA","H23","https://doi.org/10.1111/jbi.12624"
"KT365377 Salamandra corsica",41.9333,9.15,"Article,GPScoords","NA","NA","H31","https://doi.org/10.1111/jbi.12624"
"KT365378 Salamandra corsica",42.4166,8.95,"Article,GPScoords","NA","NA","H22","https://doi.org/10.1111/jbi.12624"
"KT365380 Salamandra corsica",41.5666,9.0333,"Article,GPScoords","NA","NA","H2","https://doi.org/10.1111/jbi.12624"
"KT365381 Salamandra corsica",41.8,9.2333,"Article,GPScoords","NA","NA","H35","https://doi.org/10.1111/jbi.12624"
"KT365384 Salamandra corsica",41.8,9.2333,"Article,GPScoords","NA","NA","H36","https://doi.org/10.1111/jbi.12624"
"KT365385 Salamandra corsica",41.5666,9.0333,"Article,GPScoords","NA","NA","H4","https://doi.org/10.1111/jbi.12624"
"KT365386 Salamandra corsica",41.8,9.2333,"Article,GPScoords","NA","NA","H34","https://doi.org/10.1111/jbi.12624"
"KT365356 Salamandra corsica",41.5666,9.0333,"Article,GPScoords","NA","NA","H3","https://doi.org/10.1111/jbi.12624"
"KT365366 Salamandra corsica",42,9.2,"Article,GPScoords","NA","NA","H7","https://doi.org/10.1111/jbi.12624"
"KT365388 Salamandra corsica",42,9.2,"Article,GPScoords","NA","NA","H5","https://doi.org/10.1111/jbi.12624"
"KT365363.1 Salamandra corsica",42.0166,9.05,"Article,GPScoords","NA","NA","H26","https://doi.org/10.1111/jbi.12624"
"KT365361 Salamandra corsica",42.0166,9.05,"Article,GPScoords","NA","NA","H27","https://doi.org/10.1111/jbi.12624"
"KT365362 Salamandra corsica",42.0166,9.05,"Article,GPScoords","NA","NA","H28","https://doi.org/10.1111/jbi.12624"
"KT365363 Salamandra corsica",42.033,9.1833,"Article,GPScoords","NA","NA","H26","https://doi.org/10.1111/jbi.12624"
"KT365364 Salamandra corsica",42.0166,9.05,"Article,GPScoords","NA","NA","H29","https://doi.org/10.1111/jbi.12624"
"KT365358.1 Salamandra corsica",42.4166,8.95,"Article,GPScoords","NA","NA","H11","https://doi.org/10.1111/jbi.12624"
"KT365358.2 Salamandra corsica",42.033,9.1833,"Article,GPScoords","NA","NA","H11","https://doi.org/10.1111/jbi.12624"
"KT365358.3 Salamandra corsica",42.25,8.8333,"Article,GPScoords","NA","NA","H11","https://doi.org/10.1111/jbi.12624"
"KT365368.1 Salamandra corsica",42.4,9.41666,"Article,GPScoords","NA","NA","H14","https://doi.org/10.1111/jbi.12624"
"KT365357 Salamandra corsica",42.25,8.8333,"Article,GPScoords","NA","NA","H21","https://doi.org/10.1111/jbi.12624"
"KT365358 Salamandra corsica",42.4,9.41666,"Article,GPScoords","NA","NA","H11","https://doi.org/10.1111/jbi.12624"
"KT365359 Salamandra corsica",42.033,9.1833,"Article,GPScoords","NA","NA","H10","https://doi.org/10.1111/jbi.12624"
"KT365367 Salamandra corsica",42.4166,8.95,"Article,GPScoords","NA","NA","H25","https://doi.org/10.1111/jbi.12624"
"KT365368 Salamandra corsica",42.25,8.8333,"Article,GPScoords","NA","NA","H14","https://doi.org/10.1111/jbi.12624"
"KT365373 Salamandra corsica",42.4,9.41666,"Article,GPScoords","NA","NA","H16","https://doi.org/10.1111/jbi.12624"
"KT365391 Salamandra corsica",42,9.2,"Article,GPScoords","NA","NA","H8","https://doi.org/10.1111/jbi.12624"
"KT365387 Salamandra corsica",41.5666,9.0333,"Article,GPScoords","NA","NA","H1","https://doi.org/10.1111/jbi.12624"
"KT365382 Salamandra corsica",41.8,9.2333,"Article,GPScoords","NA","NA","H33","https://doi.org/10.1111/jbi.12624"
"KT365371 Salamandra corsica",42.8166,9.4333,"Article,GPScoords","NA","NA","H24","https://doi.org/10.1111/jbi.12624"
"KT365369 Salamandra corsica",42.4,9.41666,"Article,GPScoords","NA","NA","H15","https://doi.org/10.1111/jbi.12624"
"KT365374 Salamandra corsica",41.95,9.18333,"Article,GPScoords","NA","NA","H17","https://doi.org/10.1111/jbi.12624"
"KT365375 Salamandra corsica",41.95,9.18333,"Article,GPScoords","NA","NA","H20","https://doi.org/10.1111/jbi.12624"
"KT365383 Salamandra corsica",41.6666,9.18333,"Article,GPScoords","NA","NA","H13","https://doi.org/10.1111/jbi.12624"
"KT365372 Salamandra corsica",42.8166,9.4333,"Article,GPScoords","NA","NA","H12","https://doi.org/10.1111/jbi.12624"
"DQ221245 Salamandra corsica",42.11611,9.110277,"Article,googleearth,GPScoords","NA","NA","NA","https://brill.com/view/journals/amre/27/3/article-p448_18.xml"
