"value","Lat","Lon","Method","Error_km","Museum_Field_Number","Notes","Reference"
"Speleomantes.ambrosii.FJ602257",44.1325,10.17444,"Article,googleearth,GPScoords",4,"NA","Apuan Alps, Massa-Carrara, Tuscany (Italy)","10.1016/j.ympev.2008.12.011"
"Speleomantes.ambrosii.EU117035",44.1325,10.17444,"Article,googleearth,GPScoords",4,"NA","Apuan Alps, Massa-Carrara, Tuscany (Italy)","10.1111/j.1365-2699.2007.01817.x"
"Speleomantes.ambrosii.EU117034",44.1325,10.17444,"Article,googleearth,GPScoords",4,"NA","Apuan Alps, Massa-Carrara, Tuscany (Italy)","10.1111/j.1365-2699.2007.01817.x"
"Speleomantes.ambrosii.EU117033",44.1325,10.17444,"Article,googleearth,GPScoords",4,"NA","Apuan Alps, Massa-Carrara, Tuscany (Italy)","10.1111/j.1365-2699.2007.01817.x"
"Speleomantes.ambrosii.FJ602256",44.1325,10.17444,"Article,googleearth,GPScoords",4,"NA","Apuan Alps, Massa-Carrara, Tuscany (Italy)","10.1016/j.ympev.2008.12.011"
"Speleomantes.ambrosii.FJ602259",44.17583,9.72388,"Article,googleearth,GPScoords",1,"NA","Grotta Fornace, Pignone, La Spezia, Liguria (Italy)","10.1016/j.ympev.2008.12.011"
"Speleomantes.ambrosii.KX347899",44.09138,9.7972,"Article,googleearth,GPScoords",5,"NA","NA","https://www.thebhs.org/publications/the-herpetological-bulletin/issue-number-138-winter-2016/962-06-a-new-population-of-european-cave-salamanders-genus-hydromantes-from-west-central-france-relict-or-introduction/file"
"Speleomantes.ambrosii.FJ602258",44.17583,9.72388,"Article,googleearth,GPScoords",1,"NA","Grotta Fornace, Pignone, La Spezia, Liguria (Italy)","10.1016/j.ympev.2008.12.011"
"Speleomantes.ambrosii.EU117045",44.210833,9.6925,"Article,googleearth,GPScoords",1,"NA","Caverna Ossifera, Cassana, La Spezia, Liguria (Italy)","10.1111/j.1365-2699.2007.01817.x"
"Speleomantes.ambrosii.EU117044",44.210833,9.6925,"Article,googleearth,GPScoords",1,"NA","Caverna Ossifera, Cassana, La Spezia, Liguria (Italy)","10.1111/j.1365-2699.2007.01817.x"
"Speleomantes.ambrosii.EU117043",44.17583,9.72388,"Article,googleearth,GPScoords",2,"NA","Grotta Fornace, Pignone, La Spezia, Liguria (Italy)","10.1111/j.1365-2699.2007.01817.x"
"Speleomantes.ambrosii.EU117042",44.17583,9.72388,"Article,googleearth,GPScoords",1,"NA","Grotta Fornace, Pignone, La Spezia, Liguria (Italy)","10.1111/j.1365-2699.2007.01817.x"
"Speleomantes.ambrosii.KX347898",44.09138,9.7972,"Article,googleearth,GPScoords",5,"NA","NA","https://www.thebhs.org/publications/the-herpetological-bulletin/issue-number-138-winter-2016/962-06-a-new-population-of-european-cave-salamanders-genus-hydromantes-from-west-central-france-relict-or-introduction/file"
