"value","Lat","Lon","Method","Error_km","Museum_Field_Number","Notes","Reference"
"Speleomantes.strinatii.KJ834025",44.215833,8.352778,"Article, google earth",0.1,"NA","Coords from article, used google earth to measure error and had to convert the long+lat. One gap on genbank, but multiple in table, this location had 1 sequence ","https://doi.org/10.1371/journal.pone.0131298"
"Speleomantes.strinatii.KJ834027",44.294722,7.890278,"Article, google earth ",0.1,"NA","Coords from article, used google earth to measure error and had to convert the long+lat. One gap on genbank, but multiple in table, this location had 5 sequences with same DNA. ","https://doi.org/10.1371/journal.pone.0131304"
"Speleomantes.strinatii.KJ834024",44.215833,8.352778,"Article, google earth ",0.1,"NA","Coords from article, used google earth to measure error and had to convert the long+lat. One gap on genbank, but multiple in table, this location had 1 sequence","https://doi.org/10.1371/journal.pone.0131301"
"Speleomantes.strinatii.EU117023",44.1551,9.3429,"Article, google earth",0.6,"NA","gen bank accession number and locality natch, used google earth to get coords and measure error ","http://dx.doi.org/10.1111/j.1365-2699.2007.01817.x"
"Speleomantes.strinatii.EU117024",44.1551,9.3429,"Article, google earth",0.6,"NA","gen bank accession number and locality natch, used google earth to get coords and measure error ","http://dx.doi.org/10.1111/j.1365-2699.2007.01817.x"
"Speleomantes.strinatii.EU117025",44.1551,9.3429,"Article, google earth",0.6,"NA","gen bank accession number and locality natch, used google earth to get coords and measure error ","http://dx.doi.org/10.1111/j.1365-2699.2007.01817.x"
"Speleomantes.strinatii.KJ834026",44.289722,7.430278,"Article, google earth ",0.1,"NA","Coords from article, used google earth to measure error and had to convert the long+lat. One gap on genbank, but multiple in table, this location had 5 sequences with same DNA. ","https://doi.org/10.1371/journal.pone.0131299"
"Speleomantes.strinatii.KJ834023",44.215833,8.362778,"Article, google earth",0.1,"NA","Coords from article, used google earth to measure error and had to convert the long+lat. One gap on genbank, but multiple in table, this location had 5 sequences with same DNA. ","https://doi.org/10.1371/journal.pone.0131298"
"Speleomantes.strinatii.FJ602305",44.155,9.3429,"Article, google earth",0.6,"NA","gen bank accession number and locality natch, used google earth to get coords and measure error ","10.1016/j.ympev.2008.12.011"
"Speleomantes.strinatii.KJ834022 c.",44.356111,8.214444,"Article, google earth",0.1,"NA","Coords from article, used google earth to measure error and had to convert the long+lat. One hap on genbank, this location had 2 sequences","https://doi.org/10.1371/journal.pone.0131298"
"Speleomantes.strinatii.KJ834022 b.",44.193333,8.147778,"Article, google earth",0.1,"NA","Coords from article, used google earth to measure error and had to convert the long+lat. One hap on genbank, but multiple in table, this location had 1 sequence","https://doi.org/10.1371/journal.pone.0131299"
"Speleomantes.strinatii.KJ834022 a.",44.215833,8.362778,"Article, google earth ",0.1,"NA","Coords from article, used google earth to measure error and had to convert the long+lat. One gap on genbank, but multiple in table, this location had 4 sequences with same DNA. ","https://doi.org/10.1371/journal.pone.0131300"
"Speleomantes.strinatii.KJ834021",44.532222,8.866389,"Article, google earth",0.1,"NA","Coords from article, used google earth to measure error and had to convert the long+lat. One hap on genbank, but multiple in table, this location had 1 sequence with the same DNA","https://doi.org/10.1371/journal.pone.0131301"
"Speleomantes.strinatii.EU117028",44.3421,9.0656,"Article, google earth",0.1,"NA","gen bank accession number and locality natch, used google earth to get coords and measure error ","http://dx.doi.org/10.1111/j.1365-2699.2007.01817.x"
"Speleomantes.strinatii.EU117027",44.3239,8.5845,"Article, google earth",0.6,"NA","gen bank accession number and locality natch, used google earth to get coords and measure error ","http://dx.doi.org/10.1111/j.1365-2699.2007.01817.x"
"Speleomantes.strinatii.EU117026",44.3239,8.5845,"Article, google earth",0.6,"NA","gen bank accession number and locality natch, used google earth to get coords and measure error ","http://dx.doi.org/10.1111/j.1365-2699.2007.01817.x"
"Speleomantes.strinatii.KJ834016",44.337778,9.466944,"Article, google earth",0.1,"NA","Coords from article, used google earth to measure error and had to convert the long+lat. One hap on genbank, but multiple in table, this location had 1sequence with the same DNA","https://doi.org/10.1371/journal.pone.0131310"
"Speleomantes.strinatii.FJ602306",44.3421,9.0655,"Article, google earth",0.2,"NA","gen bank accession number and locality natch, used google earth to get coords and measure error ","10.1016/j.ympev.2008.12.011"
"Speleomantes.strinatii.FJ602307",44.3239,8.5843,"Article, google earth",0.6,"NA","gen bank accession number and locality natch, used google earth to get coords and measure error ","10.1016/j.ympev.2008.12.011"
"Speleomantes.strinatii.KJ834015 h.",44.3525,9.529722,"Article, google earth",0.1,"NA","Coords from article, used google earth to measure error and had to convert the long+lat. One gap on genbank, but multiple in table, this location had 14 sequences","https://doi.org/10.1371/journal.pone.0131302"
"Speleomantes.strinatii.KJ834015 g.",44.335833,9.5275,"Article, google earth",0.1,"NA"," Coords from article, used google earth to measure error and had to convert the long+lat. One gap on genbank, but multiple in table, this location had 8 sequences","https://doi.org/10.1371/journal.pone.0131303"
"Speleomantes.strinatii.KJ834015 f.",44.324444,9.519167,"Article, google earth",0.1,"NA","Coords from article, used google earth to measure error and had to convert the long+lat. One gap on genbank, but multiple in table, this location had 5 sequences","https://doi.org/10.1371/journal.pone.0131304"
"Speleomantes.strinatii.KJ834015 e.",44.337778,9.466944,"Article, google earth",0.1,"NA","Coords from article, used google earth to measure error and had to convert the long+lat. One hap on genbank, but multiple in table, this location had 12 sequence with the same DNA","https://doi.org/10.1371/journal.pone.0131305"
"Speleomantes.strinatii.KJ834015 d.",44.286389,9.513611,"Article, google earth",0.1,"NA","Coords from article, used google earth to measure error and had to convert the long+lat. One gap on genbank, but multiple in table, this location had 3 sequences","https://doi.org/10.1371/journal.pone.0131306"
"Speleomantes.strinatii.KJ834015 c.",44.266667,9.639722,"Article, google earth",0.1,"NA","Coords from article, used google earth to measure error and had to convert the long+lat. One gap on genbank, but multiple in table, this location had 5 sequences with same DNA. ","https://doi.org/10.1371/journal.pone.0131307"
"Speleomantes.strinatii.KJ834015 b.",44.255,9.5425,"Article, google earth, ",0.1,"NA","Coords from article, used google earth to measure error and had to convert the long+lat. One hap on genbank, this location had 2 sequences with the same DNA","https://doi.org/10.1371/journal.pone.0131308"
"Speleomantes.strinatii.KJ834015 a.",44.259722,9.511944,"Article, google earth, ",0.1,"NA","Coords from article, used google earth to measure error and had to convert the long+lat. One gap on genbank, but multiple in table, this location had 5 sequences","https://doi.org/10.1371/journal.pone.0131309"
"Speleomantes.strinatii.KJ834019",44.337778,9.466944,"Article, google earth",0.1,"NA","Coords from article, used google earth to measure error and had to convert the long+lat. One gap on genbank, but multiple in table, this location had 5 sequences with same DNA. ","https://doi.org/10.1371/journal.pone.0131299"
"Speleomantes.strinatii.KJ834020 c.",44.532222,8.866389,"Article, google earth",0.1,"NA","Coords from article, used google earth to measure error and had to convert the long+lat. One hap on genbank, but multiple in table, this location had 15 sequences with the same DNA","https://doi.org/10.1371/journal.pone.0131300"
"Speleomantes.strinatii.KJ834020 b.",44.435,9.0575,"Article, google earth",0.1,"NA","Coords from article, used google earth to measure error and had to convert the long+lat. One hap on genbank, but multiple in table, this location had 15 sequences ","https://doi.org/10.1371/journal.pone.0131301"
"Speleomantes.strinatii.KJ834020 a.",44.347778,9.206944,"Article, google earth",0.1,"NA","Coords from article, used google earth to measure error and had to convert the long+lat. One hap on genbank, but multiple in table, this location had 1 sequence","https://doi.org/10.1371/journal.pone.0131302"
"Speleomantes.strinatii.KJ834017",44.259722,9.5425,"Article, google earth",0.1,"NA"," Coords from article, used google earth to measure error and had to convert the long+lat. One gap on genbank, but multiple in table, this location had 2 sequences with the same DNA","https://doi.org/10.1371/journal.pone.0131303"
"Speleomantes.strinatii.KJ834018",44.266667,9.639722,"Article, google earth",0.1,"NA","Coords from article, used google earth to measure error and had to convert the long+lat. One gap on genbank, but multiple in table, this location had 1 sequence with the same DNA","https://doi.org/10.1371/journal.pone.0131298"
"Speleomantes.strinatii.EU117029",44.0903,8.1659,"Article, google earth",0.1,"NA","gen bank accession number and locality natch, used google earth to get coords and measure error ","http://dx.doi.org/10.1111/j.1365-2699.2007.01817.x"
"Speleomantes.strinatii.KJ834030",44.200294,7.8725,"Article, google earth ",0.1,"NA","Coords from article, used google earth to measure error and had to convert the long+lat. One hap on genbank, but multiple in table, this location had 1 sequence","https://doi.org/10.1371/journal.pone.0131304"
"Speleomantes.strinatii.KJ834028",44.137778,8.169167,"Article, google earth",0.1,"NA","Coords from article, used google earth to measure error and had to convert the long+lat. One hap on genbank, but multiple in table, this location had 12 sequences ","https://doi.org/10.1371/journal.pone.0131305"
"Speleomantes.strinatii.KJ834029 b.",44.066667,7.936944,"Article, google earth",0.1,"NA","Coords from article, used google earth to measure error and had to convert the long+lat. One hap on genbank, but multiple in table, this location had 11 sequences with same DNA. ","https://doi.org/10.1371/journal.pone.0131306"
"Speleomantes.strinatii.KJ834029 a.",44.200294,7.8725,"Article, google earth",0.1,"Coords from article, used google earth to measure error and had to convert the long+lat. One hap on genbank, but multiple in table, this location had 1 sequences with same DNA. ","https://doi.org/10.1371/journal.pone.0131307",
"Speleomantes.strinatii.KJ834029 c.",44.016667,7.946111,"Article, google earth",0.1,"Coords from article, used google earth to measure error and had to convert the long+lat. One hap on genbank, but multiple in table, this location had 6 sequences with same DNA. ","https://doi.org/10.1371/journal.pone.0131308",
"Speleomantes.strinatii.EU117032",43.5913,7.3934,"Article, google earth",0.6,"NA","gen bank accession number and locality natch, used google earth to get coords and measure error ","http://dx.doi.org/10.1111/j.1365-2699.2007.01817.x"
"Speleomantes.strinatii.KJ834038",43.7376,7.352075,"Article, google earth",0.1,"NA","Coords from article, used google earth to measure error and had to convert the long+lat. One gap on genbank, but multiple in table, this location had 6 sequences ","https://doi.org/10.1371/journal.pone.0131308"
"Speleomantes.strinatii.KJ834036",43.891667,7.585278,"Article, google earth",0.1,"NA","Coords from article, used google earth to measure error and had to convert the long+lat. One hap on genbank, this location had 2 sequence at the same location","https://doi.org/10.1371/journal.pone.0131309"
"Speleomantes.strinatii.KJ834037",43.891667,7.585278,"Article, google earth",0.1,"NA","Coords from article, used google earth to measure error and had to convert the long+lat. One hap on genbank, this location had 1 sequence at the same location","https://doi.org/10.1371/journal.pone.0131310"
"Speleomantes.strinatii.KJ834035",43.891667,7.585278,"Article, google earth",0.1,"NA","Coords from article, used google earth to measure error and had to convert the long+lat. One hap on genbank, this location had 1 sequence at the same location","https://doi.org/10.1371/journal.pone.0131311"
"Speleomantes.strinatii.KJ834032",44.200294,7.8725,"Article, google earth",0.1,"NA","Coords from article, used google earth to measure error and had to convert the long+lat. One hap on genbank, this location had 1 sequence","https://doi.org/10.1371/journal.pone.0131312"
"Speleomantes.strinatii.EU117030",43.5649,7.1045,"Article, google earth",9,"NA","gen bank accession number and locality match, used google earth to get coords and measure error ","http://dx.doi.org/10.1111/j.1365-2699.2007.01817.x"
"Speleomantes.strinatii.EU117031",43.5649,7.1045,"Article, google earth",9,"NA","gen bank accession number and locality match, used google earth to get coords and measure error ","http://dx.doi.org/10.1111/j.1365-2699.2007.01817.x"
"Speleomantes.strinatii.FJ602308",43.5657,7.1041,"Article, google earth",0.3,"NA","gen bank accession number and locality natch, used google earth to get coords and measure error ","10.1016/j.ympev.2008.12.011"
"Speleomantes.strinatii.FJ602309",43.5657,7.1041,"Article, google earth",0.3,"NA","gen bank accession number and locality natch, used google earth to get coords and measure error ","10.1016/j.ympev.2008.12.011"
"Speleomantes.strinatii.KJ834031",44.016667,7.946111,"Article, google earth",0.1,"NA","Coords from article, used google earth to measure error and had to convert the long+lat. One hap on genbank, this location had 1 sequence","https://doi.org/10.1371/journal.pone.0131312"
"Speleomantes.strinatii.KJ834034",43.891667,7.585278,"Article, google earth",0.1,"NA","Coords from article, used google earth to measure error and had to convert the long+lat. One hap on genbank, this location had 10 sequence at the same location ","https://doi.org/10.1371/journal.pone.0131313"
"Speleomantes.strinatii.KJ834033",43.891667,7.585278,"Article, google earth",0.1,"NA","Coords from article, used google earth to measure error and had to convert the long+lat. One hap on genbank, this location had 10 sequence at the same location ","https://doi.org/10.1371/journal.pone.0131314"
