"value","Lat","Lon","Method","Error_km","Museum_Field_Number","Notes","Reference"
"Speleomantes.genei.JQ582209",39.329,8.444,"Article,Googleearth,GPScoords",2,"NA","point 44","10.1371/journal.pone.0032332"
"Speleomantes.genei.JQ582208",39.329,8.444,"Article,Googleearth,GPScoords",2,"NA","point 44","10.1371/journal.pone.0032332"
"Speleomantes.genei.FJ602266",39.4277,8.5016,"Article,Googleearth,GPScoords",2,"NA","Mine Terras Nieddas, Fluminimaggiore,Sardinia","10.1016/j.ympev.2008.12.011"
"Speleomantes.genei.JQ582206",39.28416,8.525,"Article,Googleearth,GPScoords",2,"NA","point 43","10.1371/journal.pone.0032332"
"Speleomantes.genei.JQ582197",39.239,8.6209,"Article,Googleearth,GPScoords",50,"NA","This one wasn't listed, grouped all points together","10.1371/journal.pone.0032332"
"Speleomantes.genei.FJ602275",39.4230556,8.5008,"Article,Googleearth,GPScoords",2,"NA","Mine Terras Nieddas, Fluminimaggiore, Sardinia","10.1016/j.ympev.2008.12.011"
"Speleomantes.genei.JQ582194",39.239,8.6209,"Article,Googleearth,GPScoords",50,"NA","This one wasn't listed, grouped all points together","10.1371/journal.pone.0032332"
"Speleomantes.genei.FJ602267",39.4277,8.5016,"Article,Googleearth,GPScoords",2,"NA","Mine Terras Nieddas, Fluminimaggiore,Sardinia","10.1016/j.ympev.2008.12.011"
"Speleomantes.genei.JQ582196",39.239,8.6209,"Article,Googleearth,GPScoords",50,"NA","This one wasn't listed, grouped all points together","10.1371/journal.pone.0032332"
"Speleomantes.genei.FJ602268",39.3366,8.6272,"Article,Googleearth,GPScoords",2,"NA","Mine Su Corovau, Domusnovas, Sardinia","10.1016/j.ympev.2008.12.011"
"Speleomantes.genei.FJ602269",39.3366,8.6272,"Article,Googleearth,GPScoords",2,"NA","Mine Su Corovau, Domusnovas, Sardinia","10.1016/j.ympev.2008.12.011"
"Speleomantes.genei.JQ582198",39.331,8.618,"Article,Googleearth,GPScoords",2,"NA","point 42","10.1371/journal.pone.0032332"
"Speleomantes.genei.JQ582195",39.40388,8.518,"Article,Googleearth,GPScoords",2,"NA","point 40","10.1371/journal.pone.0032332"
"Speleomantes.genei.FJ602274",39.4308,8.495833,"Article,Googleearth,GPScoords",2,"NA","Sanita', Fluminimaggiore, Sardinia","10.1016/j.ympev.2008.12.011"
"Speleomantes.genei.FJ602273",39.4308,8.495833,"Article,Googleearth,GPScoords",2,"NA","Sanita', Fluminimaggiore, Sardinia","10.1016/j.ympev.2008.12.011"
"Speleomantes.genei.EU117019",39.4075,8.49388,"Article,Googleearth,GPScoords",0,"NA","Grotta su Mannau, Sardinia","10.1111/j.1365-2699.2007.01817.x"
"Speleomantes.genei.EU117018",39.4308,8.495833,"Article,Googleearth,GPScoords",2,"NA","Sanita, Fluminimaggiore, Cagliari, Sardinia","10.1111/j.1365-2699.2007.01817.x"
"Speleomantes.genei.EU117017",39.4308,8.495833,"Article,Googleearth,GPScoords",2,"NA","Sanita, Fluminimaggiore, Cagliari, Sardinia","10.1111/j.1365-2699.2007.01817.x"
"Speleomantes.genei.JQ582193",39.239,8.6209,"Article,Googleearth,GPScoords",50,"NA","This one wasn't listed, grouped all points together","10.1371/journal.pone.0032332"
"Speleomantes.genei.JQ582207",38.9644,8.90138,"Article,Googleearth,GPScoords",2,"NA","point 48","10.1371/journal.pone.0032332"
"Speleomantes.genei.FJ602271",39.1525,8.74305,"Article,Googleearth,GPScoords",2,"NA","Grotta dei geotritoni, Nuxis, Sardinia","10.1016/j.ympev.2008.12.011"
"Speleomantes.genei.JQ582204",39.239,8.6209,"Article,Googleearth,GPScoords",50,"NA","This one wasn't listed, grouped all points together","10.1371/journal.pone.0032332"
"Speleomantes.genei.JQ582203",39.239,8.6209,"Article,Googleearth,GPScoords",50,"NA","This one wasn't listed, grouped all points together","10.1371/journal.pone.0032332"
"Speleomantes.genei.JQ582201",39.194,8.543,"Article,Googleearth,GPScoords",2,"NA","point 45","10.1371/journal.pone.0032332"
"Speleomantes.genei.JQ582205",39.239,8.6209,"Article,Googleearth,GPScoords",50,"NA","This one wasn't listed, grouped all points together","10.1371/journal.pone.0032332"
"Speleomantes.genei.JQ582200",39.239,8.6209,"Article,Googleearth,GPScoords",50,"NA","This one wasn't listed, grouped all points together","10.1371/journal.pone.0032332"
"Speleomantes.genei.FJ602272",39.1525,8.74305,"Article,Googleearth,GPScoords",2,"NA","Grotta dei geotritoni, Nuxis, Sardinia","10.1016/j.ympev.2008.12.011"
"Speleomantes.genei.JQ582199",39.239,8.6209,"Article,Googleearth,GPScoords",50,"NA","This one wasn't listed, grouped all points together","10.1371/journal.pone.0032332"
"Speleomantes.genei.FJ602270",39.1525,8.74305,"Article,Googleearth,GPScoords",2,"NA","Grotta Cava Romana, Nuxis, Sardinia","10.1016/j.ympev.2008.12.011"
"Speleomantes.genei.JQ582202",39.194,8.543,"Article,Googleearth,GPScoords",2,"NA","point 45","10.1371/journal.pone.0032332"
"Speleomantes.genei.FJ602278",39.1788,8.51416,"Article,Googleearth,GPScoords",2,"NA","Monte Tasua, Carbonia, Sardinia","10.1016/j.ympev.2008.12.011"
"Speleomantes.genei.FJ602277",39.1788,8.51416,"Article,Googleearth,GPScoords",2,"NA","Monte Tasua, Carbonia, Sardinia","10.1016/j.ympev.2008.12.011"
"Speleomantes.genei.FJ602276",39.1788,8.51416,"Article,Googleearth,GPScoords",2,"NA","Monte Tasua, Carbonia, Sardinia","10.1016/j.ympev.2008.12.011"
"Speleomantes.genei.EU117022",39.1788,8.51416,"Article,Googleearth,GPScoords",2,"NA","Monte Tasua, Carbonia, Sardinia","10.1111/j.1365-2699.2007.01817.x"
"Speleomantes.genei.EU117021",39.1788,8.51416,"Article,Googleearth,GPScoords",2,"NA","Monte Tasua, Carbonia, Sardinia","10.1111/j.1365-2699.2007.01817.x"
"Speleomantes.genei.EU117020",39.1788,8.51416,"Article,Googleearth,GPScoords",2,"NA","Monte Tasua, Carbonia, Sardinia","10.1111/j.1365-2699.2007.01817.x"
