"value","Lat","Lon","Method","Error_km","Museum_Field_Number","Notes","Reference"
"Speleomantes.supramontis.FJ602316",40.1057,9.2954,"Article, google earth ",0.2,"NA","everything seems to match, used google earth to measue the estimated error in km. ","10.1016/j.ympev.2008.12.011"
"Speleomantes.supramontis.FJ602317",40.1057,9.2954,"Article, google earth ",0.1,"NA","everything seems to match, used google earth to measue the estimated error in km. ","10.1016/j.ympev.2008.12.012"
"Speleomantes.supramontis.FJ602318",40.1057,9.2954,"Article, google earth ",0.1,"NA","everything seems to match, used google earth to measue the estimated error in km. ","10.1016/j.ympev.2008.12.013"
"Speleomantes.supramontis.EU117008",40.1057,9.2954,"Article, google earth ",0.1,"NA","everything seems to match, used google earth to measue the estimated error ","10.1111/j.1365-2699.2007.01817.x"
"Speleomantes.supramontis.EU117009",40.1057,9.2954,"Article, google earth ",0.1,"NA","everything seems to match, used google earth to measue the estimated error in km. ","10.1111/j.1365-2699.2007.01817.x"
"Speleomantes.supramontis.EU117010",40.1057,9.2954,"Article, google earth ",0.1,"NA","everything seems to match, used google earth to measue the estimated error in km. ","10.1111/j.1365-2699.2007.01817.x"
"Speleomantes.supramontis.FJ602310",40.1522,9.2907,"Article, google earth ",0.1,"NA","everything seems to match, used google earth to measue the estimated error ","10.1016/j.ympev.2008.12.011"
"Speleomantes.supramontis.FJ602315",40.1522,9.2907,"Article, google earth ",0.1,"NA","everything seems to match, used google earth to measue the estimated error in km. ","10.1016/j.ympev.2008.12.012"
"Speleomantes.supramontis.FJ602314",40.1522,9.2907,"Article, google earth ",0.1,"NA","everything seems to match, used geolocate to measue the estimated error in km. ","10.1016/j.ympev.2008.12.014"
"Speleomantes.supramontis.FJ602313",40.1522,9.2907,"Article, google earth ",0.1,"NA","everything seems to match, used geolocate to measue the estimated error in km. ","10.1016/j.ympev.2008.12.013"
"Speleomantes.supramontis.FJ602312",40.1522,9.2907,"Article, google earth ",0.1,"NA","everything seems to match, used geolocate to measue the estimated error in km. ","10.1016/j.ympev.2008.12.012"
"Speleomantes.supramontis.FJ602311",40.1522,9.2907,"Article, google earth ",0.1,"NA","everything seems to match, used google earth to measue the estimated error ","10.1016/j.ympev.2008.12.011"
"Speleomantes.supramontis.EU117005",44.1522,9.2907,"Article, google earth ",0.1,"NA","everything seems to match, used google earth to measue the estimated error in km. ","10.1111/j.1365-2699.2007.01817.x"
"Speleomantes.supramontis.EU117006",44.1522,9.2907,"Article, google earth ",0.1,"NA","everything seems to match, used google earth to measue the estimated error in km. ","10.1111/j.1365-2699.2007.01817.x"
"Speleomantes.supramontis.EU117007",44.1522,9.2907,"Article, google earth ",0.1,"NA","everything seems to match, used google earth to measue the estimated error in km. ","10.1111/j.1365-2699.2007.01817.x"
