"value","Lat","Lon","Method","Error_km","Museum_Field_Number","Notes","Reference"
"Speleomantes.imperialis.JQ582243",39.7916,9.3565,"Article,geolocate",200,"NA","Had to take all the points for imperialis on the picture given and draw a polygon because this one is not specifically listed","10.1371/journal.pone.0032332"
"Speleomantes.imperialis.JQ582242",39.7916,9.3565,"Article,geolocate",200,"NA","Had to take all the points for imperialis on the picture given and draw a polygon because this one is not specifically listed","10.1371/journal.pone.0032332"
"Speleomantes.imperialis.JQ582237",39.7916,9.626,"Article,geolocate",200,"NA","Had to take all the points for imperialis on the picture given and draw a polygon because this one is not specifically listed","10.1371/journal.pone.0032332"
"Speleomantes.imperialis.JQ582236",39.7916,9.626,"Article,geolocate",200,"NA","Had to take all the points for imperialis on the picture given and draw a polygon because this one is not specifically listed","10.1371/journal.pone.0032332"
"Speleomantes.imperialis.JQ582234",39.737,9.626,"Article,geolocate",5,"NA","Between points 22 and 23","10.1371/journal.pone.0032332"
"Speleomantes.imperialis.JQ582235",39.7916,9.626,"Article,geolocate",200,"NA","Had to take all the points for imperialis on the picture given and draw a polygon because this one is not specifically listed","10.1371/journal.pone.0032332"
"Speleomantes.imperialis.JQ582241",39.7916,9.626,"Article,geolocate",200,"NA","Had to take all the points for imperialis on the picture given and draw a polygon because this one is not specifically listed","10.1371/journal.pone.0032332"
"Speleomantes.imperialis.JQ582239",39.7916,9.626,"Article,geolocate",200,"NA","Had to take all the points for imperialis on the picture given and draw a polygon because this one is not specifically listed","10.1371/journal.pone.0032332"
"Speleomantes.imperialis.JQ582240",39.7916,9.626,"Article,geolocate",200,"NA","Had to take all the points for imperialis on the picture given and draw a polygon because this one is not specifically listed","10.1371/journal.pone.0032332"
"Speleomantes.imperialis.JQ582238",39.5676,9.5048,"Article,geolocate",5,"NA","Between points 25 and 26","10.1371/journal.pone.0032332"
"Speleomantes.imperialis.JQ582252",39.874,9.4403,"Article,geolocate",5,"NA","Point 16","10.1371/journal.pone.0032332"
"Speleomantes.imperialis.JQ582253",39.8781,9.4828,"Article,geolocate",5,"NA","Between point 15 and 16","10.1371/journal.pone.0032332"
"Speleomantes.imperialis.JQ582259",39.8781,9.4828,"Article,geolocate",5,"NA","Point 15","10.1371/journal.pone.0032332"
"Speleomantes.imperialis.JQ582260",39.7916,9.626,"Article,geolocate",200,"NA","Had to take all the points for imperialis on the picture given and draw a polygon because this one is not specifically listed","10.1371/journal.pone.0032332"
"Speleomantes.imperialis.JQ582258",39.7916,9.626,"Article,geolocate",200,"NA","Had to take all the points for imperialis on the picture given and draw a polygon because this one is not specifically listed","10.1371/journal.pone.0032332"
"Speleomantes.imperialis.JQ582257",39.7916,9.626,"Article,geolocate",200,"NA","Had to take all the points for imperialis on the picture given and draw a polygon because this one is not specifically listed","10.1371/journal.pone.0032332"
"Speleomantes.imperialis.JQ582256",39.7916,9.626,"Article,geolocate",200,"NA","Had to take all the points for imperialis on the picture given and draw a polygon because this one is not specifically listed","10.1371/journal.pone.0032332"
"Speleomantes.imperialis.JQ582255",39.7916,9.626,"Article,geolocate",200,"NA","Had to take all the points for imperialis on the picture given and draw a polygon because this one is not specifically listed","10.1371/journal.pone.0032332"
"Speleomantes.imperialis.JQ582254",39.7916,9.626,"Article,geolocate",200,"NA","Had to take all the points for imperialis on the picture given and draw a polygon because this one is not specifically listed","10.1371/journal.pone.0032332"
"Speleomantes.imperialis.FJ602297",39.80944,9.488611,"Article,googleearth,GPScoords",2,"NA","Ulassai, Sardinia","10.1016/j.ympev.2008.12.011"
"Speleomantes.imperialis.FJ602284",39.8075,9.50055,"Article,googleearth,GPScoords",1,"NA","Grotta de Is Lianas, Ulassai, Sardinia (cave)","10.1016/j.ympev.2008.12.011"
"Speleomantes.imperialis.EU117014",39.80944,9.488611,"Article,googleearth,GPScoords",2,"NA","Ulassai, Sardinia","10.1111/j.1365-2699.2007.01817.x"
"Speleomantes.imperialis.EU117015",39.80944,9.488611,"Article,googleearth,GPScoords",2,"NA","Ulassai, Sardinia","10.1111/j.1365-2699.2007.01817.x"
"Speleomantes.imperialis.EU117016",39.80944,9.488611,"Article,googleearth,GPScoords",2,"NA","Ulassai, Sardinia","10.1111/j.1365-2699.2007.01817.x"
"Speleomantes.imperialis.JQ582221",39.8169,9.480137,"Article,geolocate",5,"NA","Point 19","10.1371/journal.pone.0032332"
"Speleomantes.imperialis.FJ602298",39.80944,9.488611,"Article,googleearth,GPScoords",1,"NA","Ulassai, Sardinia","10.1016/j.ympev.2008.12.011"
"Speleomantes.imperialis.FJ602296",39.80944,9.488611,"Article,googleearth,GPScoords",1,"NA","Ulassai, Sardinia","10.1016/j.ympev.2008.12.011"
"Speleomantes.imperialis.FJ602282",39.8075,9.50055,"Article,googleearth,GPScoords",1,"NA","Grotta de Is Lianas, Ulassai, Sardinia (cave)","10.1016/j.ympev.2008.12.011"
"Speleomantes.imperialis.JQ582219",39.8075,9.50055,"Article,googleearth,GPScoords",1,"NA","Grotta de Is Lianas, Ulassai, Sardinia (cave)","10.1016/j.ympev.2008.12.011"
"Speleomantes.imperialis.FJ602283",39.8075,9.50055,"Article,googleearth,GPScoords",1,"NA","Grotta de Is Lianas, Ulassai, Sardinia (cave)","10.1016/j.ympev.2008.12.011"
"Speleomantes.imperialis.JQ582220",39.7916,9.626,"Article,geolocate",200,"NA","Had to take all the points for imperialis on the picture given and draw a polygon because this one is not specifically listed","10.1371/journal.pone.0032332"
"Speleomantes.imperialis.FJ602279",39.6680556,9.42805,"Article,googleearth,GPScoords",2,"NA","Grotta Sa Rutta 'e Linus, Perdasdefugu, Sardinia (cave)","10.1016/j.ympev.2008.12.011"
"Speleomantes.imperialis.JQ582217",39.7916,9.626,"Article,geolocate",200,"NA","Had to take all the points for imperialis on the picture given and draw a polygon because this one is not specifically listed","10.1371/journal.pone.0032332"
"Speleomantes.imperialis.JQ582218",39.7916,9.626,"Article,geolocate",200,"NA","Had to take all the points for imperialis on the picture given and draw a polygon because this one is not specifically listed","10.1371/journal.pone.0032332"
"Speleomantes.imperialis.FJ602280",39.6680556,9.42805,"Article,googleearth,GPScoords",2,"NA","Grotta Sa Rutta 'e Linus, Perdasdefugu, Sardinia (cave)","10.1016/j.ympev.2008.12.011"
"Speleomantes.imperialis.FJ602281",39.6680556,9.42805,"Article,googleearth,GPScoords",2,"NA","Grotta Sa Rutta 'e Linus, Perdasdefugu, Sardinia (cave)","10.1016/j.ympev.2008.12.011"
"Speleomantes.imperialis.JQ582267",39.53583,9.5199,"Article,geolocate",5,"NA","point 28","10.1371/journal.pone.0032332"
"Speleomantes.imperialis.FJ602291",39.47861,9.26638,"Article,googleearth,GPScoords",4,"NA","Grotta Sa Turru, S. Nicolo Gerrei, Sardinia (cave)","10.1016/j.ympev.2008.12.011"
"Speleomantes.imperialis.FJ602290",39.47861,9.26638,"Article,googleearth,GPScoords",4,"NA","Grotta Sa Turru, S. Nicolo Gerrei, Sardinia (cave)","10.1016/j.ympev.2008.12.011"
"Speleomantes.imperialis.JQ582271",39.7916,9.626,"Article,geolocate",200,"NA","Had to take all the points for imperialis on the picture given and draw a polygon because this one is not specifically listed","10.1371/journal.pone.0032332"
"Speleomantes.imperialis.JQ582270",39.7916,9.626,"Article,geolocate",200,"NA","Had to take all the points for imperialis on the picture given and draw a polygon because this one is not specifically listed","10.1371/journal.pone.0032332"
"Speleomantes.imperialis.JQ582269",39.7916,9.626,"Article,geolocate",200,"NA","Had to take all the points for imperialis on the picture given and draw a polygon because this one is not specifically listed","10.1371/journal.pone.0032332"
"Speleomantes.imperialis.JQ582268",39.53583,9.5199,"Article,geolocate",5,"NA","point 28","10.1371/journal.pone.0032332"
"Speleomantes.imperialis.JQ582216",39.7916,9.626,"Article,geolocate",200,"NA","Had to take all the points for imperialis on the picture given and draw a polygon because this one is not specifically listed","10.1371/journal.pone.0032332"
"Speleomantes.imperialis.JQ582215",39.7916,9.626,"Article,geolocate",200,"NA","Had to take all the points for imperialis on the picture given and draw a polygon because this one is not specifically listed","10.1371/journal.pone.0032332"
"Speleomantes.imperialis.FJ602292",39.47861,9.26638,"Article,googleearth,GPScoords",4,"NA","Grotta Sa Turru, S. Nicolo Gerrei, Sardinia (cave)","10.1016/j.ympev.2008.12.011"
"Speleomantes.imperialis.JQ582249",39.7916,9.626,"Article,geolocate",200,"NA","Had to take all the points for imperialis on the picture given and draw a polygon because this one is not specifically listed","10.1371/journal.pone.0032332"
"Speleomantes.imperialis.JQ582251",39.7916,9.626,"Article,geolocate",200,"NA","Had to take all the points for imperialis on the picture given and draw a polygon because this one is not specifically listed","10.1371/journal.pone.0032332"
"Speleomantes.imperialis.JQ582250",39.7916,9.626,"Article,geolocate",200,"NA","Had to take all the points for imperialis on the picture given and draw a polygon because this one is not specifically listed","10.1371/journal.pone.0032332"
"Speleomantes.imperialis.JQ582248",39.8781,9.4828,"Article,geolocate",5,"NA","point 17","10.1371/journal.pone.0032332"
"Speleomantes.imperialis.JQ582247",39.8781,9.4828,"Article,geolocate",5,"NA","point 17","10.1371/journal.pone.0032332"
"Speleomantes.imperialis.JQ582222",39.7916,9.626,"Article,geolocate",200,"NA","Had to take all the points for imperialis on the picture given and draw a polygon because this one is not specifically listed","10.1371/journal.pone.0032332"
"Speleomantes.imperialis.FJ602286",39.819722,9.4922,"Article,googleearth,GPScoords",1,"NA","Grotta Orroli, Osini, Sardinia","10.1016/j.ympev.2008.12.011"
"Speleomantes.imperialis.FJ602285",39.819722,9.4922,"Article,googleearth,GPScoords",1,"NA","Grotta Orroli, Osini, Sardinia","10.1016/j.ympev.2008.12.011"
"Speleomantes.imperialis.JQ582224",39.7916,9.626,"Article,geolocate",200,"NA","Had to take all the points for imperialis on the picture given and draw a polygon because this one is not specifically listed","10.1371/journal.pone.0032332"
"Speleomantes.imperialis.FJ602287",39.819722,9.4922,"Article,googleearth,GPScoords",1,"NA","Grotta Orroli, Osini, Sardinia","10.1016/j.ympev.2008.12.011"
"Speleomantes.imperialis.JQ582223",39.8169,9.480137,"Article,geolocate",5,"NA","point 18","10.1371/journal.pone.0032332"
"Speleomantes.imperialis.JQ582245",39.7916,9.626,"Article,geolocate",200,"NA","Had to take all the points for imperialis on the picture given and draw a polygon because this one is not specifically listed","10.1371/journal.pone.0032332"
"Speleomantes.imperialis.JQ582244",39.9159,9.3568,"Article,geolocate",5,"NA","point 20","10.1371/journal.pone.0032332"
"Speleomantes.imperialis.JQ582229",39.7916,9.626,"Article,geolocate",200,"NA","Had to take all the points for imperialis on the picture given and draw a polygon because this one is not specifically listed","10.1371/journal.pone.0032332"
"Speleomantes.imperialis.JQ582228",39.7916,9.626,"Article,geolocate",200,"NA","Had to take all the points for imperialis on the picture given and draw a polygon because this one is not specifically listed","10.1371/journal.pone.0032332"
"Speleomantes.imperialis.JQ582227",39.7916,9.626,"Article,geolocate",200,"NA","Had to take all the points for imperialis on the picture given and draw a polygon because this one is not specifically listed","10.1371/journal.pone.0032332"
"Speleomantes.imperialis.JQ582226",39.7916,9.626,"Article,geolocate",200,"NA","Had to take all the points for imperialis on the picture given and draw a polygon because this one is not specifically listed","10.1371/journal.pone.0032332"
"Speleomantes.imperialis.JQ582225",39.9159,9.35688,"Article,geolocate",5,"NA","point 20","10.1371/journal.pone.0032332"
"Speleomantes.imperialis.JQ582214",39.7916,9.626,"Article,geolocate",200,"NA","Had to take all the points for imperialis on the picture given and draw a polygon because this one is not specifically listed","10.1371/journal.pone.0032332"
"Speleomantes.imperialis.JQ582212",39.7916,9.626,"Article,geolocate",200,"NA","Had to take all the points for imperialis on the picture given and draw a polygon because this one is not specifically listed","10.1371/journal.pone.0032332"
"Speleomantes.imperialis.JQ582213",39.7916,9.626,"Article,geolocate",200,"NA","Had to take all the points for imperialis on the picture given and draw a polygon because this one is not specifically listed","10.1371/journal.pone.0032332"
"Speleomantes.imperialis.JQ582211",39.84,8.876,"Article,geolocate",5,"NA","point 14","10.1371/journal.pone.0032332"
"Speleomantes.imperialis.JQ582246",39.7429,9.211,"Article,geolocate",5,"NA","point 21","10.1371/journal.pone.0032332"
"Speleomantes.imperialis.JQ582210",39.7916,9.626,"Article,geolocate",200,"NA","Had to take all the points for imperialis on the picture given and draw a polygon because this one is not specifically listed","10.1371/journal.pone.0032332"
"Speleomantes.imperialis.FJ602288",40.0522,8.87694,"Article,googleearth,GPScoords",2,"NA","10.1016/j.ympev.2008.12.011",
"Speleomantes.imperialis.JQ582233",39.7916,9.626,"Article,geolocate",200,"NA","Had to take all the points for imperialis on the picture given and draw a polygon because this one is not specifically listed","10.1371/journal.pone.0032332"
"Speleomantes.imperialis.FJ602289",40.0522,8.87694,"Article,googleearth,GPScoords",2,"NA","Lago Omodeo, Ula Tirso, Sardinia (lake)","10.1016/j.ympev.2008.12.011"
"Speleomantes.imperialis.JQ582232",39.7916,9.626,"Article,geolocate",200,"NA","Had to take all the points for imperialis on the picture given and draw a polygon because this one is not specifically listed","10.1371/journal.pone.0032332"
"Speleomantes.imperialis.JQ582231",39.7916,9.626,"Article,geolocate",200,"NA","Had to take all the points for imperialis on the picture given and draw a polygon because this one is not specifically listed","10.1371/journal.pone.0032332"
"Speleomantes.imperialis.JQ582230",39.7916,9.626,"Article,geolocate",200,"NA","Had to take all the points for imperialis on the picture given and draw a polygon because this one is not specifically listed","10.1371/journal.pone.0032332"
"Speleomantes.imperialis.JQ582266",40.1609,8.9129,"Article,geolocate",2,"NA","point 10","10.1371/journal.pone.0032332"
"Speleomantes.imperialis.JQ582261",40.0937,8.8965,"Article,geolocate",2,"NA","point 11","10.1371/journal.pone.0032332"
"Speleomantes.imperialis.JQ582265",39.7916,9.626,"Article,geolocate",200,"NA","Had to take all the points for imperialis on the picture given and draw a polygon because this one is not specifically listed","10.1371/journal.pone.0032332"
"Speleomantes.imperialis.JQ582263",39.7916,9.626,"Article,geolocate",200,"NA","Had to take all the points for imperialis on the picture given and draw a polygon because this one is not specifically listed","10.1371/journal.pone.0032332"
"Speleomantes.imperialis.JQ582262",40.1609,8.9129,"Article,geolocate",2,"NA","between point 10 and 11","10.1371/journal.pone.0032332"
"Speleomantes.imperialis.JQ582264",39.7916,9.626,"Article,geolocate",200,"NA","Had to take all the points for imperialis on the picture given and draw a polygon because this one is not specifically listed","10.1371/journal.pone.0032332"
