value,Lat,Lon,Error_km,Museum_Field_Number,Reference
Taricha.granulosa.AY627899,40.8079,-123.3475,NA,NA,10.1111/j.1365-294X.2004.02388.x
Taricha.granulosa.AF295683,44.5012,-123.2656,0.2,"KU,219725",10.1643/0045-8511(2001)001[0997:ROTSGP]2.0.CO;2
Taricha.granulosa.AY627910,46.733,-116.999,NA,25Ida,https://doi.org/10.1643/0045-8511(2001)001[0997:ROTSGP]2.0.CO;2
"Taricha.granulosa.,AY627908",47.054,-122.6608,NA,23Pi1,10.1111/j.1365-294X.2004.02388.x
Taricha.granulosa.AY627902,44.6641,-123.272,NA,20Bn1,10.1111/j.1365-294X.2004.02388.x
Taricha.granulosa.AY627906,44.6641,-123.272,NA,22GH1,10.1111/j.1365-294X.2004.02388.x
Taricha.granulosa.AY627903,44.6641,-123.272,NA,20Bn2,10.1111/j.1365-294X.2004.02388.x
Taricha.granulosa.AY627905,46.284,-123.9389,NA,21Pa2,10.1111/j.1365-294X.2004.02388.x
Taricha.granulosa.AY627909,47.054,-122.6608,NA,23Pi2,10.1111/j.1365-294X.2004.02388.x
Taricha.granulosa.AY627912,58.41,-134.757,NA,32AKJ,10.1111/j.1365-294X.2004.02388.x
Taricha.granulosa.AY627911,48.113,-124.2455,NA,26Cla,10.1111/j.1365-294X.2004.02388.x
Taricha.granulosa.AY627904,46.284,-123.9389,NA,21Pa1,10.1111/j.1365-294X.2004.02388.x
Taricha.granulosa.AY627907,46.9207,-123.8293,NA,22GH2,10.1111/j.1365-294X.2004.02388.x
