"value","Lat","Lon","Error_km","Method","Voucher","Notes","Reference",
"TCHMTCYTBM_cytochrome-b",32.99,-116.72,"NA","MVZdatabase","MVZ:Herp:219829","NA","Tan & Wake, 1995",
"DQ196241_cytochrome-b",32.99,-116.72,"NA","MVZdatabase","MVZ",219827,"NA","SHAWN R. KUCHTA, AN-MING TAN, Lineage diversification on an evolving landscape: phylogeography of the California newt, Taricha torosa (Caudata: Salamandridae), Biological Journal of the Linnean Society, Volume 89, Issue 2, October 2006, Pages 213–239, https://doi-org.libproxy.unm.edu/10.1111/j.1095-8312.2006.00665.x"
"DQ196242_cytochrome-b",32.32,-116.7333,"NA","Paper","MVZ",219828,"NA","SHAWN R. KUCHTA, AN-MING TAN, Lineage diversification on an evolving landscape: phylogeography of the California newt, Taricha torosa (Caudata: Salamandridae), Biological Journal of the Linnean Society, Volume 89, Issue 2, October 2006, Pages 213–239, https://doi-org.libproxy.unm.edu/10.1111/j.1095-8312.2006.00665.x"
"DQ196243_cytochrome-b",32.9634,-116.6637,"NA","Paper","MVZ",219825,"NA","SHAWN R. KUCHTA, AN-MING TAN, Lineage diversification on an evolving landscape: phylogeography of the California newt, Taricha torosa (Caudata: Salamandridae), Biological Journal of the Linnean Society, Volume 89, Issue 2, October 2006, Pages 213–239, https://doi-org.libproxy.unm.edu/10.1111/j.1095-8312.2006.00665.x"
"DQ196244_cytochrome-b",33.375,-117.35,"NA","Paper","MVZ",223143,"NA","NA"
"DQ196245_cytochrome-b",33.6827,-117.5029,"NA","Paper","MVZ",219817,"NA","NA"
"DQ196246_cytochrome-b",33.6827,-117.5029,"NA","Paper","MVZ",219818,"NA","NA"
"DQ196249_cytochrome-b",34.2715,-118.1531,"NA","Paper","MVZ",219814,"NA","NA"
"DQ196250_cytochrome-b",34.2715,-118.1531,"NA","Paper","MVZ",219815,"NA","NA"
"DQ196254_cytochrome-b",35.6075,-121.0896,"NA","Paper","MVZ",213096,"NA","NA"
"DQ196259_cytochrome-b",37.9324,-122.1352,"NA","NA","MVZ",217871,"NA","NA"
"DQ196263_cytochrome-b",35.5426,-118.617,"NA","NA","MVZ",219098,"NA","NA"
"DQ196266_cytochrome-b",36.1393,-118.6126,"NA","NA","MVZ",219849,"NA","NA"
"DQ196271_cytochrome-b",36.2989,-118.7908,"NA","Paper","MVZ",223149,"NA","NA"
"DQ196276_cytochrome-b",36.5264,-118.7719,"NA","Paper","MVZ",237882,"NA","NA"
