"value","Lat","Lon","Method","Error_km","Museum_Field_Number","Notes","Reference",,,,,,,,,
"Taricha.rivularis.L22713",38.4905,-123.0036,"Article, google earth",0.2,"MVZ",217851,"musem number matches, got the coords from table 1, then used google earth to meausre error","10.1006/mpev.1995.1036",,,,,,,,
"Taricha.rivularis.DQ196303",39.1434,-123.2424,"Article, google earth",0.1,"MVZ",158853,"corrd found in table 1, put into google earth to measure error","https://doi.org/10.1111/j.1095-8312.2006.00665.x",,,,,,,,
"Taricha.rivularis.DQ196304",39.1434,-123.2424,"Article, google earth",0.1,"MVZ",158854,"corrd found in table 1, put into google earth to measure error","https://doi.org/10.1111/j.1095-8312.2006.00665.x",,,,,,,,
"Taricha.rivularis.DQ196305",39.1434,-123.2424,"Article, google earth",0.1,"MVZ",158855,"corrd found in table 1, put into google earth to measure error","https://doi.org/10.1111/j.1095-8312.2006.00665.x",,,,,,,,
"Taricha.rivularis.DQ196306",40.0612,-123.5712,"Article, google earth",0.1,"MVS",219812,"corrd found in table 1, put into google earth to measure error","https://doi.org/10.1111/j.1095-8312.2006.00665.x",,,,,,,,
"Taricha.rivularis.TCHMTCYTBL",38.4905,-123.0036,"Article, google earth",0.1,"MVZ",217851,"Duplicates","of","accession","and","locus","appear","twice","in","spreadsheet","10.1006/mpev.1995.1036"
"Taricha.rivularis.KF550367",38.7903,-122.79342,"Article, google earth",0.1,"MVZ",217842,"musem number matches, got the coords from table 1, then used google earth to meausre error","http://dx.doi.org/10.1670/13-066",,,,,,,,
"Taricha.rivularis.DQ196301",38.4815,-122.5007,"Article, google earth",0.2,"MVZ217851","corrd found in table 1, put into google earth to measure error","https://doi.org/10.1111/j.1095-8312.2006.00665.x",,,,,,,,,
"Taricha.rivularis.DQ196302",38.4815,-122.5007,"Article, google earth",0.2,"MVZ",217852,"corrd found in table 1, put into google earth to measure error","https://doi.org/10.1111/j.1095-8312.2006.00665.x",,,,,,,,
"Taricha.rivularis.KF550376",40.09516,-123.99492,"Article, google earth",0.1,"MVZ",219804,"musem number matches, got the coords from table 1, then used google earth to meausre error","http://dx.doi.org/10.1670/13-067",,,,,,,,
"Taricha.rivularis.KF550346",39.2465,-123.4177,"Article, google earth",0.1,"MVZ",264781,"musem number matches, got the coords from table 1, then used google earth to meausre error","http://dx.doi.org/10.1670/13-068",,,,,,,,
"Taricha.rivularis.KF550347",39.2465,-123.4177,"Article, google earth",0.1,"MVZ",264782,"musem number matches, got the coords from table 1, then used google earth to meausre error","http://dx.doi.org/10.1670/13-069",,,,,,,,
"Taricha.rivularis.KF550349",39.2465,-123.4177,"Article, google earth",0.1,"MVZ",264784,"musem number matches, got the coords from table 1, then used google earth to meausre error","http://dx.doi.org/10.1670/13-070",,,,,,,,
"Taricha.rivularis.KF550351",39.69328,-123.0234,"Article, google earth",0.1,"MVZ",161863,"musem number matches, got the coords from table 1, then used google earth to meausre error","http://dx.doi.org/10.1670/13-071",,,,,,,,
"Taricha.rivularis.KF550353",38.69328,-123.0234,"Article, google earth",0.1,"MVZ",161865,"musem number matches, got the coords from table 1, then used google earth to meausre error","http://dx.doi.org/10.1670/13-072",,,,,,,,
"Taricha.rivularis.KF550355",38.67496,-123.14662,"Article, google earth",0.1,"MVZ",217830,"musem number matches, got the coords from table 1, then used google earth to meausre error","http://dx.doi.org/10.1670/13-073",,,,,,,,
"Taricha.rivularis.KF550357",38.67554,-123.23772,"Article, google earth",0.1,"MVZ",217832,"musem number matches, got the coords from table 1, then used google earth to meausre error","http://dx.doi.org/10.1670/13-074",,,,,,,,
"Taricha.rivularis.KF550359",38.65988,-123.22976,"Article, google earth",0.1,"MVZ",217834,"musem number matches, got the coords from table 1, then used google earth to meausre error","http://dx.doi.org/10.1670/13-075",,,,,,,,
"Taricha.rivularis.KF550361",38.66,-123.23111,"Article, google earth",0.1,"MVZ",217836,"musem number matches, got the coords from table 1, then used google earth to meausre error","http://dx.doi.org/10.1670/13-076",,,,,,,,
"Taricha.rivularis.KF550363",38.67782,-123.27535,"Article, google earth",0.1,"MVZ",217838,"musem number matches, got the coords from table 1, then used google earth to meausre error","http://dx.doi.org/10.1670/13-077",,,,,,,,
"Taricha.rivularis.KF550366",38.47634,-122.59633,"Article, google earth",0.1,"MVZ",217841,"musem number matches, got the coords from table 1, then used google earth to meausre error","http://dx.doi.org/10.1670/13-078",,,,,,,,
"Taricha.rivularis.KF550370",38.79303,-122.79342,"Article, google earth",0.1,"MVZ",217855,"musem number matches, got the coords from table 1, then used google earth to meausre error","http://dx.doi.org/10.1670/13-079",,,,,,,,
"Taricha.rivularis.KF550373",38.79303,-122.79342,"Article, google earth",0.1,"MVZ",217858,"musem number matches, got the coords from table 1, then used google earth to meausre error","http://dx.doi.org/10.1670/13-080",,,,,,,,
"Taricha.rivularis.KF550377",40.09516,-123.99492,"Article, google earth",0.1,"MVZ",219805,"musem number matches, got the coords from table 1, then used google earth to meausre error","http://dx.doi.org/10.1670/13-081",,,,,,,,
"Taricha.rivularis.KF550380",37.29682,-122.14581,"Article, google earth",0.1,"MVZ",264099,"musem number matches, got the coords from table 1, then used google earth to meausre error","http://dx.doi.org/10.1670/13-082",,,,,,,,
"Taricha.rivularis.KF550365",38.47634,-122.59633,"Article, google earth",0.1,"MVZ",217840,"musem number matches, got the coords from table 1, then used google earth to meausre error","http://dx.doi.org/10.1670/13-083",,,,,,,,
"Taricha.rivularis.KF550369",38.79303,-122.79342,"Article, google earth",0.1,"MVZ",217854,"musem number matches, got the coords from table 1, then used google earth to meausre error","http://dx.doi.org/10.1670/13-084",,,,,,,,
"Taricha.rivularis.KF550372",38.79303,-122.79342,"Article, google earth",0.1,"MVZ",217857,"musem number matches, got the coords from table 1, then used google earth to meausre error","http://dx.doi.org/10.1670/13-085",,,,,,,,
"Taricha.rivularis.KF550375",38.79303,-122.79342,"Article, google earth",0.1,"MVZ",217860,"musem number matches, got the coords from table 1, then used google earth to meausre error","http://dx.doi.org/10.1670/13-086",,,,,,,,
"Taricha.rivularis.KF550379",37.29682,-122.14581,"Article, google earth",0.1,"MVZ",264098,"musem number matches, got the coords from table 1, then used google earth to meausre error","http://dx.doi.org/10.1670/13-087",,,,,,,,
"Taricha.rivularis.KF550378",38.58271,-122.71299,"Article, google earth",0.1,"MVZ",238267,"musem number matches, got the coords from table 1, then used google earth to meausre error","http://dx.doi.org/10.1670/13-088",,,,,,,,
"Taricha.rivularis.KF550374",38.79303,-122.79342,"Article, google earth",0.1,"MVZ",217859,"musem number matches, got the coords from table 1, then used google earth to meausre error","http://dx.doi.org/10.1670/13-089",,,,,,,,
"Taricha.rivularis.KF550371",38.79303,-122.79342,"Article, google earth",0.1,"MVZ",217856,"musem number matches, got the coords from table 1, then used google earth to meausre error","http://dx.doi.org/10.1670/13-090",,,,,,,,
"Taricha.rivularis.KF550368",38.79303,-122.79342,"Article, google earth",0.1,"MVZ",217853,"musem number matches, got the coords from table 1, then used google earth to meausre error","http://dx.doi.org/10.1670/13-091",,,,,,,,
"Taricha.rivularis.KF550364",38.47634,-122.59633,"Article, google earth",0.1,"MVZ",217839,"musem number matches, got the coords from table 1, then used google earth to meausre error","http://dx.doi.org/10.1670/13-092",,,,,,,,
"Taricha.rivularis.KF550362",38.65988,-123.22976,"Article, google earth",0.1,"MVZ",217837,"musem number matches, got the coords from table 1, then used google earth to meausre error","http://dx.doi.org/10.1670/13-093",,,,,,,,
"Taricha.rivularis.KF550360",38.65988,-123.22976,"Article, google earth",0.1,"MVZ",217835,"musem number matches, got the coords from table 1, then used google earth to meausre error","http://dx.doi.org/10.1670/13-094",,,,,,,,
"Taricha.rivularis.KF550358",38.65988,-123.22976,"Article, google earth",0.1,"MVZ",217833,"musem number matches, got the coords from table 1, then used google earth to meausre error","http://dx.doi.org/10.1670/13-095",,,,,,,,
"Taricha.rivularis.KF550356",38.67496,-123.14662,"Article, google earth",0.1,"MVZ",217831,"musem number matches, got the coords from table 1, then used google earth to meausre error","http://dx.doi.org/10.1670/13-096",,,,,,,,
"Taricha.rivularis.KF550354",38.67451,-123.13882,"Article, google earth",0.1,"MVZ",217829,"musem number matches, got the coords from table 1, then used google earth to meausre error","http://dx.doi.org/10.1670/13-097",,,,,,,,
"Taricha.rivularis.KF550352",38.69328,-123.0234,"Article, google earth",0.1,"MVZ",161864,"musem number matches, got the coords from table 1, then used google earth to meausre error","http://dx.doi.org/10.1670/13-098",,,,,,,,
"Taricha.rivularis.KF550350",38.67965,-123.28431,"Article, google earth",0.1,"MVZ",161129,"musem number matches, got the coords from table 1, then used google earth to meausre error","http://dx.doi.org/10.1670/13-099",,,,,,,,
"Taricha.rivularis.KF550348",39.2465,-123.4177,"Article, google earth",0.1,"MVZ",264783,"musem number matches, got the coords from table 1, then used google earth to meausre error","http://dx.doi.org/10.1670/13-100",,,,,,,,
