value,Lat,Lon,Method,Error_km,Museum_Field_Number,Notes,Reference
TCHMTCYBA_cytochrome-b,41.1254,122.0905,"Article, Google Earth",10,NA,Genbank accession number and vochure matched used google earth to find corrds and measure error ,10.1006/mpev.1995.1036
TCHMTCYTBT_cytochrome-b,37.3448,120.0214,"Article, Google Earth",1,NA,Genbank accession number and vochure matched used google earth to find corrds and measure error ,10.1006/mpev.1995.1037
TCHMTCYTBV_cytochrome-b,38.2359,120.3142,"Article, Google Earth",1,NA,Genbank accession number and vochure matched used google earth to find corrds and measure error ,10.1006/mpev.1995.1038
TCHMTCYTBW_cytochrome-b,38.3736,120.5439,"Article, Google Earth",1,NA,Genbank accession number and vochure matched used google earth to find corrds and measure error ,10.1006/mpev.1995.1039
TCHMTCYTBX_cytochrome-b,38.3736,120.5439,"Article, Google Earth",1,NA,Genbank accession number and vochure matched used google earth to find corrds and measure error ,10.1006/mpev.1995.1040
TCHMTCYTBY_cytochrome-b,38.0444,120.3434,"Article, Google Earth",0.6,NA,Genbank accession number and vochure matched used google earth to find corrds and measure error ,10.1006/mpev.1995.1041
TCHMTCYTBZ_cytochrome-b,41.1252,121.3921,"Article, Google Earth",0.6,NA,Genbank accession number and vochure matched used google earth to find corrds and measure error ,10.1006/mpev.1995.1042
TCHMTCYTB_cytochrome-b,37.2904,119.5749,"Article, Google Earth",1,NA,Genbank accession number and vochure matched used google earth to find corrds and measure error ,10.1006/mpev.1995.1043
TCHMTCYTT_cytochrome-b,37.0614,119.2247,"Article, Google Earth",0.7,NA,Genbank accession number and vochure matched used google earth to find corrds and measure error ,10.1006/mpev.1995.1044
TCHMTCYTU_cytochrome-b,38.1518,120.3717,"Article, Google Earth",0.2,NA,Gen bank accession number and voucher number match coords are listed in table used google earth to measure error,10.1006/mpev.1995.1045
DQ196277_cytochrome-b,36.4949,118.8503,"Article, Google Earth",1,NA,Gen bank accession number and voucher number match coords are listed in table used google earth to measure error,https://doi.org/10.1111/j.1095-8312.2006.00665.x
DQ196278_cytochrome-b,36.4949,118.8503,"Article, Google Earth",1,NA,Gen bank accession number and voucher number match coords are listed in table used google earth to measure error,https://doi.org/10.1111/j.1095-8312.2006.00665.x
DQ196279_cytochrome-b,36.4949,118.8503,"Article, Google Earth",1,NA,Gen bank accession number and voucher number match coords are listed in table used google earth to measure error,https://doi.org/10.1111/j.1095-8312.2006.00665.x
DQ196280_cytochrome-b,36.4914,118.9178,"Article, Google Earth",1,NA,Gen bank accession number and voucher number match coords are listed in table used google earth to measure error,https://doi.org/10.1111/j.1095-8312.2006.00665.x
DQ196281_cytochrome-b,36.5461,118.8969,"Article, Google Earth",1,NA,Gen bank accession number and voucher number match coords are listed in table used google earth to measure error,https://doi.org/10.1111/j.1095-8312.2006.00665.x
DQ196282_cytochrome-b,36.6705,118.9719,"Article, Google Earth",1,NA,Gen bank accession number and voucher number match coords are listed in table used google earth to measure error,https://doi.org/10.1111/j.1095-8312.2006.00665.x
DQ196283_cytochrome-b,36.6705,118.9719,"Article, Google Earth",1,NA,Gen bank accession number and voucher number match coords are listed in table used google earth to measure error,https://doi.org/10.1111/j.1095-8312.2006.00665.x
DQ196284_cytochrome-b,36.7042,118.9574,"Article, Google Earth",1,NA,Gen bank accession number and voucher number match coords are listed in table used google earth to measure error,https://doi.org/10.1111/j.1095-8312.2006.00665.x
DQ196285_cytochrome-b,37.1298,119.3756,"Article, Google Earth",1,NA,Gen bank accession number and voucher number match coords are listed in table used google earth to measure error,https://doi.org/10.1111/j.1095-8312.2006.00665.x
DQ196286_cytochrome-b,37.1298,119.3756,"Article, Google Earth",1,NA,Gen bank accession number and voucher number match coords are listed in table used google earth to measure error,https://doi.org/10.1111/j.1095-8312.2006.00665.x
DQ196287_cytochrome-b,37.5806,120.0762,"Article, Google Earth",1,NA,Gen bank accession number and voucher number match coords are listed in table used google earth to measure error,https://doi.org/10.1111/j.1095-8312.2006.00665.x
DQ196288_cytochrome-b,37.5806,120.0762,"Article, Google Earth",1,NA,Gen bank accession number and voucher number match coords are listed in table used google earth to measure error,https://doi.org/10.1111/j.1095-8312.2006.00665.x
DQ196289_cytochrome-b,37.5806,120.0762,"Article, Google Earth",1,NA,Gen bank accession number and voucher number match coords are listed in table used google earth to measure error,https://doi.org/10.1111/j.1095-8312.2006.00665.x
DQ196290_cytochrome-b,38.387,120.5671,"Article, Google Earth",1,NA,Gen bank accession number and voucher number match coords are listed in table used google earth to measure error,https://doi.org/10.1111/j.1095-8312.2006.00665.x
DQ196291_cytochrome-b,38.387,120.5671,"Article, Google Earth",1,NA,Gen bank accession number and voucher number match coords are listed in table used google earth to measure error,https://doi.org/10.1111/j.1095-8312.2006.00665.x
DQ196292_cytochrome-b,38.76,120.8182,"Article, Google Earth",1,NA,Gen bank accession number and voucher number match coords are listed in table used google earth to measure error,https://doi.org/10.1111/j.1095-8312.2006.00665.x
DQ196293_cytochrome-b,38.76,120.8182,"Article, Google Earth",1,NA,Gen bank accession number and voucher number match coords are listed in table used google earth to measure error,https://doi.org/10.1111/j.1095-8312.2006.00665.x
DQ196294_cytochrome-b,39.5803,121.551,"Article, Google Earth",1,NA,Gen bank accession number and voucher number match coords are listed in table used google earth to measure error,https://doi.org/10.1111/j.1095-8312.2006.00665.x
DQ196295_cytochrome-b,39.5803,121.551,"Article, Google Earth",1,NA,Gen bank accession number and voucher number match coords are listed in table used google earth to measure error,https://doi.org/10.1111/j.1095-8312.2006.00665.x
DQ196296_cytochrome-b,40.3416,121.8553,"Article, Google Earth",1,NA,Gen bank accession number and voucher number match coords are listed in table used google earth to measure error,https://doi.org/10.1111/j.1095-8312.2006.00665.x
DQ196297_cytochrome-b,40.8551,121.8978,"Article, Google Earth",1,NA,Gen bank accession number and voucher number match coords are listed in table used google earth to measure error,https://doi.org/10.1111/j.1095-8312.2006.00665.x
DQ196298_cytochrome-b,40.8551,122.1201,"Article, Google Earth",1,NA,Gen bank accession number and voucher number match coords are listed in table used google earth to measure error,https://doi.org/10.1111/j.1095-8312.2006.00665.x
DQ196299_cytochrome-b,40.8551,122.1201,"Article, Google Earth",1,NA,Gen bank accession number and voucher number match coords are listed in table used google earth to measure error,https://doi.org/10.1111/j.1095-8312.2006.00665.x
DQ196300_cytochrome-b,40.9239,122.4331,"Article, Google Earth",1,NA,Gen bank accession number and voucher number match coords are listed in table used google earth to measure error,https://doi.org/10.1111/j.1095-8312.2006.00665.x
