"value","Lat","Lon","Error_km","Method","Voucher","Notes","Reference",
"HQ697273.1 Triturus cristatus voucher ZMA7802-594 mitochondrion, complete genome",51.2833333333333,0.533333333333333,"NA","NA","ZMA7802-594","England:","Kent","NA"
"DQ821230.1 Triturus cristatus isolate 583 cytochrome b (cytb) gene, partial cds; mitochondrial",52.490329,-0.222678,13072,"GeoLocate","ZMA9144","NA","NA",
"DQ821232.1 Triturus cristatus isolate 968 cytochrome b (cytb) gene, partial cds; mitochondrial",52.490329,-0.222678,13072,"GeoLocate","ZMA9199","NA","NA",
"EU030879.1 Triturus cristatus isolate  cytochrome b (cytb) gene, partial cds; mitochondrial",49.1,15.55,"NA","NA","750HSla","NA","NA",
"EU030868.1 Triturus cristatus isolate cytochrome b (cytb) gene, partial cds; mitochondrial",49.1,15.55,"NA","NA","751HSla","NA","NA",
"EU030897.1 Triturus cristatus isolate  cytochrome b (cytb) gene, partial cds; mitochondrial",49.05,15.5,"NA","NA","754Treb","NA","NA",
"EU030877.1 Triturus cristatus isolate  cytochrome b (cytb) gene, partial cds; mitochondrial",48.9166666666667,14.8333333333333,"NA","NA","027Cep","NA","NA",
"EU030874.1 Triturus cristatus isolate  cytochrome b (cytb) gene, partial cds; mitochondrial",49.2833333333333,17.5166666666667,"NA","NA","701Kuro","NA","NA",
"EU030875.1 Triturus cristatus isolate  cytochrome b (cytb) gene, partial cds; mitochondrial",49.2833333333333,17.5166666666667,"NA","NA","703Kuro","NA","NA",
"EU030876.1 Triturus cristatus isolate  cytochrome b (cytb) gene, partial cds; mitochondrial",49.2833333333333,17.5166666666667,"NA","NA","702Kuro","NA","NA",
"EU030873.1 Triturus cristatus isolate  cytochrome b (cytb) gene, partial cds; mitochondrial",49.1,15.55,"NA","NA","743HSla","NA","NA",
"EU030895.1 Triturus cristatus isolate  cytochrome b (cytb) gene, partial cds; mitochondrial",48.8833333333333,14.8,"NA","NA","719Bor","NA","NA",
"EU030896.1 Triturus cristatus isolate  cytochrome b (cytb) gene, partial cds; mitochondrial",48.8833333333333,14.8,"NA","NA","721Bor","NA","NA",
"EU030899.1 Triturus cristatus s.l. AH-2007 isolate 827TV cytochrome b (cytb) gene, partial cds; mitochondrial",48.4666666666667,20.1333333333333,"NA","NA","827TV","Slovakia","NA",
"EU030783.1 Triturus cristatus isolate  cytochrome b (cytb) gene, partial cds; mitochondrial",47.8166666666667,13.1,"NA","NA","cri_GU₃","Austria","NA",
