"value","Lat","Lon","Error_km","Method","MuseumFieldNumber","Notes","Reference",,
"HQ697276.1 Triturus karelinii voucher mitochondrion, complete genome",38.5,48.6,"NA","Manuscript",2412,"eastern","mtDNA","clade","Wielstra, B., Arntzen, J.W. Unraveling the rapid radiation of crested newts (Triturus cristatus superspecies) using complete mitogenomic sequences. BMC Evol Biol 11, 162 (2011). https://doi.org/10.1186/1471-2148-11-162"
"DQ821245.1 Triturus karelinii karelinii isolate cytochrome b (cytb) gene, partial cds; mitochondrial",40.808757,30.421701,5441,"GeoLocate",403,"NA","NA",,
"HQ697275.1 Triturus karelinii voucher  mitochondrion, complete genome",40.8666666666667,39.8666666666667,"NA","Manuscript",2103,"NA","NA",,
"DQ821244.1 Triturus karelinii karelinii isolate  cytochrome b (cytb) gene, partial cds; mitochondrial",40.808757,30.421701,5441,"GeoLocate",402,"NA","NA",,
"HQ697277.1 Triturus karelinii voucher  mitochondrion, complete genome",40.9166666666667,26.6333333333,"NA","Manuscript",2360,"NA","Wielstra, B., Arntzen, J.W. Unraveling the rapid radiation of crested newts (Triturus cristatus superspecies) using complete mitogenomic sequences. BMC Evol Biol 11, 162 (2011). https://doi.org/10.1186/1471-2148-11-162",,
"DQ821246.1 Triturus karelinii karelinii isolate  cytochrome b (cytb) gene, partial cds; mitochondrial",40.808757,30.421701,5441,"GeoLocate",404,"NA","NA",,
"DQ821247.1 Triturus karelinii karelinii isolate  cytochrome b (cytb) gene, partial cds; mitochondrial",40.808757,30.421701,5441,"GeoLocate",774,"NA","NA",,
