"value","Lat","Lon","Error_km","Method","Voucher","Notes","Reference",,
"DQ821223.1 Triturus carnifex carnifex isolate 408 cytochrome b (cytb) gene, partial cds; mitochondrial",39.4166666666667,16.0333333333333,"NA","NA","ZMA9108","NA","NA",,
"DQ821220.1 Triturus carnifex carnifex isolate 313 cytochrome b (cytb) gene, partial cds; mitochondrial",39.4166666666667,16.0333333333333,"NA","NA","ZMA9108","NA","NA",,
"EU030757.1 Triturus carnifex isolate car_25_12 cytochrome b (cytb) gene, partial cds; mitochondrial",45.7886692089799,14.5226259764405,"NA","NA","ZMA9132","NA","NA",,
"EU030818.1 Triturus carnifex isolate 877Mate cytochrome b (cytb) gene, partial cds; mitochondrial",45.9666666666667,14.5166666666667,"NA","NA","877Mate","Slovenia","NA",,
"EU030817.1 Triturus carnifex isolate 875Mate cytochrome b (cytb) gene, partial cds; mitochondrial",45.9666666666667,14.5166666666667,"NA","NA","875Mate","NA","NA",,
"EU030812.1 Triturus carnifex isolate 018Bosn cytochrome b (cytb) gene, partial cds; mitochondrial",48.8833333333333,14.9333333333333,"NA","NA","018Bosn","Czech","Republic","NA",
"EU030813.1 Triturus carnifex isolate 628MMar cytochrome b (cytb) gene, partial cds; mitochondrial",43.0166666666667,10.8833333333333,"NA","Thesis","628MMar","Italy","NA",,
"NC_015788.1 Triturus carnifex mitochondrion, complete genome",39.4166666666667,16.0333333333333,"NA","Paper","MS","ZMA9108-405","Italy:","Fuscaldo","NA"
"DQ821221.1 Triturus carnifex carnifex isolate 405 cytochrome b (cytb) gene, partial cds; mitochondrial",39.4166666666667,16.0333333333333,"NA","NA","ZMA9108","NA","NA",,
"DQ821222.1 Triturus carnifex carnifex isolate 406 cytochrome b (cytb) gene, partial cds; mitochondrial",39.4166666666667,16.0333333333333,"NA","NA","ZMA9108","NA","NA",,
"DQ821224.1 Triturus carnifex carnifex isolate 409 cytochrome b (cytb) gene, partial cds; mitochondrial",39.4166666666667,16.0333333333333,"NA","NA","ZMA9108","NA","NA",,
