value,Lat,Lon,Error_km,Method,MuseumFieldNumber,Notes,Reference
"EU030865.1 Triturus dobrogicus isolate  cytochrome b (cytb) gene, partial cds; mitochondrial",48.55,22.1,NA,Manuscript,929Vesk,NA,NA
"EU030864.1 Triturus dobrogicus isolate cytochrome b (cytb) gene, partial cds; mitochondrial",48.55,22.1,NA,Manuscript,928Vesk ,NA,NA
"EU030863.1 Triturus dobrogicus isolate  cytochrome b (cytb) gene, partial cds; mitochondrial",48.55,22.1,NA,Manuscript,927Vesk,NA,NA
"EU030904.1 Triturus dobrogicus isolate  cytochrome b (cytb) gene, partial cds; mitochondrial",48.28333333,16.95,NA,Manuscript,135DJ,NA,NA
"EU030910.1 Triturus dobrogicus isolate  cytochrome b (cytb) gene, partial cds; mitochondrial",48.85,16.7333333,NA,Manuscript,343NM,NA,NA
"EU030905.1 Triturus dobrogicus isolate  cytochrome b (cytb) gene, partial cds; mitochondrial",48.28333333,16.95,NA,Manuscript,136DJ,NA,NA
"EU030906.1 Triturus dobrogicus isolate  cytochrome b (cytb) gene, partial cds; mitochondrial",48.28333333,16.95,NA,Manuscript,137DJ,NA,NA
"EU030907.1 Triturus dobrogicus isolate  cytochrome b (cytb) gene, partial cds; mitochondrial",48.28333333,16.95,NA,Manuscript,138DJ,NA,NA
"DQ821234.1 Triturus dobrogicus isolate 15A cytochrome b (cytb) gene, partial cds; mitochondrial",43.65,25.35,1841,GeoLocate,ZMA9171,NA,NA
"HQ697274.1 Triturus dobrogicus voucher mitochondrion, complete genome",45.8166666666667,16.25,NA,Manuscript, ZMA9103-880,NA,NA
"DQ821237.1 Triturus dobrogicus isolate 514 cytochrome b (cytb) gene, partial cds; mitochondrial",43.609496,25.33128,2595,GeoLocate,ZMA9160,NA,NA
"DQ821236.1 Triturus dobrogicus isolate 514 cytochrome b (cytb) gene, partial cds; mitochondrial",46.783396,18.698996,1915,GeoLocate,ZMA9083,NA,NA
"EU030911.1 Triturus dobrogicus isolate  cytochrome b (cytb) gene, partial cds; mitochondrial",48.05,17.15,NA,Manuscript,62Ruso,NA,NA
"EU030909.1 Triturus dobrogicus isolate  cytochrome b (cytb) gene, partial cds; mitochondrial",48.05,17.15,NA,Manuscript,64Ruso,NA,NA
"EU030908.1 Triturus dobrogicus isolate  cytochrome b (cytb) gene, partial cds; mitochondrial",48.05,17.15,NA,Manuscript,63Ruso,NA,NA
"DQ821235.1 Triturus dobrogicus isolate 513 cytochrome b (cytb) gene, partial cds; mitochondrial",46.783396,18.698996,1915,GeoLocate,ZMA9083,NA,NA
"EU030856.1 Triturus dobrogicus isolate  cytochrome b (cytb) gene, partial cds; mitochondrial",48.8,22.0666666666667,NA,Manuscript,789Jovs,NA,NA
"EU030854.1 Triturus dobrogicus isolate  cytochrome b (cytb) gene, partial cds; mitochondrial",48.4333333333333,20.1,NA,Manuscript,822VB,NA,NA
"EU030853.1 Triturus dobrogicus isolate cytochrome b (cytb) gene, partial cds; mitochondrial",48.4333333333333,20.1,NA,Manuscript,821VB ,NA,NA
"EU030852.1 Triturus dobrogicus isolate  cytochrome b (cytb) gene, partial cds; mitochondrial",48.4333333333333,20.1,NA,Manuscript,820VB,NA,NA
"EU030850.1 Triturus dobrogicus isolate  cytochrome b (cytb) gene, partial cds; mitochondrial",48.8,22.0666666666667,NA,Manuscript,801Jovs,NA,NA
