"value","Lat","Lon","Error_km","Method","MuseumFieldNumber","Notes","Reference"
"EU030900.1 Triturus marmoratus isolate Toledo",39.833959,-4.000172,2759,"GeoLocate","NA","Spain, Toledo","NA"
"HQ697279.1 Triturus marmoratus",46.013112,0.67195,3036,"GeoLocate","ZMA9095-518","France, Confolens","NA"
"EU880337.1 Triturus marmoratus mitochondrion, partial genome",41.82217,2.24251,"NA","MVZ Database/Arctos","MVZ148916","NA","NA"
"DQ821253.1 Triturus marmoratus marmoratus isolate 536 cytochrome b (cytb) gene, partial cds; mitochondrial",45.823378,0.820576,3036,"GeoLocate","ZMA9151","NA","NA"
"DQ821252.1 Triturus marmoratus marmoratus isolate 535 cytochrome b (cytb) gene, partial cds; mitochondrial",45.823378,0.820576,3036,"GeoLocate","ZMA9151","NA","NA"
"DQ821251.1 Triturus marmoratus marmoratus isolate 535 cytochrome b (cytb) gene, partial cds; mitochondrial",43.380214,-4.111501,2157,"GeoLocate","ZMA9272","NA","NA"
"DQ092229.1 Triturus marmoratus isolate E1806.27 cytochrome b (cytb) gene, partial cds; mitochondrial",40.874556,0.702625,3036,"GeoLocate","E1806.27","NA","NA"
"DQ092231.1 Triturus marmoratus isolate E1806.25 cytochrome b (cytb) gene, partial cds; mitochondrial",41.2,-8.6,"NA","Gbif","E1806.25","NA","NA"
"DQ092230.1 Triturus marmoratus isolate  cytochrome b (cytb) gene, partial cds; mitochondrial",41.2,-8.6,"NA","Gbif","E1806.23","NA","NA"
"DQ092228.1 Triturus marmoratus isolate  cytochrome b (cytb) gene, partial cds; mitochondrial",40.380385,-8.359035,3036,"GeoLocate","E1806.24","NA","NA"
