value,Lat,Lon,Method,Error_km,Museum_Field_Number,Notes,Reference
"MZ368957.1 Tylototriton taliangensis haplotype Hap_67 cytochrome b (cytb) gene, partial cds; mitochondrial",27.5302,103.1546,"Article, google earth",3,NA,"used a polygon to estimate longitude and latitude and error, very hard to tell in paper if these coords match to haplotype. ",10.24272/j.issn.2095-8137.2021.299
"MZ368956.1 Tylototriton taliangensis haplotype Hap_66 cytochrome b (cytb) gene, partial cds; mitochondrial",27.5302,103.1546,"Article, google earth",3,NA,"used a polygon to estimate longitude and latitude and error, very hard to tell in paper if these coords match to haplotype. ",10.24272/j.issn.2095-8137.2021.299
"MZ368955.1 Tylototriton taliangensis haplotype Hap_65 cytochrome b (cytb) gene, partial cds; mitochondrial",27.5302,103.1546,"Article, google earth",3,NA,"used a polygon to estimate longitude and latitude and error, very hard to tell in paper if these coords match to haplotype. ",10.24272/j.issn.2095-8137.2021.300
"MZ368954.1 Tylototriton taliangensis haplotype Hap_64 cytochrome b (cytb) gene, partial cds; mitochondrial",27.5302,103.1546,"Article, google earth",3,NA,"used a polygon to estimate longitude and latitude and error, very hard to tell in paper if these coords match to haplotype. ",10.24272/j.issn.2095-8137.2021.301
"MZ368953.1 Tylototriton taliangensis haplotype Hap_63 cytochrome b (cytb) gene, partial cds; mitochondrial",27.5302,103.1546,"Article, google earth",3,NA,"used a polygon to estimate longitude and latitude and error, very hard to tell in paper if these coords match to haplotype. ",10.24272/j.issn.2095-8137.2021.302
"MZ368930.1 Tylototriton taliangensis haplotype Hap_40 cytochrome b (cytb) gene, partial cds; mitochondrial",27.3937,103.2928,"Article, google earth",1,NA,"used a polygon to estimate longitude and latitude and error, very hard to tell in paper if these coords match to haplotype. ",10.24272/j.issn.2095-8137.2021.303
"MZ368899.1 Tylototriton taliangensis haplotype Hap_9 cytochrome b (cytb) gene, partial cds; mitochondrial",27.3937,103.2928,"Article, google earth",1,NA,"used a polygon to estimate longitude and latitude and error, very hard to tell in paper if these coords match to haplotype. ",10.24272/j.issn.2095-8137.2021.304
"MZ368891.1 Tylototriton taliangensis haplotype Hap_1 cytochrome b (cytb) gene, partial cds; mitochondrial",27.3937,103.2928,"Article, google earth",1,NA,"used a polygon to estimate longitude and latitude and error, very hard to tell in paper if these coords match to haplotype. ",10.24272/j.issn.2095-8137.2021.305
"MZ368894.1 Tylototriton taliangensis haplotype Hap_4 cytochrome b (cytb) gene, partial cds; mitochondrial",27.3937,103.2928,"Article, google earth",1,NA,"used a polygon to estimate longitude and latitude and error, very hard to tell in paper if these coords match to haplotype. ",10.24272/j.issn.2095-8137.2021.306
"MZ368898.1 Tylototriton taliangensis haplotype Hap_8 cytochrome b (cytb) gene, partial cds; mitochondrial",27.3937,103.2928,"Article, google earth",1,NA,"used a polygon to estimate longitude and latitude and error, very hard to tell in paper if these coords match to haplotype. ",10.24272/j.issn.2095-8137.2021.307
"MZ368900.1 Tylototriton taliangensis haplotype Hap_10 cytochrome b (cytb) gene, partial cds; mitochondrial",27.3937,103.2928,"Article, google earth",1,NA,"used a polygon to estimate longitude and latitude and error, very hard to tell in paper if these coords match to haplotype. ",10.24272/j.issn.2095-8137.2021.308
"MZ368925.1 Tylototriton taliangensis haplotype Hap_35 cytochrome b (cytb) gene, partial cds; mitochondrial",27.5302,103.1546,"Article, google earth",3,NA,"used a polygon to estimate longitude and latitude and error, very hard to tell in paper if these coords match to haplotype. ",10.24272/j.issn.2095-8137.2021.309
"MZ368927.1 Tylototriton taliangensis haplotype Hap_37 cytochrome b (cytb) gene, partial cds; mitochondrial",27.5302,103.1546,"Article, google earth",3,NA,"used a polygon to estimate longitude and latitude and error, very hard to tell in paper if these coords match to haplotype. ",10.24272/j.issn.2095-8137.2021.310
"MZ368937.1 Tylototriton taliangensis haplotype Hap_47 cytochrome b (cytb) gene, partial cds; mitochondrial",27.5302,103.1546,"Article, google earth",3,NA,"used a polygon to estimate longitude and latitude and error, very hard to tell in paper if these coords match to haplotype. ",10.24272/j.issn.2095-8137.2021.299
"MZ368936.1 Tylototriton taliangensis haplotype Hap_46 cytochrome b (cytb) gene, partial cds; mitochondrial",27.5302,103.1546,"Article, google earth",3,NA,"used a polygon to estimate longitude and latitude and error, very hard to tell in paper if these coords match to haplotype. ",10.24272/j.issn.2095-8137.2021.300
"MZ368935.1 Tylototriton taliangensis haplotype Hap_45 cytochrome b (cytb) gene, partial cds; mitochondrial",27.5302,103.1546,"Article, google earth",3,NA,"used a polygon to estimate longitude and latitude and error, very hard to tell in paper if these coords match to haplotype. ",10.24272/j.issn.2095-8137.2021.301
"MZ368926.1 Tylototriton taliangensis haplotype Hap_36 cytochrome b (cytb) gene, partial cds; mitochondrial",27.5302,103.1546,"Article, google earth",3,NA,"used a polygon to estimate longitude and latitude and error, very hard to tell in paper if these coords match to haplotype. ",10.24272/j.issn.2095-8137.2021.302
"MZ368924.1 Tylototriton taliangensis haplotype Hap_34 cytochrome b (cytb) gene, partial cds; mitochondrial",27.5302,103.1546,"Article, google earth",3,NA,"used a polygon to estimate longitude and latitude and error, very hard to tell in paper if these coords match to haplotype. ",10.24272/j.issn.2095-8137.2021.303
"MZ368923.1 Tylototriton taliangensis haplotype Hap_33 cytochrome b (cytb) gene, partial cds; mitochondrial",27.5302,103.1546,"Article, google earth",3,NA,"used a polygon to estimate longitude and latitude and error, very hard to tell in paper if these coords match to haplotype. ",10.24272/j.issn.2095-8137.2021.304
"MZ368908.1 Tylototriton taliangensis haplotype Hap_18 cytochrome b (cytb) gene, partial cds; mitochondrial",27.3937,103.2928,"Article, google earth",1,NA,"used a polygon to estimate longitude and latitude and error, very hard to tell in paper if these coords match to haplotype. ",10.24272/j.issn.2095-8137.2021.305
"MZ368906.1 Tylototriton taliangensis haplotype Hap_16 cytochrome b (cytb) gene, partial cds; mitochondrial",27.3937,103.2928,"Article, google earth",1,NA,"used a polygon to estimate longitude and latitude and error, very hard to tell in paper if these coords match to haplotype. ",10.24272/j.issn.2095-8137.2021.306
"MZ368905.1 Tylototriton taliangensis haplotype Hap_15 cytochrome b (cytb) gene, partial cds; mitochondrial",27.3937,103.2928,"Article, google earth",1,NA,"used a polygon to estimate longitude and latitude and error, very hard to tell in paper if these coords match to haplotype. ",10.24272/j.issn.2095-8137.2021.307
"MZ368904.1 Tylototriton taliangensis haplotype Hap_14 cytochrome b (cytb) gene, partial cds; mitochondrial",27.3937,103.2928,"Article, google earth",1,NA,"used a polygon to estimate longitude and latitude and error, very hard to tell in paper if these coords match to haplotype. ",10.24272/j.issn.2095-8137.2021.308
"MZ368901.1 Tylototriton taliangensis haplotype Hap_11 cytochrome b (cytb) gene, partial cds; mitochondrial",27.3937,103.2928,"Article, google earth",1,NA,"used a polygon to estimate longitude and latitude and error, very hard to tell in paper if these coords match to haplotype. ",10.24272/j.issn.2095-8137.2021.309
"MZ368934.1 Tylototriton taliangensis haplotype Hap_44 cytochrome b (cytb) gene, partial cds; mitochondrial",27.3937,103.2928,"Article, google earth",1,NA,"used a polygon to estimate longitude and latitude and error, very hard to tell in paper if these coords match to haplotype. ",10.24272/j.issn.2095-8137.2021.310
"MZ368933.1 Tylototriton taliangensis haplotype Hap_43 cytochrome b (cytb) gene, partial cds; mitochondrial",27.3937,103.2928,"Article, google earth",1,NA,"used a polygon to estimate longitude and latitude and error, very hard to tell in paper if these coords match to haplotype. ",10.24272/j.issn.2095-8137.2021.311
"MZ368895.1 Tylototriton taliangensis haplotype Hap_5 cytochrome b (cytb) gene, partial cds; mitochondrial",27.3937,103.2928,"Article, google earth",1,NA,"used a polygon to estimate longitude and latitude and error, very hard to tell in paper if these coords match to haplotype. ",10.24272/j.issn.2095-8137.2021.312
"MZ368940.1 Tylototriton taliangensis haplotype Hap_50 cytochrome b (cytb) gene, partial cds; mitochondrial",30.2109,100.265,"Article, google earth",0.3,NA,"used a polygon to estimate longitude and latitude and error, very hard to tell in paper if these coords match to haplotype. ",10.24272/j.issn.2095-8137.2021.313
"MZ368945.1 Tylototriton taliangensis haplotype Hap_55 cytochrome b (cytb) gene, partial cds; mitochondrial",30.2109,100.265,"Article, google earth",0.3,NA,"used a polygon to estimate longitude and latitude and error, very hard to tell in paper if these coords match to haplotype. ",10.24272/j.issn.2095-8137.2021.314
"MZ368946.1 Tylototriton taliangensis haplotype Hap_56 cytochrome b (cytb) gene, partial cds; mitochondrial",30.2109,100.265,"Article, google earth",0.3,NA,"used a polygon to estimate longitude and latitude and error, very hard to tell in paper if these coords match to haplotype. ",10.24272/j.issn.2095-8137.2021.315
"MZ368944.1 Tylototriton taliangensis haplotype Hap_54 cytochrome b (cytb) gene, partial cds; mitochondrial",30.2109,100.265,"Article, google earth",0.3,NA,"used a polygon to estimate longitude and latitude and error, very hard to tell in paper if these coords match to haplotype. ",10.24272/j.issn.2095-8137.2021.316
"MZ368943.1 Tylototriton taliangensis haplotype Hap_53 cytochrome b (cytb) gene, partial cds; mitochondrial",30.2109,100.265,"Article, google earth",0.3,NA,"used a polygon to estimate longitude and latitude and error, very hard to tell in paper if these coords match to haplotype. ",10.24272/j.issn.2095-8137.2021.317
"MZ368942.1 Tylototriton taliangensis haplotype Hap_52 cytochrome b (cytb) gene, partial cds; mitochondrial",30.2109,100.265,"Article, google earth",0.3,NA,"used a polygon to estimate longitude and latitude and error, very hard to tell in paper if these coords match to haplotype. ",10.24272/j.issn.2095-8137.2021.318
"MZ368941.1 Tylototriton taliangensis haplotype Hap_51 cytochrome b (cytb) gene, partial cds; mitochondrial",30.2109,100.265,"Article, google earth",0.3,NA,"used a polygon to estimate longitude and latitude and error, very hard to tell in paper if these coords match to haplotype. ",10.24272/j.issn.2095-8137.2021.319
"MZ368939.1 Tylototriton taliangensis haplotype Hap_49 cytochrome b (cytb) gene, partial cds; mitochondrial",27.5302,103.1546,"Article, google earth",3,NA,"used a polygon to estimate longitude and latitude and error, very hard to tell in paper if these coords match to haplotype. ",10.24272/j.issn.2095-8137.2021.320
"MZ368938.1 Tylototriton taliangensis haplotype Hap_48 cytochrome b (cytb) gene, partial cds; mitochondrial",30.2109,100.265,"Article, google earth",0.3,NA,"used a polygon to estimate longitude and latitude and error, very hard to tell in paper if these coords match to haplotype. ",10.24272/j.issn.2095-8137.2021.321
"MZ368903.1 Tylototriton taliangensis haplotype Hap_13 cytochrome b (cytb) gene, partial cds; mitochondrial",27.3937,103.2928,"Article, google earth",1,NA,"used a polygon to estimate longitude and latitude and error, very hard to tell in paper if these coords match to haplotype. ",10.24272/j.issn.2095-8137.2021.322
"MZ368902.1 Tylototriton taliangensis haplotype Hap_12 cytochrome b (cytb) gene, partial cds; mitochondrial",27.3937,103.2928,"Article, google earth",1,NA,"used a polygon to estimate longitude and latitude and error, very hard to tell in paper if these coords match to haplotype. ",10.24272/j.issn.2095-8137.2021.323
"MZ368907.1 Tylototriton taliangensis haplotype Hap_17 cytochrome b (cytb) gene, partial cds; mitochondrial",27.3937,103.2928,"Article, google earth",1,NA,"used a polygon to estimate longitude and latitude and error, very hard to tell in paper if these coords match to haplotype. ",10.24272/j.issn.2095-8137.2021.324
"MZ368914.1 Tylototriton taliangensis haplotype Hap_24 cytochrome b (cytb) gene, partial cds; mitochondrial",29.5109,102.262,"Article, google earth",0.02,NA,"used a polygon to estimate longitude and latitude and error, very hard to tell in paper if these coords match to haplotype. ",10.24272/j.issn.2095-8137.2021.325
"MZ368910.1 Tylototriton taliangensis haplotype Hap_20 cytochrome b (cytb) gene, partial cds; mitochondrial",29.5109,102.262,"Article, google earth",0.02,NA,"used a polygon to estimate longitude and latitude and error, very hard to tell in paper if these coords match to haplotype. ",10.24272/j.issn.2095-8137.2021.326
"MZ368922.1 Tylototriton taliangensis haplotype Hap_32 cytochrome b (cytb) gene, partial cds; mitochondrial",29.5109,102.262,"Article, google earth",0.02,NA,"used a polygon to estimate longitude and latitude and error, very hard to tell in paper if these coords match to haplotype. ",10.24272/j.issn.2095-8137.2021.327
"AF295684.1 Tylototriton taliangensis isolate Ttal1 cytochrome b (cytb) gene, partial cds; mitochondrial gene for mitochondrial product",27.5146,102.1631,"Article, google earth",0.5,NA,"isoloate found, used google earth to find coords and error. ",10.1643/0045-8511(2001)001[0997:ROTSGP]2.0.CO;2
"MZ368909.1 Tylototriton taliangensis haplotype Hap_19 cytochrome b (cytb) gene, partial cds; mitochondrial",29.5109,102.262,"Article, google earth",0.02,NA,"used a polygon to estimate longitude and latitude and error, very hard to tell in paper if these coords match to haplotype. ",10.24272/j.issn.2095-8137.2021.299
"MZ368911.1 Tylototriton taliangensis haplotype Hap_21 cytochrome b (cytb) gene, partial cds; mitochondrial",29.5109,102.262,"Article, google earth",0.02,NA,"used a polygon to estimate longitude and latitude and error, very hard to tell in paper if these coords match to haplotype. ",10.24272/j.issn.2095-8137.2021.300
"MZ368912.1 Tylototriton taliangensis haplotype Hap_22 cytochrome b (cytb) gene, partial cds; mitochondrial",29.5109,102.262,"Article, google earth",0.02,NA,"used a polygon to estimate longitude and latitude and error, very hard to tell in paper if these coords match to haplotype. ",10.24272/j.issn.2095-8137.2021.301
"MZ368913.1 Tylototriton taliangensis haplotype Hap_23 cytochrome b (cytb) gene, partial cds; mitochondrial",29.5109,102.262,"Article, google earth",0.02,NA,"used a polygon to estimate longitude and latitude and error, very hard to tell in paper if these coords match to haplotype. ",10.24272/j.issn.2095-8137.2021.302
"MZ368921.1 Tylototriton taliangensis haplotype Hap_31 cytochrome b (cytb) gene, partial cds; mitochondrial",29.5109,102.262,"Article, google earth",0.02,NA,"used a polygon to estimate longitude and latitude and error, very hard to tell in paper if these coords match to haplotype. ",10.24272/j.issn.2095-8137.2021.303
"MZ368947.1 Tylototriton taliangensis haplotype Hap_57 cytochrome b (cytb) gene, partial cds; mitochondrial",29.5109,102.262,"Article, google earth",0.02,NA,"used a polygon to estimate longitude and latitude and error, very hard to tell in paper if these coords match to haplotype. ",10.24272/j.issn.2095-8137.2021.304
"MZ368950.1 Tylototriton taliangensis haplotype Hap_60 cytochrome b (cytb) gene, partial cds; mitochondrial",29.5109,102.262,"Article, google earth",0.02,NA,"used a polygon to estimate longitude and latitude and error, very hard to tell in paper if these coords match to haplotype. ",10.24272/j.issn.2095-8137.2021.305
"MZ368952.1 Tylototriton taliangensis haplotype Hap_62 cytochrome b (cytb) gene, partial cds; mitochondrial",29.5109,102.262,"Article, google earth",0.02,NA,"used a polygon to estimate longitude and latitude and error, very hard to tell in paper if these coords match to haplotype. ",10.24272/j.issn.2095-8137.2021.306
"MZ368948.1 Tylototriton taliangensis haplotype Hap_58 cytochrome b (cytb) gene, partial cds; mitochondrial",29.5109,102.262,"Article, google earth",0.02,NA,"used a polygon to estimate longitude and latitude and error, very hard to tell in paper if these coords match to haplotype. ",10.24272/j.issn.2095-8137.2021.307
"MZ368951.1 Tylototriton taliangensis haplotype Hap_61 cytochrome b (cytb) gene, partial cds; mitochondrial",29.5109,102.262,"Article, google earth",0.02,NA,"used a polygon to estimate longitude and latitude and error, very hard to tell in paper if these coords match to haplotype. ",10.24272/j.issn.2095-8137.2021.308
"MZ368949.1 Tylototriton taliangensis haplotype Hap_59 cytochrome b (cytb) gene, partial cds; mitochondrial",29.5109,102.262,"Article, google earth",0.02,NA,"used a polygon to estimate longitude and latitude and error, very hard to tell in paper if these coords match to haplotype. ",10.24272/j.issn.2095-8137.2021.309
"MZ368892.1 Tylototriton taliangensis haplotype Hap_2 cytochrome b (cytb) gene, partial cds; mitochondrial",27.3937,103.2928,"Article, google earth",1,NA,"used a polygon to estimate longitude and latitude and error, very hard to tell in paper if these coords match to haplotype. ",10.24272/j.issn.2095-8137.2021.310
"MZ368915.1 Tylototriton taliangensis haplotype Hap_25 cytochrome b (cytb) gene, partial cds; mitochondrial",27.3937,103.2928,"Article, google earth",1,NA,"used a polygon to estimate longitude and latitude and error, very hard to tell in paper if these coords match to haplotype. ",10.24272/j.issn.2095-8137.2021.311
"MZ368893.1 Tylototriton taliangensis haplotype Hap_3 cytochrome b (cytb) gene, partial cds; mitochondrial",27.3937,103.2928,"Article, google earth",1,NA,"used a polygon to estimate longitude and latitude and error, very hard to tell in paper if these coords match to haplotype. ",10.24272/j.issn.2095-8137.2021.312
"MZ368897.1 Tylototriton taliangensis haplotype Hap_7 cytochrome b (cytb) gene, partial cds; mitochondrial",27.3937,103.2928,"Article, google earth",1,NA,"used a polygon to estimate longitude and latitude and error, very hard to tell in paper if these coords match to haplotype. ",10.24272/j.issn.2095-8137.2021.313
"MZ368896.1 Tylototriton taliangensis haplotype Hap_6 cytochrome b (cytb) gene, partial cds; mitochondrial",27.3937,103.2928,"Article, google earth",1,NA,"used a polygon to estimate longitude and latitude and error, very hard to tell in paper if these coords match to haplotype. ",10.24272/j.issn.2095-8137.2021.314
"MZ368928.1 Tylototriton taliangensis haplotype Hap_38 cytochrome b (cytb) gene, partial cds; mitochondrial",27.3937,103.2928,"Article, google earth",1,NA,"used a polygon to estimate longitude and latitude and error, very hard to tell in paper if these coords match to haplotype. ",10.24272/j.issn.2095-8137.2021.315
"MZ368932.1 Tylototriton taliangensis haplotype Hap_42 cytochrome b (cytb) gene, partial cds; mitochondrial",27.3937,103.2928,"Article, google earth",1,NA,"used a polygon to estimate longitude and latitude and error, very hard to tell in paper if these coords match to haplotype. ",10.24272/j.issn.2095-8137.2021.316
"MZ368931.1 Tylototriton taliangensis haplotype Hap_41 cytochrome b (cytb) gene, partial cds; mitochondrial",27.3937,103.2928,"Article, google earth",1,NA,"used a polygon to estimate longitude and latitude and error, very hard to tell in paper if these coords match to haplotype. ",10.24272/j.issn.2095-8137.2021.317
"MZ368929.1 Tylototriton taliangensis haplotype Hap_39 cytochrome b (cytb) gene, partial cds; mitochondrial",27.3937,103.2928,"Article, google earth",1,NA,"used a polygon to estimate longitude and latitude and error, very hard to tell in paper if these coords match to haplotype. ",10.24272/j.issn.2095-8137.2021.318
"MZ368920.1 Tylototriton taliangensis haplotype Hap_30 cytochrome b (cytb) gene, partial cds; mitochondrial",27.3937,103.2928,"Article, google earth",1,NA,"used a polygon to estimate longitude and latitude and error, very hard to tell in paper if these coords match to haplotype. ",10.24272/j.issn.2095-8137.2021.319
"MZ368919.1 Tylototriton taliangensis haplotype Hap_29 cytochrome b (cytb) gene, partial cds; mitochondrial",27.3937,103.2928,"Article, google earth",1,NA,"used a polygon to estimate longitude and latitude and error, very hard to tell in paper if these coords match to haplotype. ",10.24272/j.issn.2095-8137.2021.320
"MZ368918.1 Tylototriton taliangensis haplotype Hap_28 cytochrome b (cytb) gene, partial cds; mitochondrial",27.3937,103.2928,"Article, google earth",1,NA,"used a polygon to estimate longitude and latitude and error, very hard to tell in paper if these coords match to haplotype. ",10.24272/j.issn.2095-8137.2021.321
"MZ368917.1 Tylototriton taliangensis haplotype Hap_27 cytochrome b (cytb) gene, partial cds; mitochondrial",27.3937,103.2928,"Article, google earth",1,NA,"used a polygon to estimate longitude and latitude and error, very hard to tell in paper if these coords match to haplotype. ",10.24272/j.issn.2095-8137.2021.322
"MZ368916.1 Tylototriton taliangensis haplotype Hap_26 cytochrome b (cytb) gene, partial cds; mitochondrial",27.3937,103.2928,"Article, google earth",1,NA,"used a polygon to estimate longitude and latitude and error, very hard to tell in paper if these coords match to haplotype. ",10.24272/j.issn.2095-8137.2021.323
