"value","Lat","Lon","Method","Error_km","Museum_Field_Number","Notes","Reference"
"Tylototriton.shanjing.JX854458",22.4741,103.1411,"Article, Google Earth",10,"NA","Genbank accession numbers and haplotypes are found in the paper, used google earth to find coords and measure error, multiple haplotypes found at the same location this one had 2 sequences ","https://doi.org/10.1371/journal.pone.0056067"
"Tylototriton.shanjing.JX854457",22.4741,103.1411,"Article, Google Earth",10,"NA","Genbank accession numbers and haplotypes are found in the paper, used google earth to find coords and measure error, multiple haplotypes found at the same location this one had 2 sequences ","https://doi.org/10.1371/journal.pone.0056066"
"Tylototriton.shanjing.JX854460",22.4741,103.1411,"Article, Google Earth",10,"NA","Genbank accession numbers and haplotypes are found in the paper, used google earth to find coords and measure error, multiple haplotypes found at the same location this one had 1 sequence","https://doi.org/10.1371/journal.pone.0056068"
"Tylototriton.shanjing.JX854466",23.2642,102.0419,"Article, Google Earth",5,"NA","Genbank accession numbers and haplotypes are found in the paper, used google earth to find coords and measure error, multiple haplotypes found at the same location this one had 1 sequence","https://doi.org/10.1371/journal.pone.0056069"
"Tylototriton.shanjing.JX854463",23.0109,102.2343,"Article, Google Earth",7,"NA","Genbank accession numbers and haplotypes are found in the paper, used google earth to find coords and measure error, multiple haplotypes found at the same location this one had 1 sequence ","https://doi.org/10.1371/journal.pone.0056071"
"Tylototriton.shanjing.JX854462",23.0109,102.2343,"Article, Google Earth",7,"NA","Genbank accession numbers and haplotypes are found in the paper, used google earth to find coords and measure error, multiple haplotypes found at the same location this one had 3 sequences ","https://doi.org/10.1371/journal.pone.0056070"
"Tylototriton.shanjing.JX854459",22.4741,103.1411,"Article, Google Earth",10,"NA","Genbank accession numbers and haplotypes are found in the paper, used google earth to find coords and measure error, multiple haplotypes found at the same location this one had 5 sequences ","https://doi.org/10.1371/journal.pone.0056072"
"Tylototriton.shanjing.JX854465",23.0109,102.2343,"Article, Google Earth",7,"NA","Genbank accession numbers and haplotypes are found in the paper, used google earth to find coords and measure error, multiple haplotypes found at the same location this one had 1 sequence","https://doi.org/10.1371/journal.pone.0056074"
"Tylototriton.shanjing.JX854464",23.0109,102.2343,"Article, Google Earth",7,"NA","Genbank accession numbers and haplotypes are found in the paper, used google earth to find coords and measure error, multiple haplotypes found at the same location this one had 3 sequences ","https://doi.org/10.1371/journal.pone.0056073"
"Tylototriton.shanjing.JX854461",23.0109,102.2343,"Article, Google Earth",7,"NA","Genbank accession numbers and haplotypes are found in the paper, used google earth to find coords and measure error, multiple haplotypes found at the same location this one had 4 sequences ","https://doi.org/10.1371/journal.pone.0056075"
"Tylototriton.shanjing.JX854501 a.",28.3232,115.5617,"Article, Google Earth",8,"NA","Genbank accession numbers and haplotypes are found in the paper, used google earth to find coords and measure error, multiple haplotypes found at the same location this one had 1 sequence","https://doi.org/10.1371/journal.pone.0056078"
"Tylototriton.shanjing.JX854499 b.",23.5811,101.1847,"Article, Google Earth",1,"NA","Genbank accession numbers and haplotypes are found in the paper, used google earth to find coords and measure error, multiple haplotypes found at the same location this one had 7 sequences ","https://doi.org/10.1371/journal.pone.0056076"
"Tylototriton.shanjing.JX854502",26.2018,98.4318,"Article, Google Earth",6,"NA","Genbank accession numbers and haplotypes are found in the paper, used google earth to find coords and measure error, multiple haplotypes found at the same location this one had 2 sequences ","https://doi.org/10.1371/journal.pone.0056079"
"Tylototriton.shanjing.JX854500",28.3232,115.5617,"Article, Google Earth",8,"NA","Genbank accession numbers and haplotypes are found in the paper, used google earth to find coords and measure error, multiple haplotypes found at the same location this one had 2 sequences ","https://doi.org/10.1371/journal.pone.0056077"
"Tylototriton.shanjing.JX854499 a.",24.4607,98.0845,"Article, Google Earth",1,"NA","Genbank accession numbers and haplotypes are found in the paper, used google earth to find coords and measure error, multiple haplotypes found at the same location this one had 5 sequences ","https://doi.org/10.1371/journal.pone.0056076"
"Tylototriton.shanjing.JX854501 b.",26.2018,98.4318,"Article, Google Earth",6,"NA","Genbank accession numbers and haplotypes are found in the paper, used google earth to find coords and measure error, multiple haplotypes found at the same location this one had 5 sequences ","https://doi.org/10.1371/journal.pone.0056078"
"Tylototriton.shanjing.JX854511",14.501,120.5827,"Article, Google Earth",0.9,"NA","Genbank accession numbers and haplotypes are found in the paper, used google earth to find coords and measure error, multiple haplotypes found at the same location this one had 1 sequence","https://doi.org/10.1371/journal.pone.0056080"
"Tylototriton.shanjing.JX854485",31.1457,121.2806,"Article, Google Earth",1,"NA","Genbank accession numbers and haplotypes are found in the paper, used google earth to find coords and measure error, multiple haplotypes found at the same location this one had 2 sequences ","https://doi.org/10.1371/journal.pone.0056083"
"Tylototriton.shanjing.JX854484",31.1457,121.2806,"Article, Google Earth",1,"NA","Genbank accession numbers and haplotypes are found in the paper, used google earth to find coords and measure error, multiple haplotypes found at the same location this one had 8 sequences ","https://doi.org/10.1371/journal.pone.0056082"
"Tylototriton.shanjing.JX854482",30.2358,119.4518,"Article, Google Earth",1,"NA","Genbank accession numbers and haplotypes are found in the paper, used google earth to find coords and measure error, multiple haplotypes found at the same location this one had 9 sequences ","https://doi.org/10.1371/journal.pone.0056081"
"Tylototriton.shanjing.JX854483",30.2358,119.4518,"Article, Google Earth",1,"NA","Genbank accession numbers and haplotypes are found in the paper, used google earth to find coords and measure error, multiple haplotypes found at the same location this one had 1 sequence","https://doi.org/10.1371/journal.pone.0056084"
"Tylototriton.shanjing.JX854468",28.2015,119.5025,"Article, Google Earth",0.7,"NA","Genbank accession numbers and haplotypes are found in the paper, used google earth to find coords and measure error, multiple haplotypes found at the same location this one had 3 sequences ","https://doi.org/10.1371/journal.pone.0056086"
"Tylototriton.shanjing.JX854467",28.2015,119.5025,"Article, Google Earth",0.7,"NA","Genbank accession numbers and haplotypes are found in the paper, used google earth to find coords and measure error, multiple haplotypes found at the same location this one had 1 sequence","https://doi.org/10.1371/journal.pone.0056085"
"Tylototriton.shanjing.JX854513",31.5706,108.4535,"Article, Google Earth",2,"NA","Genbank accession numbers and haplotypes are found in the paper, used google earth to find coords and measure error, multiple haplotypes found at the same location this one had 1 sequence","https://doi.org/10.1371/journal.pone.0056088"
"Tylototriton.shanjing.JX854512",31.5706,108.4535,"Article, Google Earth",2,"NA","Genbank accession numbers and haplotypes are found in the paper, used google earth to find coords and measure error, multiple haplotypes found at the same location this one had 1 sequence","https://doi.org/10.1371/journal.pone.0056087"
"Tylototriton.shanjing.JX854473",25.0712,101.3233,"Article, Google Earth",1,"NA","Genbank accession numbers and haplotypes are found in the paper, used google earth to find coords and measure error, multiple haplotypes found at the same location this one had 1 sequence","https://doi.org/10.1371/journal.pone.0056090"
"Tylototriton.shanjing.JX854474",25.0712,101.3233,"Article, Google Earth",1,"NA","Genbank accession numbers and haplotypes are found in the paper, used google earth to find coords and measure error, multiple haplotypes found at the same location this one had 1 sequence","https://doi.org/10.1371/journal.pone.0056091"
"Tylototriton.shanjing.JX854472",25.0712,101.3233,"Article, Google Earth",1,"NA","Genbank accession numbers and haplotypes are found in the paper, used google earth to find coords and measure error, multiple haplotypes found at the same location this one had 1 sequence","https://doi.org/10.1371/journal.pone.0056089"
"Tylototriton.shanjing.JX854486",24.0226,99.1517,"Article, Google Earth",2,"NA","Genbank accession numbers and haplotypes are found in the paper, used google earth to find coords and measure error, multiple haplotypes found at the same location this one had 2 sequences ","https://doi.org/10.1371/journal.pone.0056092"
"Tylototriton.shanjing.JX854476",26.0047,101.1913,"Article, Google Earth",4,"NA","Genbank accession numbers and haplotypes are found in the paper, used google earth to find coords and measure error, multiple haplotypes found at the same location this one had 1 sequence","https://doi.org/10.1371/journal.pone.0056093"
"Tylototriton.shanjing.JX854480",26.0047,101.1913,"Article, Google Earth",4,"NA","Genbank accession numbers and haplotypes are found in the paper, used google earth to find coords and measure error, multiple haplotypes found at the same location this one had 1 sequence","https://doi.org/10.1371/journal.pone.0056095"
"Tylototriton.shanjing.JX854478",26.0047,101.1913,"Article, Google Earth",4,"NA","Genbank accession numbers and haplotypes are found in the paper, used google earth to find coords and measure error, multiple haplotypes found at the same location this one had 1 sequence","https://doi.org/10.1371/journal.pone.0056094"
"Tylototriton.shanjing.JX854514",24.1217,97.4738,"Article, Google Earth",0.1,"NA","Genbank accession numbers and haplotypes are found in the paper, used google earth to find coords and measure error, multiple haplotypes found at the same location this one had 1 sequence","https://doi.org/10.1371/journal.pone.0056096"
"Tylototriton.shanjing.JX854490",24.0226,99.1517,"Article, Google Earth",2,"NA","Genbank accession numbers and haplotypes are found in the paper, used google earth to find coords and measure error, multiple haplotypes found at the same location this one had 1 sequence","https://doi.org/10.1371/journal.pone.0056097"
"Tylototriton.shanjing.JX854491",24.0226,99.1517,"Article, Google Earth",2,"NA","Genbank accession numbers and haplotypes are found in the paper, used google earth to find coords and measure error, multiple haplotypes found at the same location this one had 1 sequence","https://doi.org/10.1371/journal.pone.0056098"
"Tylototriton.shanjing.JX854507",30.2321,119.2547,"Article, Google Earth",1,"NA","Genbank accession numbers and haplotypes are found in the paper, used google earth to find coords and measure error, multiple haplotypes found at the same location this one had 3 sequences ","https://doi.org/10.1371/journal.pone.0056099"
"Tylototriton.shanjing.JX854510",30.2321,119.2547,"Article, Google Earth",1,"NA","Genbank accession numbers and haplotypes are found in the paper, used google earth to find coords and measure error, multiple haplotypes found at the same location this one had 1 sequence","https://doi.org/10.1371/journal.pone.0056100"
"Tylototriton.shanjing.JX854503",30.2321,119.2547,"Article, Google Earth",1,"NA","Genbank accession numbers and haplotypes are found in the paper, used google earth to find coords and measure error, multiple haplotypes found at the same location this one had 2 sequences ","https://doi.org/10.1371/journal.pone.0056101"
"Tylototriton.shanjing.JX854479",26.0047,101.1913,"Article, Google Earth",4,"NA","Genbank accession numbers and haplotypes are found in the paper, used google earth to find coords and measure error, multiple haplotypes found at the same location this one had 3 sequences ","https://doi.org/10.1371/journal.pone.0056104"
"Tylototriton.shanjing.JX854509",30.2321,119.2547,"Article, Google Earth",1,"NA","Genbank accession numbers and haplotypes are found in the paper, used google earth to find coords and measure error, multiple haplotypes found at the same location this one had 1 sequence","https://doi.org/10.1371/journal.pone.0056105"
"Tylototriton.shanjing.JX854494",25.394,99.0608,"Article, Google Earth",1,"NA","Genbank accession numbers and haplotypes are found in the paper, used google earth to find coords and measure error, multiple haplotypes found at the same location this one had 1 sequence","https://doi.org/10.1371/journal.pone.0056124"
"Tylototriton.shanjing.JX854471",24.4146,101.3834,"Article, Google Earth",1,"NA","Genbank accession numbers and haplotypes are found in the paper, used google earth to find coords and measure error, multiple haplotypes found at the same location this one had 1 sequence","https://doi.org/10.1371/journal.pone.0056106"
"Tylototriton.shanjing.JX854508",30.2321,119.2547,"Article, Google Earth",1,"NA","Genbank accession numbers and haplotypes are found in the paper, used google earth to find coords and measure error, multiple haplotypes found at the same location this one had 1 sequence","https://doi.org/10.1371/journal.pone.0056109"
"Tylototriton.shanjing.JX854506",30.2321,119.2547,"Article, Google Earth",1,"NA","Genbank accession numbers and haplotypes are found in the paper, used google earth to find coords and measure error, multiple haplotypes found at the same location this one had 2 sequences ","https://doi.org/10.1371/journal.pone.0056108"
"Tylototriton.shanjing.JX854487",24.0226,99.1517,"Article, Google Earth",2,"NA","Genbank accession numbers and haplotypes are found in the paper, used google earth to find coords and measure error, multiple haplotypes found at the same location this one had 5 sequences ","https://doi.org/10.1371/journal.pone.0056111"
"Tylototriton.shanjing.JX854488",24.0226,99.1517,"Article, Google Earth",2,"NA","Genbank accession numbers and haplotypes are found in the paper, used google earth to find coords and measure error, multiple haplotypes found at the same location this one had 1 sequence","https://doi.org/10.1371/journal.pone.0056112"
"Tylototriton.shanjing.JX854481",26.0047,101.1913,"Article, Google Earth",4,"NA","Genbank accession numbers and haplotypes are found in the paper, used google earth to find coords and measure error, multiple haplotypes found at the same location this one had 1 sequence","https://doi.org/10.1371/journal.pone.0056110"
"Tylototriton.shanjing.JX854469.b",25.0712,101.3233,"Article, Google Earth",1,"NA","Genbank accession numbers and haplotypes are found in the paper, used google earth to find coords and measure error, multiple haplotypes found at the same location this one had 7 sequences ","https://doi.org/10.1371/journal.pone.0056124"
"Tylototriton.shanjing.JX854469.c",26.0047,101.1913,"Article, Google Earth",4,"NA","Genbank accession numbers and haplotypes are found in the paper, used google earth to find coords and measure error, multiple haplotypes found at the same location this one had 4 sequences ","https://doi.org/10.1371/journal.pone.0056123"
"Tylototriton.shanjing.JX854505",30.2321,119.2547,"Article, Google Earth",1,"NA","Genbank accession numbers and haplotypes are found in the paper, used google earth to find coords and measure error, multiple haplotypes found at the same location this one had 1 sequence","https://doi.org/10.1371/journal.pone.0056114"
"Tylototriton.shanjing.JX854504",30.2321,119.2547,"Article, Google Earth",1,"NA","Genbank accession numbers and haplotypes are found in the paper, used google earth to find coords and measure error, multiple haplotypes found at the same location this one had 2 sequences ","https://doi.org/10.1371/journal.pone.0056115"
"Tylototriton.shanjing.JX854498",27.2226,99.3942,"Article, Google Earth",7,"NA","Genbank accession numbers and haplotypes are found in the paper, used google earth to find coords and measure error, multiple haplotypes found at the same location this one had 1 sequence","https://doi.org/10.1371/journal.pone.0056116"
"Tylototriton.shanjing.JX854497",27.2226,99.3942,"Article, Google Earth",7,"NA","Genbank accession numbers and haplotypes are found in the paper, used google earth to find coords and measure error, multiple haplotypes found at the same location this one had 3 sequences ","https://doi.org/10.1371/journal.pone.0056117"
"Tylototriton.shanjing.JX854495",25.394,99.0608,"Article, Google Earth",1,"NA","Genbank accession numbers and haplotypes are found in the paper, used google earth to find coords and measure error, multiple haplotypes found at the same location this one had 1 sequence","https://doi.org/10.1371/journal.pone.0056118"
"Tylototriton.shanjing.JX854493",25.394,99.0608,"Article, Google Earth",1,"NA","Genbank accession numbers and haplotypes are found in the paper, used google earth to find coords and measure error, multiple haplotypes found at the same location this one had 1 sequence","https://doi.org/10.1371/journal.pone.0056119"
"Tylototriton.shanjing.JX854489",24.0226,99.1517,"Article, Google Earth",2,"NA","Genbank accession numbers and haplotypes are found in the paper, used google earth to find coords and measure error, multiple haplotypes found at the same location this one had 3 sequences ","https://doi.org/10.1371/journal.pone.0056120"
"Tylototriton.shanjing.JX854477",26.0047,101.1913,"Article, Google Earth",4,"NA","Genbank accession numbers and haplotypes are found in the paper, used google earth to find coords and measure error, multiple haplotypes found at the same location this one had 3 sequences ","https://doi.org/10.1371/journal.pone.0056121"
"Tylototriton.shanjing.JX854475",25.0405,100.3038,"Article, Google Earth",2,"NA","Genbank accession numbers and haplotypes are found in the paper, used google earth to find coords and measure error, multiple haplotypes found at the same location this one had 1 sequence","https://doi.org/10.1371/journal.pone.0056122"
"Tylototriton.shanjing.JX854469.a",24.4426,101.3813,"Article, Google Earth",1,"NA","Genbank accession numbers and haplotypes are found in the paper, used google earth to find coords and measure error, multiple haplotypes found at the same location this one had 10 sequences ","https://doi.org/10.1371/journal.pone.0056123"
"Tylototriton.shanjing.KT765132",24.1217,97.4738,"Article, Google Earth",0.1,"NA","Genbank number and voucher doesn't match the species but found the voucher number and found coords. Used google earth to find the error.","cant find the doi, but here is the website 293027246_A_New_Species_of_the_Genus_Tylototriton_Amphibia_Urodela_Salamandridae_from_Eastern_Himalaya"
"Tylototriton.shanjing.JX854470",24.4426,101.3813,"Article, Google Earth",1,"NA","Genbank accession numbers and haplotypes are found in the paper, used google earth to find coords and measure error, multiple haplotypes found at the same location this one had 1 sequence","https://doi.org/10.1371/journal.pone.0056107"
"Tylototriton.shanjing.JX854496",25.394,99.0608,"Article, Google Earth",2,"NA","Genbank accession numbers and haplotypes are found in the paper, used google earth to find coords and measure error, multiple haplotypes found at the same location this one had 1 sequence","https://doi.org/10.1371/journal.pone.0056102"
"Tylototriton.shanjing.JX854492",25.394,99.0608,"Article, Google Earth",2,"NA","Genbank accession numbers and haplotypes are found in the paper, used google earth to find coords and measure error, multiple haplotypes found at the same location this one had 1 sequence","https://doi.org/10.1371/journal.pone.0056103"
