value,Lat,Lon,Method,Error_km,Museum_Field_Number,Notes,Reference
Tylototriton.himalayanus.KT765133 ,27.0024,87.5548,"Article, Google earth",0.1,NA,"Genbank accession number doesn't match, but isolate number does, locality found in table 1 and then used google earth to find the coords and to meaure the error. ",10.3897/zookeys.1072.75320
Tylototriton.himalayanus.KT765134,27.0024,87.5548,"Article, Google earth",0.1,NA,"Genbank accession number doesn't match, but isolate number does, locality found in table 1 and then used google earth to find the coords and to meaure the error. ",10.3897/zookeys.1072.75321
Tylototriton.himalayanus.KT765135,27.0025,87.5547,"Article, Google earth",2,NA,"Genbank accession number doesn't match, but isolate number does, locality found in table 1 and then used google earth to find the coords and to meaure the error. ",10.3897/zookeys.1072.75322
Tylototriton.himalayanus.KT765136,27.0025,87.5547,"Article, Google earth",2,NA,"Genbank accession number doesn't match, but isolate number does, locality found in table 1 and then used google earth to find the coords and to meaure the error. ",10.3897/zookeys.1072.75323
Tylototriton.himalayanus.KT765137,27.0025,87.5547,"Article, Google earth",2,NA,"Genbank accession number doesn't match, but isolate number does, locality found in table 1 and then used google earth to find the coords and to meaure the error. ",10.3897/zookeys.1072.75324
Tylototriton.himalayanus.KT765138,27.0025,87.5547,"Article, Google earth",2,NA,"Genbank accession number doesn't match, but isolate number does, locality found in table 1 and then used google earth to find the coords and to meaure the error. ",10.3897/zookeys.1072.75325
Tylototriton.himalayanus.KT765139,27.0025,87.5547,"Article, Google earth",2,NA,"Genbank accession number doesn't match, but isolate number does, locality found in table 1 and then used google earth to find the coords and to meaure the error. ",10.3897/zookeys.1072.75326
Tylototriton.himalayanus.KT765140,27.0025,87.5547,"Article, Google earth",2,NA,"Genbank accession number doesn't match, but isolate number does, locality found in table 1 and then used google earth to find the coords and to meaure the error. ",10.3897/zookeys.1072.75327
Tylototriton.himalayanus.KT765142,27.0025,87.5547,"Article, Google earth",2,NA,"Genbank accession number doesn't match, but isolate number does, locality found in table 1 and then used google earth to find the coords and to meaure the error. ",10.3897/zookeys.1072.75328
Tylototriton.himalayanus.KT765143,27.0025,87.5547,"Article, Google earth",2,NA,"Genbank accession number doesn't match, but isolate number does, locality found in table 1 and then used google earth to find the coords and to meaure the error. ",10.3897/zookeys.1072.75329
Tylototriton.himalayanus.KT765144,27.0025,87.5547,"Article, Google earth",2,NA,"Genbank accession number doesn't match, but isolate number does, locality found in table 1 and then used google earth to find the coords and to meaure the error. ",10.3897/zookeys.1072.75330
Tylototriton.himalayanus.KT765145,27.0025,87.5547,"Article, Google earth",2,NA,"Genbank accession number doesn't match, but isolate number does, locality found in table 1 and then used google earth to find the coords and to meaure the error. ",10.3897/zookeys.1072.75331
Tylototriton.himalayanus.KT765146,27.0025,87.5547,"Article, Google earth",2,NA,"Genbank accession number doesn't match, but isolate number does, locality found in table 1 and then used google earth to find the coords and to meaure the error. ",10.3897/zookeys.1072.75332
Tylototriton.himalayanus.KT765147,27.0025,87.5547,"Article, Google earth",2,NA,"Genbank accession number doesn't match, but isolate number does, locality found in table 1 and then used google earth to find the coords and to meaure the error. ",10.3897/zookeys.1072.75333
Tylototriton.himalayanus.KT765148,27.0025,87.5547,"Article, Google earth",2,NA,"Genbank accession number doesn't match, but isolate number does, locality found in table 1 and then used google earth to find the coords and to meaure the error. ",10.3897/zookeys.1072.75334
Tylototriton.himalayanus.KT765149,27.0025,87.5547,"Article, Google earth",2,NA,"Genbank accession number doesn't match, but isolate number does, locality found in table 1 and then used google earth to find the coords and to meaure the error. ",10.3897/zookeys.1072.75335
Tylototriton.himalayanus.KT765150,27.0025,87.5547,"Article, Google earth",2,NA,"Genbank accession number doesn't match, but isolate number does, locality found in table 1 and then used google earth to find the coords and to meaure the error. ",10.3897/zookeys.1072.75336
Tylototriton.himalayanus.KT765151,27.0025,87.5547,"Article, Google earth",2,NA,"Genbank accession number doesn't match, but isolate number does, locality found in table 1 and then used google earth to find the coords and to meaure the error. ",10.3897/zookeys.1072.75337
Tylototriton.himalayanus.KT765152,27.0025,87.5547,"Article, Google earth",2,NA,"Genbank accession number doesn't match, but isolate number does, locality found in table 1 and then used google earth to find the coords and to meaure the error. ",10.3897/zookeys.1072.75338
Tylototriton.himalayanus.KT765153,27.0025,87.5547,"Article, Google earth",2,NA,"Genbank accession number doesn't match, but isolate number does, locality found in table 1 and then used google earth to find the coords and to meaure the error. ",10.3897/zookeys.1072.75339
Tylototriton.himalayanus.KT765154,27.0025,87.5547,"Article, Google earth",2,NA,"Genbank accession number doesn't match, but isolate number does, locality found in table 1 and then used google earth to find the coords and to meaure the error. ",10.3897/zookeys.1072.75340
Tylototriton.himalayanus.KT765155,27.0025,87.5547,"Article, Google earth",2,NA,"Genbank accession number doesn't match, but isolate number does, locality found in table 1 and then used google earth to find the coords and to meaure the error. ",10.3897/zookeys.1072.75341
Tylototriton.himalayanus.KT765156,27.0025,87.5547,"Article, Google earth",2,NA,"Genbank accession number doesn't match, but isolate number does, locality found in table 1 and then used google earth to find the coords and to meaure the error. ",10.3897/zookeys.1072.75342
Tylototriton.himalayanus.KT765157,27.0025,87.5547,"Article, Google earth",2,NA,"Genbank accession number doesn't match, but isolate number does, locality found in table 1 and then used google earth to find the coords and to meaure the error. ",10.3897/zookeys.1072.75343
Tylototriton.himalayanus.KT765165,27.0025,87.5547,"Article, Google earth",2,NA,"Genbank accession number doesn't match, but isolate number does, locality found in table 1 and then used google earth to find the coords and to meaure the error. ",10.3897/zookeys.1072.75344
Tylototriton.himalayanus.KT765141,27.0025,87.5547,"Article, Google earth",2,NA,"Genbank accession number doesn't match, but isolate number does, locality found in table 1 and then used google earth to find the coords and to meaure the error. ",10.3897/zookeys.1072.75345
Tylototriton.himalayanus.KT765164,27.0025,87.5547,"Article, Google earth",2,NA,"Genbank accession number doesn't match, but isolate number does, locality found in table 1 and then used google earth to find the coords and to meaure the error. ",10.3897/zookeys.1072.75346
Tylototriton.himalayanus.KT765163,27.0025,87.5547,"Article, Google earth",2,NA,"Genbank accession number doesn't match, but isolate number does, locality found in table 1 and then used google earth to find the coords and to meaure the error. ",10.3897/zookeys.1072.75347
Tylototriton.himalayanus.KT765162,27.0025,87.5547,"Article, Google earth",2,NA,"Genbank accession number doesn't match, but isolate number does, locality found in table 1 and then used google earth to find the coords and to meaure the error. ",10.3897/zookeys.1072.75348
Tylototriton.himalayanus.KT765161,27.0025,87.5547,"Article, Google earth",2,NA,"Genbank accession number doesn't match, but isolate number does, locality found in table 1 and then used google earth to find the coords and to meaure the error. ",10.3897/zookeys.1072.75349
Tylototriton.himalayanus.KT765160,27.0025,87.5547,"Article, Google earth",2,NA,"Genbank accession number doesn't match, but isolate number does, locality found in table 1 and then used google earth to find the coords and to meaure the error. ",10.3897/zookeys.1072.75350
Tylototriton.himalayanus.KT765159,27.0025,87.5547,"Article, Google earth",2,NA,"Genbank accession number doesn't match, but isolate number does, locality found in table 1 and then used google earth to find the coords and to meaure the error. ",10.3897/zookeys.1072.75351
Tylototriton.himalayanus.KT765158,27.0025,87.5547,"Article, Google earth",2,NA,"Genbank accession number doesn't match, but isolate number does, locality found in table 1 and then used google earth to find the coords and to meaure the error. ",10.3897/zookeys.1072.75352
Tylototriton.himalayanus.KT765166,26.5851,88.5509,"Article, Google earth",3,NA,"Genbank accession number doesn't match, but isolate number does, locality found in table 1 and then used google earth to find the coords and to meaure the error. ",10.3897/zookeys.1072.75353
Tylototriton.himalayanus.KT765167,26.5851,88.5509,"Article, Google earth",3,NA,"Genbank accession number doesn't match, but isolate number does, locality found in table 1 and then used google earth to find the coords and to meaure the error. ",10.3897/zookeys.1072.75354
Tylototriton.himalayanus.KT765168,26.5851,88.5509,"Article, Google earth",3,NA,"Genbank accession number doesn't match, but isolate number does, locality found in table 1 and then used google earth to find the coords and to meaure the error. ",10.3897/zookeys.1072.75355
Tylototriton.himalayanus.KT765169,26.5851,88.5509,"Article, Google earth",3,NA,"Genbank accession number doesn't match, but isolate number does, locality found in table 1 and then used google earth to find the coords and to meaure the error. ",10.3897/zookeys.1072.75356
Tylototriton.himalayanus.KT765170,26.5851,88.5509,"Article, Google earth",3,NA,"Genbank accession number doesn't match, but isolate number does, locality found in table 1 and then used google earth to find the coords and to meaure the error. ",10.3897/zookeys.1072.75357
Tylototriton.himalayanus.KT765171,26.5851,88.5509,"Article, Google earth",3,NA,"Genbank accession number doesn't match, but isolate number does, locality found in table 1 and then used google earth to find the coords and to meaure the error. ",10.3897/zookeys.1072.75358
